{
  "type": "FeatureCollection",
  "features": [
    {
      "type": "Feature",
      "geometry": {
        "type": "LineString",
        "coordinates": [
          [
            77.17343,
            31.10491
          ],
          [
            77.17325,
            31.10494
          ],
          [
            77.17267,
            31.10511
          ],
          [
            77.17266,
            31.10522
          ],
          [
            77.17258,
            31.10532
          ],
          [
            77.17254,
            31.10543
          ],
          [
            77.17259,
            31.10549
          ],
          [
            77.17249,
            31.10576
          ],
          [
            77.17224,
            31.10602
          ],
          [
            77.17207,
            31.10611
          ],
          [
            77.172,
            31.10619
          ],
          [
            77.17206,
            31.10621
          ],
          [
            77.17231,
            31.10616
          ],
          [
            77.17241,
            31.10617
          ],
          [
            77.17244,
            31.10636
          ],
          [
            77.17224,
            31.10644
          ],
          [
            77.17211,
            31.10654
          ],
          [
            77.17166,
            31.10705
          ],
          [
            77.17153,
            31.10714
          ],
          [
            77.17145,
            31.10717
          ],
          [
            77.17137,
            31.10717
          ],
          [
            77.17093,
            31.10709
          ],
          [
            77.17066,
            31.10712
          ],
          [
            77.17029,
            31.1072
          ],
          [
            77.16977,
            31.10734
          ],
          [
            77.16943,
            31.10733
          ],
          [
            77.16921,
            31.10739
          ],
          [
            77.16914,
            31.10743
          ],
          [
            77.16907,
            31.10753
          ],
          [
            77.16888,
            31.10786
          ],
          [
            77.16871,
            31.108
          ],
          [
            77.16851,
            31.10811
          ],
          [
            77.16837,
            31.10825
          ],
          [
            77.16829,
            31.10837
          ],
          [
            77.16828,
            31.10851
          ],
          [
            77.16832,
            31.10876
          ],
          [
            77.16831,
            31.1088
          ],
          [
            77.16827,
            31.10883
          ],
          [
            77.16816,
            31.10886
          ],
          [
            77.16802,
            31.10886
          ],
          [
            77.16759,
            31.10883
          ],
          [
            77.16751,
            31.10879
          ],
          [
            77.1673,
            31.10857
          ],
          [
            77.16722,
            31.10852
          ],
          [
            77.16715,
            31.1085
          ],
          [
            77.1671,
            31.10849
          ],
          [
            77.16698,
            31.10855
          ],
          [
            77.16676,
            31.10891
          ],
          [
            77.16667,
            31.109
          ],
          [
            77.16653,
            31.10907
          ],
          [
            77.16641,
            31.10909
          ],
          [
            77.16626,
            31.10909
          ],
          [
            77.1662,
            31.1091
          ],
          [
            77.1661,
            31.10917
          ],
          [
            77.16599,
            31.10955
          ],
          [
            77.16594,
            31.10959
          ],
          [
            77.16578,
            31.10964
          ],
          [
            77.16566,
            31.10963
          ],
          [
            77.16557,
            31.1096
          ],
          [
            77.16552,
            31.10955
          ],
          [
            77.16546,
            31.10943
          ],
          [
            77.1654,
            31.1093
          ],
          [
            77.16533,
            31.10925
          ],
          [
            77.16525,
            31.10925
          ],
          [
            77.16503,
            31.10929
          ],
          [
            77.16494,
            31.10927
          ],
          [
            77.16489,
            31.10923
          ],
          [
            77.16487,
            31.10914
          ],
          [
            77.16496,
            31.1086
          ],
          [
            77.165,
            31.10844
          ],
          [
            77.16504,
            31.10836
          ],
          [
            77.16526,
            31.10808
          ],
          [
            77.1653,
            31.108
          ],
          [
            77.16531,
            31.10794
          ],
          [
            77.1653,
            31.10727
          ],
          [
            77.16563,
            31.10642
          ],
          [
            77.16563,
            31.10638
          ],
          [
            77.1656,
            31.10633
          ],
          [
            77.1655,
            31.10628
          ],
          [
            77.16488,
            31.10617
          ],
          [
            77.16467,
            31.10607
          ],
          [
            77.16443,
            31.10589
          ],
          [
            77.164,
            31.10562
          ],
          [
            77.16394,
            31.10556
          ],
          [
            77.16389,
            31.10547
          ],
          [
            77.16381,
            31.10497
          ],
          [
            77.16383,
            31.10489
          ],
          [
            77.16382,
            31.10482
          ],
          [
            77.16378,
            31.10477
          ],
          [
            77.16319,
            31.1045
          ],
          [
            77.16314,
            31.10445
          ],
          [
            77.16308,
            31.10428
          ],
          [
            77.16299,
            31.10422
          ],
          [
            77.16269,
            31.10413
          ],
          [
            77.16207,
            31.10404
          ],
          [
            77.1618,
            31.10395
          ],
          [
            77.16119,
            31.10367
          ],
          [
            77.16113,
            31.10362
          ],
          [
            77.16105,
            31.10354
          ],
          [
            77.16101,
            31.10348
          ],
          [
            77.16088,
            31.10311
          ],
          [
            77.16084,
            31.10304
          ],
          [
            77.16072,
            31.10294
          ],
          [
            77.16064,
            31.10291
          ],
          [
            77.16044,
            31.10288
          ],
          [
            77.15974,
            31.10293
          ],
          [
            77.15931,
            31.10305
          ],
          [
            77.15884,
            31.10315
          ],
          [
            77.15841,
            31.10326
          ],
          [
            77.15803,
            31.10322
          ],
          [
            77.15763,
            31.10309
          ],
          [
            77.15736,
            31.10294
          ],
          [
            77.15723,
            31.1029
          ],
          [
            77.15686,
            31.10284
          ],
          [
            77.15628,
            31.10278
          ],
          [
            77.1559,
            31.10278
          ],
          [
            77.15576,
            31.10281
          ],
          [
            77.15549,
            31.10289
          ],
          [
            77.15539,
            31.1029
          ],
          [
            77.15521,
            31.10291
          ],
          [
            77.15505,
            31.10289
          ],
          [
            77.15499,
            31.10286
          ],
          [
            77.15471,
            31.10267
          ],
          [
            77.15458,
            31.10262
          ],
          [
            77.1545,
            31.10262
          ],
          [
            77.15432,
            31.10265
          ],
          [
            77.15362,
            31.10283
          ],
          [
            77.15345,
            31.10285
          ],
          [
            77.15328,
            31.10283
          ],
          [
            77.15294,
            31.10272
          ],
          [
            77.15266,
            31.10267
          ],
          [
            77.15256,
            31.10264
          ],
          [
            77.15244,
            31.10258
          ],
          [
            77.15239,
            31.10251
          ],
          [
            77.1524,
            31.10244
          ],
          [
            77.15249,
            31.10212
          ],
          [
            77.1525,
            31.10204
          ],
          [
            77.15249,
            31.10199
          ],
          [
            77.15237,
            31.10189
          ],
          [
            77.15209,
            31.10177
          ],
          [
            77.152,
            31.10173
          ],
          [
            77.15195,
            31.10168
          ],
          [
            77.15192,
            31.10159
          ],
          [
            77.15189,
            31.10133
          ],
          [
            77.1518,
            31.10121
          ],
          [
            77.15171,
            31.10115
          ],
          [
            77.15129,
            31.10099
          ],
          [
            77.15108,
            31.10091
          ],
          [
            77.15101,
            31.1009
          ],
          [
            77.15092,
            31.10092
          ],
          [
            77.15062,
            31.10106
          ],
          [
            77.15032,
            31.10108
          ],
          [
            77.15015,
            31.10111
          ],
          [
            77.15003,
            31.10117
          ],
          [
            77.14995,
            31.10123
          ],
          [
            77.14978,
            31.10154
          ],
          [
            77.14969,
            31.10163
          ],
          [
            77.14945,
            31.10176
          ],
          [
            77.14902,
            31.10187
          ],
          [
            77.14891,
            31.10188
          ],
          [
            77.1488,
            31.10185
          ],
          [
            77.14875,
            31.10181
          ],
          [
            77.1486,
            31.10153
          ],
          [
            77.1485,
            31.1014
          ],
          [
            77.14836,
            31.10135
          ],
          [
            77.14823,
            31.10133
          ],
          [
            77.14816,
            31.10134
          ],
          [
            77.14807,
            31.10138
          ],
          [
            77.14793,
            31.10147
          ],
          [
            77.14752,
            31.10175
          ],
          [
            77.14722,
            31.1019
          ],
          [
            77.14692,
            31.10197
          ],
          [
            77.14668,
            31.10198
          ],
          [
            77.1465,
            31.10196
          ],
          [
            77.14636,
            31.10191
          ],
          [
            77.14609,
            31.10174
          ],
          [
            77.14563,
            31.10137
          ],
          [
            77.14556,
            31.10135
          ],
          [
            77.14544,
            31.10135
          ],
          [
            77.1453,
            31.10142
          ],
          [
            77.14514,
            31.10155
          ],
          [
            77.14505,
            31.10157
          ],
          [
            77.1448,
            31.10158
          ],
          [
            77.14467,
            31.10163
          ],
          [
            77.14457,
            31.10171
          ],
          [
            77.1444,
            31.10195
          ],
          [
            77.14432,
            31.10202
          ],
          [
            77.14421,
            31.10209
          ],
          [
            77.14367,
            31.10227
          ],
          [
            77.14367,
            31.10225
          ],
          [
            77.14363,
            31.10222
          ],
          [
            77.1433,
            31.10212
          ],
          [
            77.14323,
            31.10208
          ],
          [
            77.14319,
            31.10204
          ],
          [
            77.14311,
            31.10185
          ],
          [
            77.14299,
            31.10173
          ],
          [
            77.14294,
            31.1017
          ],
          [
            77.14256,
            31.10167
          ],
          [
            77.14227,
            31.10154
          ],
          [
            77.14217,
            31.10145
          ],
          [
            77.14204,
            31.10122
          ],
          [
            77.14194,
            31.10101
          ],
          [
            77.14186,
            31.10067
          ],
          [
            77.14178,
            31.10049
          ],
          [
            77.14148,
            31.10027
          ],
          [
            77.14142,
            31.1002
          ],
          [
            77.1414,
            31.10013
          ],
          [
            77.14141,
            31.10006
          ],
          [
            77.14147,
            31.1
          ],
          [
            77.14155,
            31.09996
          ],
          [
            77.14193,
            31.09986
          ],
          [
            77.14214,
            31.0997
          ],
          [
            77.1422,
            31.09962
          ],
          [
            77.14224,
            31.09953
          ],
          [
            77.14227,
            31.0993
          ],
          [
            77.14228,
            31.09904
          ],
          [
            77.14224,
            31.09876
          ],
          [
            77.14216,
            31.0986
          ],
          [
            77.14203,
            31.09841
          ],
          [
            77.14192,
            31.09832
          ],
          [
            77.14176,
            31.09823
          ],
          [
            77.14152,
            31.09819
          ],
          [
            77.14122,
            31.09816
          ],
          [
            77.14099,
            31.09811
          ],
          [
            77.13978,
            31.09772
          ],
          [
            77.13974,
            31.09766
          ],
          [
            77.13975,
            31.09759
          ],
          [
            77.13987,
            31.09739
          ],
          [
            77.14,
            31.09727
          ],
          [
            77.14006,
            31.09712
          ],
          [
            77.14007,
            31.09702
          ],
          [
            77.14004,
            31.09697
          ],
          [
            77.13995,
            31.09692
          ],
          [
            77.13978,
            31.09688
          ],
          [
            77.13962,
            31.09689
          ],
          [
            77.13953,
            31.09689
          ],
          [
            77.13892,
            31.09711
          ],
          [
            77.13856,
            31.09727
          ],
          [
            77.13847,
            31.09728
          ],
          [
            77.13838,
            31.09727
          ],
          [
            77.13826,
            31.09716
          ],
          [
            77.13825,
            31.09708
          ],
          [
            77.13827,
            31.09697
          ],
          [
            77.13837,
            31.09684
          ],
          [
            77.13842,
            31.09666
          ],
          [
            77.13842,
            31.09648
          ],
          [
            77.13836,
            31.09631
          ],
          [
            77.13831,
            31.09623
          ],
          [
            77.13821,
            31.09615
          ],
          [
            77.13785,
            31.09598
          ],
          [
            77.1378,
            31.09591
          ],
          [
            77.13778,
            31.09583
          ],
          [
            77.13778,
            31.09575
          ],
          [
            77.13782,
            31.09568
          ],
          [
            77.13788,
            31.09561
          ],
          [
            77.13798,
            31.09554
          ],
          [
            77.13822,
            31.09547
          ],
          [
            77.13861,
            31.09537
          ],
          [
            77.13866,
            31.09532
          ],
          [
            77.13867,
            31.09485
          ],
          [
            77.13873,
            31.09475
          ],
          [
            77.13891,
            31.0946
          ],
          [
            77.13941,
            31.09433
          ],
          [
            77.13946,
            31.09428
          ],
          [
            77.13948,
            31.0942
          ],
          [
            77.13944,
            31.09411
          ],
          [
            77.1392,
            31.09396
          ],
          [
            77.13907,
            31.09393
          ],
          [
            77.13888,
            31.09391
          ],
          [
            77.13845,
            31.09394
          ],
          [
            77.13831,
            31.09397
          ],
          [
            77.13786,
            31.09411
          ],
          [
            77.13743,
            31.09428
          ],
          [
            77.13731,
            31.09432
          ],
          [
            77.13715,
            31.09433
          ],
          [
            77.13697,
            31.09429
          ],
          [
            77.13691,
            31.09425
          ],
          [
            77.13679,
            31.09381
          ],
          [
            77.13672,
            31.09366
          ],
          [
            77.13656,
            31.09346
          ],
          [
            77.13651,
            31.09337
          ],
          [
            77.13647,
            31.09299
          ],
          [
            77.1365,
            31.09286
          ],
          [
            77.13655,
            31.0928
          ],
          [
            77.13662,
            31.09277
          ],
          [
            77.13704,
            31.0927
          ],
          [
            77.13721,
            31.09269
          ],
          [
            77.13734,
            31.09265
          ],
          [
            77.13763,
            31.09247
          ],
          [
            77.13772,
            31.0924
          ],
          [
            77.13779,
            31.09225
          ],
          [
            77.13787,
            31.09193
          ],
          [
            77.13788,
            31.09184
          ],
          [
            77.13787,
            31.09174
          ],
          [
            77.13755,
            31.09138
          ],
          [
            77.13741,
            31.09124
          ],
          [
            77.13734,
            31.09114
          ],
          [
            77.13721,
            31.09081
          ],
          [
            77.13699,
            31.09052
          ],
          [
            77.13698,
            31.09042
          ],
          [
            77.13702,
            31.09037
          ],
          [
            77.13727,
            31.09026
          ],
          [
            77.13736,
            31.09011
          ],
          [
            77.1374,
            31.08995
          ],
          [
            77.13747,
            31.08989
          ],
          [
            77.13758,
            31.08987
          ],
          [
            77.1377,
            31.0899
          ],
          [
            77.13826,
            31.09011
          ],
          [
            77.13838,
            31.09013
          ],
          [
            77.13852,
            31.09013
          ],
          [
            77.13876,
            31.09008
          ],
          [
            77.13889,
            31.09002
          ],
          [
            77.13894,
            31.08994
          ],
          [
            77.13894,
            31.08985
          ],
          [
            77.13881,
            31.08968
          ],
          [
            77.13871,
            31.08957
          ],
          [
            77.13862,
            31.08945
          ],
          [
            77.13858,
            31.08936
          ],
          [
            77.1386,
            31.08928
          ],
          [
            77.13865,
            31.08921
          ],
          [
            77.13879,
            31.0891
          ],
          [
            77.13937,
            31.0889
          ],
          [
            77.13958,
            31.08867
          ],
          [
            77.13969,
            31.08861
          ],
          [
            77.13978,
            31.0886
          ],
          [
            77.13989,
            31.08862
          ],
          [
            77.14003,
            31.08859
          ],
          [
            77.14033,
            31.08844
          ],
          [
            77.14077,
            31.08824
          ],
          [
            77.14079,
            31.08819
          ],
          [
            77.14077,
            31.08758
          ],
          [
            77.14075,
            31.08747
          ],
          [
            77.14072,
            31.08741
          ],
          [
            77.14052,
            31.08723
          ],
          [
            77.1405,
            31.08718
          ],
          [
            77.14051,
            31.08712
          ],
          [
            77.14058,
            31.08699
          ],
          [
            77.14062,
            31.0869
          ],
          [
            77.14063,
            31.08672
          ],
          [
            77.14062,
            31.08665
          ],
          [
            77.14058,
            31.08658
          ],
          [
            77.14037,
            31.08634
          ],
          [
            77.14035,
            31.08623
          ],
          [
            77.14042,
            31.08591
          ],
          [
            77.1404,
            31.08581
          ],
          [
            77.14032,
            31.08571
          ],
          [
            77.14,
            31.08551
          ],
          [
            77.13991,
            31.08543
          ],
          [
            77.13983,
            31.08533
          ],
          [
            77.13976,
            31.08505
          ],
          [
            77.13972,
            31.08498
          ],
          [
            77.13964,
            31.08489
          ],
          [
            77.13948,
            31.08478
          ],
          [
            77.13942,
            31.08471
          ],
          [
            77.13929,
            31.08443
          ],
          [
            77.13923,
            31.08436
          ],
          [
            77.13863,
            31.08384
          ],
          [
            77.13832,
            31.08348
          ],
          [
            77.13819,
            31.08326
          ],
          [
            77.13814,
            31.08307
          ],
          [
            77.13815,
            31.08298
          ],
          [
            77.13819,
            31.08288
          ],
          [
            77.13836,
            31.08266
          ],
          [
            77.13842,
            31.08245
          ],
          [
            77.13846,
            31.08203
          ],
          [
            77.13853,
            31.0817
          ],
          [
            77.13859,
            31.08163
          ],
          [
            77.13889,
            31.08146
          ],
          [
            77.13898,
            31.08138
          ],
          [
            77.13902,
            31.08129
          ],
          [
            77.139,
            31.08116
          ],
          [
            77.13892,
            31.08104
          ],
          [
            77.13889,
            31.08093
          ],
          [
            77.13889,
            31.08071
          ],
          [
            77.13887,
            31.08064
          ],
          [
            77.13878,
            31.08051
          ],
          [
            77.1386,
            31.08034
          ],
          [
            77.13855,
            31.08021
          ],
          [
            77.13855,
            31.0801
          ],
          [
            77.13862,
            31.07999
          ],
          [
            77.13877,
            31.07981
          ],
          [
            77.13958,
            31.0787
          ],
          [
            77.13964,
            31.07858
          ],
          [
            77.13966,
            31.07848
          ],
          [
            77.13966,
            31.07831
          ],
          [
            77.1396,
            31.07775
          ],
          [
            77.13965,
            31.07736
          ],
          [
            77.13966,
            31.07725
          ],
          [
            77.13963,
            31.07704
          ],
          [
            77.13958,
            31.07693
          ],
          [
            77.13944,
            31.07677
          ],
          [
            77.13923,
            31.0766
          ],
          [
            77.13908,
            31.07645
          ],
          [
            77.13902,
            31.07632
          ],
          [
            77.139,
            31.07621
          ],
          [
            77.13899,
            31.07586
          ],
          [
            77.13902,
            31.0756
          ],
          [
            77.13902,
            31.0754
          ],
          [
            77.139,
            31.07522
          ],
          [
            77.13896,
            31.07506
          ],
          [
            77.13854,
            31.07432
          ],
          [
            77.13852,
            31.07394
          ],
          [
            77.13852,
            31.07381
          ],
          [
            77.13849,
            31.07369
          ],
          [
            77.13843,
            31.07361
          ],
          [
            77.13826,
            31.07353
          ],
          [
            77.13795,
            31.07344
          ],
          [
            77.13757,
            31.07337
          ],
          [
            77.13721,
            31.07334
          ],
          [
            77.13702,
            31.07327
          ],
          [
            77.13681,
            31.07312
          ],
          [
            77.13666,
            31.07305
          ],
          [
            77.13651,
            31.07303
          ],
          [
            77.13606,
            31.07306
          ],
          [
            77.13579,
            31.07305
          ],
          [
            77.13555,
            31.07298
          ],
          [
            77.13532,
            31.07286
          ],
          [
            77.13507,
            31.07264
          ],
          [
            77.13502,
            31.07255
          ],
          [
            77.135,
            31.07245
          ],
          [
            77.135,
            31.0721
          ],
          [
            77.13488,
            31.07176
          ],
          [
            77.13476,
            31.07151
          ],
          [
            77.13453,
            31.07131
          ],
          [
            77.13426,
            31.07119
          ],
          [
            77.13395,
            31.07116
          ],
          [
            77.13321,
            31.07118
          ],
          [
            77.13275,
            31.07121
          ],
          [
            77.13224,
            31.0713
          ],
          [
            77.13213,
            31.07129
          ],
          [
            77.13199,
            31.07124
          ],
          [
            77.13189,
            31.07115
          ],
          [
            77.1318,
            31.071
          ],
          [
            77.13166,
            31.07082
          ],
          [
            77.13157,
            31.07077
          ],
          [
            77.13147,
            31.07073
          ],
          [
            77.13094,
            31.07064
          ],
          [
            77.13067,
            31.07056
          ],
          [
            77.13061,
            31.07052
          ],
          [
            77.13056,
            31.07045
          ],
          [
            77.13053,
            31.07037
          ],
          [
            77.13052,
            31.07029
          ],
          [
            77.13058,
            31.07009
          ],
          [
            77.13074,
            31.06987
          ],
          [
            77.13112,
            31.06968
          ],
          [
            77.13129,
            31.06965
          ],
          [
            77.13143,
            31.06959
          ],
          [
            77.13151,
            31.06951
          ],
          [
            77.13169,
            31.06925
          ],
          [
            77.13181,
            31.06919
          ],
          [
            77.13248,
            31.06905
          ],
          [
            77.13254,
            31.06901
          ],
          [
            77.13261,
            31.06893
          ],
          [
            77.13264,
            31.06886
          ],
          [
            77.13265,
            31.06841
          ],
          [
            77.13268,
            31.06822
          ],
          [
            77.13281,
            31.06801
          ],
          [
            77.13302,
            31.06775
          ],
          [
            77.13319,
            31.06767
          ],
          [
            77.13337,
            31.06764
          ],
          [
            77.13349,
            31.06758
          ],
          [
            77.13354,
            31.06751
          ],
          [
            77.13356,
            31.06736
          ],
          [
            77.13345,
            31.06712
          ],
          [
            77.13347,
            31.06703
          ],
          [
            77.13368,
            31.06694
          ],
          [
            77.13373,
            31.06688
          ],
          [
            77.13375,
            31.06681
          ],
          [
            77.13375,
            31.06677
          ],
          [
            77.13371,
            31.0667
          ],
          [
            77.13363,
            31.0666
          ],
          [
            77.13335,
            31.06633
          ],
          [
            77.13311,
            31.06619
          ],
          [
            77.13245,
            31.06586
          ],
          [
            77.13229,
            31.06573
          ],
          [
            77.13213,
            31.06555
          ],
          [
            77.13208,
            31.06548
          ],
          [
            77.13205,
            31.06539
          ],
          [
            77.13206,
            31.06533
          ],
          [
            77.13213,
            31.06527
          ],
          [
            77.13258,
            31.06504
          ],
          [
            77.13284,
            31.06487
          ],
          [
            77.13307,
            31.06467
          ],
          [
            77.1331,
            31.06458
          ],
          [
            77.13308,
            31.06451
          ],
          [
            77.133,
            31.06439
          ],
          [
            77.13267,
            31.06409
          ],
          [
            77.13266,
            31.06403
          ],
          [
            77.1327,
            31.06388
          ],
          [
            77.1327,
            31.06383
          ],
          [
            77.13265,
            31.06375
          ],
          [
            77.13256,
            31.06364
          ],
          [
            77.13228,
            31.06343
          ],
          [
            77.13226,
            31.06338
          ],
          [
            77.13227,
            31.0633
          ],
          [
            77.13239,
            31.06309
          ],
          [
            77.13251,
            31.06273
          ],
          [
            77.13256,
            31.06245
          ],
          [
            77.13252,
            31.06225
          ],
          [
            77.13245,
            31.06212
          ],
          [
            77.13233,
            31.06197
          ],
          [
            77.13225,
            31.06178
          ],
          [
            77.1322,
            31.06153
          ],
          [
            77.13213,
            31.0614
          ],
          [
            77.13207,
            31.06132
          ],
          [
            77.13198,
            31.06125
          ],
          [
            77.13149,
            31.06102
          ],
          [
            77.1314,
            31.06097
          ],
          [
            77.13136,
            31.06091
          ],
          [
            77.13134,
            31.06085
          ],
          [
            77.13138,
            31.06057
          ],
          [
            77.13149,
            31.06014
          ],
          [
            77.13161,
            31.0599
          ],
          [
            77.13175,
            31.05976
          ],
          [
            77.13181,
            31.05967
          ],
          [
            77.13183,
            31.05959
          ],
          [
            77.13181,
            31.05903
          ],
          [
            77.13175,
            31.05872
          ],
          [
            77.13164,
            31.05847
          ],
          [
            77.13145,
            31.05812
          ],
          [
            77.13142,
            31.05798
          ],
          [
            77.13142,
            31.05786
          ],
          [
            77.13148,
            31.05773
          ],
          [
            77.13159,
            31.05766
          ],
          [
            77.13224,
            31.05741
          ],
          [
            77.13236,
            31.0574
          ],
          [
            77.13247,
            31.05741
          ],
          [
            77.13301,
            31.05758
          ],
          [
            77.13315,
            31.05759
          ],
          [
            77.13331,
            31.05756
          ],
          [
            77.13343,
            31.05749
          ],
          [
            77.13354,
            31.0574
          ],
          [
            77.13363,
            31.05724
          ],
          [
            77.13393,
            31.05685
          ],
          [
            77.13427,
            31.05638
          ],
          [
            77.13444,
            31.0562
          ],
          [
            77.13453,
            31.05606
          ],
          [
            77.13456,
            31.05595
          ],
          [
            77.13455,
            31.05582
          ],
          [
            77.13446,
            31.05532
          ],
          [
            77.1344,
            31.05515
          ],
          [
            77.13442,
            31.05506
          ],
          [
            77.13449,
            31.05497
          ],
          [
            77.13469,
            31.05484
          ],
          [
            77.1348,
            31.05471
          ],
          [
            77.13491,
            31.05436
          ],
          [
            77.13489,
            31.05414
          ],
          [
            77.1349,
            31.05402
          ],
          [
            77.13494,
            31.05392
          ],
          [
            77.13506,
            31.05383
          ],
          [
            77.13558,
            31.05339
          ],
          [
            77.13573,
            31.05321
          ],
          [
            77.13615,
            31.05303
          ],
          [
            77.13622,
            31.05295
          ],
          [
            77.13626,
            31.05286
          ],
          [
            77.13623,
            31.05277
          ],
          [
            77.13608,
            31.05258
          ],
          [
            77.13582,
            31.05231
          ],
          [
            77.13563,
            31.05215
          ],
          [
            77.13527,
            31.0519
          ],
          [
            77.13433,
            31.05099
          ],
          [
            77.13418,
            31.05083
          ],
          [
            77.13413,
            31.0507
          ],
          [
            77.13412,
            31.05056
          ],
          [
            77.13418,
            31.05034
          ],
          [
            77.13417,
            31.05007
          ],
          [
            77.13409,
            31.04995
          ],
          [
            77.13343,
            31.04933
          ],
          [
            77.13336,
            31.04921
          ],
          [
            77.13311,
            31.04856
          ],
          [
            77.13301,
            31.04838
          ],
          [
            77.13266,
            31.04804
          ],
          [
            77.13254,
            31.04786
          ],
          [
            77.13246,
            31.04737
          ],
          [
            77.1324,
            31.04728
          ],
          [
            77.13231,
            31.04718
          ],
          [
            77.13201,
            31.04699
          ],
          [
            77.13184,
            31.04683
          ],
          [
            77.13155,
            31.04647
          ],
          [
            77.13102,
            31.04596
          ],
          [
            77.1304,
            31.04525
          ],
          [
            77.13031,
            31.04518
          ],
          [
            77.12984,
            31.04492
          ],
          [
            77.12966,
            31.04479
          ],
          [
            77.12913,
            31.04433
          ],
          [
            77.12903,
            31.04429
          ],
          [
            77.12879,
            31.04422
          ],
          [
            77.12867,
            31.0442
          ],
          [
            77.12805,
            31.04402
          ],
          [
            77.12789,
            31.04396
          ],
          [
            77.1278,
            31.04388
          ],
          [
            77.12772,
            31.04372
          ],
          [
            77.12759,
            31.04341
          ],
          [
            77.12738,
            31.04231
          ],
          [
            77.12733,
            31.04218
          ],
          [
            77.12722,
            31.04206
          ],
          [
            77.12708,
            31.04196
          ],
          [
            77.1267,
            31.04175
          ],
          [
            77.12647,
            31.04164
          ],
          [
            77.12632,
            31.04153
          ],
          [
            77.12622,
            31.0414
          ],
          [
            77.12591,
            31.0409
          ],
          [
            77.12558,
            31.04053
          ],
          [
            77.12544,
            31.04031
          ],
          [
            77.12512,
            31.04003
          ],
          [
            77.12502,
            31.03996
          ],
          [
            77.12444,
            31.03972
          ],
          [
            77.12309,
            31.03937
          ],
          [
            77.12282,
            31.0393
          ],
          [
            77.12267,
            31.0393
          ],
          [
            77.12243,
            31.03933
          ],
          [
            77.12214,
            31.03946
          ],
          [
            77.12177,
            31.03969
          ],
          [
            77.12147,
            31.03983
          ],
          [
            77.12119,
            31.03989
          ],
          [
            77.12106,
            31.03987
          ],
          [
            77.121,
            31.03983
          ],
          [
            77.12093,
            31.03973
          ],
          [
            77.12073,
            31.03918
          ],
          [
            77.12049,
            31.03835
          ],
          [
            77.12049,
            31.03818
          ],
          [
            77.12051,
            31.03801
          ],
          [
            77.12056,
            31.03789
          ],
          [
            77.12064,
            31.03775
          ],
          [
            77.12086,
            31.03755
          ],
          [
            77.12107,
            31.03738
          ],
          [
            77.12117,
            31.03726
          ],
          [
            77.1214,
            31.0368
          ],
          [
            77.12145,
            31.03656
          ],
          [
            77.12141,
            31.03635
          ],
          [
            77.12131,
            31.03612
          ],
          [
            77.12101,
            31.03556
          ],
          [
            77.12094,
            31.03541
          ],
          [
            77.1209,
            31.0353
          ],
          [
            77.1209,
            31.03506
          ],
          [
            77.12088,
            31.03497
          ],
          [
            77.12078,
            31.03486
          ],
          [
            77.12009,
            31.03462
          ],
          [
            77.11995,
            31.03456
          ],
          [
            77.11981,
            31.03445
          ],
          [
            77.11971,
            31.03432
          ],
          [
            77.11967,
            31.03394
          ],
          [
            77.11959,
            31.03374
          ],
          [
            77.11955,
            31.0337
          ],
          [
            77.1195,
            31.03367
          ],
          [
            77.11945,
            31.03366
          ],
          [
            77.11912,
            31.03364
          ],
          [
            77.11895,
            31.03364
          ],
          [
            77.11879,
            31.03367
          ],
          [
            77.11833,
            31.03383
          ],
          [
            77.11819,
            31.03383
          ],
          [
            77.11811,
            31.03381
          ],
          [
            77.11806,
            31.03377
          ],
          [
            77.11778,
            31.0334
          ],
          [
            77.11757,
            31.0332
          ],
          [
            77.11684,
            31.03277
          ],
          [
            77.11658,
            31.03258
          ],
          [
            77.11631,
            31.0324
          ],
          [
            77.1162,
            31.03235
          ],
          [
            77.11607,
            31.03232
          ],
          [
            77.11562,
            31.0323
          ],
          [
            77.11551,
            31.03231
          ],
          [
            77.11539,
            31.03236
          ],
          [
            77.11493,
            31.03258
          ],
          [
            77.11481,
            31.03261
          ],
          [
            77.11475,
            31.03262
          ],
          [
            77.11439,
            31.03258
          ],
          [
            77.11431,
            31.03259
          ],
          [
            77.11406,
            31.03268
          ],
          [
            77.11388,
            31.03273
          ],
          [
            77.11321,
            31.03279
          ],
          [
            77.11254,
            31.033
          ],
          [
            77.11205,
            31.03325
          ],
          [
            77.11194,
            31.03328
          ],
          [
            77.11165,
            31.03326
          ],
          [
            77.11125,
            31.03322
          ],
          [
            77.11117,
            31.03322
          ],
          [
            77.11109,
            31.03325
          ],
          [
            77.11092,
            31.03339
          ],
          [
            77.11084,
            31.03343
          ],
          [
            77.11079,
            31.03344
          ],
          [
            77.1105,
            31.03346
          ],
          [
            77.11044,
            31.03348
          ],
          [
            77.11039,
            31.03353
          ],
          [
            77.1102,
            31.0338
          ],
          [
            77.11013,
            31.03386
          ],
          [
            77.10996,
            31.03395
          ],
          [
            77.10959,
            31.03404
          ],
          [
            77.10939,
            31.03402
          ],
          [
            77.10914,
            31.03397
          ],
          [
            77.10887,
            31.03389
          ],
          [
            77.10876,
            31.03383
          ],
          [
            77.10869,
            31.03377
          ],
          [
            77.10833,
            31.03326
          ],
          [
            77.10813,
            31.03309
          ],
          [
            77.10776,
            31.03295
          ],
          [
            77.10724,
            31.03282
          ],
          [
            77.10688,
            31.03267
          ],
          [
            77.10684,
            31.03261
          ],
          [
            77.10672,
            31.03238
          ],
          [
            77.10667,
            31.03199
          ],
          [
            77.10658,
            31.0317
          ],
          [
            77.10652,
            31.03162
          ],
          [
            77.10648,
            31.03159
          ],
          [
            77.10609,
            31.0315
          ],
          [
            77.10576,
            31.0313
          ],
          [
            77.10547,
            31.03111
          ],
          [
            77.1051,
            31.03094
          ],
          [
            77.10485,
            31.03087
          ],
          [
            77.10474,
            31.03085
          ],
          [
            77.10457,
            31.03086
          ],
          [
            77.10438,
            31.03093
          ],
          [
            77.10418,
            31.03104
          ],
          [
            77.1041,
            31.03105
          ],
          [
            77.10348,
            31.03082
          ],
          [
            77.10332,
            31.03074
          ],
          [
            77.10324,
            31.03066
          ],
          [
            77.10325,
            31.0306
          ],
          [
            77.10367,
            31.0302
          ],
          [
            77.10377,
            31.02999
          ],
          [
            77.10378,
            31.02981
          ],
          [
            77.10381,
            31.02976
          ],
          [
            77.10437,
            31.02939
          ],
          [
            77.10445,
            31.02928
          ],
          [
            77.10459,
            31.02903
          ],
          [
            77.10471,
            31.02894
          ],
          [
            77.10497,
            31.02877
          ],
          [
            77.10507,
            31.02868
          ],
          [
            77.10513,
            31.0286
          ],
          [
            77.10561,
            31.02781
          ],
          [
            77.10583,
            31.02765
          ],
          [
            77.10609,
            31.02751
          ],
          [
            77.10631,
            31.02741
          ],
          [
            77.10648,
            31.02725
          ],
          [
            77.10659,
            31.02687
          ],
          [
            77.10679,
            31.02663
          ],
          [
            77.10721,
            31.02646
          ],
          [
            77.10739,
            31.02634
          ],
          [
            77.10755,
            31.02613
          ],
          [
            77.10762,
            31.02586
          ],
          [
            77.1076,
            31.02575
          ],
          [
            77.10754,
            31.02566
          ],
          [
            77.10738,
            31.02555
          ],
          [
            77.10722,
            31.02554
          ],
          [
            77.10714,
            31.02555
          ],
          [
            77.10655,
            31.02575
          ],
          [
            77.10622,
            31.02572
          ],
          [
            77.10599,
            31.02558
          ],
          [
            77.10558,
            31.0251
          ],
          [
            77.10514,
            31.02454
          ],
          [
            77.1046,
            31.02405
          ],
          [
            77.10437,
            31.02375
          ],
          [
            77.1041,
            31.02333
          ],
          [
            77.10391,
            31.02298
          ],
          [
            77.10379,
            31.02269
          ],
          [
            77.1037,
            31.02254
          ],
          [
            77.10357,
            31.02244
          ],
          [
            77.1034,
            31.02238
          ],
          [
            77.10301,
            31.02233
          ],
          [
            77.10298,
            31.02231
          ],
          [
            77.10295,
            31.02224
          ],
          [
            77.10293,
            31.02211
          ],
          [
            77.10286,
            31.02196
          ],
          [
            77.10276,
            31.02188
          ],
          [
            77.10257,
            31.02176
          ],
          [
            77.10199,
            31.02147
          ],
          [
            77.10169,
            31.02138
          ],
          [
            77.10136,
            31.02133
          ],
          [
            77.10118,
            31.02127
          ],
          [
            77.10107,
            31.02121
          ],
          [
            77.10091,
            31.02106
          ],
          [
            77.10075,
            31.02087
          ],
          [
            77.10077,
            31.02071
          ],
          [
            77.10088,
            31.02057
          ],
          [
            77.10129,
            31.02042
          ],
          [
            77.10143,
            31.02031
          ],
          [
            77.10169,
            31.01996
          ],
          [
            77.10171,
            31.01984
          ],
          [
            77.10171,
            31.0197
          ],
          [
            77.10162,
            31.01955
          ],
          [
            77.10141,
            31.01932
          ],
          [
            77.10077,
            31.01884
          ],
          [
            77.1006,
            31.01863
          ],
          [
            77.10048,
            31.01798
          ],
          [
            77.10037,
            31.01779
          ],
          [
            77.09959,
            31.01744
          ],
          [
            77.09937,
            31.01722
          ],
          [
            77.09928,
            31.01692
          ],
          [
            77.09926,
            31.01676
          ],
          [
            77.09934,
            31.01655
          ],
          [
            77.09949,
            31.01642
          ],
          [
            77.09982,
            31.01618
          ],
          [
            77.10002,
            31.01608
          ],
          [
            77.10025,
            31.01592
          ],
          [
            77.10039,
            31.01586
          ],
          [
            77.10098,
            31.01579
          ],
          [
            77.10132,
            31.01577
          ],
          [
            77.10158,
            31.01569
          ],
          [
            77.1018,
            31.01553
          ],
          [
            77.10213,
            31.01508
          ],
          [
            77.10224,
            31.01488
          ],
          [
            77.10228,
            31.01461
          ],
          [
            77.10226,
            31.01442
          ],
          [
            77.1022,
            31.01421
          ],
          [
            77.10204,
            31.01391
          ],
          [
            77.10198,
            31.01371
          ],
          [
            77.10197,
            31.01334
          ],
          [
            77.10199,
            31.01302
          ],
          [
            77.10193,
            31.01277
          ],
          [
            77.1017,
            31.01246
          ],
          [
            77.10139,
            31.01218
          ],
          [
            77.10105,
            31.01183
          ],
          [
            77.10074,
            31.01146
          ],
          [
            77.10051,
            31.01089
          ],
          [
            77.10052,
            31.01073
          ],
          [
            77.10066,
            31.01033
          ],
          [
            77.10069,
            31.01015
          ],
          [
            77.10069,
            31.00993
          ],
          [
            77.10066,
            31.00976
          ],
          [
            77.10062,
            31.00965
          ],
          [
            77.10048,
            31.00947
          ],
          [
            77.1003,
            31.00936
          ],
          [
            77.09993,
            31.00921
          ],
          [
            77.09918,
            31.00873
          ],
          [
            77.09897,
            31.00863
          ],
          [
            77.0986,
            31.00857
          ],
          [
            77.09821,
            31.00857
          ],
          [
            77.09801,
            31.00851
          ],
          [
            77.09791,
            31.0084
          ],
          [
            77.09777,
            31.00808
          ],
          [
            77.0976,
            31.00771
          ],
          [
            77.09745,
            31.00748
          ],
          [
            77.09731,
            31.00734
          ],
          [
            77.09714,
            31.00727
          ],
          [
            77.09697,
            31.00726
          ],
          [
            77.09679,
            31.0073
          ],
          [
            77.09666,
            31.00742
          ],
          [
            77.0961,
            31.00779
          ],
          [
            77.09583,
            31.00803
          ],
          [
            77.09568,
            31.00809
          ],
          [
            77.09548,
            31.00826
          ],
          [
            77.09535,
            31.00828
          ],
          [
            77.09514,
            31.00823
          ],
          [
            77.09501,
            31.00815
          ],
          [
            77.09457,
            31.00791
          ],
          [
            77.09439,
            31.00784
          ],
          [
            77.09401,
            31.00782
          ],
          [
            77.09378,
            31.00789
          ],
          [
            77.09323,
            31.00828
          ],
          [
            77.09274,
            31.00858
          ],
          [
            77.09257,
            31.00862
          ],
          [
            77.09238,
            31.00863
          ],
          [
            77.09169,
            31.00847
          ],
          [
            77.09147,
            31.0084
          ],
          [
            77.09136,
            31.00837
          ],
          [
            77.09115,
            31.00825
          ],
          [
            77.09101,
            31.00808
          ],
          [
            77.09093,
            31.00787
          ],
          [
            77.09119,
            31.00742
          ],
          [
            77.09131,
            31.00709
          ],
          [
            77.09128,
            31.0068
          ],
          [
            77.09122,
            31.0065
          ],
          [
            77.09102,
            31.00629
          ],
          [
            77.09101,
            31.00622
          ],
          [
            77.09095,
            31.00608
          ],
          [
            77.09062,
            31.0058
          ],
          [
            77.09047,
            31.00572
          ],
          [
            77.09002,
            31.00553
          ],
          [
            77.08976,
            31.00545
          ],
          [
            77.0896,
            31.00528
          ],
          [
            77.08949,
            31.00467
          ],
          [
            77.08941,
            31.00454
          ],
          [
            77.08908,
            31.00422
          ],
          [
            77.08845,
            31.00373
          ],
          [
            77.08833,
            31.00352
          ],
          [
            77.08828,
            31.00331
          ],
          [
            77.08837,
            31.00313
          ],
          [
            77.08851,
            31.00306
          ],
          [
            77.0892,
            31.00284
          ],
          [
            77.08933,
            31.00273
          ],
          [
            77.08947,
            31.00256
          ],
          [
            77.08951,
            31.00232
          ],
          [
            77.08943,
            31.00206
          ],
          [
            77.08945,
            31.00191
          ],
          [
            77.08958,
            31.00175
          ],
          [
            77.08986,
            31.00154
          ],
          [
            77.09019,
            31.0014
          ],
          [
            77.09046,
            31.00123
          ],
          [
            77.09089,
            31.00079
          ],
          [
            77.09159,
            31.00027
          ],
          [
            77.09167,
            31.0001
          ],
          [
            77.09161,
            30.9999
          ],
          [
            77.09141,
            30.99966
          ],
          [
            77.09073,
            30.99904
          ],
          [
            77.09049,
            30.99875
          ],
          [
            77.08972,
            30.99814
          ],
          [
            77.08947,
            30.99795
          ],
          [
            77.08928,
            30.9977
          ],
          [
            77.08924,
            30.9975
          ],
          [
            77.08928,
            30.99727
          ],
          [
            77.0894,
            30.99713
          ],
          [
            77.0896,
            30.99708
          ],
          [
            77.09112,
            30.99697
          ],
          [
            77.09148,
            30.99687
          ],
          [
            77.09281,
            30.99641
          ],
          [
            77.09333,
            30.9962
          ],
          [
            77.09355,
            30.99602
          ],
          [
            77.0936,
            30.99589
          ],
          [
            77.09362,
            30.99572
          ],
          [
            77.09358,
            30.9956
          ],
          [
            77.09308,
            30.99484
          ],
          [
            77.09281,
            30.99447
          ],
          [
            77.09262,
            30.99431
          ],
          [
            77.09215,
            30.99399
          ],
          [
            77.09195,
            30.99382
          ],
          [
            77.09182,
            30.99355
          ],
          [
            77.09179,
            30.99331
          ],
          [
            77.09179,
            30.99296
          ],
          [
            77.09198,
            30.99245
          ],
          [
            77.09205,
            30.9922
          ],
          [
            77.09203,
            30.99206
          ],
          [
            77.0918,
            30.99164
          ],
          [
            77.09177,
            30.99152
          ],
          [
            77.09175,
            30.99147
          ],
          [
            77.09176,
            30.99132
          ],
          [
            77.09189,
            30.99108
          ],
          [
            77.09208,
            30.99097
          ],
          [
            77.09226,
            30.99094
          ],
          [
            77.09245,
            30.99096
          ],
          [
            77.09264,
            30.991
          ],
          [
            77.09277,
            30.991
          ],
          [
            77.09323,
            30.9911
          ],
          [
            77.09358,
            30.9912
          ],
          [
            77.09373,
            30.9912
          ],
          [
            77.09385,
            30.99116
          ],
          [
            77.09404,
            30.991
          ],
          [
            77.09419,
            30.99083
          ],
          [
            77.09427,
            30.99081
          ],
          [
            77.09441,
            30.99036
          ],
          [
            77.0945,
            30.99023
          ],
          [
            77.09465,
            30.9901
          ],
          [
            77.09478,
            30.99002
          ],
          [
            77.09501,
            30.98995
          ],
          [
            77.09522,
            30.98992
          ],
          [
            77.09549,
            30.98994
          ],
          [
            77.09571,
            30.98993
          ],
          [
            77.09591,
            30.98987
          ],
          [
            77.09607,
            30.98977
          ],
          [
            77.09619,
            30.98959
          ],
          [
            77.09623,
            30.98941
          ],
          [
            77.09622,
            30.98925
          ],
          [
            77.09612,
            30.98912
          ],
          [
            77.09588,
            30.98861
          ],
          [
            77.0959,
            30.98844
          ],
          [
            77.09597,
            30.9883
          ],
          [
            77.09609,
            30.98819
          ],
          [
            77.09626,
            30.98809
          ],
          [
            77.09664,
            30.98804
          ],
          [
            77.09701,
            30.98806
          ],
          [
            77.09738,
            30.98814
          ],
          [
            77.09785,
            30.98833
          ],
          [
            77.09855,
            30.98866
          ],
          [
            77.09971,
            30.989
          ],
          [
            77.10007,
            30.98914
          ],
          [
            77.10019,
            30.98921
          ],
          [
            77.10053,
            30.9896
          ],
          [
            77.10077,
            30.9898
          ],
          [
            77.10107,
            30.9898
          ],
          [
            77.10135,
            30.98974
          ],
          [
            77.10181,
            30.98942
          ],
          [
            77.10189,
            30.98923
          ],
          [
            77.10199,
            30.98883
          ],
          [
            77.10198,
            30.98833
          ],
          [
            77.10191,
            30.98792
          ],
          [
            77.10202,
            30.98776
          ],
          [
            77.10206,
            30.98765
          ],
          [
            77.10221,
            30.98747
          ],
          [
            77.10249,
            30.98727
          ],
          [
            77.10306,
            30.98697
          ],
          [
            77.10318,
            30.98684
          ],
          [
            77.10322,
            30.98671
          ],
          [
            77.10319,
            30.98652
          ],
          [
            77.10312,
            30.98631
          ],
          [
            77.10302,
            30.98615
          ],
          [
            77.10288,
            30.98582
          ],
          [
            77.10285,
            30.98568
          ],
          [
            77.10285,
            30.98547
          ],
          [
            77.10293,
            30.98532
          ],
          [
            77.10307,
            30.98519
          ],
          [
            77.10326,
            30.98505
          ],
          [
            77.10419,
            30.98454
          ],
          [
            77.10486,
            30.98418
          ],
          [
            77.10493,
            30.98416
          ],
          [
            77.10509,
            30.98411
          ],
          [
            77.10533,
            30.98407
          ],
          [
            77.1055,
            30.98412
          ],
          [
            77.10599,
            30.98438
          ],
          [
            77.10622,
            30.9844
          ],
          [
            77.10648,
            30.98441
          ],
          [
            77.10677,
            30.98434
          ],
          [
            77.1071,
            30.98415
          ],
          [
            77.10725,
            30.98396
          ],
          [
            77.10733,
            30.98376
          ],
          [
            77.10745,
            30.98324
          ],
          [
            77.10741,
            30.98312
          ],
          [
            77.10745,
            30.9829
          ],
          [
            77.10739,
            30.98268
          ],
          [
            77.10663,
            30.98148
          ],
          [
            77.10651,
            30.98121
          ],
          [
            77.10651,
            30.98103
          ],
          [
            77.10664,
            30.98084
          ],
          [
            77.10688,
            30.9807
          ],
          [
            77.10717,
            30.98068
          ],
          [
            77.10752,
            30.98083
          ],
          [
            77.1078,
            30.98097
          ],
          [
            77.10804,
            30.98103
          ],
          [
            77.10824,
            30.98114
          ],
          [
            77.10854,
            30.98143
          ],
          [
            77.10879,
            30.98159
          ],
          [
            77.10898,
            30.98165
          ],
          [
            77.10916,
            30.98172
          ],
          [
            77.10929,
            30.98171
          ],
          [
            77.10945,
            30.98163
          ],
          [
            77.10957,
            30.98153
          ],
          [
            77.10963,
            30.98143
          ],
          [
            77.10965,
            30.9813
          ],
          [
            77.10965,
            30.9807
          ],
          [
            77.10966,
            30.9805
          ],
          [
            77.10968,
            30.98041
          ],
          [
            77.10973,
            30.98029
          ],
          [
            77.10984,
            30.98015
          ],
          [
            77.10994,
            30.98005
          ],
          [
            77.11007,
            30.97998
          ],
          [
            77.11022,
            30.97996
          ],
          [
            77.1104,
            30.97998
          ],
          [
            77.1112,
            30.98036
          ],
          [
            77.11133,
            30.98039
          ],
          [
            77.11148,
            30.98041
          ],
          [
            77.11167,
            30.9804
          ],
          [
            77.11183,
            30.98034
          ],
          [
            77.11197,
            30.98026
          ],
          [
            77.11214,
            30.9801
          ],
          [
            77.11228,
            30.97984
          ],
          [
            77.11234,
            30.97961
          ],
          [
            77.11234,
            30.97941
          ],
          [
            77.1123,
            30.9793
          ],
          [
            77.11159,
            30.9782
          ],
          [
            77.11147,
            30.9781
          ],
          [
            77.11127,
            30.97799
          ],
          [
            77.11054,
            30.97767
          ],
          [
            77.11038,
            30.97759
          ],
          [
            77.11028,
            30.97752
          ],
          [
            77.11023,
            30.97742
          ],
          [
            77.11007,
            30.97694
          ],
          [
            77.11,
            30.97684
          ],
          [
            77.10986,
            30.97676
          ],
          [
            77.10971,
            30.97661
          ],
          [
            77.10959,
            30.97638
          ],
          [
            77.10944,
            30.97588
          ],
          [
            77.10937,
            30.97574
          ],
          [
            77.10911,
            30.97552
          ],
          [
            77.1088,
            30.97535
          ],
          [
            77.1087,
            30.97524
          ],
          [
            77.10866,
            30.97514
          ],
          [
            77.10866,
            30.975
          ],
          [
            77.1088,
            30.97442
          ],
          [
            77.10888,
            30.97426
          ],
          [
            77.10897,
            30.97418
          ],
          [
            77.10908,
            30.97413
          ],
          [
            77.10926,
            30.97409
          ],
          [
            77.11037,
            30.97408
          ],
          [
            77.11068,
            30.97405
          ],
          [
            77.1112,
            30.97383
          ],
          [
            77.11137,
            30.97371
          ],
          [
            77.11144,
            30.97348
          ],
          [
            77.11147,
            30.97339
          ],
          [
            77.11146,
            30.97326
          ],
          [
            77.11143,
            30.97318
          ],
          [
            77.11135,
            30.97308
          ],
          [
            77.11124,
            30.97304
          ],
          [
            77.11104,
            30.97299
          ],
          [
            77.11083,
            30.97302
          ],
          [
            77.11072,
            30.97302
          ],
          [
            77.11061,
            30.97299
          ],
          [
            77.11044,
            30.9729
          ],
          [
            77.10991,
            30.97245
          ],
          [
            77.10983,
            30.97234
          ],
          [
            77.10976,
            30.97203
          ],
          [
            77.10975,
            30.97173
          ],
          [
            77.10971,
            30.97152
          ],
          [
            77.10956,
            30.97134
          ],
          [
            77.10933,
            30.97127
          ],
          [
            77.10893,
            30.97128
          ],
          [
            77.10864,
            30.9712
          ],
          [
            77.1083,
            30.97089
          ],
          [
            77.10793,
            30.97076
          ],
          [
            77.10778,
            30.97069
          ],
          [
            77.10769,
            30.97053
          ],
          [
            77.10759,
            30.97013
          ],
          [
            77.1073,
            30.96976
          ],
          [
            77.10716,
            30.96967
          ],
          [
            77.10699,
            30.96966
          ],
          [
            77.10633,
            30.96979
          ],
          [
            77.10616,
            30.9697
          ],
          [
            77.10566,
            30.96931
          ],
          [
            77.10543,
            30.96916
          ],
          [
            77.10536,
            30.96905
          ],
          [
            77.10532,
            30.96891
          ],
          [
            77.10533,
            30.96876
          ],
          [
            77.10544,
            30.96862
          ],
          [
            77.10557,
            30.96856
          ],
          [
            77.10597,
            30.96855
          ],
          [
            77.10613,
            30.96842
          ],
          [
            77.10634,
            30.96814
          ],
          [
            77.10646,
            30.96803
          ],
          [
            77.10739,
            30.96755
          ],
          [
            77.10752,
            30.96744
          ],
          [
            77.10758,
            30.96732
          ],
          [
            77.10766,
            30.96702
          ],
          [
            77.10778,
            30.96689
          ],
          [
            77.10782,
            30.96658
          ],
          [
            77.10777,
            30.96635
          ],
          [
            77.10762,
            30.96611
          ],
          [
            77.10759,
            30.96596
          ],
          [
            77.10759,
            30.96573
          ],
          [
            77.10751,
            30.96553
          ],
          [
            77.10736,
            30.96538
          ],
          [
            77.10732,
            30.96511
          ],
          [
            77.10747,
            30.96378
          ],
          [
            77.10753,
            30.96361
          ],
          [
            77.10763,
            30.96348
          ],
          [
            77.10779,
            30.96338
          ],
          [
            77.10797,
            30.96332
          ],
          [
            77.10824,
            30.96329
          ],
          [
            77.1086,
            30.96334
          ],
          [
            77.10882,
            30.96335
          ],
          [
            77.10895,
            30.96332
          ],
          [
            77.1091,
            30.96326
          ],
          [
            77.10922,
            30.96315
          ],
          [
            77.1093,
            30.96305
          ],
          [
            77.10948,
            30.96247
          ],
          [
            77.10967,
            30.96218
          ],
          [
            77.10997,
            30.96197
          ],
          [
            77.1105,
            30.96185
          ],
          [
            77.11122,
            30.9618
          ],
          [
            77.11172,
            30.96172
          ],
          [
            77.11247,
            30.96134
          ],
          [
            77.11288,
            30.96128
          ],
          [
            77.11315,
            30.96129
          ],
          [
            77.11338,
            30.96123
          ],
          [
            77.11357,
            30.96111
          ],
          [
            77.11362,
            30.96098
          ],
          [
            77.1136,
            30.96083
          ],
          [
            77.11354,
            30.96072
          ],
          [
            77.11343,
            30.96065
          ],
          [
            77.1131,
            30.96057
          ],
          [
            77.11284,
            30.96036
          ],
          [
            77.11269,
            30.95997
          ],
          [
            77.11257,
            30.95975
          ],
          [
            77.11239,
            30.95966
          ],
          [
            77.11203,
            30.95962
          ],
          [
            77.11181,
            30.95955
          ],
          [
            77.11165,
            30.95941
          ],
          [
            77.11149,
            30.95921
          ],
          [
            77.11135,
            30.95856
          ],
          [
            77.11128,
            30.95833
          ],
          [
            77.11105,
            30.95815
          ],
          [
            77.11069,
            30.95799
          ],
          [
            77.11034,
            30.95787
          ],
          [
            77.11023,
            30.95778
          ],
          [
            77.11023,
            30.95763
          ],
          [
            77.11027,
            30.95751
          ],
          [
            77.11052,
            30.95731
          ],
          [
            77.11122,
            30.95704
          ],
          [
            77.11239,
            30.95687
          ],
          [
            77.11261,
            30.9568
          ],
          [
            77.11273,
            30.95664
          ],
          [
            77.11321,
            30.95549
          ],
          [
            77.11332,
            30.95493
          ],
          [
            77.11336,
            30.95482
          ],
          [
            77.11345,
            30.95477
          ],
          [
            77.11356,
            30.95475
          ],
          [
            77.11367,
            30.95478
          ],
          [
            77.11413,
            30.95525
          ],
          [
            77.11462,
            30.95589
          ],
          [
            77.11473,
            30.95641
          ],
          [
            77.11515,
            30.95682
          ],
          [
            77.11538,
            30.95694
          ],
          [
            77.11551,
            30.95696
          ],
          [
            77.11568,
            30.9569
          ],
          [
            77.11611,
            30.95658
          ],
          [
            77.11635,
            30.95648
          ],
          [
            77.11664,
            30.95645
          ],
          [
            77.11711,
            30.9566
          ],
          [
            77.11749,
            30.95692
          ],
          [
            77.11785,
            30.95698
          ],
          [
            77.11825,
            30.95691
          ],
          [
            77.11907,
            30.95665
          ],
          [
            77.11942,
            30.95647
          ],
          [
            77.1204,
            30.95559
          ],
          [
            77.1206,
            30.95535
          ],
          [
            77.12063,
            30.95528
          ],
          [
            77.12063,
            30.9552
          ],
          [
            77.12052,
            30.95473
          ],
          [
            77.12055,
            30.95438
          ],
          [
            77.12047,
            30.95404
          ],
          [
            77.1206,
            30.95377
          ],
          [
            77.12082,
            30.95356
          ],
          [
            77.1211,
            30.95341
          ],
          [
            77.12152,
            30.95336
          ],
          [
            77.12253,
            30.95312
          ],
          [
            77.12264,
            30.95298
          ],
          [
            77.12264,
            30.95276
          ],
          [
            77.12255,
            30.95258
          ],
          [
            77.12227,
            30.95242
          ],
          [
            77.12212,
            30.95219
          ],
          [
            77.12209,
            30.95189
          ],
          [
            77.12185,
            30.9515
          ],
          [
            77.12183,
            30.9514
          ],
          [
            77.12186,
            30.95136
          ],
          [
            77.1219,
            30.95132
          ],
          [
            77.12198,
            30.95129
          ],
          [
            77.12209,
            30.95129
          ],
          [
            77.12226,
            30.95134
          ],
          [
            77.1228,
            30.95157
          ],
          [
            77.1231,
            30.95164
          ],
          [
            77.12339,
            30.95154
          ],
          [
            77.12366,
            30.95136
          ],
          [
            77.12384,
            30.95117
          ],
          [
            77.12391,
            30.95094
          ],
          [
            77.12382,
            30.95077
          ],
          [
            77.12369,
            30.95043
          ],
          [
            77.12372,
            30.95017
          ],
          [
            77.12363,
            30.94992
          ],
          [
            77.12332,
            30.94974
          ],
          [
            77.12268,
            30.94955
          ],
          [
            77.12253,
            30.94937
          ],
          [
            77.12254,
            30.94919
          ],
          [
            77.1227,
            30.94898
          ],
          [
            77.12339,
            30.94834
          ],
          [
            77.12405,
            30.94805
          ],
          [
            77.12428,
            30.94791
          ],
          [
            77.12435,
            30.94777
          ],
          [
            77.12438,
            30.94743
          ],
          [
            77.12448,
            30.94709
          ],
          [
            77.12448,
            30.94677
          ],
          [
            77.12444,
            30.9466
          ],
          [
            77.12444,
            30.94647
          ],
          [
            77.12454,
            30.94634
          ],
          [
            77.1247,
            30.94626
          ],
          [
            77.12495,
            30.94625
          ],
          [
            77.1261,
            30.94681
          ],
          [
            77.12627,
            30.94695
          ],
          [
            77.12646,
            30.94707
          ],
          [
            77.1267,
            30.94708
          ],
          [
            77.1269,
            30.94701
          ],
          [
            77.12699,
            30.9469
          ],
          [
            77.12698,
            30.94644
          ],
          [
            77.12716,
            30.94614
          ],
          [
            77.12756,
            30.94572
          ],
          [
            77.1276,
            30.94557
          ],
          [
            77.12758,
            30.9454
          ],
          [
            77.12713,
            30.94481
          ],
          [
            77.12698,
            30.94447
          ],
          [
            77.12675,
            30.9442
          ],
          [
            77.12672,
            30.94404
          ],
          [
            77.12676,
            30.94387
          ],
          [
            77.12701,
            30.94353
          ],
          [
            77.12723,
            30.9433
          ],
          [
            77.12747,
            30.94317
          ],
          [
            77.12859,
            30.94291
          ],
          [
            77.12906,
            30.94263
          ],
          [
            77.12956,
            30.94229
          ],
          [
            77.13017,
            30.94206
          ],
          [
            77.13136,
            30.94146
          ],
          [
            77.13165,
            30.94122
          ],
          [
            77.13172,
            30.94105
          ],
          [
            77.13176,
            30.94072
          ],
          [
            77.1318,
            30.94064
          ],
          [
            77.13187,
            30.94055
          ],
          [
            77.13196,
            30.94049
          ],
          [
            77.13207,
            30.9404
          ],
          [
            77.1322,
            30.94032
          ],
          [
            77.1322,
            30.94014
          ],
          [
            77.13199,
            30.93962
          ],
          [
            77.132,
            30.93946
          ],
          [
            77.13264,
            30.93896
          ],
          [
            77.13283,
            30.93864
          ],
          [
            77.13293,
            30.93832
          ],
          [
            77.13288,
            30.93808
          ],
          [
            77.13279,
            30.93789
          ],
          [
            77.13256,
            30.93763
          ],
          [
            77.13175,
            30.93713
          ],
          [
            77.13158,
            30.93697
          ],
          [
            77.1315,
            30.93678
          ],
          [
            77.13157,
            30.93656
          ],
          [
            77.13186,
            30.93639
          ],
          [
            77.13227,
            30.93624
          ],
          [
            77.13264,
            30.93625
          ],
          [
            77.13295,
            30.93615
          ],
          [
            77.1331,
            30.93601
          ],
          [
            77.13318,
            30.93582
          ],
          [
            77.13317,
            30.93545
          ],
          [
            77.13284,
            30.93466
          ],
          [
            77.13268,
            30.93433
          ],
          [
            77.1326,
            30.93405
          ],
          [
            77.13262,
            30.93394
          ],
          [
            77.13272,
            30.93375
          ],
          [
            77.13274,
            30.93362
          ],
          [
            77.13274,
            30.93351
          ],
          [
            77.13264,
            30.93343
          ],
          [
            77.13249,
            30.93339
          ],
          [
            77.13223,
            30.93337
          ],
          [
            77.13176,
            30.93326
          ],
          [
            77.13126,
            30.93294
          ],
          [
            77.1311,
            30.93274
          ],
          [
            77.13106,
            30.93255
          ],
          [
            77.13107,
            30.93238
          ],
          [
            77.13121,
            30.932
          ],
          [
            77.13121,
            30.93181
          ],
          [
            77.13112,
            30.93168
          ],
          [
            77.13096,
            30.93162
          ],
          [
            77.13018,
            30.93161
          ],
          [
            77.12986,
            30.93153
          ],
          [
            77.12923,
            30.93104
          ],
          [
            77.12853,
            30.93087
          ],
          [
            77.12754,
            30.93078
          ],
          [
            77.12718,
            30.93067
          ],
          [
            77.12697,
            30.93046
          ],
          [
            77.12688,
            30.93019
          ],
          [
            77.12706,
            30.92983
          ],
          [
            77.1273,
            30.92944
          ],
          [
            77.12732,
            30.92916
          ],
          [
            77.12742,
            30.92882
          ],
          [
            77.12757,
            30.92846
          ],
          [
            77.12756,
            30.92816
          ],
          [
            77.12751,
            30.92801
          ],
          [
            77.12744,
            30.92792
          ],
          [
            77.12729,
            30.9279
          ],
          [
            77.12711,
            30.92793
          ],
          [
            77.12669,
            30.9281
          ],
          [
            77.12633,
            30.92832
          ],
          [
            77.12497,
            30.9288
          ],
          [
            77.12475,
            30.92882
          ],
          [
            77.12456,
            30.92878
          ],
          [
            77.12441,
            30.92863
          ],
          [
            77.1244,
            30.92845
          ],
          [
            77.12442,
            30.92808
          ],
          [
            77.12439,
            30.92791
          ],
          [
            77.12418,
            30.92772
          ],
          [
            77.1238,
            30.92739
          ],
          [
            77.12362,
            30.92714
          ],
          [
            77.12352,
            30.92695
          ],
          [
            77.12345,
            30.92658
          ],
          [
            77.12336,
            30.92644
          ],
          [
            77.1232,
            30.92632
          ],
          [
            77.12291,
            30.92619
          ],
          [
            77.12273,
            30.92615
          ],
          [
            77.12254,
            30.92622
          ],
          [
            77.12235,
            30.92636
          ],
          [
            77.12217,
            30.92668
          ],
          [
            77.12144,
            30.9272
          ],
          [
            77.12065,
            30.92749
          ],
          [
            77.11896,
            30.92833
          ],
          [
            77.11872,
            30.9284
          ],
          [
            77.11855,
            30.92839
          ],
          [
            77.1184,
            30.9283
          ],
          [
            77.11828,
            30.9281
          ],
          [
            77.11827,
            30.92792
          ],
          [
            77.11816,
            30.92778
          ],
          [
            77.11793,
            30.92767
          ],
          [
            77.11754,
            30.92771
          ],
          [
            77.11729,
            30.92777
          ],
          [
            77.11708,
            30.92796
          ],
          [
            77.11653,
            30.92834
          ],
          [
            77.11637,
            30.92842
          ],
          [
            77.11586,
            30.92851
          ],
          [
            77.1157,
            30.92857
          ],
          [
            77.11536,
            30.92884
          ],
          [
            77.11517,
            30.92889
          ],
          [
            77.1149,
            30.92885
          ],
          [
            77.1147,
            30.92869
          ],
          [
            77.11453,
            30.92846
          ],
          [
            77.11446,
            30.92824
          ],
          [
            77.11443,
            30.92764
          ],
          [
            77.11434,
            30.92745
          ],
          [
            77.11415,
            30.92733
          ],
          [
            77.11289,
            30.92684
          ],
          [
            77.11266,
            30.92664
          ],
          [
            77.11254,
            30.9261
          ],
          [
            77.11256,
            30.92572
          ],
          [
            77.11252,
            30.9254
          ],
          [
            77.11242,
            30.9252
          ],
          [
            77.11237,
            30.9249
          ],
          [
            77.1124,
            30.92412
          ],
          [
            77.1124,
            30.92333
          ],
          [
            77.11235,
            30.92318
          ],
          [
            77.11216,
            30.92303
          ],
          [
            77.11201,
            30.92296
          ],
          [
            77.11181,
            30.92292
          ],
          [
            77.11168,
            30.92292
          ],
          [
            77.11151,
            30.923
          ],
          [
            77.11078,
            30.9238
          ],
          [
            77.1103,
            30.92416
          ],
          [
            77.10976,
            30.92445
          ],
          [
            77.10917,
            30.92457
          ],
          [
            77.10859,
            30.92476
          ],
          [
            77.10795,
            30.92523
          ],
          [
            77.10736,
            30.92553
          ],
          [
            77.10712,
            30.92553
          ],
          [
            77.10689,
            30.92543
          ],
          [
            77.1067,
            30.92527
          ],
          [
            77.10637,
            30.92457
          ],
          [
            77.10605,
            30.92398
          ],
          [
            77.10536,
            30.92329
          ],
          [
            77.10458,
            30.9227
          ],
          [
            77.10397,
            30.92248
          ],
          [
            77.10334,
            30.92247
          ],
          [
            77.10279,
            30.92255
          ],
          [
            77.10245,
            30.92264
          ],
          [
            77.10213,
            30.92284
          ],
          [
            77.1014,
            30.92318
          ],
          [
            77.09921,
            30.92375
          ],
          [
            77.09901,
            30.92374
          ],
          [
            77.09892,
            30.92368
          ],
          [
            77.09896,
            30.92367
          ],
          [
            77.099,
            30.92363
          ],
          [
            77.09902,
            30.92358
          ],
          [
            77.09899,
            30.92353
          ],
          [
            77.09889,
            30.92346
          ],
          [
            77.09868,
            30.92336
          ],
          [
            77.09859,
            30.92337
          ],
          [
            77.09848,
            30.92339
          ],
          [
            77.098,
            30.92314
          ],
          [
            77.09757,
            30.92317
          ],
          [
            77.09743,
            30.92322
          ],
          [
            77.09721,
            30.92326
          ],
          [
            77.09705,
            30.92323
          ],
          [
            77.09687,
            30.92316
          ],
          [
            77.09675,
            30.92307
          ],
          [
            77.09668,
            30.92281
          ],
          [
            77.09665,
            30.92268
          ],
          [
            77.09647,
            30.92249
          ],
          [
            77.09608,
            30.92235
          ],
          [
            77.09576,
            30.92231
          ],
          [
            77.09557,
            30.92225
          ],
          [
            77.0954,
            30.92203
          ],
          [
            77.09536,
            30.92188
          ],
          [
            77.09537,
            30.92165
          ],
          [
            77.09551,
            30.92106
          ],
          [
            77.0957,
            30.92063
          ],
          [
            77.09585,
            30.92036
          ],
          [
            77.09584,
            30.92008
          ],
          [
            77.09572,
            30.91984
          ],
          [
            77.09538,
            30.9194
          ],
          [
            77.09516,
            30.91907
          ],
          [
            77.09488,
            30.91877
          ],
          [
            77.09427,
            30.91842
          ],
          [
            77.0935,
            30.91793
          ],
          [
            77.09282,
            30.91729
          ],
          [
            77.09202,
            30.91668
          ],
          [
            77.09134,
            30.91604
          ],
          [
            77.09106,
            30.91587
          ],
          [
            77.09027,
            30.91564
          ],
          [
            77.0899,
            30.91551
          ],
          [
            77.08961,
            30.91547
          ],
          [
            77.08912,
            30.91551
          ],
          [
            77.0886,
            30.91551
          ],
          [
            77.08836,
            30.91546
          ],
          [
            77.08823,
            30.91531
          ],
          [
            77.08821,
            30.9152
          ],
          [
            77.08826,
            30.91507
          ],
          [
            77.08839,
            30.91496
          ],
          [
            77.08857,
            30.91488
          ],
          [
            77.08988,
            30.91472
          ],
          [
            77.09079,
            30.91448
          ],
          [
            77.09162,
            30.9141
          ],
          [
            77.09181,
            30.91395
          ],
          [
            77.092,
            30.91344
          ],
          [
            77.09209,
            30.9133
          ],
          [
            77.09221,
            30.91325
          ],
          [
            77.09301,
            30.91315
          ],
          [
            77.09367,
            30.91304
          ],
          [
            77.094,
            30.91304
          ],
          [
            77.09417,
            30.91311
          ],
          [
            77.09447,
            30.9132
          ],
          [
            77.0947,
            30.91322
          ],
          [
            77.09481,
            30.91312
          ],
          [
            77.09492,
            30.91298
          ],
          [
            77.09499,
            30.91265
          ],
          [
            77.09514,
            30.91246
          ],
          [
            77.09537,
            30.91236
          ],
          [
            77.0957,
            30.91234
          ],
          [
            77.09586,
            30.91237
          ],
          [
            77.09606,
            30.91246
          ],
          [
            77.0968,
            30.91283
          ],
          [
            77.09717,
            30.91294
          ],
          [
            77.09738,
            30.91288
          ],
          [
            77.09755,
            30.91277
          ],
          [
            77.09761,
            30.91262
          ],
          [
            77.0976,
            30.91244
          ],
          [
            77.09766,
            30.91228
          ],
          [
            77.09778,
            30.91212
          ],
          [
            77.09794,
            30.912
          ],
          [
            77.09815,
            30.91188
          ],
          [
            77.09832,
            30.91171
          ],
          [
            77.09834,
            30.91155
          ],
          [
            77.09832,
            30.91144
          ],
          [
            77.09824,
            30.91132
          ],
          [
            77.09805,
            30.9112
          ],
          [
            77.09787,
            30.91104
          ],
          [
            77.09778,
            30.91087
          ],
          [
            77.09774,
            30.91058
          ],
          [
            77.09764,
            30.91044
          ],
          [
            77.09752,
            30.91036
          ],
          [
            77.0973,
            30.91031
          ],
          [
            77.09631,
            30.91028
          ],
          [
            77.09614,
            30.91021
          ],
          [
            77.096,
            30.91007
          ],
          [
            77.09595,
            30.90998
          ],
          [
            77.09589,
            30.90988
          ],
          [
            77.09574,
            30.90974
          ],
          [
            77.09562,
            30.90968
          ],
          [
            77.09548,
            30.90969
          ],
          [
            77.09535,
            30.90974
          ],
          [
            77.09481,
            30.91032
          ],
          [
            77.09459,
            30.91053
          ],
          [
            77.09406,
            30.91077
          ],
          [
            77.0938,
            30.91081
          ],
          [
            77.09361,
            30.91077
          ],
          [
            77.09341,
            30.91063
          ],
          [
            77.09334,
            30.91049
          ],
          [
            77.09333,
            30.91035
          ],
          [
            77.09338,
            30.9101
          ],
          [
            77.09341,
            30.90966
          ],
          [
            77.09345,
            30.90955
          ],
          [
            77.09356,
            30.90936
          ],
          [
            77.09365,
            30.90888
          ],
          [
            77.09364,
            30.90851
          ],
          [
            77.09357,
            30.90833
          ],
          [
            77.09345,
            30.90818
          ],
          [
            77.09317,
            30.90783
          ],
          [
            77.09287,
            30.90726
          ],
          [
            77.09271,
            30.90682
          ],
          [
            77.0927,
            30.90651
          ],
          [
            77.09265,
            30.9063
          ],
          [
            77.09253,
            30.90619
          ],
          [
            77.09174,
            30.90596
          ],
          [
            77.09149,
            30.90586
          ],
          [
            77.09127,
            30.90575
          ],
          [
            77.091,
            30.90569
          ],
          [
            77.09086,
            30.90571
          ],
          [
            77.09071,
            30.90576
          ],
          [
            77.09031,
            30.906
          ],
          [
            77.08994,
            30.90607
          ],
          [
            77.08976,
            30.90607
          ],
          [
            77.08957,
            30.90602
          ],
          [
            77.08948,
            30.90598
          ],
          [
            77.08936,
            30.90587
          ],
          [
            77.08933,
            30.90579
          ],
          [
            77.08928,
            30.9055
          ],
          [
            77.08928,
            30.90541
          ],
          [
            77.08929,
            30.9053
          ],
          [
            77.08933,
            30.90523
          ],
          [
            77.08951,
            30.90502
          ],
          [
            77.08966,
            30.90488
          ],
          [
            77.08972,
            30.90479
          ],
          [
            77.08976,
            30.90466
          ],
          [
            77.08975,
            30.90453
          ],
          [
            77.08957,
            30.90404
          ],
          [
            77.08957,
            30.90392
          ],
          [
            77.08966,
            30.90385
          ],
          [
            77.08977,
            30.90379
          ],
          [
            77.09004,
            30.90373
          ],
          [
            77.09039,
            30.90356
          ],
          [
            77.09053,
            30.90344
          ],
          [
            77.09059,
            30.90331
          ],
          [
            77.09057,
            30.90315
          ],
          [
            77.09047,
            30.90302
          ],
          [
            77.09028,
            30.90297
          ],
          [
            77.08979,
            30.90283
          ],
          [
            77.08962,
            30.90271
          ],
          [
            77.08953,
            30.90259
          ],
          [
            77.08948,
            30.90242
          ],
          [
            77.08947,
            30.90224
          ],
          [
            77.0899,
            30.90191
          ],
          [
            77.09018,
            30.90154
          ],
          [
            77.09051,
            30.90139
          ],
          [
            77.09089,
            30.90132
          ],
          [
            77.09149,
            30.90104
          ],
          [
            77.0916,
            30.90092
          ],
          [
            77.09166,
            30.90078
          ],
          [
            77.09159,
            30.90066
          ],
          [
            77.0915,
            30.90062
          ],
          [
            77.09077,
            30.90053
          ],
          [
            77.09045,
            30.90037
          ],
          [
            77.09005,
            30.90007
          ],
          [
            77.08981,
            30.89982
          ],
          [
            77.08973,
            30.89965
          ],
          [
            77.08975,
            30.89948
          ],
          [
            77.08989,
            30.89933
          ],
          [
            77.09048,
            30.8989
          ],
          [
            77.09063,
            30.89849
          ],
          [
            77.09041,
            30.8977
          ],
          [
            77.09046,
            30.8975
          ],
          [
            77.09063,
            30.89739
          ],
          [
            77.0913,
            30.89713
          ],
          [
            77.09158,
            30.89691
          ],
          [
            77.09298,
            30.89534
          ],
          [
            77.093,
            30.89499
          ],
          [
            77.09287,
            30.89455
          ],
          [
            77.09267,
            30.89414
          ],
          [
            77.09249,
            30.89309
          ],
          [
            77.0924,
            30.89269
          ],
          [
            77.09202,
            30.89225
          ],
          [
            77.09188,
            30.89207
          ],
          [
            77.09168,
            30.89156
          ],
          [
            77.09154,
            30.89131
          ],
          [
            77.09131,
            30.89114
          ],
          [
            77.09104,
            30.891
          ],
          [
            77.09014,
            30.89091
          ],
          [
            77.08973,
            30.89078
          ],
          [
            77.08931,
            30.89066
          ],
          [
            77.08855,
            30.89054
          ],
          [
            77.08727,
            30.89049
          ],
          [
            77.08714,
            30.89041
          ],
          [
            77.08704,
            30.89031
          ],
          [
            77.08694,
            30.89017
          ],
          [
            77.08672,
            30.88997
          ],
          [
            77.08654,
            30.88994
          ],
          [
            77.0859,
            30.88989
          ],
          [
            77.08559,
            30.88977
          ],
          [
            77.08536,
            30.88964
          ],
          [
            77.08499,
            30.88952
          ],
          [
            77.08465,
            30.88952
          ],
          [
            77.08422,
            30.88946
          ],
          [
            77.08418,
            30.88939
          ],
          [
            77.08419,
            30.88917
          ],
          [
            77.08484,
            30.88876
          ],
          [
            77.08605,
            30.88837
          ],
          [
            77.08634,
            30.88817
          ],
          [
            77.08656,
            30.88773
          ],
          [
            77.08673,
            30.88757
          ],
          [
            77.08705,
            30.88733
          ],
          [
            77.08739,
            30.88736
          ],
          [
            77.08775,
            30.8877
          ],
          [
            77.08802,
            30.88802
          ],
          [
            77.08823,
            30.88803
          ],
          [
            77.08844,
            30.88799
          ],
          [
            77.08863,
            30.88787
          ],
          [
            77.08907,
            30.88737
          ],
          [
            77.08976,
            30.88689
          ],
          [
            77.0899,
            30.88645
          ],
          [
            77.08991,
            30.88634
          ],
          [
            77.08979,
            30.88597
          ],
          [
            77.08978,
            30.88585
          ],
          [
            77.08982,
            30.88572
          ],
          [
            77.08995,
            30.88564
          ],
          [
            77.09155,
            30.88524
          ],
          [
            77.09171,
            30.88513
          ],
          [
            77.09183,
            30.88494
          ],
          [
            77.09184,
            30.88481
          ],
          [
            77.09178,
            30.88439
          ],
          [
            77.09172,
            30.88415
          ],
          [
            77.09155,
            30.88277
          ],
          [
            77.09157,
            30.88262
          ],
          [
            77.09163,
            30.88248
          ],
          [
            77.09184,
            30.88228
          ],
          [
            77.0925,
            30.88205
          ],
          [
            77.09272,
            30.882
          ],
          [
            77.09334,
            30.88198
          ],
          [
            77.09363,
            30.88194
          ],
          [
            77.09373,
            30.88189
          ],
          [
            77.0938,
            30.88176
          ],
          [
            77.09382,
            30.88158
          ],
          [
            77.09374,
            30.8814
          ],
          [
            77.09343,
            30.8812
          ],
          [
            77.09317,
            30.88113
          ],
          [
            77.09285,
            30.88126
          ],
          [
            77.09235,
            30.88157
          ],
          [
            77.09205,
            30.88179
          ],
          [
            77.09165,
            30.88198
          ],
          [
            77.09121,
            30.88222
          ],
          [
            77.09114,
            30.88231
          ],
          [
            77.0911,
            30.8824
          ],
          [
            77.0911,
            30.88255
          ],
          [
            77.09114,
            30.88268
          ],
          [
            77.09119,
            30.88291
          ],
          [
            77.09114,
            30.88305
          ],
          [
            77.09096,
            30.88336
          ],
          [
            77.09088,
            30.88363
          ],
          [
            77.09084,
            30.88392
          ],
          [
            77.09078,
            30.8841
          ],
          [
            77.09063,
            30.88427
          ],
          [
            77.09046,
            30.88438
          ],
          [
            77.08974,
            30.88461
          ],
          [
            77.0893,
            30.88467
          ],
          [
            77.08886,
            30.88456
          ],
          [
            77.08859,
            30.88454
          ],
          [
            77.08849,
            30.88472
          ],
          [
            77.08848,
            30.88489
          ],
          [
            77.08834,
            30.88505
          ],
          [
            77.08806,
            30.88532
          ],
          [
            77.08792,
            30.88561
          ],
          [
            77.08785,
            30.88573
          ],
          [
            77.08767,
            30.88587
          ],
          [
            77.08738,
            30.88592
          ],
          [
            77.08656,
            30.88591
          ],
          [
            77.08558,
            30.88617
          ],
          [
            77.08512,
            30.88609
          ],
          [
            77.08465,
            30.88594
          ],
          [
            77.07651,
            30.88229
          ],
          [
            77.07582,
            30.88194
          ],
          [
            77.07476,
            30.88194
          ],
          [
            77.07439,
            30.88193
          ],
          [
            77.07425,
            30.88197
          ],
          [
            77.07416,
            30.88204
          ],
          [
            77.07409,
            30.88217
          ],
          [
            77.07412,
            30.8828
          ],
          [
            77.07409,
            30.88288
          ],
          [
            77.07396,
            30.88307
          ],
          [
            77.07363,
            30.88327
          ],
          [
            77.07336,
            30.88339
          ],
          [
            77.07323,
            30.88356
          ],
          [
            77.07316,
            30.88376
          ],
          [
            77.07314,
            30.88385
          ],
          [
            77.07316,
            30.88395
          ],
          [
            77.07344,
            30.88444
          ],
          [
            77.07346,
            30.88455
          ],
          [
            77.07343,
            30.88469
          ],
          [
            77.07324,
            30.88489
          ],
          [
            77.07305,
            30.88505
          ],
          [
            77.07301,
            30.88516
          ],
          [
            77.07303,
            30.88534
          ],
          [
            77.07311,
            30.88547
          ],
          [
            77.07323,
            30.88575
          ],
          [
            77.07327,
            30.88587
          ],
          [
            77.07328,
            30.88598
          ],
          [
            77.07322,
            30.88612
          ],
          [
            77.0728,
            30.88632
          ],
          [
            77.07261,
            30.88644
          ],
          [
            77.07232,
            30.88678
          ],
          [
            77.0722,
            30.8869
          ],
          [
            77.07198,
            30.88699
          ],
          [
            77.07156,
            30.88707
          ],
          [
            77.07137,
            30.88708
          ],
          [
            77.07122,
            30.88707
          ],
          [
            77.07092,
            30.88698
          ],
          [
            77.07055,
            30.88679
          ],
          [
            77.07048,
            30.88675
          ],
          [
            77.07025,
            30.88652
          ],
          [
            77.07001,
            30.88613
          ],
          [
            77.06978,
            30.88603
          ],
          [
            77.06956,
            30.88605
          ],
          [
            77.06942,
            30.88613
          ],
          [
            77.06915,
            30.88649
          ],
          [
            77.06904,
            30.88667
          ],
          [
            77.06901,
            30.88681
          ],
          [
            77.06902,
            30.88695
          ],
          [
            77.06922,
            30.88745
          ],
          [
            77.06944,
            30.88796
          ],
          [
            77.06944,
            30.88824
          ],
          [
            77.06935,
            30.8884
          ],
          [
            77.06919,
            30.88851
          ],
          [
            77.06898,
            30.88862
          ],
          [
            77.06859,
            30.88877
          ],
          [
            77.06806,
            30.8892
          ],
          [
            77.06755,
            30.88945
          ],
          [
            77.06736,
            30.88952
          ],
          [
            77.06719,
            30.88951
          ],
          [
            77.06704,
            30.88945
          ],
          [
            77.06693,
            30.88938
          ],
          [
            77.06686,
            30.88929
          ],
          [
            77.0668,
            30.88915
          ],
          [
            77.06681,
            30.88872
          ],
          [
            77.06679,
            30.88848
          ],
          [
            77.06663,
            30.88826
          ],
          [
            77.06645,
            30.88812
          ],
          [
            77.06623,
            30.88805
          ],
          [
            77.06567,
            30.88801
          ],
          [
            77.06536,
            30.88796
          ],
          [
            77.06479,
            30.8879
          ],
          [
            77.06451,
            30.88792
          ],
          [
            77.06394,
            30.88791
          ],
          [
            77.06369,
            30.88796
          ],
          [
            77.06269,
            30.88869
          ],
          [
            77.06253,
            30.88875
          ],
          [
            77.06241,
            30.88875
          ],
          [
            77.06228,
            30.88872
          ],
          [
            77.06219,
            30.88868
          ],
          [
            77.06209,
            30.88863
          ],
          [
            77.06189,
            30.88841
          ],
          [
            77.06168,
            30.88827
          ],
          [
            77.06151,
            30.88819
          ],
          [
            77.06132,
            30.88816
          ],
          [
            77.06114,
            30.88822
          ],
          [
            77.06103,
            30.88834
          ],
          [
            77.06086,
            30.88858
          ],
          [
            77.06047,
            30.88897
          ],
          [
            77.06029,
            30.88922
          ],
          [
            77.06006,
            30.88948
          ],
          [
            77.05982,
            30.88955
          ],
          [
            77.05962,
            30.88952
          ],
          [
            77.05943,
            30.88943
          ],
          [
            77.05932,
            30.88937
          ],
          [
            77.05921,
            30.88923
          ],
          [
            77.0591,
            30.88903
          ],
          [
            77.05903,
            30.88896
          ],
          [
            77.05893,
            30.8889
          ],
          [
            77.05875,
            30.88882
          ],
          [
            77.05843,
            30.88872
          ],
          [
            77.05821,
            30.88859
          ],
          [
            77.05809,
            30.88839
          ],
          [
            77.05788,
            30.88819
          ],
          [
            77.05759,
            30.88808
          ],
          [
            77.05735,
            30.88803
          ],
          [
            77.05664,
            30.88781
          ],
          [
            77.05643,
            30.88777
          ],
          [
            77.05601,
            30.88779
          ],
          [
            77.05576,
            30.88788
          ],
          [
            77.05563,
            30.88798
          ],
          [
            77.05548,
            30.88816
          ],
          [
            77.05522,
            30.88859
          ],
          [
            77.05514,
            30.8887
          ],
          [
            77.05498,
            30.88889
          ],
          [
            77.05486,
            30.88898
          ],
          [
            77.05468,
            30.88907
          ],
          [
            77.05433,
            30.88921
          ],
          [
            77.05415,
            30.88921
          ],
          [
            77.05392,
            30.88915
          ],
          [
            77.05375,
            30.88913
          ],
          [
            77.05361,
            30.88918
          ],
          [
            77.05301,
            30.88952
          ],
          [
            77.05261,
            30.88972
          ],
          [
            77.05245,
            30.88991
          ],
          [
            77.05231,
            30.89003
          ],
          [
            77.05223,
            30.89013
          ],
          [
            77.05204,
            30.8902
          ],
          [
            77.05163,
            30.89006
          ],
          [
            77.05136,
            30.89
          ],
          [
            77.05112,
            30.88997
          ],
          [
            77.05091,
            30.89003
          ],
          [
            77.05054,
            30.89041
          ],
          [
            77.05045,
            30.89052
          ],
          [
            77.05031,
            30.89079
          ],
          [
            77.05025,
            30.89101
          ],
          [
            77.05008,
            30.89136
          ],
          [
            77.04998,
            30.89154
          ],
          [
            77.04982,
            30.89166
          ],
          [
            77.04962,
            30.89173
          ],
          [
            77.04912,
            30.89182
          ],
          [
            77.04896,
            30.89189
          ],
          [
            77.04877,
            30.89204
          ],
          [
            77.04855,
            30.89233
          ],
          [
            77.04842,
            30.8924
          ],
          [
            77.04821,
            30.89242
          ],
          [
            77.04797,
            30.89242
          ],
          [
            77.04719,
            30.89286
          ],
          [
            77.04618,
            30.89336
          ],
          [
            77.04596,
            30.89341
          ],
          [
            77.04579,
            30.89338
          ],
          [
            77.04567,
            30.89331
          ],
          [
            77.04559,
            30.89318
          ],
          [
            77.04555,
            30.89301
          ],
          [
            77.04561,
            30.89285
          ],
          [
            77.04596,
            30.89254
          ],
          [
            77.04611,
            30.89237
          ],
          [
            77.04622,
            30.89214
          ],
          [
            77.0462,
            30.89192
          ],
          [
            77.04589,
            30.89135
          ],
          [
            77.04538,
            30.89051
          ],
          [
            77.04496,
            30.8897
          ],
          [
            77.04478,
            30.88954
          ],
          [
            77.04467,
            30.88949
          ],
          [
            77.04433,
            30.88944
          ],
          [
            77.04397,
            30.88949
          ],
          [
            77.04362,
            30.88946
          ],
          [
            77.04332,
            30.88954
          ],
          [
            77.04295,
            30.88986
          ],
          [
            77.04272,
            30.88992
          ],
          [
            77.04206,
            30.89
          ],
          [
            77.04192,
            30.89017
          ],
          [
            77.04186,
            30.89034
          ],
          [
            77.04181,
            30.89065
          ],
          [
            77.0417,
            30.89086
          ],
          [
            77.04122,
            30.89149
          ],
          [
            77.04066,
            30.89215
          ],
          [
            77.04043,
            30.89244
          ],
          [
            77.04033,
            30.89262
          ],
          [
            77.04021,
            30.89277
          ],
          [
            77.04006,
            30.89285
          ],
          [
            77.03989,
            30.89281
          ],
          [
            77.03967,
            30.89263
          ],
          [
            77.03943,
            30.89251
          ],
          [
            77.03902,
            30.89247
          ],
          [
            77.03843,
            30.89265
          ],
          [
            77.03815,
            30.89307
          ],
          [
            77.03804,
            30.89331
          ],
          [
            77.03789,
            30.89348
          ],
          [
            77.03758,
            30.89353
          ],
          [
            77.03726,
            30.89356
          ],
          [
            77.03682,
            30.89357
          ],
          [
            77.03635,
            30.89363
          ],
          [
            77.0361,
            30.8938
          ],
          [
            77.03588,
            30.89399
          ],
          [
            77.0357,
            30.89408
          ],
          [
            77.03498,
            30.89429
          ],
          [
            77.03478,
            30.89429
          ],
          [
            77.03461,
            30.89428
          ],
          [
            77.03422,
            30.89432
          ],
          [
            77.03397,
            30.89439
          ],
          [
            77.03368,
            30.89456
          ],
          [
            77.03351,
            30.89471
          ],
          [
            77.03315,
            30.89514
          ],
          [
            77.0329,
            30.89537
          ],
          [
            77.03237,
            30.89579
          ],
          [
            77.03184,
            30.89614
          ],
          [
            77.0317,
            30.89625
          ],
          [
            77.03131,
            30.89671
          ],
          [
            77.03112,
            30.89683
          ],
          [
            77.03035,
            30.89706
          ],
          [
            77.03017,
            30.89716
          ],
          [
            77.03005,
            30.89731
          ],
          [
            77.02994,
            30.89755
          ],
          [
            77.02987,
            30.89767
          ],
          [
            77.02937,
            30.89823
          ],
          [
            77.029,
            30.89869
          ],
          [
            77.02885,
            30.89881
          ],
          [
            77.02834,
            30.89905
          ],
          [
            77.02819,
            30.89907
          ],
          [
            77.02784,
            30.89901
          ],
          [
            77.02758,
            30.89893
          ],
          [
            77.02741,
            30.89891
          ],
          [
            77.02711,
            30.89892
          ],
          [
            77.02695,
            30.89896
          ],
          [
            77.02682,
            30.89902
          ],
          [
            77.02584,
            30.89972
          ],
          [
            77.02539,
            30.89997
          ],
          [
            77.02519,
            30.90001
          ],
          [
            77.02492,
            30.89999
          ],
          [
            77.02476,
            30.89994
          ],
          [
            77.02453,
            30.89983
          ],
          [
            77.02423,
            30.8997
          ],
          [
            77.02389,
            30.89971
          ],
          [
            77.02343,
            30.89975
          ],
          [
            77.02322,
            30.89974
          ],
          [
            77.02307,
            30.89967
          ],
          [
            77.02281,
            30.8994
          ],
          [
            77.02263,
            30.8993
          ],
          [
            77.02244,
            30.89925
          ],
          [
            77.02221,
            30.89922
          ],
          [
            77.02198,
            30.89924
          ],
          [
            77.02149,
            30.89929
          ],
          [
            77.02122,
            30.89935
          ],
          [
            77.02102,
            30.89942
          ],
          [
            77.02057,
            30.8997
          ],
          [
            77.02038,
            30.89986
          ],
          [
            77.01935,
            30.90065
          ],
          [
            77.01916,
            30.90083
          ],
          [
            77.01894,
            30.90106
          ],
          [
            77.0188,
            30.90134
          ],
          [
            77.01848,
            30.90169
          ],
          [
            77.01813,
            30.90212
          ],
          [
            77.018,
            30.90222
          ],
          [
            77.01787,
            30.90228
          ],
          [
            77.01774,
            30.90231
          ],
          [
            77.01763,
            30.9023
          ],
          [
            77.01751,
            30.90226
          ],
          [
            77.01737,
            30.90217
          ],
          [
            77.01724,
            30.90205
          ],
          [
            77.01707,
            30.902
          ],
          [
            77.01684,
            30.902
          ],
          [
            77.0165,
            30.90205
          ],
          [
            77.01632,
            30.90204
          ],
          [
            77.01602,
            30.90199
          ],
          [
            77.01587,
            30.90194
          ],
          [
            77.01575,
            30.90188
          ],
          [
            77.01564,
            30.90183
          ],
          [
            77.01547,
            30.90172
          ],
          [
            77.01501,
            30.90133
          ],
          [
            77.01495,
            30.90123
          ],
          [
            77.01492,
            30.90102
          ],
          [
            77.01492,
            30.90092
          ],
          [
            77.01499,
            30.90075
          ],
          [
            77.01506,
            30.90051
          ],
          [
            77.01507,
            30.90032
          ],
          [
            77.01498,
            30.89983
          ],
          [
            77.01499,
            30.89962
          ],
          [
            77.01518,
            30.899
          ],
          [
            77.01532,
            30.89863
          ],
          [
            77.01537,
            30.89846
          ],
          [
            77.01537,
            30.8983
          ],
          [
            77.01535,
            30.89783
          ],
          [
            77.01539,
            30.89739
          ],
          [
            77.01546,
            30.89709
          ],
          [
            77.01555,
            30.8964
          ],
          [
            77.01559,
            30.89622
          ],
          [
            77.01558,
            30.89598
          ],
          [
            77.0155,
            30.89591
          ],
          [
            77.01538,
            30.89585
          ],
          [
            77.01521,
            30.89587
          ],
          [
            77.01508,
            30.89597
          ],
          [
            77.01503,
            30.89611
          ],
          [
            77.01496,
            30.8965
          ],
          [
            77.01495,
            30.89681
          ],
          [
            77.01489,
            30.89695
          ],
          [
            77.01461,
            30.89725
          ],
          [
            77.01453,
            30.89743
          ],
          [
            77.01443,
            30.89782
          ],
          [
            77.01437,
            30.89795
          ],
          [
            77.01424,
            30.89811
          ],
          [
            77.01371,
            30.89855
          ],
          [
            77.01358,
            30.89859
          ],
          [
            77.01342,
            30.89859
          ],
          [
            77.01288,
            30.89858
          ],
          [
            77.01247,
            30.89854
          ],
          [
            77.01241,
            30.89849
          ],
          [
            77.01207,
            30.89814
          ],
          [
            77.01189,
            30.89805
          ],
          [
            77.01171,
            30.89805
          ],
          [
            77.01144,
            30.8981
          ],
          [
            77.01116,
            30.89812
          ],
          [
            77.01106,
            30.89809
          ],
          [
            77.0109,
            30.89802
          ],
          [
            77.01085,
            30.89798
          ],
          [
            77.0107,
            30.89779
          ],
          [
            77.01065,
            30.89765
          ],
          [
            77.01063,
            30.89672
          ],
          [
            77.01061,
            30.89657
          ],
          [
            77.01057,
            30.89644
          ],
          [
            77.0104,
            30.89635
          ],
          [
            77.00994,
            30.89631
          ],
          [
            77.00971,
            30.89624
          ],
          [
            77.00957,
            30.89611
          ],
          [
            77.00926,
            30.89579
          ],
          [
            77.00913,
            30.89567
          ],
          [
            77.00897,
            30.89562
          ],
          [
            77.0088,
            30.89565
          ],
          [
            77.0086,
            30.89577
          ],
          [
            77.0084,
            30.89581
          ],
          [
            77.00798,
            30.89587
          ],
          [
            77.00753,
            30.89597
          ],
          [
            77.0074,
            30.89605
          ],
          [
            77.0073,
            30.89615
          ],
          [
            77.00726,
            30.89631
          ],
          [
            77.00728,
            30.89646
          ],
          [
            77.00745,
            30.89675
          ],
          [
            77.00747,
            30.89683
          ],
          [
            77.00747,
            30.89692
          ],
          [
            77.00745,
            30.89701
          ],
          [
            77.00736,
            30.89712
          ],
          [
            77.00725,
            30.8972
          ],
          [
            77.00706,
            30.89729
          ],
          [
            77.00689,
            30.89736
          ],
          [
            77.00677,
            30.89745
          ],
          [
            77.00666,
            30.89758
          ],
          [
            77.00659,
            30.89772
          ],
          [
            77.00646,
            30.89791
          ],
          [
            77.00619,
            30.89813
          ],
          [
            77.00567,
            30.89846
          ],
          [
            77.0055,
            30.89861
          ],
          [
            77.00539,
            30.89884
          ],
          [
            77.00526,
            30.89923
          ],
          [
            77.00519,
            30.89931
          ],
          [
            77.00509,
            30.89939
          ],
          [
            77.00486,
            30.89945
          ],
          [
            77.00469,
            30.89942
          ],
          [
            77.00456,
            30.89935
          ],
          [
            77.00448,
            30.89926
          ],
          [
            77.0044,
            30.89908
          ],
          [
            77.00428,
            30.89862
          ],
          [
            77.00415,
            30.89851
          ],
          [
            77.00382,
            30.89845
          ],
          [
            77.00371,
            30.89839
          ],
          [
            77.00366,
            30.89832
          ],
          [
            77.00364,
            30.89825
          ],
          [
            77.00367,
            30.89811
          ],
          [
            77.00375,
            30.898
          ],
          [
            77.00397,
            30.89785
          ],
          [
            77.00411,
            30.89773
          ],
          [
            77.00419,
            30.89761
          ],
          [
            77.00423,
            30.89744
          ],
          [
            77.00425,
            30.89655
          ],
          [
            77.0042,
            30.89639
          ],
          [
            77.00407,
            30.89627
          ],
          [
            77.0039,
            30.89621
          ],
          [
            77.00369,
            30.89616
          ],
          [
            77.00357,
            30.89608
          ],
          [
            77.00346,
            30.89597
          ],
          [
            77.00342,
            30.89586
          ],
          [
            77.00344,
            30.89563
          ],
          [
            77.00364,
            30.89531
          ],
          [
            77.00372,
            30.89514
          ],
          [
            77.00369,
            30.89496
          ],
          [
            77.00364,
            30.89487
          ],
          [
            77.00336,
            30.89456
          ],
          [
            77.00328,
            30.89442
          ],
          [
            77.00322,
            30.89426
          ],
          [
            77.00322,
            30.8941
          ],
          [
            77.00323,
            30.89398
          ],
          [
            77.00329,
            30.89384
          ],
          [
            77.00346,
            30.89358
          ],
          [
            77.00374,
            30.89326
          ],
          [
            77.00398,
            30.893
          ],
          [
            77.00434,
            30.89271
          ],
          [
            77.00446,
            30.89258
          ],
          [
            77.00502,
            30.89165
          ],
          [
            77.00551,
            30.89102
          ],
          [
            77.00579,
            30.89052
          ],
          [
            77.00601,
            30.89007
          ],
          [
            77.0061,
            30.88982
          ],
          [
            77.00623,
            30.88925
          ],
          [
            77.00603,
            30.88784
          ],
          [
            77.00603,
            30.88765
          ],
          [
            77.00608,
            30.88753
          ],
          [
            77.00625,
            30.88719
          ],
          [
            77.0065,
            30.8868
          ],
          [
            77.00656,
            30.88667
          ],
          [
            77.00655,
            30.88654
          ],
          [
            77.00645,
            30.88642
          ],
          [
            77.00632,
            30.88634
          ],
          [
            77.00543,
            30.88629
          ],
          [
            77.00521,
            30.8863
          ],
          [
            77.00501,
            30.88637
          ],
          [
            77.00484,
            30.88654
          ],
          [
            77.00441,
            30.88718
          ],
          [
            77.00426,
            30.88734
          ],
          [
            77.00398,
            30.88749
          ],
          [
            77.00321,
            30.8876
          ],
          [
            77.00292,
            30.88759
          ],
          [
            77.00238,
            30.8874
          ],
          [
            77.00217,
            30.88734
          ],
          [
            77.002,
            30.88735
          ],
          [
            77.00184,
            30.88741
          ],
          [
            77.00172,
            30.8875
          ],
          [
            77.00166,
            30.88762
          ],
          [
            77.00158,
            30.88785
          ],
          [
            77.00151,
            30.8882
          ],
          [
            77.00137,
            30.88865
          ],
          [
            77.0013,
            30.88874
          ],
          [
            77.00111,
            30.88883
          ],
          [
            77.00096,
            30.88882
          ],
          [
            77.00027,
            30.88849
          ],
          [
            77.00003,
            30.88842
          ],
          [
            76.99985,
            30.8884
          ],
          [
            76.99969,
            30.88847
          ],
          [
            76.99963,
            30.88862
          ],
          [
            76.99957,
            30.889
          ],
          [
            76.99952,
            30.88912
          ],
          [
            76.99937,
            30.88931
          ],
          [
            76.99916,
            30.88946
          ],
          [
            76.99907,
            30.88959
          ],
          [
            76.99903,
            30.88971
          ],
          [
            76.99902,
            30.88994
          ],
          [
            76.99904,
            30.89008
          ],
          [
            76.99902,
            30.89018
          ],
          [
            76.999,
            30.89021
          ],
          [
            76.99849,
            30.89046
          ],
          [
            76.99776,
            30.89106
          ],
          [
            76.99766,
            30.89111
          ],
          [
            76.99755,
            30.89111
          ],
          [
            76.99748,
            30.89108
          ],
          [
            76.99742,
            30.89099
          ],
          [
            76.99741,
            30.89087
          ],
          [
            76.99751,
            30.89037
          ],
          [
            76.99759,
            30.88987
          ],
          [
            76.99767,
            30.88966
          ],
          [
            76.99777,
            30.88945
          ],
          [
            76.99777,
            30.88935
          ],
          [
            76.99772,
            30.88923
          ],
          [
            76.99758,
            30.88912
          ],
          [
            76.99751,
            30.88904
          ],
          [
            76.99746,
            30.88886
          ],
          [
            76.99754,
            30.88871
          ],
          [
            76.99768,
            30.88858
          ],
          [
            76.99776,
            30.88849
          ],
          [
            76.9978,
            30.88836
          ],
          [
            76.9978,
            30.88821
          ],
          [
            76.99766,
            30.88776
          ],
          [
            76.99763,
            30.88758
          ],
          [
            76.99765,
            30.88744
          ],
          [
            76.9977,
            30.88729
          ],
          [
            76.99802,
            30.88697
          ],
          [
            76.99823,
            30.88678
          ],
          [
            76.99875,
            30.88642
          ],
          [
            76.99884,
            30.88629
          ],
          [
            76.99889,
            30.88615
          ],
          [
            76.99892,
            30.88593
          ],
          [
            76.99888,
            30.88548
          ],
          [
            76.99888,
            30.88528
          ],
          [
            76.9989,
            30.88519
          ],
          [
            76.99894,
            30.88513
          ],
          [
            76.99926,
            30.88474
          ],
          [
            76.99956,
            30.88441
          ],
          [
            76.99973,
            30.88427
          ],
          [
            76.99985,
            30.8842
          ],
          [
            77.0,
            30.88416
          ],
          [
            77.00027,
            30.88411
          ],
          [
            77.00049,
            30.88404
          ],
          [
            77.00065,
            30.88392
          ],
          [
            77.00076,
            30.88376
          ],
          [
            77.00086,
            30.88353
          ],
          [
            77.00087,
            30.88339
          ],
          [
            77.00086,
            30.88323
          ],
          [
            77.00041,
            30.88273
          ],
          [
            77.00036,
            30.88263
          ],
          [
            77.00037,
            30.88251
          ],
          [
            77.00056,
            30.88211
          ],
          [
            77.00056,
            30.88184
          ],
          [
            77.00061,
            30.8817
          ],
          [
            77.00066,
            30.88164
          ],
          [
            77.00115,
            30.88124
          ],
          [
            77.00126,
            30.88102
          ],
          [
            77.0013,
            30.88053
          ],
          [
            77.00135,
            30.88046
          ],
          [
            77.00143,
            30.88035
          ],
          [
            77.00201,
            30.87984
          ],
          [
            77.00208,
            30.87975
          ],
          [
            77.00214,
            30.87961
          ],
          [
            77.00215,
            30.87943
          ],
          [
            77.00212,
            30.87927
          ],
          [
            77.002,
            30.87909
          ],
          [
            77.00192,
            30.87902
          ],
          [
            77.00182,
            30.8789
          ],
          [
            77.00178,
            30.87872
          ],
          [
            77.00179,
            30.87858
          ],
          [
            77.00182,
            30.87845
          ],
          [
            77.00193,
            30.87832
          ],
          [
            77.00215,
            30.87818
          ],
          [
            77.00256,
            30.87801
          ],
          [
            77.0027,
            30.87793
          ],
          [
            77.00278,
            30.87784
          ],
          [
            77.00282,
            30.87773
          ],
          [
            77.00281,
            30.87758
          ],
          [
            77.00271,
            30.87743
          ],
          [
            77.00254,
            30.87732
          ],
          [
            77.00239,
            30.87724
          ],
          [
            77.00228,
            30.87712
          ],
          [
            77.00224,
            30.877
          ],
          [
            77.00225,
            30.87672
          ],
          [
            77.0023,
            30.87642
          ],
          [
            77.00237,
            30.8762
          ],
          [
            77.00246,
            30.87608
          ],
          [
            77.00261,
            30.87599
          ],
          [
            77.0028,
            30.87591
          ],
          [
            77.00293,
            30.87585
          ],
          [
            77.00298,
            30.87579
          ],
          [
            77.00304,
            30.87571
          ],
          [
            77.00308,
            30.8756
          ],
          [
            77.00312,
            30.87533
          ],
          [
            77.00313,
            30.87512
          ],
          [
            77.00309,
            30.87497
          ],
          [
            77.00304,
            30.87484
          ],
          [
            77.00292,
            30.87469
          ],
          [
            77.00269,
            30.8742
          ],
          [
            77.00261,
            30.87412
          ],
          [
            77.00247,
            30.87406
          ],
          [
            77.00229,
            30.87407
          ],
          [
            77.00213,
            30.87419
          ],
          [
            77.0019,
            30.87445
          ],
          [
            77.00178,
            30.87462
          ],
          [
            77.0016,
            30.87484
          ],
          [
            77.0014,
            30.87503
          ],
          [
            77.00126,
            30.87508
          ],
          [
            77.00103,
            30.87505
          ],
          [
            77.0009,
            30.87497
          ],
          [
            77.00076,
            30.87483
          ],
          [
            77.0007,
            30.87479
          ],
          [
            77.00055,
            30.87474
          ],
          [
            77.00038,
            30.87475
          ],
          [
            77.00026,
            30.8748
          ],
          [
            76.99976,
            30.87539
          ],
          [
            76.99958,
            30.87554
          ],
          [
            76.99934,
            30.8757
          ],
          [
            76.99908,
            30.87582
          ],
          [
            76.99842,
            30.876
          ],
          [
            76.99823,
            30.87603
          ],
          [
            76.99809,
            30.87603
          ],
          [
            76.99792,
            30.87598
          ],
          [
            76.99772,
            30.87591
          ],
          [
            76.99747,
            30.87586
          ],
          [
            76.99722,
            30.87588
          ],
          [
            76.99672,
            30.87603
          ],
          [
            76.99634,
            30.87617
          ],
          [
            76.99569,
            30.87655
          ],
          [
            76.99558,
            30.87664
          ],
          [
            76.99541,
            30.87693
          ],
          [
            76.99534,
            30.87701
          ],
          [
            76.99523,
            30.8771
          ],
          [
            76.99474,
            30.87734
          ],
          [
            76.9946,
            30.87742
          ],
          [
            76.99447,
            30.87747
          ],
          [
            76.99428,
            30.87742
          ],
          [
            76.99422,
            30.87738
          ],
          [
            76.99418,
            30.87732
          ],
          [
            76.99413,
            30.87719
          ],
          [
            76.99414,
            30.87682
          ],
          [
            76.99411,
            30.87594
          ],
          [
            76.99414,
            30.87577
          ],
          [
            76.99419,
            30.87563
          ],
          [
            76.99446,
            30.87519
          ],
          [
            76.99459,
            30.87502
          ],
          [
            76.99469,
            30.87492
          ],
          [
            76.99483,
            30.87485
          ],
          [
            76.99545,
            30.87468
          ],
          [
            76.9958,
            30.87461
          ],
          [
            76.99644,
            30.87453
          ],
          [
            76.99683,
            30.87444
          ],
          [
            76.99699,
            30.87433
          ],
          [
            76.99708,
            30.87418
          ],
          [
            76.99712,
            30.87395
          ],
          [
            76.99711,
            30.87377
          ],
          [
            76.99708,
            30.87363
          ],
          [
            76.99708,
            30.87355
          ],
          [
            76.99712,
            30.87345
          ],
          [
            76.99724,
            30.87324
          ],
          [
            76.99726,
            30.87309
          ],
          [
            76.99725,
            30.87295
          ],
          [
            76.9971,
            30.87278
          ],
          [
            76.99606,
            30.87204
          ],
          [
            76.99582,
            30.87184
          ],
          [
            76.99575,
            30.87176
          ],
          [
            76.99574,
            30.87169
          ],
          [
            76.99576,
            30.87158
          ],
          [
            76.9958,
            30.87154
          ],
          [
            76.99598,
            30.87148
          ],
          [
            76.99648,
            30.87149
          ],
          [
            76.99677,
            30.87147
          ],
          [
            76.99738,
            30.87128
          ],
          [
            76.99783,
            30.8713
          ],
          [
            76.99824,
            30.87139
          ],
          [
            76.99838,
            30.87138
          ],
          [
            76.99851,
            30.87134
          ],
          [
            76.99863,
            30.87126
          ],
          [
            76.99872,
            30.87115
          ],
          [
            76.99876,
            30.87104
          ],
          [
            76.99876,
            30.87092
          ],
          [
            76.99871,
            30.87078
          ],
          [
            76.99849,
            30.87059
          ],
          [
            76.99832,
            30.87039
          ],
          [
            76.99823,
            30.87001
          ],
          [
            76.99823,
            30.86979
          ],
          [
            76.99825,
            30.8697
          ],
          [
            76.9984,
            30.86952
          ],
          [
            76.99853,
            30.86944
          ],
          [
            76.99879,
            30.86924
          ],
          [
            76.99912,
            30.86865
          ],
          [
            76.99916,
            30.8685
          ],
          [
            76.99906,
            30.86815
          ],
          [
            76.99916,
            30.86766
          ],
          [
            76.99916,
            30.86749
          ],
          [
            76.99913,
            30.86734
          ],
          [
            76.99894,
            30.86714
          ],
          [
            76.99881,
            30.86704
          ],
          [
            76.99877,
            30.86698
          ],
          [
            76.99866,
            30.86678
          ],
          [
            76.99862,
            30.86666
          ],
          [
            76.99853,
            30.86648
          ],
          [
            76.99842,
            30.86634
          ],
          [
            76.99827,
            30.86623
          ],
          [
            76.99805,
            30.86617
          ],
          [
            76.99731,
            30.86609
          ],
          [
            76.99717,
            30.86604
          ],
          [
            76.99712,
            30.86597
          ],
          [
            76.99713,
            30.86587
          ],
          [
            76.99718,
            30.86581
          ],
          [
            76.9973,
            30.86573
          ],
          [
            76.998,
            30.8653
          ],
          [
            76.99831,
            30.86516
          ],
          [
            76.99853,
            30.86508
          ],
          [
            76.99958,
            30.86463
          ],
          [
            76.99973,
            30.86461
          ],
          [
            76.99985,
            30.86462
          ],
          [
            76.99993,
            30.86465
          ],
          [
            77.00005,
            30.86472
          ],
          [
            77.00035,
            30.86502
          ],
          [
            77.00057,
            30.8651
          ],
          [
            77.00076,
            30.86512
          ],
          [
            77.00093,
            30.86507
          ],
          [
            77.00106,
            30.86502
          ],
          [
            77.0014,
            30.86471
          ],
          [
            77.00163,
            30.86447
          ],
          [
            77.00172,
            30.86433
          ],
          [
            77.00177,
            30.86422
          ],
          [
            77.0018,
            30.86406
          ],
          [
            77.00175,
            30.86389
          ],
          [
            77.00166,
            30.86373
          ],
          [
            77.00152,
            30.86362
          ],
          [
            77.00089,
            30.86326
          ],
          [
            77.00072,
            30.86312
          ],
          [
            77.00033,
            30.86266
          ],
          [
            77.00012,
            30.86247
          ],
          [
            76.99992,
            30.86232
          ],
          [
            76.99937,
            30.86218
          ],
          [
            76.99921,
            30.86212
          ],
          [
            76.99914,
            30.862
          ],
          [
            76.99913,
            30.8619
          ],
          [
            76.99915,
            30.86185
          ],
          [
            76.99934,
            30.86163
          ],
          [
            76.99973,
            30.86126
          ],
          [
            76.9999,
            30.86113
          ],
          [
            77.00026,
            30.8609
          ],
          [
            77.0009,
            30.86056
          ],
          [
            77.00108,
            30.86045
          ],
          [
            77.00117,
            30.86032
          ],
          [
            77.00122,
            30.86016
          ],
          [
            77.00119,
            30.85993
          ],
          [
            77.00109,
            30.85979
          ],
          [
            77.00096,
            30.85969
          ],
          [
            77.00082,
            30.85964
          ],
          [
            77.0007,
            30.85956
          ],
          [
            77.00065,
            30.8595
          ],
          [
            77.00062,
            30.85936
          ],
          [
            77.00063,
            30.85922
          ],
          [
            77.00085,
            30.85885
          ],
          [
            77.00097,
            30.85868
          ],
          [
            77.00103,
            30.85845
          ],
          [
            77.001,
            30.85828
          ],
          [
            77.00092,
            30.85814
          ],
          [
            77.00068,
            30.858
          ],
          [
            77.00014,
            30.85783
          ],
          [
            77.00004,
            30.85776
          ],
          [
            76.99999,
            30.85763
          ],
          [
            76.99997,
            30.85754
          ],
          [
            76.99998,
            30.85747
          ],
          [
            77.00007,
            30.85734
          ],
          [
            77.00034,
            30.85713
          ],
          [
            77.00051,
            30.85694
          ],
          [
            77.00059,
            30.85682
          ],
          [
            77.00073,
            30.85668
          ],
          [
            77.00086,
            30.85661
          ],
          [
            77.00128,
            30.85651
          ],
          [
            77.00147,
            30.8564
          ],
          [
            77.00157,
            30.8563
          ],
          [
            77.00162,
            30.85621
          ],
          [
            77.00164,
            30.85607
          ],
          [
            77.00162,
            30.85588
          ],
          [
            77.00161,
            30.85545
          ],
          [
            77.00171,
            30.85477
          ],
          [
            77.00177,
            30.85457
          ],
          [
            77.00187,
            30.85436
          ],
          [
            77.00238,
            30.85371
          ],
          [
            77.00245,
            30.85359
          ],
          [
            77.00249,
            30.85341
          ],
          [
            77.00248,
            30.85329
          ],
          [
            77.00239,
            30.85305
          ],
          [
            77.00226,
            30.85293
          ],
          [
            77.00215,
            30.85286
          ],
          [
            77.00188,
            30.85271
          ],
          [
            77.00164,
            30.85263
          ],
          [
            77.00146,
            30.8526
          ],
          [
            77.00107,
            30.85258
          ],
          [
            77.00089,
            30.8526
          ],
          [
            77.00075,
            30.85264
          ],
          [
            77.00045,
            30.8528
          ],
          [
            77.00023,
            30.85286
          ],
          [
            77.00004,
            30.85289
          ],
          [
            76.99964,
            30.85286
          ],
          [
            76.99928,
            30.85274
          ],
          [
            76.99863,
            30.85231
          ],
          [
            76.99831,
            30.85207
          ],
          [
            76.99817,
            30.85194
          ],
          [
            76.99804,
            30.85174
          ],
          [
            76.9978,
            30.85126
          ],
          [
            76.99757,
            30.85087
          ],
          [
            76.99746,
            30.85077
          ],
          [
            76.99735,
            30.85069
          ],
          [
            76.99716,
            30.85061
          ],
          [
            76.9969,
            30.85056
          ],
          [
            76.99673,
            30.85056
          ],
          [
            76.99659,
            30.85059
          ],
          [
            76.99645,
            30.85065
          ],
          [
            76.99623,
            30.85078
          ],
          [
            76.99592,
            30.85102
          ],
          [
            76.99569,
            30.85114
          ],
          [
            76.9954,
            30.85125
          ],
          [
            76.99503,
            30.85137
          ],
          [
            76.99484,
            30.8514
          ],
          [
            76.99471,
            30.85135
          ],
          [
            76.99462,
            30.85128
          ],
          [
            76.99457,
            30.85118
          ],
          [
            76.99457,
            30.85107
          ],
          [
            76.99468,
            30.85091
          ],
          [
            76.9948,
            30.85078
          ],
          [
            76.99487,
            30.85066
          ],
          [
            76.99492,
            30.85038
          ],
          [
            76.99494,
            30.84988
          ],
          [
            76.99491,
            30.84972
          ],
          [
            76.99482,
            30.84945
          ],
          [
            76.99472,
            30.84895
          ],
          [
            76.99467,
            30.84883
          ],
          [
            76.9946,
            30.84872
          ],
          [
            76.99449,
            30.84863
          ],
          [
            76.99437,
            30.84855
          ],
          [
            76.99396,
            30.84841
          ],
          [
            76.99356,
            30.84829
          ],
          [
            76.99333,
            30.84817
          ],
          [
            76.99323,
            30.84804
          ],
          [
            76.9932,
            30.84795
          ],
          [
            76.9932,
            30.8478
          ],
          [
            76.99325,
            30.84771
          ],
          [
            76.99337,
            30.84765
          ],
          [
            76.99418,
            30.84738
          ],
          [
            76.99434,
            30.84732
          ],
          [
            76.99446,
            30.84723
          ],
          [
            76.99475,
            30.84683
          ],
          [
            76.99518,
            30.8465
          ],
          [
            76.9953,
            30.84626
          ],
          [
            76.99532,
            30.84613
          ],
          [
            76.99529,
            30.84598
          ],
          [
            76.99518,
            30.84578
          ],
          [
            76.99498,
            30.84549
          ],
          [
            76.99469,
            30.84525
          ],
          [
            76.9944,
            30.84494
          ],
          [
            76.99405,
            30.84462
          ],
          [
            76.99362,
            30.84418
          ],
          [
            76.99326,
            30.84394
          ],
          [
            76.99276,
            30.84369
          ],
          [
            76.99255,
            30.84365
          ],
          [
            76.99236,
            30.84366
          ],
          [
            76.99213,
            30.84374
          ],
          [
            76.99193,
            30.84384
          ],
          [
            76.99173,
            30.84389
          ],
          [
            76.99156,
            30.84387
          ],
          [
            76.99143,
            30.8438
          ],
          [
            76.99138,
            30.84368
          ],
          [
            76.99135,
            30.84356
          ],
          [
            76.99142,
            30.84339
          ],
          [
            76.99184,
            30.84284
          ],
          [
            76.99204,
            30.84264
          ],
          [
            76.99217,
            30.84249
          ],
          [
            76.9923,
            30.84237
          ],
          [
            76.99245,
            30.84231
          ],
          [
            76.9929,
            30.84217
          ],
          [
            76.99301,
            30.84208
          ],
          [
            76.99305,
            30.84192
          ],
          [
            76.99304,
            30.84181
          ],
          [
            76.99289,
            30.84162
          ],
          [
            76.9923,
            30.84099
          ],
          [
            76.99212,
            30.84083
          ],
          [
            76.99194,
            30.84073
          ],
          [
            76.99179,
            30.84068
          ],
          [
            76.99156,
            30.84065
          ],
          [
            76.99142,
            30.84064
          ],
          [
            76.99046,
            30.84077
          ],
          [
            76.99021,
            30.84077
          ],
          [
            76.99004,
            30.84072
          ],
          [
            76.9899,
            30.84065
          ],
          [
            76.98978,
            30.84056
          ],
          [
            76.98955,
            30.84031
          ],
          [
            76.98926,
            30.84004
          ],
          [
            76.98901,
            30.83978
          ],
          [
            76.98894,
            30.83966
          ],
          [
            76.9889,
            30.83951
          ],
          [
            76.98893,
            30.83938
          ],
          [
            76.98899,
            30.83924
          ],
          [
            76.98919,
            30.83877
          ],
          [
            76.98918,
            30.83866
          ],
          [
            76.9891,
            30.83854
          ],
          [
            76.98891,
            30.83841
          ],
          [
            76.98866,
            30.83827
          ],
          [
            76.98848,
            30.83814
          ],
          [
            76.98841,
            30.83803
          ],
          [
            76.9884,
            30.83788
          ],
          [
            76.98843,
            30.83767
          ],
          [
            76.98867,
            30.83678
          ],
          [
            76.98867,
            30.83664
          ],
          [
            76.98864,
            30.83652
          ],
          [
            76.98857,
            30.83642
          ],
          [
            76.98842,
            30.83631
          ],
          [
            76.9882,
            30.8362
          ],
          [
            76.98798,
            30.83611
          ],
          [
            76.98782,
            30.83609
          ],
          [
            76.98764,
            30.83608
          ],
          [
            76.98749,
            30.83612
          ],
          [
            76.98735,
            30.83624
          ],
          [
            76.98723,
            30.83644
          ],
          [
            76.98711,
            30.83656
          ],
          [
            76.9869,
            30.83664
          ],
          [
            76.98677,
            30.83664
          ],
          [
            76.98664,
            30.8366
          ],
          [
            76.98657,
            30.83655
          ],
          [
            76.98572,
            30.8355
          ],
          [
            76.98528,
            30.83517
          ],
          [
            76.98508,
            30.83504
          ],
          [
            76.98492,
            30.83499
          ],
          [
            76.98477,
            30.83499
          ],
          [
            76.98464,
            30.83502
          ],
          [
            76.98451,
            30.8351
          ],
          [
            76.98429,
            30.8354
          ],
          [
            76.98414,
            30.83555
          ],
          [
            76.98348,
            30.83591
          ],
          [
            76.98323,
            30.83602
          ],
          [
            76.98251,
            30.83627
          ],
          [
            76.98239,
            30.83629
          ],
          [
            76.98226,
            30.83628
          ],
          [
            76.98216,
            30.83624
          ],
          [
            76.98206,
            30.83618
          ],
          [
            76.98188,
            30.83599
          ],
          [
            76.9818,
            30.83596
          ],
          [
            76.98172,
            30.83594
          ],
          [
            76.98148,
            30.83595
          ],
          [
            76.98082,
            30.83607
          ],
          [
            76.98056,
            30.83609
          ],
          [
            76.98033,
            30.8361
          ],
          [
            76.97973,
            30.83608
          ],
          [
            76.97926,
            30.83614
          ],
          [
            76.97927,
            30.83621
          ],
          [
            76.97927,
            30.83626
          ],
          [
            76.97922,
            30.83631
          ],
          [
            76.97891,
            30.83647
          ],
          [
            76.97857,
            30.83664
          ],
          [
            76.97832,
            30.8367
          ],
          [
            76.97807,
            30.83668
          ],
          [
            76.97787,
            30.83663
          ],
          [
            76.9777,
            30.83654
          ],
          [
            76.97734,
            30.83639
          ],
          [
            76.97669,
            30.83631
          ],
          [
            76.97648,
            30.83633
          ],
          [
            76.97631,
            30.83644
          ],
          [
            76.97606,
            30.83673
          ],
          [
            76.97595,
            30.8369
          ],
          [
            76.97571,
            30.83708
          ],
          [
            76.97536,
            30.83721
          ],
          [
            76.97479,
            30.83733
          ],
          [
            76.9746,
            30.8374
          ],
          [
            76.97435,
            30.83779
          ],
          [
            76.97432,
            30.83793
          ],
          [
            76.97436,
            30.83808
          ],
          [
            76.9745,
            30.83823
          ],
          [
            76.97472,
            30.83852
          ],
          [
            76.97472,
            30.83866
          ],
          [
            76.97471,
            30.83872
          ],
          [
            76.97467,
            30.83878
          ],
          [
            76.97455,
            30.83885
          ],
          [
            76.97429,
            30.83892
          ],
          [
            76.97405,
            30.83897
          ],
          [
            76.97388,
            30.83897
          ],
          [
            76.97346,
            30.83881
          ],
          [
            76.97318,
            30.83856
          ],
          [
            76.97301,
            30.83847
          ],
          [
            76.9729,
            30.83844
          ],
          [
            76.97244,
            30.83841
          ],
          [
            76.97213,
            30.83842
          ],
          [
            76.97167,
            30.83852
          ],
          [
            76.97156,
            30.8386
          ],
          [
            76.97138,
            30.83867
          ],
          [
            76.97127,
            30.83867
          ],
          [
            76.97114,
            30.8386
          ],
          [
            76.97082,
            30.83792
          ],
          [
            76.97073,
            30.83784
          ],
          [
            76.9706,
            30.8378
          ],
          [
            76.97032,
            30.83791
          ],
          [
            76.97023,
            30.83797
          ],
          [
            76.97004,
            30.83808
          ],
          [
            76.96997,
            30.83808
          ],
          [
            76.96985,
            30.83804
          ],
          [
            76.96969,
            30.83785
          ],
          [
            76.96964,
            30.83746
          ],
          [
            76.96961,
            30.83733
          ],
          [
            76.96953,
            30.8372
          ],
          [
            76.96941,
            30.83712
          ],
          [
            76.96904,
            30.83702
          ],
          [
            76.96866,
            30.83692
          ],
          [
            76.96837,
            30.83694
          ],
          [
            76.96827,
            30.83699
          ],
          [
            76.96777,
            30.83746
          ],
          [
            76.96767,
            30.83763
          ],
          [
            76.9673,
            30.83845
          ],
          [
            76.96726,
            30.83861
          ],
          [
            76.96726,
            30.83873
          ],
          [
            76.9673,
            30.8389
          ],
          [
            76.96745,
            30.83931
          ],
          [
            76.96743,
            30.83942
          ],
          [
            76.96739,
            30.83947
          ],
          [
            76.96733,
            30.83951
          ],
          [
            76.96726,
            30.83953
          ],
          [
            76.96718,
            30.83953
          ],
          [
            76.96714,
            30.83952
          ],
          [
            76.96696,
            30.83938
          ],
          [
            76.96664,
            30.83906
          ],
          [
            76.96651,
            30.83889
          ],
          [
            76.96618,
            30.83841
          ],
          [
            76.96611,
            30.83827
          ],
          [
            76.96609,
            30.83804
          ],
          [
            76.9661,
            30.83791
          ],
          [
            76.96617,
            30.83762
          ],
          [
            76.96618,
            30.83747
          ],
          [
            76.96615,
            30.83731
          ],
          [
            76.96605,
            30.83718
          ],
          [
            76.96592,
            30.83707
          ],
          [
            76.96569,
            30.83694
          ],
          [
            76.96549,
            30.83687
          ],
          [
            76.9653,
            30.83687
          ],
          [
            76.96504,
            30.83694
          ],
          [
            76.96488,
            30.83698
          ],
          [
            76.96427,
            30.83716
          ],
          [
            76.96413,
            30.83724
          ],
          [
            76.96397,
            30.83738
          ],
          [
            76.96386,
            30.83749
          ],
          [
            76.96384,
            30.83765
          ],
          [
            76.96386,
            30.83771
          ],
          [
            76.96402,
            30.83787
          ],
          [
            76.96408,
            30.83804
          ],
          [
            76.96404,
            30.83817
          ],
          [
            76.96394,
            30.83827
          ],
          [
            76.96379,
            30.83834
          ],
          [
            76.96363,
            30.83834
          ],
          [
            76.96321,
            30.83823
          ],
          [
            76.963,
            30.83823
          ],
          [
            76.96281,
            30.83827
          ],
          [
            76.96255,
            30.83838
          ],
          [
            76.96207,
            30.83864
          ],
          [
            76.9619,
            30.83877
          ],
          [
            76.96183,
            30.83892
          ],
          [
            76.96181,
            30.83906
          ],
          [
            76.96184,
            30.83925
          ],
          [
            76.96183,
            30.83935
          ],
          [
            76.96175,
            30.83943
          ],
          [
            76.96162,
            30.83948
          ],
          [
            76.96082,
            30.83945
          ],
          [
            76.96052,
            30.83947
          ],
          [
            76.96031,
            30.83955
          ],
          [
            76.95996,
            30.83981
          ],
          [
            76.95974,
            30.83997
          ],
          [
            76.95951,
            30.84021
          ],
          [
            76.95934,
            30.84043
          ],
          [
            76.95918,
            30.84061
          ],
          [
            76.95898,
            30.84066
          ],
          [
            76.95845,
            30.84057
          ],
          [
            76.95813,
            30.84067
          ],
          [
            76.95775,
            30.84088
          ],
          [
            76.95749,
            30.84098
          ],
          [
            76.95719,
            30.84102
          ],
          [
            76.95688,
            30.84094
          ],
          [
            76.95638,
            30.84072
          ],
          [
            76.95585,
            30.84038
          ],
          [
            76.95494,
            30.83982
          ],
          [
            76.95449,
            30.83962
          ],
          [
            76.95374,
            30.83949
          ],
          [
            76.95353,
            30.83947
          ],
          [
            76.95333,
            30.83951
          ],
          [
            76.95313,
            30.83967
          ],
          [
            76.95292,
            30.8398
          ],
          [
            76.95249,
            30.83996
          ],
          [
            76.95222,
            30.84013
          ],
          [
            76.95209,
            30.84035
          ],
          [
            76.95202,
            30.84051
          ],
          [
            76.95184,
            30.84072
          ],
          [
            76.95166,
            30.84088
          ],
          [
            76.95159,
            30.84097
          ],
          [
            76.95154,
            30.84105
          ],
          [
            76.95147,
            30.84107
          ],
          [
            76.95137,
            30.84106
          ],
          [
            76.95128,
            30.84103
          ],
          [
            76.95108,
            30.84108
          ],
          [
            76.95055,
            30.84135
          ],
          [
            76.95036,
            30.84141
          ],
          [
            76.95016,
            30.84141
          ],
          [
            76.94999,
            30.84133
          ],
          [
            76.94972,
            30.84096
          ],
          [
            76.94959,
            30.84086
          ],
          [
            76.94944,
            30.84081
          ],
          [
            76.94926,
            30.84081
          ],
          [
            76.94917,
            30.84086
          ],
          [
            76.94905,
            30.84099
          ],
          [
            76.9489,
            30.84111
          ],
          [
            76.9487,
            30.84117
          ],
          [
            76.94845,
            30.8412
          ],
          [
            76.94826,
            30.84114
          ],
          [
            76.94809,
            30.84104
          ],
          [
            76.94792,
            30.84086
          ],
          [
            76.94773,
            30.84076
          ],
          [
            76.94746,
            30.84068
          ],
          [
            76.94689,
            30.84058
          ],
          [
            76.94664,
            30.84059
          ],
          [
            76.94634,
            30.84063
          ],
          [
            76.94584,
            30.84074
          ],
          [
            76.94567,
            30.84075
          ],
          [
            76.94548,
            30.84073
          ],
          [
            76.94504,
            30.84051
          ],
          [
            76.9448,
            30.84033
          ],
          [
            76.94458,
            30.83997
          ],
          [
            76.94431,
            30.83971
          ],
          [
            76.9441,
            30.83962
          ],
          [
            76.94369,
            30.8395
          ],
          [
            76.94316,
            30.83932
          ],
          [
            76.94293,
            30.8392
          ],
          [
            76.94271,
            30.83903
          ],
          [
            76.94261,
            30.83889
          ],
          [
            76.94248,
            30.83878
          ],
          [
            76.94237,
            30.83872
          ],
          [
            76.942,
            30.8388
          ],
          [
            76.94179,
            30.83878
          ],
          [
            76.94155,
            30.83871
          ],
          [
            76.94137,
            30.83875
          ],
          [
            76.94108,
            30.83892
          ],
          [
            76.9409,
            30.83897
          ],
          [
            76.94073,
            30.83891
          ],
          [
            76.94004,
            30.83803
          ],
          [
            76.9392,
            30.83687
          ],
          [
            76.93871,
            30.83624
          ],
          [
            76.93848,
            30.83599
          ],
          [
            76.93632,
            30.83398
          ],
          [
            76.93585,
            30.83355
          ],
          [
            76.93569,
            30.8334
          ],
          [
            76.93548,
            30.83322
          ],
          [
            76.93527,
            30.83301
          ],
          [
            76.9352,
            30.83294
          ],
          [
            76.93246,
            30.83036
          ],
          [
            76.93121,
            30.82919
          ],
          [
            76.93109,
            30.82908
          ],
          [
            76.93104,
            30.82904
          ],
          [
            76.93008,
            30.82815
          ],
          [
            76.92972,
            30.82791
          ],
          [
            76.92716,
            30.82677
          ],
          [
            76.92572,
            30.82609
          ],
          [
            76.92526,
            30.82583
          ],
          [
            76.92516,
            30.82573
          ],
          [
            76.92446,
            30.82508
          ],
          [
            76.92406,
            30.82452
          ],
          [
            76.92383,
            30.82414
          ],
          [
            76.9237,
            30.82386
          ],
          [
            76.92365,
            30.82377
          ],
          [
            76.92351,
            30.82335
          ],
          [
            76.92322,
            30.82225
          ],
          [
            76.92294,
            30.82172
          ],
          [
            76.92283,
            30.82156
          ],
          [
            76.92219,
            30.82057
          ],
          [
            76.92174,
            30.81987
          ],
          [
            76.92133,
            30.81919
          ],
          [
            76.92119,
            30.81894
          ],
          [
            76.92117,
            30.81889
          ],
          [
            76.92025,
            30.81731
          ],
          [
            76.92019,
            30.81721
          ],
          [
            76.91992,
            30.81684
          ],
          [
            76.91937,
            30.8161
          ],
          [
            76.919,
            30.8156
          ],
          [
            76.91894,
            30.8155
          ],
          [
            76.91889,
            30.81541
          ],
          [
            76.91872,
            30.81512
          ],
          [
            76.91865,
            30.81498
          ],
          [
            76.91841,
            30.81442
          ],
          [
            76.91818,
            30.8138
          ],
          [
            76.91776,
            30.81297
          ],
          [
            76.91765,
            30.81277
          ],
          [
            76.91758,
            30.8126
          ],
          [
            76.91752,
            30.81226
          ],
          [
            76.91728,
            30.81097
          ],
          [
            76.91711,
            30.81014
          ],
          [
            76.91696,
            30.80943
          ],
          [
            76.91664,
            30.80795
          ],
          [
            76.91657,
            30.80761
          ],
          [
            76.91635,
            30.80641
          ],
          [
            76.91617,
            30.80561
          ],
          [
            76.91604,
            30.80516
          ],
          [
            76.91565,
            30.80412
          ],
          [
            76.91548,
            30.80374
          ],
          [
            76.91485,
            30.80265
          ],
          [
            76.91475,
            30.8022
          ],
          [
            76.91473,
            30.80187
          ],
          [
            76.91478,
            30.79971
          ],
          [
            76.9148,
            30.79951
          ],
          [
            76.91483,
            30.79946
          ],
          [
            76.91488,
            30.79936
          ],
          [
            76.91494,
            30.79928
          ],
          [
            76.91507,
            30.79913
          ],
          [
            76.91586,
            30.7983
          ],
          [
            76.91595,
            30.79818
          ],
          [
            76.91617,
            30.79782
          ],
          [
            76.91643,
            30.79745
          ],
          [
            76.9165,
            30.79729
          ],
          [
            76.91655,
            30.79714
          ],
          [
            76.91662,
            30.79677
          ],
          [
            76.91659,
            30.79658
          ],
          [
            76.91651,
            30.79637
          ],
          [
            76.91614,
            30.79564
          ],
          [
            76.91609,
            30.79548
          ],
          [
            76.91605,
            30.79495
          ],
          [
            76.91602,
            30.79467
          ],
          [
            76.91578,
            30.794
          ],
          [
            76.91555,
            30.79351
          ],
          [
            76.91511,
            30.79286
          ],
          [
            76.91508,
            30.79271
          ],
          [
            76.91509,
            30.79232
          ],
          [
            76.91516,
            30.79215
          ],
          [
            76.91546,
            30.79123
          ],
          [
            76.91553,
            30.79109
          ],
          [
            76.9157,
            30.79062
          ],
          [
            76.91574,
            30.79061
          ],
          [
            76.91578,
            30.79058
          ],
          [
            76.91581,
            30.7905
          ],
          [
            76.91578,
            30.79042
          ],
          [
            76.91574,
            30.79039
          ],
          [
            76.9157,
            30.79025
          ],
          [
            76.91571,
            30.79013
          ],
          [
            76.91574,
            30.79002
          ],
          [
            76.91583,
            30.7899
          ],
          [
            76.91598,
            30.78982
          ],
          [
            76.91614,
            30.78972
          ],
          [
            76.91516,
            30.78818
          ],
          [
            76.91239,
            30.78336
          ],
          [
            76.90824,
            30.77527
          ],
          [
            76.90778,
            30.77412
          ],
          [
            76.90774,
            30.77395
          ],
          [
            76.90688,
            30.77045
          ],
          [
            76.9055,
            30.76473
          ],
          [
            76.90499,
            30.76265
          ],
          [
            76.90463,
            30.76114
          ],
          [
            76.90461,
            30.76083
          ],
          [
            76.90463,
            30.76052
          ],
          [
            76.90477,
            30.75974
          ],
          [
            76.9048,
            30.7593
          ],
          [
            76.9048,
            30.75875
          ],
          [
            76.90488,
            30.75695
          ],
          [
            76.90488,
            30.75645
          ],
          [
            76.90488,
            30.75568
          ],
          [
            76.90449,
            30.74857
          ],
          [
            76.90429,
            30.74767
          ],
          [
            76.90408,
            30.74695
          ],
          [
            76.90379,
            30.74625
          ],
          [
            76.90331,
            30.74538
          ],
          [
            76.90285,
            30.74458
          ],
          [
            76.90273,
            30.74438
          ],
          [
            76.90269,
            30.74432
          ],
          [
            76.90265,
            30.74427
          ],
          [
            76.90252,
            30.74408
          ],
          [
            76.90242,
            30.74393
          ],
          [
            76.90168,
            30.74308
          ],
          [
            76.90045,
            30.74167
          ],
          [
            76.89993,
            30.74107
          ],
          [
            76.8992,
            30.74015
          ],
          [
            76.89811,
            30.73878
          ],
          [
            76.89687,
            30.73732
          ],
          [
            76.89602,
            30.73633
          ],
          [
            76.8959,
            30.73594
          ],
          [
            76.89442,
            30.73353
          ],
          [
            76.89402,
            30.73297
          ],
          [
            76.89381,
            30.73274
          ],
          [
            76.89349,
            30.73237
          ],
          [
            76.89163,
            30.7304
          ],
          [
            76.89058,
            30.7291
          ],
          [
            76.89018,
            30.72859
          ],
          [
            76.88919,
            30.72731
          ],
          [
            76.8885,
            30.72641
          ],
          [
            76.88705,
            30.72467
          ],
          [
            76.88639,
            30.72395
          ],
          [
            76.88461,
            30.72208
          ],
          [
            76.8838,
            30.72121
          ],
          [
            76.88344,
            30.7208
          ],
          [
            76.8831,
            30.72036
          ],
          [
            76.88166,
            30.71851
          ],
          [
            76.88093,
            30.71771
          ],
          [
            76.879,
            30.7156
          ],
          [
            76.87742,
            30.71362
          ],
          [
            76.87618,
            30.71213
          ],
          [
            76.87595,
            30.71183
          ],
          [
            76.87545,
            30.71083
          ],
          [
            76.87463,
            30.70897
          ],
          [
            76.87413,
            30.70788
          ],
          [
            76.8735,
            30.70653
          ],
          [
            76.87304,
            30.70558
          ],
          [
            76.87261,
            30.70456
          ],
          [
            76.87222,
            30.7036
          ],
          [
            76.87194,
            30.70288
          ],
          [
            76.87175,
            30.70232
          ],
          [
            76.87172,
            30.70191
          ],
          [
            76.87174,
            30.70151
          ],
          [
            76.87177,
            30.70077
          ],
          [
            76.87185,
            30.70011
          ],
          [
            76.87191,
            30.69975
          ],
          [
            76.87192,
            30.69965
          ],
          [
            76.87192,
            30.69937
          ],
          [
            76.87191,
            30.69912
          ],
          [
            76.87181,
            30.69856
          ],
          [
            76.87163,
            30.69774
          ],
          [
            76.87144,
            30.69726
          ],
          [
            76.87132,
            30.69704
          ],
          [
            76.87092,
            30.69626
          ],
          [
            76.86859,
            30.69225
          ],
          [
            76.86811,
            30.69135
          ],
          [
            76.8673,
            30.68995
          ],
          [
            76.86725,
            30.68988
          ],
          [
            76.86691,
            30.68927
          ],
          [
            76.86679,
            30.68905
          ],
          [
            76.86654,
            30.68859
          ],
          [
            76.86631,
            30.68818
          ],
          [
            76.86476,
            30.68541
          ],
          [
            76.86451,
            30.68494
          ],
          [
            76.86438,
            30.68466
          ],
          [
            76.86433,
            30.68458
          ],
          [
            76.86416,
            30.68425
          ],
          [
            76.86343,
            30.68292
          ],
          [
            76.86307,
            30.6823
          ],
          [
            76.8629,
            30.682
          ],
          [
            76.86244,
            30.68127
          ],
          [
            76.86213,
            30.68079
          ],
          [
            76.86174,
            30.68023
          ],
          [
            76.85991,
            30.67774
          ],
          [
            76.85982,
            30.67763
          ],
          [
            76.8594,
            30.67713
          ],
          [
            76.85799,
            30.6756
          ],
          [
            76.85711,
            30.67475
          ],
          [
            76.85676,
            30.67444
          ],
          [
            76.85617,
            30.67393
          ],
          [
            76.85588,
            30.67367
          ],
          [
            76.85489,
            30.67277
          ],
          [
            76.85377,
            30.67172
          ],
          [
            76.85367,
            30.67164
          ],
          [
            76.85164,
            30.66987
          ],
          [
            76.84966,
            30.66811
          ],
          [
            76.8483,
            30.66689
          ],
          [
            76.84745,
            30.66615
          ],
          [
            76.84738,
            30.6662
          ],
          [
            76.84658,
            30.66551
          ],
          [
            76.84616,
            30.66511
          ],
          [
            76.84573,
            30.66471
          ],
          [
            76.84535,
            30.66438
          ],
          [
            76.84491,
            30.66409
          ],
          [
            76.84459,
            30.66392
          ],
          [
            76.84428,
            30.66378
          ],
          [
            76.84385,
            30.66364
          ],
          [
            76.84359,
            30.66357
          ],
          [
            76.84133,
            30.66307
          ],
          [
            76.83871,
            30.66253
          ],
          [
            76.83492,
            30.66165
          ],
          [
            76.83482,
            30.66163
          ],
          [
            76.82939,
            30.66041
          ],
          [
            76.82787,
            30.66012
          ],
          [
            76.82774,
            30.66009
          ],
          [
            76.82683,
            30.65988
          ],
          [
            76.82556,
            30.65957
          ],
          [
            76.8247,
            30.65936
          ],
          [
            76.82407,
            30.65922
          ],
          [
            76.82362,
            30.65912
          ],
          [
            76.82306,
            30.65903
          ],
          [
            76.82272,
            30.65895
          ],
          [
            76.82236,
            30.65884
          ],
          [
            76.82194,
            30.6587
          ],
          [
            76.82158,
            30.65856
          ],
          [
            76.82134,
            30.65842
          ],
          [
            76.82103,
            30.65815
          ],
          [
            76.82094,
            30.65796
          ],
          [
            76.82093,
            30.65767
          ],
          [
            76.8224,
            30.64396
          ],
          [
            76.82269,
            30.64099
          ],
          [
            76.82277,
            30.64015
          ],
          [
            76.82278,
            30.64011
          ],
          [
            76.82315,
            30.63622
          ],
          [
            76.8233,
            30.63465
          ],
          [
            76.82355,
            30.63209
          ],
          [
            76.8237,
            30.6304
          ],
          [
            76.82373,
            30.63007
          ],
          [
            76.82423,
            30.62472
          ],
          [
            76.82428,
            30.62416
          ],
          [
            76.82429,
            30.62405
          ],
          [
            76.82459,
            30.62075
          ],
          [
            76.82467,
            30.6204
          ],
          [
            76.82479,
            30.62005
          ],
          [
            76.82492,
            30.61978
          ],
          [
            76.82505,
            30.61956
          ],
          [
            76.82527,
            30.6193
          ],
          [
            76.82739,
            30.61709
          ],
          [
            76.82747,
            30.61701
          ],
          [
            76.82978,
            30.61453
          ],
          [
            76.83028,
            30.61399
          ],
          [
            76.83245,
            30.61177
          ],
          [
            76.8325,
            30.61172
          ],
          [
            76.836,
            30.6081
          ],
          [
            76.83785,
            30.60618
          ],
          [
            76.84237,
            30.60152
          ],
          [
            76.84452,
            30.59928
          ],
          [
            76.84586,
            30.59786
          ],
          [
            76.84611,
            30.59757
          ],
          [
            76.84636,
            30.59722
          ],
          [
            76.84653,
            30.59687
          ],
          [
            76.84662,
            30.59664
          ],
          [
            76.84674,
            30.59619
          ],
          [
            76.84676,
            30.59593
          ],
          [
            76.84672,
            30.59386
          ],
          [
            76.84673,
            30.59299
          ],
          [
            76.84671,
            30.59266
          ],
          [
            76.84671,
            30.59254
          ],
          [
            76.84672,
            30.59213
          ],
          [
            76.84675,
            30.59165
          ],
          [
            76.84714,
            30.5883
          ],
          [
            76.84711,
            30.58796
          ],
          [
            76.84704,
            30.5877
          ],
          [
            76.84694,
            30.58749
          ],
          [
            76.84678,
            30.58727
          ],
          [
            76.84655,
            30.58704
          ],
          [
            76.84581,
            30.58647
          ],
          [
            76.84557,
            30.58624
          ],
          [
            76.84535,
            30.58598
          ],
          [
            76.84511,
            30.58561
          ],
          [
            76.84421,
            30.58416
          ],
          [
            76.84279,
            30.58182
          ],
          [
            76.84274,
            30.58175
          ],
          [
            76.8407,
            30.57855
          ],
          [
            76.83938,
            30.57639
          ],
          [
            76.83928,
            30.57623
          ],
          [
            76.839,
            30.5758
          ],
          [
            76.83569,
            30.57135
          ],
          [
            76.83558,
            30.57122
          ],
          [
            76.83324,
            30.56807
          ],
          [
            76.83243,
            30.56695
          ],
          [
            76.83211,
            30.56653
          ],
          [
            76.83019,
            30.56396
          ],
          [
            76.82932,
            30.56274
          ],
          [
            76.82903,
            30.56224
          ],
          [
            76.82897,
            30.56217
          ],
          [
            76.82748,
            30.55894
          ],
          [
            76.82574,
            30.55505
          ],
          [
            76.82532,
            30.55416
          ],
          [
            76.82485,
            30.55317
          ],
          [
            76.82208,
            30.54696
          ],
          [
            76.82052,
            30.54356
          ],
          [
            76.8198,
            30.54198
          ],
          [
            76.81818,
            30.53841
          ],
          [
            76.81388,
            30.52914
          ],
          [
            76.81229,
            30.52552
          ],
          [
            76.81214,
            30.52518
          ],
          [
            76.81073,
            30.52202
          ],
          [
            76.81019,
            30.52083
          ],
          [
            76.80872,
            30.5176
          ],
          [
            76.80689,
            30.51344
          ],
          [
            76.80548,
            30.51024
          ],
          [
            76.80478,
            30.50866
          ],
          [
            76.8041,
            30.50714
          ],
          [
            76.80398,
            30.50684
          ],
          [
            76.80384,
            30.50634
          ],
          [
            76.80377,
            30.50589
          ],
          [
            76.80372,
            30.50495
          ],
          [
            76.80362,
            30.50214
          ],
          [
            76.80359,
            30.50141
          ],
          [
            76.80359,
            30.50133
          ],
          [
            76.80355,
            30.49936
          ],
          [
            76.80354,
            30.49913
          ],
          [
            76.80352,
            30.49807
          ],
          [
            76.80351,
            30.49739
          ],
          [
            76.80347,
            30.49596
          ],
          [
            76.8034,
            30.49567
          ],
          [
            76.80327,
            30.49529
          ],
          [
            76.80288,
            30.49453
          ],
          [
            76.80278,
            30.49435
          ],
          [
            76.80239,
            30.49361
          ],
          [
            76.80197,
            30.49287
          ],
          [
            76.79941,
            30.48836
          ],
          [
            76.7992,
            30.48796
          ],
          [
            76.79905,
            30.48761
          ],
          [
            76.7989,
            30.48719
          ],
          [
            76.79848,
            30.48513
          ],
          [
            76.79834,
            30.4847
          ],
          [
            76.79819,
            30.48431
          ],
          [
            76.79792,
            30.4837
          ],
          [
            76.79691,
            30.48131
          ],
          [
            76.79628,
            30.47984
          ],
          [
            76.79593,
            30.47897
          ],
          [
            76.79546,
            30.47786
          ],
          [
            76.79393,
            30.47426
          ],
          [
            76.79392,
            30.47424
          ],
          [
            76.79378,
            30.47392
          ],
          [
            76.79309,
            30.47233
          ],
          [
            76.79091,
            30.46727
          ],
          [
            76.79036,
            30.46594
          ],
          [
            76.79022,
            30.46562
          ],
          [
            76.78988,
            30.46478
          ],
          [
            76.78861,
            30.46171
          ],
          [
            76.78692,
            30.4576
          ],
          [
            76.78631,
            30.45618
          ],
          [
            76.78582,
            30.45503
          ],
          [
            76.78474,
            30.45248
          ],
          [
            76.78457,
            30.45206
          ],
          [
            76.78431,
            30.45145
          ],
          [
            76.78406,
            30.45088
          ],
          [
            76.78131,
            30.44459
          ],
          [
            76.78111,
            30.44401
          ],
          [
            76.78104,
            30.44374
          ],
          [
            76.78089,
            30.44296
          ],
          [
            76.78084,
            30.44267
          ],
          [
            76.78042,
            30.44051
          ],
          [
            76.78035,
            30.44007
          ],
          [
            76.7803,
            30.43984
          ],
          [
            76.77919,
            30.43429
          ],
          [
            76.77886,
            30.43269
          ],
          [
            76.7787,
            30.43193
          ],
          [
            76.77838,
            30.43024
          ],
          [
            76.77833,
            30.42989
          ],
          [
            76.77829,
            30.42947
          ],
          [
            76.77828,
            30.42911
          ],
          [
            76.77836,
            30.42841
          ],
          [
            76.77846,
            30.42796
          ],
          [
            76.77859,
            30.42754
          ],
          [
            76.77939,
            30.42543
          ],
          [
            76.77966,
            30.42475
          ],
          [
            76.77989,
            30.4241
          ],
          [
            76.78015,
            30.42342
          ],
          [
            76.78094,
            30.42128
          ],
          [
            76.78112,
            30.42081
          ],
          [
            76.78218,
            30.418
          ],
          [
            76.78224,
            30.41784
          ],
          [
            76.78233,
            30.41758
          ],
          [
            76.78241,
            30.41734
          ],
          [
            76.78247,
            30.41716
          ],
          [
            76.7826,
            30.41679
          ],
          [
            76.78283,
            30.41609
          ],
          [
            76.78291,
            30.4158
          ],
          [
            76.783,
            30.41549
          ],
          [
            76.78368,
            30.41352
          ],
          [
            76.78372,
            30.41339
          ],
          [
            76.78345,
            30.41338
          ],
          [
            76.78302,
            30.41334
          ],
          [
            76.78235,
            30.41329
          ],
          [
            76.78107,
            30.41322
          ],
          [
            76.77881,
            30.4131
          ],
          [
            76.77731,
            30.41309
          ],
          [
            76.77586,
            30.41314
          ],
          [
            76.77526,
            30.41311
          ],
          [
            76.77307,
            30.41289
          ],
          [
            76.77279,
            30.41285
          ],
          [
            76.7725,
            30.41279
          ],
          [
            76.77212,
            30.41269
          ],
          [
            76.77168,
            30.41252
          ],
          [
            76.77132,
            30.41236
          ],
          [
            76.76898,
            30.41121
          ],
          [
            76.76624,
            30.40995
          ],
          [
            76.76583,
            30.40977
          ],
          [
            76.76509,
            30.40949
          ],
          [
            76.76463,
            30.40936
          ],
          [
            76.76421,
            30.40927
          ],
          [
            76.76379,
            30.40921
          ],
          [
            76.76316,
            30.40915
          ],
          [
            76.76031,
            30.40898
          ],
          [
            76.75928,
            30.40891
          ],
          [
            76.7587,
            30.40886
          ],
          [
            76.7563,
            30.4086
          ],
          [
            76.75515,
            30.40853
          ],
          [
            76.75429,
            30.40851
          ],
          [
            76.74961,
            30.4085
          ],
          [
            76.74929,
            30.40847
          ],
          [
            76.74871,
            30.40839
          ],
          [
            76.74842,
            30.40832
          ],
          [
            76.74818,
            30.40823
          ],
          [
            76.74772,
            30.40801
          ],
          [
            76.74727,
            30.40771
          ],
          [
            76.74662,
            30.40721
          ],
          [
            76.74455,
            30.40567
          ],
          [
            76.74277,
            30.40432
          ],
          [
            76.74204,
            30.40373
          ],
          [
            76.74142,
            30.40313
          ],
          [
            76.7412,
            30.40291
          ],
          [
            76.74109,
            30.40279
          ],
          [
            76.74067,
            30.40225
          ],
          [
            76.7404,
            30.40184
          ],
          [
            76.74015,
            30.4014
          ],
          [
            76.73954,
            30.40007
          ],
          [
            76.73947,
            30.39992
          ],
          [
            76.73896,
            30.39876
          ],
          [
            76.73887,
            30.39855
          ],
          [
            76.73794,
            30.39635
          ],
          [
            76.73788,
            30.39622
          ],
          [
            76.73764,
            30.39574
          ],
          [
            76.7374,
            30.39531
          ],
          [
            76.73705,
            30.39472
          ],
          [
            76.73674,
            30.39417
          ],
          [
            76.73655,
            30.39374
          ],
          [
            76.73579,
            30.39155
          ],
          [
            76.73523,
            30.39006
          ],
          [
            76.73517,
            30.38987
          ],
          [
            76.73504,
            30.38923
          ],
          [
            76.73498,
            30.38865
          ],
          [
            76.73495,
            30.38655
          ],
          [
            76.73487,
            30.38147
          ],
          [
            76.73487,
            30.38128
          ],
          [
            76.73482,
            30.37789
          ],
          [
            76.73482,
            30.3777
          ],
          [
            76.73478,
            30.37526
          ],
          [
            76.7347,
            30.37317
          ],
          [
            76.73465,
            30.36897
          ],
          [
            76.73458,
            30.36797
          ],
          [
            76.73439,
            30.36625
          ],
          [
            76.7343,
            30.36537
          ],
          [
            76.73408,
            30.36381
          ],
          [
            76.7339,
            30.36231
          ],
          [
            76.73378,
            30.36141
          ],
          [
            76.73365,
            30.36045
          ],
          [
            76.73346,
            30.35927
          ],
          [
            76.73293,
            30.35675
          ],
          [
            76.73245,
            30.35466
          ],
          [
            76.73158,
            30.35109
          ],
          [
            76.73134,
            30.35002
          ],
          [
            76.73052,
            30.34753
          ],
          [
            76.72986,
            30.34556
          ],
          [
            76.7298,
            30.3454
          ],
          [
            76.72917,
            30.34352
          ],
          [
            76.72904,
            30.3431
          ],
          [
            76.72895,
            30.34264
          ],
          [
            76.72891,
            30.34238
          ],
          [
            76.72891,
            30.34194
          ],
          [
            76.72892,
            30.34165
          ],
          [
            76.72898,
            30.3413
          ],
          [
            76.72918,
            30.34047
          ],
          [
            76.72938,
            30.33968
          ],
          [
            76.72945,
            30.33936
          ],
          [
            76.7295,
            30.33902
          ],
          [
            76.72951,
            30.33874
          ],
          [
            76.7295,
            30.33843
          ],
          [
            76.72948,
            30.33827
          ],
          [
            76.72941,
            30.33795
          ],
          [
            76.7293,
            30.33765
          ],
          [
            76.72905,
            30.33714
          ],
          [
            76.72788,
            30.33524
          ],
          [
            76.72758,
            30.33473
          ],
          [
            76.72676,
            30.3332
          ],
          [
            76.72369,
            30.3274
          ],
          [
            76.72362,
            30.32726
          ],
          [
            76.72309,
            30.32624
          ],
          [
            76.72294,
            30.32595
          ],
          [
            76.72276,
            30.32554
          ],
          [
            76.72264,
            30.32518
          ],
          [
            76.72254,
            30.3248
          ],
          [
            76.72245,
            30.32421
          ],
          [
            76.72242,
            30.32396
          ],
          [
            76.72239,
            30.32378
          ],
          [
            76.72208,
            30.32118
          ],
          [
            76.72201,
            30.32059
          ],
          [
            76.72197,
            30.31944
          ],
          [
            76.72196,
            30.31879
          ],
          [
            76.72179,
            30.31011
          ],
          [
            76.72179,
            30.30979
          ],
          [
            76.72181,
            30.30943
          ],
          [
            76.72187,
            30.30902
          ],
          [
            76.722,
            30.30858
          ],
          [
            76.72214,
            30.3082
          ],
          [
            76.72243,
            30.30742
          ],
          [
            76.72256,
            30.30696
          ],
          [
            76.72257,
            30.30689
          ],
          [
            76.72263,
            30.30648
          ],
          [
            76.72264,
            30.30615
          ],
          [
            76.7226,
            30.30561
          ],
          [
            76.72253,
            30.3053
          ],
          [
            76.72243,
            30.30499
          ],
          [
            76.72232,
            30.30463
          ],
          [
            76.72181,
            30.30312
          ],
          [
            76.72085,
            30.30033
          ],
          [
            76.71954,
            30.29648
          ],
          [
            76.71841,
            30.29325
          ],
          [
            76.7178,
            30.29152
          ],
          [
            76.71695,
            30.28903
          ],
          [
            76.7169,
            30.28887
          ],
          [
            76.71674,
            30.28822
          ],
          [
            76.71673,
            30.28783
          ],
          [
            76.71675,
            30.28754
          ],
          [
            76.71679,
            30.28729
          ],
          [
            76.71686,
            30.28703
          ],
          [
            76.71697,
            30.28675
          ],
          [
            76.71713,
            30.28643
          ],
          [
            76.71744,
            30.28587
          ],
          [
            76.71795,
            30.28494
          ],
          [
            76.71834,
            30.28421
          ],
          [
            76.71844,
            30.28397
          ],
          [
            76.71852,
            30.28373
          ],
          [
            76.71857,
            30.28347
          ],
          [
            76.71861,
            30.28318
          ],
          [
            76.71863,
            30.28265
          ],
          [
            76.71857,
            30.28027
          ],
          [
            76.71855,
            30.27966
          ],
          [
            76.71852,
            30.27912
          ],
          [
            76.71849,
            30.27882
          ],
          [
            76.71841,
            30.27846
          ],
          [
            76.71828,
            30.27808
          ],
          [
            76.71817,
            30.27785
          ],
          [
            76.71794,
            30.27747
          ],
          [
            76.71772,
            30.27719
          ],
          [
            76.71744,
            30.27688
          ],
          [
            76.71542,
            30.27491
          ],
          [
            76.71517,
            30.27465
          ],
          [
            76.71508,
            30.27455
          ],
          [
            76.71485,
            30.27427
          ],
          [
            76.71456,
            30.27378
          ],
          [
            76.71449,
            30.27363
          ],
          [
            76.71436,
            30.27327
          ],
          [
            76.71426,
            30.27276
          ],
          [
            76.71246,
            30.25986
          ],
          [
            76.71244,
            30.25968
          ],
          [
            76.71167,
            30.25436
          ],
          [
            76.71133,
            30.25215
          ],
          [
            76.71093,
            30.25036
          ],
          [
            76.71019,
            30.24754
          ],
          [
            76.70973,
            30.24574
          ],
          [
            76.70933,
            30.24418
          ],
          [
            76.70922,
            30.24363
          ],
          [
            76.70891,
            30.24222
          ],
          [
            76.70864,
            30.24106
          ],
          [
            76.70812,
            30.23897
          ],
          [
            76.70809,
            30.23882
          ],
          [
            76.70785,
            30.23785
          ],
          [
            76.7073,
            30.23583
          ],
          [
            76.70706,
            30.23486
          ],
          [
            76.70695,
            30.23445
          ],
          [
            76.70685,
            30.23388
          ],
          [
            76.70681,
            30.23352
          ],
          [
            76.7068,
            30.233
          ],
          [
            76.70687,
            30.23192
          ],
          [
            76.70723,
            30.22783
          ],
          [
            76.70725,
            30.22744
          ],
          [
            76.70723,
            30.22701
          ],
          [
            76.70712,
            30.22633
          ],
          [
            76.70637,
            30.22238
          ],
          [
            76.70631,
            30.22209
          ],
          [
            76.70615,
            30.22117
          ],
          [
            76.70612,
            30.22076
          ],
          [
            76.70613,
            30.22034
          ],
          [
            76.70622,
            30.21985
          ],
          [
            76.70652,
            30.21885
          ],
          [
            76.70703,
            30.2172
          ],
          [
            76.7071,
            30.21698
          ],
          [
            76.70748,
            30.21565
          ],
          [
            76.70793,
            30.21416
          ],
          [
            76.70797,
            30.21395
          ],
          [
            76.70799,
            30.2137
          ],
          [
            76.70795,
            30.21344
          ],
          [
            76.70788,
            30.21321
          ],
          [
            76.70776,
            30.21297
          ],
          [
            76.70764,
            30.2128
          ],
          [
            76.70743,
            30.21259
          ],
          [
            76.70705,
            30.21231
          ],
          [
            76.70585,
            30.2115
          ],
          [
            76.70526,
            30.21104
          ],
          [
            76.7046,
            30.21044
          ],
          [
            76.70352,
            30.20942
          ],
          [
            76.70323,
            30.20911
          ],
          [
            76.70299,
            30.2088
          ],
          [
            76.70277,
            30.20848
          ],
          [
            76.70252,
            30.20798
          ],
          [
            76.70239,
            30.20761
          ],
          [
            76.70231,
            30.20728
          ],
          [
            76.70226,
            30.20695
          ],
          [
            76.70225,
            30.20673
          ],
          [
            76.70229,
            30.20619
          ],
          [
            76.70236,
            30.20579
          ],
          [
            76.70246,
            30.20544
          ],
          [
            76.70277,
            30.20461
          ],
          [
            76.70403,
            30.2013
          ],
          [
            76.70428,
            30.20068
          ],
          [
            76.70538,
            30.19832
          ],
          [
            76.70549,
            30.19806
          ],
          [
            76.70565,
            30.19767
          ],
          [
            76.70574,
            30.19733
          ],
          [
            76.70581,
            30.19701
          ],
          [
            76.70584,
            30.19685
          ],
          [
            76.70587,
            30.19657
          ],
          [
            76.7059,
            30.196
          ],
          [
            76.7059,
            30.19587
          ],
          [
            76.70589,
            30.19512
          ],
          [
            76.70587,
            30.19472
          ],
          [
            76.70577,
            30.19396
          ],
          [
            76.70551,
            30.19292
          ],
          [
            76.70516,
            30.19209
          ],
          [
            76.70495,
            30.19162
          ],
          [
            76.70448,
            30.19073
          ],
          [
            76.70418,
            30.19022
          ],
          [
            76.70376,
            30.18942
          ],
          [
            76.70195,
            30.18575
          ],
          [
            76.69844,
            30.17872
          ],
          [
            76.69763,
            30.17713
          ],
          [
            76.69748,
            30.17683
          ],
          [
            76.6973,
            30.17648
          ],
          [
            76.69601,
            30.17397
          ],
          [
            76.69502,
            30.17203
          ],
          [
            76.69488,
            30.17175
          ],
          [
            76.69405,
            30.16994
          ],
          [
            76.69376,
            30.16931
          ],
          [
            76.69357,
            30.1689
          ],
          [
            76.69165,
            30.16509
          ],
          [
            76.69051,
            30.16279
          ],
          [
            76.68823,
            30.15812
          ],
          [
            76.68767,
            30.15696
          ],
          [
            76.68732,
            30.15625
          ],
          [
            76.68636,
            30.1543
          ],
          [
            76.68557,
            30.15269
          ],
          [
            76.68543,
            30.1524
          ],
          [
            76.68512,
            30.15175
          ],
          [
            76.68494,
            30.15139
          ],
          [
            76.68423,
            30.14996
          ],
          [
            76.68394,
            30.14938
          ],
          [
            76.68351,
            30.1485
          ],
          [
            76.68321,
            30.14791
          ],
          [
            76.68308,
            30.14765
          ],
          [
            76.68288,
            30.14724
          ],
          [
            76.68151,
            30.14455
          ],
          [
            76.68133,
            30.14419
          ],
          [
            76.68038,
            30.14232
          ],
          [
            76.67942,
            30.14024
          ],
          [
            76.67923,
            30.13971
          ],
          [
            76.67908,
            30.13911
          ],
          [
            76.679,
            30.13852
          ],
          [
            76.67899,
            30.1383
          ],
          [
            76.67898,
            30.13785
          ],
          [
            76.67897,
            30.13696
          ],
          [
            76.679,
            30.13432
          ],
          [
            76.679,
            30.13412
          ],
          [
            76.679,
            30.13158
          ],
          [
            76.67904,
            30.13069
          ],
          [
            76.6791,
            30.13021
          ],
          [
            76.67943,
            30.12765
          ],
          [
            76.67945,
            30.12723
          ],
          [
            76.67941,
            30.1258
          ],
          [
            76.67938,
            30.12435
          ],
          [
            76.67938,
            30.12422
          ],
          [
            76.67938,
            30.12091
          ],
          [
            76.67937,
            30.11983
          ],
          [
            76.67931,
            30.11443
          ],
          [
            76.67931,
            30.11418
          ],
          [
            76.6793,
            30.11331
          ],
          [
            76.67927,
            30.11294
          ],
          [
            76.67922,
            30.11253
          ],
          [
            76.67914,
            30.11212
          ],
          [
            76.679,
            30.1116
          ],
          [
            76.67884,
            30.11114
          ],
          [
            76.67863,
            30.11066
          ],
          [
            76.67834,
            30.11013
          ],
          [
            76.67801,
            30.10966
          ],
          [
            76.67771,
            30.10928
          ],
          [
            76.6774,
            30.10894
          ],
          [
            76.67706,
            30.10863
          ],
          [
            76.67693,
            30.10851
          ],
          [
            76.67653,
            30.1082
          ],
          [
            76.67608,
            30.10788
          ],
          [
            76.67558,
            30.10759
          ],
          [
            76.6753,
            30.10745
          ],
          [
            76.67481,
            30.10722
          ],
          [
            76.67454,
            30.10712
          ],
          [
            76.67396,
            30.10693
          ],
          [
            76.67325,
            30.10674
          ],
          [
            76.6722,
            30.10648
          ],
          [
            76.67199,
            30.10643
          ],
          [
            76.67154,
            30.1063
          ],
          [
            76.67113,
            30.10615
          ],
          [
            76.67075,
            30.10598
          ],
          [
            76.67036,
            30.10578
          ],
          [
            76.66994,
            30.10552
          ],
          [
            76.6696,
            30.10527
          ],
          [
            76.66919,
            30.10493
          ],
          [
            76.66908,
            30.10481
          ],
          [
            76.66896,
            30.10468
          ],
          [
            76.66871,
            30.1044
          ],
          [
            76.66832,
            30.10387
          ],
          [
            76.66802,
            30.10334
          ],
          [
            76.66788,
            30.103
          ],
          [
            76.66782,
            30.10283
          ],
          [
            76.66769,
            30.10241
          ],
          [
            76.66762,
            30.10204
          ],
          [
            76.66757,
            30.10171
          ],
          [
            76.66755,
            30.10131
          ],
          [
            76.66755,
            30.10116
          ],
          [
            76.66753,
            30.09998
          ],
          [
            76.66751,
            30.09853
          ],
          [
            76.6675,
            30.09838
          ],
          [
            76.66748,
            30.09672
          ],
          [
            76.66747,
            30.09599
          ],
          [
            76.66747,
            30.09583
          ],
          [
            76.66745,
            30.09439
          ],
          [
            76.66744,
            30.09365
          ],
          [
            76.66744,
            30.09349
          ],
          [
            76.66742,
            30.09201
          ],
          [
            76.66742,
            30.09184
          ],
          [
            76.66741,
            30.09125
          ],
          [
            76.66739,
            30.08958
          ],
          [
            76.66739,
            30.08943
          ],
          [
            76.66737,
            30.08807
          ],
          [
            76.66733,
            30.08463
          ],
          [
            76.66733,
            30.08447
          ],
          [
            76.66733,
            30.08421
          ],
          [
            76.6673,
            30.08154
          ],
          [
            76.6673,
            30.08097
          ],
          [
            76.66732,
            30.08075
          ],
          [
            76.6674,
            30.08036
          ],
          [
            76.66746,
            30.08019
          ],
          [
            76.66761,
            30.07987
          ],
          [
            76.66787,
            30.07945
          ],
          [
            76.66797,
            30.0793
          ],
          [
            76.66912,
            30.07756
          ],
          [
            76.66935,
            30.07711
          ],
          [
            76.66953,
            30.07662
          ],
          [
            76.66963,
            30.07616
          ],
          [
            76.66967,
            30.07572
          ],
          [
            76.66968,
            30.07519
          ],
          [
            76.66974,
            30.07356
          ],
          [
            76.66974,
            30.07351
          ],
          [
            76.66972,
            30.07301
          ],
          [
            76.66966,
            30.07261
          ],
          [
            76.66953,
            30.07222
          ],
          [
            76.66945,
            30.07203
          ],
          [
            76.66924,
            30.07163
          ],
          [
            76.66911,
            30.07145
          ],
          [
            76.66884,
            30.07115
          ],
          [
            76.66857,
            30.07091
          ],
          [
            76.66819,
            30.07062
          ],
          [
            76.66805,
            30.07052
          ],
          [
            76.66165,
            30.06584
          ],
          [
            76.65824,
            30.06332
          ],
          [
            76.65726,
            30.06261
          ],
          [
            76.65629,
            30.06189
          ],
          [
            76.65436,
            30.06054
          ],
          [
            76.6524,
            30.05918
          ],
          [
            76.65192,
            30.05884
          ],
          [
            76.65171,
            30.05869
          ],
          [
            76.65145,
            30.05851
          ],
          [
            76.6514,
            30.05848
          ],
          [
            76.65124,
            30.05837
          ],
          [
            76.65095,
            30.05815
          ],
          [
            76.65059,
            30.05791
          ],
          [
            76.65039,
            30.05771
          ],
          [
            76.65022,
            30.0575
          ],
          [
            76.65012,
            30.05733
          ],
          [
            76.64998,
            30.057
          ],
          [
            76.64994,
            30.05676
          ],
          [
            76.64992,
            30.0566
          ],
          [
            76.64995,
            30.05614
          ],
          [
            76.64997,
            30.05579
          ],
          [
            76.65003,
            30.0549
          ],
          [
            76.65055,
            30.04852
          ],
          [
            76.65056,
            30.04843
          ],
          [
            76.65072,
            30.04658
          ],
          [
            76.651,
            30.04316
          ],
          [
            76.65101,
            30.04292
          ],
          [
            76.65104,
            30.04185
          ],
          [
            76.65094,
            30.03606
          ],
          [
            76.65093,
            30.0359
          ],
          [
            76.65089,
            30.03442
          ],
          [
            76.65089,
            30.03142
          ],
          [
            76.6508,
            30.02718
          ],
          [
            76.65071,
            30.02521
          ],
          [
            76.6507,
            30.02499
          ],
          [
            76.65067,
            30.02334
          ],
          [
            76.65066,
            30.02315
          ],
          [
            76.65067,
            30.02118
          ],
          [
            76.65058,
            30.01752
          ],
          [
            76.65058,
            30.01735
          ],
          [
            76.65047,
            30.01422
          ],
          [
            76.65047,
            30.01408
          ],
          [
            76.65042,
            30.01057
          ],
          [
            76.6503,
            30.00675
          ],
          [
            76.65022,
            30.00328
          ],
          [
            76.65022,
            30.00314
          ],
          [
            76.65009,
            29.99751
          ],
          [
            76.65,
            29.99528
          ],
          [
            76.64993,
            29.99428
          ],
          [
            76.64949,
            29.98924
          ],
          [
            76.64947,
            29.98904
          ],
          [
            76.64929,
            29.98689
          ],
          [
            76.64927,
            29.98671
          ],
          [
            76.64913,
            29.98487
          ],
          [
            76.64879,
            29.98111
          ],
          [
            76.64877,
            29.98083
          ],
          [
            76.64806,
            29.97279
          ],
          [
            76.6479,
            29.97083
          ],
          [
            76.64786,
            29.97007
          ],
          [
            76.64785,
            29.96977
          ],
          [
            76.64783,
            29.96775
          ],
          [
            76.64785,
            29.96624
          ],
          [
            76.64785,
            29.96549
          ],
          [
            76.64786,
            29.96527
          ],
          [
            76.64787,
            29.96421
          ],
          [
            76.64787,
            29.96405
          ],
          [
            76.64795,
            29.95988
          ],
          [
            76.64795,
            29.95967
          ],
          [
            76.64797,
            29.9569
          ],
          [
            76.64801,
            29.95497
          ],
          [
            76.64801,
            29.95485
          ],
          [
            76.64805,
            29.95249
          ],
          [
            76.64805,
            29.95211
          ],
          [
            76.6481,
            29.94899
          ],
          [
            76.6481,
            29.94878
          ],
          [
            76.64817,
            29.94403
          ],
          [
            76.64817,
            29.94387
          ],
          [
            76.64823,
            29.93975
          ],
          [
            76.64823,
            29.93961
          ],
          [
            76.64834,
            29.93233
          ],
          [
            76.64834,
            29.93219
          ],
          [
            76.64838,
            29.92911
          ],
          [
            76.64836,
            29.92833
          ],
          [
            76.64832,
            29.92715
          ],
          [
            76.64803,
            29.92235
          ],
          [
            76.64802,
            29.92216
          ],
          [
            76.64786,
            29.9196
          ],
          [
            76.64785,
            29.91942
          ],
          [
            76.64746,
            29.91315
          ],
          [
            76.64744,
            29.9124
          ],
          [
            76.64744,
            29.91174
          ],
          [
            76.64745,
            29.91107
          ],
          [
            76.64745,
            29.91039
          ],
          [
            76.64741,
            29.90956
          ],
          [
            76.6474,
            29.9094
          ],
          [
            76.64737,
            29.90898
          ],
          [
            76.64726,
            29.90811
          ],
          [
            76.6471,
            29.90678
          ],
          [
            76.647,
            29.90589
          ],
          [
            76.64675,
            29.90176
          ],
          [
            76.64674,
            29.9016
          ],
          [
            76.64623,
            29.89332
          ],
          [
            76.64615,
            29.89227
          ],
          [
            76.64606,
            29.89048
          ],
          [
            76.64604,
            29.89022
          ],
          [
            76.64585,
            29.88721
          ],
          [
            76.64584,
            29.88702
          ],
          [
            76.64554,
            29.88225
          ],
          [
            76.64544,
            29.88086
          ],
          [
            76.64538,
            29.88039
          ],
          [
            76.64536,
            29.88022
          ],
          [
            76.64531,
            29.87972
          ],
          [
            76.64505,
            29.87812
          ],
          [
            76.64502,
            29.87796
          ],
          [
            76.64388,
            29.87258
          ],
          [
            76.64311,
            29.869
          ],
          [
            76.64298,
            29.86841
          ],
          [
            76.64259,
            29.86652
          ],
          [
            76.64256,
            29.8664
          ],
          [
            76.64204,
            29.86391
          ],
          [
            76.64184,
            29.86295
          ],
          [
            76.6417,
            29.86231
          ],
          [
            76.64166,
            29.86214
          ],
          [
            76.64154,
            29.86157
          ],
          [
            76.64148,
            29.86128
          ],
          [
            76.64118,
            29.8599
          ],
          [
            76.64105,
            29.85934
          ],
          [
            76.64063,
            29.85738
          ],
          [
            76.64038,
            29.85623
          ],
          [
            76.64015,
            29.85511
          ],
          [
            76.63994,
            29.85429
          ],
          [
            76.6399,
            29.85415
          ],
          [
            76.63949,
            29.85295
          ],
          [
            76.63927,
            29.85236
          ],
          [
            76.63893,
            29.85157
          ],
          [
            76.63824,
            29.85015
          ],
          [
            76.63752,
            29.84877
          ],
          [
            76.63739,
            29.84854
          ],
          [
            76.62391,
            29.82298
          ],
          [
            76.62384,
            29.82284
          ],
          [
            76.62137,
            29.81813
          ],
          [
            76.62085,
            29.81713
          ],
          [
            76.61785,
            29.81091
          ],
          [
            76.61778,
            29.81075
          ],
          [
            76.61598,
            29.80702
          ],
          [
            76.60975,
            29.79405
          ],
          [
            76.60949,
            29.7935
          ],
          [
            76.60232,
            29.77859
          ],
          [
            76.60118,
            29.77622
          ],
          [
            76.601,
            29.77583
          ],
          [
            76.59985,
            29.77344
          ],
          [
            76.59942,
            29.77254
          ],
          [
            76.59928,
            29.77225
          ],
          [
            76.59854,
            29.77071
          ],
          [
            76.59837,
            29.77038
          ],
          [
            76.59474,
            29.76282
          ],
          [
            76.59385,
            29.76094
          ],
          [
            76.59299,
            29.75899
          ],
          [
            76.59191,
            29.75659
          ],
          [
            76.59005,
            29.75238
          ],
          [
            76.58997,
            29.7522
          ],
          [
            76.58645,
            29.74432
          ],
          [
            76.58355,
            29.73775
          ],
          [
            76.58343,
            29.73749
          ],
          [
            76.58317,
            29.73688
          ],
          [
            76.58208,
            29.73457
          ],
          [
            76.5795,
            29.72879
          ],
          [
            76.57883,
            29.72711
          ],
          [
            76.57845,
            29.72598
          ],
          [
            76.57796,
            29.72427
          ],
          [
            76.5757,
            29.71626
          ],
          [
            76.57448,
            29.71198
          ],
          [
            76.57439,
            29.71167
          ],
          [
            76.57186,
            29.70248
          ],
          [
            76.56942,
            29.69407
          ],
          [
            76.56936,
            29.69381
          ],
          [
            76.56834,
            29.68968
          ],
          [
            76.56784,
            29.68719
          ],
          [
            76.56616,
            29.67952
          ],
          [
            76.566,
            29.6788
          ],
          [
            76.5655,
            29.67644
          ],
          [
            76.56382,
            29.66877
          ],
          [
            76.5632,
            29.66633
          ],
          [
            76.56302,
            29.66548
          ],
          [
            76.56227,
            29.66238
          ],
          [
            76.56069,
            29.65599
          ],
          [
            76.56064,
            29.6558
          ],
          [
            76.55675,
            29.63983
          ],
          [
            76.55643,
            29.63798
          ],
          [
            76.55602,
            29.63462
          ],
          [
            76.55555,
            29.63194
          ],
          [
            76.55548,
            29.63147
          ],
          [
            76.5546,
            29.62455
          ],
          [
            76.55407,
            29.6223
          ],
          [
            76.5532,
            29.6192
          ],
          [
            76.55283,
            29.61762
          ],
          [
            76.55171,
            29.61308
          ],
          [
            76.55162,
            29.61266
          ],
          [
            76.55107,
            29.61009
          ],
          [
            76.55082,
            29.60896
          ],
          [
            76.54904,
            29.60111
          ],
          [
            76.54867,
            29.59926
          ],
          [
            76.54844,
            29.59635
          ],
          [
            76.54679,
            29.58023
          ],
          [
            76.54659,
            29.57858
          ],
          [
            76.54627,
            29.57709
          ],
          [
            76.54572,
            29.57551
          ],
          [
            76.54453,
            29.57293
          ],
          [
            76.54161,
            29.56721
          ],
          [
            76.53923,
            29.56246
          ],
          [
            76.53777,
            29.55947
          ],
          [
            76.53684,
            29.55763
          ],
          [
            76.53636,
            29.55659
          ],
          [
            76.53606,
            29.55589
          ],
          [
            76.53592,
            29.55553
          ],
          [
            76.53532,
            29.55407
          ],
          [
            76.53452,
            29.55194
          ],
          [
            76.5344,
            29.55161
          ],
          [
            76.53304,
            29.54785
          ],
          [
            76.53268,
            29.54685
          ],
          [
            76.53193,
            29.54499
          ],
          [
            76.52961,
            29.53826
          ],
          [
            76.52612,
            29.527
          ],
          [
            76.52514,
            29.52424
          ],
          [
            76.52172,
            29.51365
          ],
          [
            76.52036,
            29.50962
          ],
          [
            76.51957,
            29.50743
          ],
          [
            76.51777,
            29.5021
          ],
          [
            76.5164,
            29.49794
          ],
          [
            76.5154,
            29.49491
          ],
          [
            76.51499,
            29.49348
          ],
          [
            76.514,
            29.49046
          ],
          [
            76.51384,
            29.4899
          ],
          [
            76.51368,
            29.48935
          ],
          [
            76.51351,
            29.48865
          ],
          [
            76.51249,
            29.48537
          ],
          [
            76.51236,
            29.48492
          ],
          [
            76.51144,
            29.48166
          ],
          [
            76.51127,
            29.48105
          ],
          [
            76.51106,
            29.4803
          ],
          [
            76.5098,
            29.47577
          ],
          [
            76.50666,
            29.46531
          ],
          [
            76.5066,
            29.46513
          ],
          [
            76.50393,
            29.45599
          ],
          [
            76.50212,
            29.44977
          ],
          [
            76.50177,
            29.44848
          ],
          [
            76.50056,
            29.44446
          ],
          [
            76.49984,
            29.44213
          ],
          [
            76.49978,
            29.44192
          ],
          [
            76.49885,
            29.43886
          ],
          [
            76.4988,
            29.43872
          ],
          [
            76.49619,
            29.43019
          ],
          [
            76.49538,
            29.42723
          ],
          [
            76.49371,
            29.4201
          ],
          [
            76.49283,
            29.41645
          ],
          [
            76.49135,
            29.41012
          ],
          [
            76.49132,
            29.40999
          ],
          [
            76.49016,
            29.40507
          ],
          [
            76.49044,
            29.40447
          ],
          [
            76.49075,
            29.40416
          ],
          [
            76.49207,
            29.40323
          ],
          [
            76.49244,
            29.40278
          ],
          [
            76.49262,
            29.40215
          ],
          [
            76.49253,
            29.40135
          ],
          [
            76.49158,
            29.39976
          ],
          [
            76.49147,
            29.39945
          ],
          [
            76.49152,
            29.39906
          ],
          [
            76.49174,
            29.39837
          ],
          [
            76.49325,
            29.39617
          ],
          [
            76.49701,
            29.39024
          ],
          [
            76.49717,
            29.39001
          ],
          [
            76.49895,
            29.38723
          ],
          [
            76.50209,
            29.38216
          ],
          [
            76.50243,
            29.38161
          ],
          [
            76.50375,
            29.37948
          ],
          [
            76.50813,
            29.37282
          ],
          [
            76.50851,
            29.37225
          ],
          [
            76.51239,
            29.36635
          ],
          [
            76.51255,
            29.3661
          ],
          [
            76.51465,
            29.36293
          ],
          [
            76.51516,
            29.36207
          ],
          [
            76.51547,
            29.36156
          ],
          [
            76.52032,
            29.35412
          ],
          [
            76.52149,
            29.35228
          ],
          [
            76.5225,
            29.35061
          ],
          [
            76.5226,
            29.35042
          ],
          [
            76.52409,
            29.34768
          ],
          [
            76.52415,
            29.34753
          ],
          [
            76.52509,
            29.3454
          ],
          [
            76.52518,
            29.34518
          ],
          [
            76.52622,
            29.34249
          ],
          [
            76.52631,
            29.34224
          ],
          [
            76.52957,
            29.33324
          ],
          [
            76.52967,
            29.33297
          ],
          [
            76.52985,
            29.33245
          ],
          [
            76.52994,
            29.33222
          ],
          [
            76.53122,
            29.32862
          ],
          [
            76.53264,
            29.32476
          ],
          [
            76.53268,
            29.32466
          ],
          [
            76.5334,
            29.32265
          ],
          [
            76.53349,
            29.32238
          ],
          [
            76.53464,
            29.31908
          ],
          [
            76.53473,
            29.31883
          ],
          [
            76.53723,
            29.31164
          ],
          [
            76.53814,
            29.30907
          ],
          [
            76.53883,
            29.30578
          ],
          [
            76.53914,
            29.30246
          ],
          [
            76.53927,
            29.30169
          ],
          [
            76.53991,
            29.29978
          ],
          [
            76.54124,
            29.2976
          ],
          [
            76.54139,
            29.29728
          ],
          [
            76.54215,
            29.29601
          ],
          [
            76.54325,
            29.29425
          ],
          [
            76.54702,
            29.28818
          ],
          [
            76.54704,
            29.28814
          ],
          [
            76.56769,
            29.25492
          ],
          [
            76.56872,
            29.25316
          ],
          [
            76.56991,
            29.25138
          ],
          [
            76.57274,
            29.2466
          ],
          [
            76.57511,
            29.24285
          ],
          [
            76.57606,
            29.24127
          ],
          [
            76.5762,
            29.24103
          ],
          [
            76.57667,
            29.24025
          ],
          [
            76.5782,
            29.23804
          ],
          [
            76.58021,
            29.23552
          ],
          [
            76.5813,
            29.23473
          ],
          [
            76.58332,
            29.23365
          ],
          [
            76.59244,
            29.22952
          ],
          [
            76.59278,
            29.22937
          ],
          [
            76.59319,
            29.22919
          ],
          [
            76.59681,
            29.22763
          ],
          [
            76.59802,
            29.22703
          ],
          [
            76.59919,
            29.22632
          ],
          [
            76.60003,
            29.22557
          ],
          [
            76.60077,
            29.2248
          ],
          [
            76.6012,
            29.22428
          ],
          [
            76.60152,
            29.22374
          ],
          [
            76.60179,
            29.22298
          ],
          [
            76.60195,
            29.22217
          ],
          [
            76.602,
            29.22133
          ],
          [
            76.60197,
            29.22071
          ],
          [
            76.6019,
            29.22002
          ],
          [
            76.60186,
            29.21943
          ],
          [
            76.60154,
            29.21645
          ],
          [
            76.60131,
            29.2138
          ],
          [
            76.60102,
            29.21142
          ],
          [
            76.60096,
            29.21088
          ],
          [
            76.6003,
            29.20537
          ],
          [
            76.60029,
            29.20527
          ],
          [
            76.60021,
            29.20459
          ],
          [
            76.60036,
            29.20337
          ],
          [
            76.60066,
            29.20184
          ],
          [
            76.6016,
            29.19988
          ],
          [
            76.60407,
            29.19599
          ],
          [
            76.60414,
            29.19588
          ],
          [
            76.60599,
            29.19297
          ],
          [
            76.60734,
            29.19102
          ],
          [
            76.60923,
            29.18784
          ],
          [
            76.60976,
            29.18694
          ],
          [
            76.6105,
            29.1855
          ],
          [
            76.61116,
            29.18389
          ],
          [
            76.61207,
            29.18052
          ],
          [
            76.61365,
            29.17562
          ],
          [
            76.61488,
            29.17315
          ],
          [
            76.61628,
            29.17128
          ],
          [
            76.61788,
            29.16958
          ],
          [
            76.6202,
            29.16801
          ],
          [
            76.62164,
            29.16697
          ],
          [
            76.62254,
            29.16605
          ],
          [
            76.62359,
            29.16472
          ],
          [
            76.6284,
            29.15691
          ],
          [
            76.63639,
            29.14398
          ],
          [
            76.63746,
            29.14254
          ],
          [
            76.63821,
            29.14153
          ],
          [
            76.64017,
            29.13918
          ],
          [
            76.64867,
            29.12995
          ],
          [
            76.64868,
            29.12994
          ],
          [
            76.64877,
            29.12984
          ],
          [
            76.64878,
            29.12983
          ],
          [
            76.65219,
            29.12613
          ],
          [
            76.65326,
            29.12498
          ],
          [
            76.65328,
            29.12496
          ],
          [
            76.65336,
            29.12488
          ],
          [
            76.65419,
            29.12399
          ],
          [
            76.65529,
            29.12266
          ],
          [
            76.65633,
            29.12082
          ],
          [
            76.65698,
            29.1187
          ],
          [
            76.65769,
            29.11504
          ],
          [
            76.65853,
            29.11111
          ],
          [
            76.65874,
            29.11063
          ],
          [
            76.65878,
            29.11055
          ],
          [
            76.65884,
            29.11041
          ],
          [
            76.65885,
            29.11038
          ],
          [
            76.65954,
            29.10881
          ],
          [
            76.66109,
            29.10666
          ],
          [
            76.66197,
            29.10553
          ],
          [
            76.66362,
            29.10319
          ],
          [
            76.66531,
            29.09992
          ],
          [
            76.66589,
            29.09851
          ],
          [
            76.66607,
            29.09809
          ],
          [
            76.66841,
            29.09245
          ],
          [
            76.67008,
            29.08847
          ],
          [
            76.67019,
            29.08824
          ],
          [
            76.67114,
            29.0858
          ],
          [
            76.67145,
            29.08498
          ],
          [
            76.67207,
            29.0826
          ],
          [
            76.67219,
            29.08113
          ],
          [
            76.67231,
            29.07941
          ],
          [
            76.67231,
            29.07928
          ],
          [
            76.67236,
            29.0774
          ],
          [
            76.67238,
            29.07574
          ],
          [
            76.6726,
            29.07391
          ],
          [
            76.67333,
            29.07218
          ],
          [
            76.67396,
            29.07105
          ],
          [
            76.67527,
            29.06963
          ],
          [
            76.67722,
            29.06786
          ],
          [
            76.67838,
            29.0665
          ],
          [
            76.67906,
            29.06579
          ],
          [
            76.68056,
            29.06426
          ],
          [
            76.68143,
            29.0633
          ],
          [
            76.68184,
            29.06285
          ],
          [
            76.68209,
            29.06254
          ],
          [
            76.68276,
            29.06153
          ],
          [
            76.68288,
            29.06132
          ],
          [
            76.68327,
            29.06065
          ],
          [
            76.68345,
            29.06025
          ],
          [
            76.68393,
            29.05923
          ],
          [
            76.68411,
            29.05865
          ],
          [
            76.6847,
            29.05734
          ],
          [
            76.68522,
            29.0564
          ],
          [
            76.6857,
            29.05546
          ],
          [
            76.68581,
            29.05528
          ],
          [
            76.69352,
            29.04292
          ],
          [
            76.69365,
            29.0427
          ],
          [
            76.69893,
            29.03412
          ],
          [
            76.70043,
            29.03171
          ],
          [
            76.70051,
            29.03158
          ],
          [
            76.70324,
            29.02721
          ],
          [
            76.70419,
            29.02554
          ],
          [
            76.70535,
            29.02387
          ],
          [
            76.71052,
            29.0169
          ],
          [
            76.71246,
            29.01407
          ],
          [
            76.71258,
            29.01391
          ],
          [
            76.71343,
            29.01276
          ],
          [
            76.71414,
            29.01178
          ],
          [
            76.71718,
            29.00764
          ],
          [
            76.72037,
            29.00315
          ],
          [
            76.72311,
            28.99947
          ],
          [
            76.72319,
            28.99937
          ],
          [
            76.72421,
            28.998
          ],
          [
            76.72639,
            28.99494
          ],
          [
            76.72646,
            28.99485
          ],
          [
            76.72979,
            28.99017
          ],
          [
            76.73135,
            28.98804
          ],
          [
            76.73139,
            28.98799
          ],
          [
            76.73444,
            28.98383
          ],
          [
            76.73455,
            28.98368
          ],
          [
            76.73749,
            28.97963
          ],
          [
            76.74147,
            28.97441
          ],
          [
            76.74299,
            28.97256
          ],
          [
            76.74307,
            28.97247
          ],
          [
            76.74519,
            28.97015
          ],
          [
            76.74934,
            28.96609
          ],
          [
            76.74943,
            28.966
          ],
          [
            76.75427,
            28.96144
          ],
          [
            76.75906,
            28.95673
          ],
          [
            76.75915,
            28.95665
          ],
          [
            76.76222,
            28.95364
          ],
          [
            76.76242,
            28.9534
          ],
          [
            76.76252,
            28.95329
          ],
          [
            76.76294,
            28.95279
          ],
          [
            76.7654,
            28.94989
          ],
          [
            76.76622,
            28.94873
          ],
          [
            76.76629,
            28.94861
          ],
          [
            76.76704,
            28.94758
          ],
          [
            76.7684,
            28.94543
          ],
          [
            76.7704,
            28.94248
          ],
          [
            76.77884,
            28.9298
          ],
          [
            76.77993,
            28.92787
          ],
          [
            76.78152,
            28.92505
          ],
          [
            76.7818,
            28.92455
          ],
          [
            76.78869,
            28.91231
          ],
          [
            76.78872,
            28.91225
          ],
          [
            76.79166,
            28.90701
          ],
          [
            76.79169,
            28.90696
          ],
          [
            76.79174,
            28.90687
          ],
          [
            76.79266,
            28.90525
          ],
          [
            76.81188,
            28.87108
          ],
          [
            76.81194,
            28.87097
          ],
          [
            76.81417,
            28.86701
          ],
          [
            76.81486,
            28.86561
          ],
          [
            76.81577,
            28.86381
          ],
          [
            76.81802,
            28.85924
          ],
          [
            76.82846,
            28.83799
          ],
          [
            76.82907,
            28.83675
          ],
          [
            76.83047,
            28.83437
          ],
          [
            76.83224,
            28.83247
          ],
          [
            76.83434,
            28.82905
          ],
          [
            76.83554,
            28.82688
          ],
          [
            76.83628,
            28.82633
          ],
          [
            76.83694,
            28.82591
          ],
          [
            76.83784,
            28.82466
          ],
          [
            76.83797,
            28.8246
          ],
          [
            76.83961,
            28.82384
          ],
          [
            76.84083,
            28.82324
          ],
          [
            76.84089,
            28.8232
          ],
          [
            76.84098,
            28.82314
          ],
          [
            76.84707,
            28.81898
          ],
          [
            76.84718,
            28.8189
          ],
          [
            76.8498,
            28.81711
          ],
          [
            76.84991,
            28.81703
          ],
          [
            76.85381,
            28.8143
          ],
          [
            76.85411,
            28.8141
          ],
          [
            76.85609,
            28.81266
          ],
          [
            76.85641,
            28.81239
          ],
          [
            76.85884,
            28.81056
          ],
          [
            76.86102,
            28.80861
          ],
          [
            76.86175,
            28.80808
          ],
          [
            76.86186,
            28.808
          ],
          [
            76.86915,
            28.80307
          ],
          [
            76.86925,
            28.803
          ],
          [
            76.87789,
            28.79784
          ],
          [
            76.87963,
            28.79737
          ],
          [
            76.88006,
            28.79732
          ],
          [
            76.88095,
            28.79738
          ],
          [
            76.88149,
            28.79756
          ],
          [
            76.88178,
            28.79779
          ],
          [
            76.88215,
            28.79823
          ],
          [
            76.88274,
            28.79881
          ],
          [
            76.8836,
            28.80002
          ],
          [
            76.88365,
            28.80009
          ],
          [
            76.88434,
            28.80097
          ],
          [
            76.88488,
            28.80157
          ],
          [
            76.88731,
            28.80414
          ],
          [
            76.88939,
            28.80626
          ],
          [
            76.89038,
            28.80731
          ],
          [
            76.89053,
            28.80748
          ],
          [
            76.89432,
            28.81139
          ],
          [
            76.89436,
            28.81143
          ],
          [
            76.89659,
            28.81371
          ],
          [
            76.89817,
            28.81538
          ],
          [
            76.89821,
            28.81543
          ],
          [
            76.90158,
            28.8189
          ],
          [
            76.90167,
            28.81899
          ],
          [
            76.90441,
            28.82159
          ],
          [
            76.90446,
            28.82163
          ],
          [
            76.90792,
            28.8247
          ],
          [
            76.91114,
            28.8276
          ],
          [
            76.91208,
            28.82839
          ],
          [
            76.91421,
            28.83014
          ],
          [
            76.91432,
            28.83022
          ],
          [
            76.9201,
            28.83493
          ],
          [
            76.92025,
            28.83505
          ],
          [
            76.92534,
            28.83922
          ],
          [
            76.92544,
            28.83931
          ],
          [
            76.931,
            28.84383
          ],
          [
            76.93106,
            28.84387
          ],
          [
            76.93261,
            28.84515
          ],
          [
            76.93267,
            28.8452
          ],
          [
            76.93784,
            28.84943
          ],
          [
            76.93789,
            28.84947
          ],
          [
            76.94033,
            28.85164
          ],
          [
            76.94106,
            28.85232
          ],
          [
            76.94112,
            28.85237
          ],
          [
            76.94421,
            28.85523
          ],
          [
            76.94462,
            28.85561
          ],
          [
            76.94804,
            28.85867
          ],
          [
            76.94857,
            28.85934
          ],
          [
            76.95106,
            28.86195
          ],
          [
            76.95116,
            28.86211
          ],
          [
            76.95121,
            28.86227
          ],
          [
            76.95118,
            28.86249
          ],
          [
            76.95107,
            28.86268
          ],
          [
            76.95089,
            28.86278
          ],
          [
            76.95068,
            28.86283
          ],
          [
            76.95043,
            28.8628
          ],
          [
            76.95026,
            28.86271
          ],
          [
            76.95018,
            28.86264
          ],
          [
            76.95006,
            28.86244
          ],
          [
            76.94963,
            28.86163
          ],
          [
            76.9493,
            28.86109
          ],
          [
            76.94897,
            28.86071
          ],
          [
            76.94397,
            28.85615
          ],
          [
            76.94356,
            28.85578
          ],
          [
            76.94406,
            28.85554
          ],
          [
            76.94415,
            28.85549
          ],
          [
            76.94551,
            28.85479
          ],
          [
            76.94583,
            28.85461
          ],
          [
            76.94617,
            28.85437
          ],
          [
            76.94795,
            28.85283
          ],
          [
            76.94844,
            28.85241
          ],
          [
            76.9489,
            28.85201
          ],
          [
            76.94903,
            28.85192
          ],
          [
            76.9499,
            28.85135
          ],
          [
            76.95072,
            28.85089
          ],
          [
            76.95244,
            28.84993
          ],
          [
            76.95331,
            28.84944
          ],
          [
            76.95525,
            28.84835
          ],
          [
            76.95669,
            28.84755
          ],
          [
            76.95682,
            28.84748
          ],
          [
            76.95693,
            28.84741
          ],
          [
            76.95739,
            28.84716
          ],
          [
            76.9589,
            28.84632
          ],
          [
            76.96004,
            28.84568
          ],
          [
            76.96026,
            28.84554
          ],
          [
            76.96085,
            28.84514
          ],
          [
            76.96136,
            28.84472
          ],
          [
            76.96158,
            28.84451
          ],
          [
            76.96163,
            28.84445
          ],
          [
            76.96171,
            28.84434
          ],
          [
            76.96203,
            28.84398
          ],
          [
            76.96222,
            28.84374
          ],
          [
            76.9625,
            28.84341
          ],
          [
            76.96285,
            28.84301
          ],
          [
            76.96322,
            28.84257
          ],
          [
            76.96353,
            28.8422
          ],
          [
            76.96398,
            28.84167
          ],
          [
            76.96812,
            28.83689
          ],
          [
            76.96823,
            28.83676
          ],
          [
            76.96835,
            28.83659
          ],
          [
            76.96895,
            28.83592
          ],
          [
            76.96924,
            28.83557
          ],
          [
            76.96934,
            28.83546
          ],
          [
            76.96997,
            28.8347
          ],
          [
            76.97062,
            28.83402
          ],
          [
            76.97073,
            28.8339
          ],
          [
            76.97116,
            28.83362
          ],
          [
            76.97155,
            28.83341
          ],
          [
            76.97237,
            28.83312
          ],
          [
            76.97242,
            28.83309
          ],
          [
            76.97377,
            28.83261
          ],
          [
            76.97582,
            28.83179
          ],
          [
            76.97615,
            28.83164
          ],
          [
            76.97639,
            28.83151
          ],
          [
            76.97717,
            28.83099
          ],
          [
            76.9774,
            28.83087
          ],
          [
            76.97815,
            28.83042
          ],
          [
            76.97844,
            28.83027
          ],
          [
            76.97875,
            28.83015
          ],
          [
            76.97912,
            28.83004
          ],
          [
            76.97925,
            28.83002
          ],
          [
            76.98002,
            28.83
          ],
          [
            76.98037,
            28.83
          ],
          [
            76.98053,
            28.83001
          ],
          [
            76.98068,
            28.83002
          ],
          [
            76.98088,
            28.83002
          ],
          [
            76.9811,
            28.83001
          ],
          [
            76.98166,
            28.82999
          ],
          [
            76.9819,
            28.82997
          ],
          [
            76.98208,
            28.82995
          ],
          [
            76.98233,
            28.82992
          ],
          [
            76.9826,
            28.8299
          ],
          [
            76.98263,
            28.8299
          ],
          [
            76.98275,
            28.82988
          ],
          [
            76.98293,
            28.82985
          ],
          [
            76.98336,
            28.82982
          ],
          [
            76.98417,
            28.82971
          ],
          [
            76.98432,
            28.8297
          ],
          [
            76.98455,
            28.82967
          ],
          [
            76.98517,
            28.82961
          ],
          [
            76.98584,
            28.82952
          ],
          [
            76.98645,
            28.82946
          ],
          [
            76.98673,
            28.82949
          ],
          [
            76.98711,
            28.82945
          ],
          [
            76.98744,
            28.82939
          ],
          [
            76.98793,
            28.82925
          ],
          [
            76.98838,
            28.8291
          ],
          [
            76.9885,
            28.82906
          ],
          [
            76.98877,
            28.82897
          ],
          [
            76.9897,
            28.82865
          ],
          [
            76.98984,
            28.82859
          ],
          [
            76.98996,
            28.82851
          ],
          [
            76.99007,
            28.82841
          ],
          [
            76.99014,
            28.82832
          ],
          [
            76.99032,
            28.828
          ],
          [
            76.9905,
            28.82757
          ],
          [
            76.99065,
            28.82719
          ],
          [
            76.99072,
            28.82691
          ],
          [
            76.99076,
            28.82669
          ],
          [
            76.99077,
            28.82657
          ],
          [
            76.99078,
            28.82621
          ],
          [
            76.99079,
            28.8258
          ],
          [
            76.99084,
            28.82527
          ],
          [
            76.99104,
            28.82448
          ],
          [
            76.99113,
            28.82422
          ],
          [
            76.99122,
            28.82402
          ],
          [
            76.99139,
            28.8238
          ],
          [
            76.99153,
            28.82367
          ],
          [
            76.9917,
            28.82354
          ],
          [
            76.99228,
            28.82319
          ],
          [
            76.99273,
            28.82292
          ],
          [
            76.99275,
            28.82287
          ],
          [
            76.99277,
            28.82287
          ],
          [
            76.993,
            28.82276
          ],
          [
            76.99319,
            28.82266
          ],
          [
            76.99337,
            28.82256
          ],
          [
            76.99371,
            28.82239
          ],
          [
            76.99414,
            28.82217
          ],
          [
            76.99435,
            28.82204
          ],
          [
            76.99449,
            28.82195
          ],
          [
            76.99509,
            28.8215
          ],
          [
            76.99525,
            28.82137
          ],
          [
            76.99543,
            28.82124
          ],
          [
            76.99564,
            28.82111
          ],
          [
            76.99607,
            28.82089
          ],
          [
            76.99621,
            28.82084
          ],
          [
            76.99726,
            28.82047
          ],
          [
            76.99751,
            28.82038
          ],
          [
            76.99756,
            28.82038
          ],
          [
            76.99867,
            28.82
          ],
          [
            77.00018,
            28.81951
          ],
          [
            77.00041,
            28.81945
          ],
          [
            77.00061,
            28.8194
          ],
          [
            77.00172,
            28.8192
          ],
          [
            77.00188,
            28.81915
          ],
          [
            77.00206,
            28.81908
          ],
          [
            77.00233,
            28.81891
          ],
          [
            77.00283,
            28.81857
          ],
          [
            77.00412,
            28.81788
          ],
          [
            77.00445,
            28.81766
          ],
          [
            77.00489,
            28.81744
          ],
          [
            77.00611,
            28.81701
          ],
          [
            77.00621,
            28.81698
          ],
          [
            77.00656,
            28.81687
          ],
          [
            77.00659,
            28.81684
          ],
          [
            77.00682,
            28.81674
          ],
          [
            77.00698,
            28.81666
          ],
          [
            77.00738,
            28.81644
          ],
          [
            77.00756,
            28.8162
          ],
          [
            77.00775,
            28.81591
          ],
          [
            77.00791,
            28.81554
          ],
          [
            77.00796,
            28.81531
          ],
          [
            77.00801,
            28.81483
          ],
          [
            77.00797,
            28.81436
          ],
          [
            77.00798,
            28.81387
          ],
          [
            77.00803,
            28.8137
          ],
          [
            77.00813,
            28.81344
          ],
          [
            77.00831,
            28.81322
          ],
          [
            77.00839,
            28.81315
          ],
          [
            77.00857,
            28.81303
          ],
          [
            77.00886,
            28.81283
          ],
          [
            77.00897,
            28.81277
          ],
          [
            77.00935,
            28.81257
          ],
          [
            77.00959,
            28.81243
          ],
          [
            77.00994,
            28.81224
          ],
          [
            77.01043,
            28.81197
          ],
          [
            77.01049,
            28.81194
          ],
          [
            77.01082,
            28.81176
          ],
          [
            77.01091,
            28.81171
          ],
          [
            77.01239,
            28.81094
          ],
          [
            77.01242,
            28.81093
          ],
          [
            77.01249,
            28.81091
          ],
          [
            77.01284,
            28.81061
          ],
          [
            77.01371,
            28.80977
          ],
          [
            77.01399,
            28.80952
          ],
          [
            77.01425,
            28.80933
          ],
          [
            77.01455,
            28.80917
          ],
          [
            77.01482,
            28.80905
          ],
          [
            77.01592,
            28.80863
          ],
          [
            77.01706,
            28.80828
          ],
          [
            77.01753,
            28.80817
          ],
          [
            77.01862,
            28.80793
          ],
          [
            77.01907,
            28.80781
          ],
          [
            77.02012,
            28.80734
          ],
          [
            77.02073,
            28.80716
          ],
          [
            77.02219,
            28.80685
          ],
          [
            77.02273,
            28.80669
          ],
          [
            77.0232,
            28.80656
          ],
          [
            77.02386,
            28.80637
          ],
          [
            77.02419,
            28.80627
          ],
          [
            77.02441,
            28.80621
          ],
          [
            77.02474,
            28.8061
          ],
          [
            77.02549,
            28.80585
          ],
          [
            77.02573,
            28.80575
          ],
          [
            77.026,
            28.80561
          ],
          [
            77.02682,
            28.80506
          ],
          [
            77.02748,
            28.80461
          ],
          [
            77.02817,
            28.80409
          ],
          [
            77.02864,
            28.80366
          ],
          [
            77.02892,
            28.80341
          ],
          [
            77.0292,
            28.80315
          ],
          [
            77.0294,
            28.80297
          ],
          [
            77.02988,
            28.80259
          ],
          [
            77.03002,
            28.8025
          ],
          [
            77.03033,
            28.80234
          ],
          [
            77.03046,
            28.80229
          ],
          [
            77.03071,
            28.80222
          ],
          [
            77.03104,
            28.80218
          ],
          [
            77.03141,
            28.80213
          ],
          [
            77.0317,
            28.8021
          ],
          [
            77.03228,
            28.80204
          ],
          [
            77.03234,
            28.80204
          ],
          [
            77.03252,
            28.80203
          ],
          [
            77.03297,
            28.80199
          ],
          [
            77.03364,
            28.8019
          ],
          [
            77.03384,
            28.80185
          ],
          [
            77.03396,
            28.8018
          ],
          [
            77.03415,
            28.80172
          ],
          [
            77.03429,
            28.80166
          ],
          [
            77.0346,
            28.80145
          ],
          [
            77.03483,
            28.80129
          ],
          [
            77.03498,
            28.80113
          ],
          [
            77.03516,
            28.80087
          ],
          [
            77.03531,
            28.80061
          ],
          [
            77.03538,
            28.80043
          ],
          [
            77.03544,
            28.80017
          ],
          [
            77.03544,
            28.80009
          ],
          [
            77.03536,
            28.79974
          ],
          [
            77.03533,
            28.79964
          ],
          [
            77.03519,
            28.79915
          ],
          [
            77.03514,
            28.79886
          ],
          [
            77.03513,
            28.79873
          ],
          [
            77.03516,
            28.7984
          ],
          [
            77.03515,
            28.79816
          ],
          [
            77.03513,
            28.79783
          ],
          [
            77.03513,
            28.79772
          ],
          [
            77.03513,
            28.79766
          ],
          [
            77.03513,
            28.79761
          ],
          [
            77.03519,
            28.79744
          ],
          [
            77.03544,
            28.79691
          ],
          [
            77.0358,
            28.79616
          ],
          [
            77.03619,
            28.79534
          ],
          [
            77.03667,
            28.79432
          ],
          [
            77.03675,
            28.79418
          ],
          [
            77.03685,
            28.79403
          ],
          [
            77.03692,
            28.79393
          ],
          [
            77.03694,
            28.7939
          ],
          [
            77.03746,
            28.79329
          ],
          [
            77.03757,
            28.79315
          ],
          [
            77.03767,
            28.79301
          ],
          [
            77.0385,
            28.79183
          ],
          [
            77.0387,
            28.79153
          ],
          [
            77.03878,
            28.79139
          ],
          [
            77.03884,
            28.79129
          ],
          [
            77.03893,
            28.79115
          ],
          [
            77.03895,
            28.7911
          ],
          [
            77.0392,
            28.79026
          ],
          [
            77.0394,
            28.78984
          ],
          [
            77.04111,
            28.78633
          ],
          [
            77.04218,
            28.78428
          ],
          [
            77.04304,
            28.78246
          ],
          [
            77.04341,
            28.78169
          ],
          [
            77.04374,
            28.78095
          ],
          [
            77.04393,
            28.78056
          ],
          [
            77.04401,
            28.78039
          ],
          [
            77.04398,
            28.78031
          ],
          [
            77.04397,
            28.78003
          ],
          [
            77.04398,
            28.77987
          ],
          [
            77.04401,
            28.77968
          ],
          [
            77.04405,
            28.77956
          ],
          [
            77.04409,
            28.77946
          ],
          [
            77.04469,
            28.77849
          ],
          [
            77.04484,
            28.77825
          ],
          [
            77.04535,
            28.77745
          ],
          [
            77.04578,
            28.77705
          ],
          [
            77.04681,
            28.77612
          ],
          [
            77.04707,
            28.77586
          ],
          [
            77.04725,
            28.77566
          ],
          [
            77.04751,
            28.77525
          ],
          [
            77.04819,
            28.77405
          ],
          [
            77.0483,
            28.77382
          ],
          [
            77.04833,
            28.77366
          ],
          [
            77.04848,
            28.77327
          ],
          [
            77.04857,
            28.77309
          ],
          [
            77.0486,
            28.77301
          ],
          [
            77.04883,
            28.7726
          ],
          [
            77.04889,
            28.77246
          ],
          [
            77.04915,
            28.77186
          ],
          [
            77.0492,
            28.77168
          ],
          [
            77.04923,
            28.77131
          ],
          [
            77.04927,
            28.77117
          ],
          [
            77.04933,
            28.77106
          ],
          [
            77.04935,
            28.77103
          ],
          [
            77.04949,
            28.77092
          ],
          [
            77.04964,
            28.77076
          ],
          [
            77.04967,
            28.77072
          ],
          [
            77.04969,
            28.77061
          ],
          [
            77.0497,
            28.77049
          ],
          [
            77.04966,
            28.76993
          ],
          [
            77.0496,
            28.76968
          ],
          [
            77.04935,
            28.76895
          ],
          [
            77.04933,
            28.76881
          ],
          [
            77.04926,
            28.76815
          ],
          [
            77.04927,
            28.76797
          ],
          [
            77.04933,
            28.76783
          ],
          [
            77.04939,
            28.76777
          ],
          [
            77.04943,
            28.76772
          ],
          [
            77.04986,
            28.76741
          ],
          [
            77.04993,
            28.76736
          ],
          [
            77.05005,
            28.76734
          ],
          [
            77.05076,
            28.7668
          ],
          [
            77.05124,
            28.76645
          ],
          [
            77.05181,
            28.76606
          ],
          [
            77.05231,
            28.76578
          ],
          [
            77.05299,
            28.76538
          ],
          [
            77.05354,
            28.76517
          ],
          [
            77.05426,
            28.76491
          ],
          [
            77.05468,
            28.7647
          ],
          [
            77.05495,
            28.76455
          ],
          [
            77.05518,
            28.76439
          ],
          [
            77.05547,
            28.76415
          ],
          [
            77.05557,
            28.76404
          ],
          [
            77.05633,
            28.76316
          ],
          [
            77.05688,
            28.76233
          ],
          [
            77.05728,
            28.76176
          ],
          [
            77.05746,
            28.76164
          ],
          [
            77.05778,
            28.76148
          ],
          [
            77.05856,
            28.76118
          ],
          [
            77.0589,
            28.76105
          ],
          [
            77.05925,
            28.76093
          ],
          [
            77.05924,
            28.76086
          ],
          [
            77.05919,
            28.76056
          ],
          [
            77.05911,
            28.76029
          ],
          [
            77.05892,
            28.75941
          ],
          [
            77.0583,
            28.7581
          ],
          [
            77.05826,
            28.75801
          ],
          [
            77.0567,
            28.75507
          ],
          [
            77.05665,
            28.75497
          ],
          [
            77.055,
            28.75193
          ],
          [
            77.05479,
            28.75154
          ],
          [
            77.05487,
            28.75156
          ],
          [
            77.05504,
            28.75149
          ],
          [
            77.057,
            28.75045
          ],
          [
            77.05711,
            28.75039
          ],
          [
            77.05936,
            28.7492
          ],
          [
            77.05946,
            28.74915
          ],
          [
            77.06049,
            28.74862
          ],
          [
            77.06057,
            28.74858
          ],
          [
            77.06292,
            28.74734
          ],
          [
            77.06404,
            28.74675
          ],
          [
            77.06414,
            28.7467
          ],
          [
            77.06519,
            28.74615
          ],
          [
            77.06528,
            28.7461
          ],
          [
            77.06838,
            28.74446
          ],
          [
            77.06851,
            28.74439
          ],
          [
            77.06866,
            28.74431
          ],
          [
            77.06929,
            28.74397
          ],
          [
            77.06991,
            28.74368
          ],
          [
            77.07386,
            28.74198
          ],
          [
            77.074,
            28.74193
          ],
          [
            77.07413,
            28.74187
          ],
          [
            77.07555,
            28.74129
          ],
          [
            77.07957,
            28.73959
          ],
          [
            77.08192,
            28.73862
          ],
          [
            77.0821,
            28.73849
          ],
          [
            77.08228,
            28.73837
          ],
          [
            77.08676,
            28.73526
          ],
          [
            77.08763,
            28.73466
          ],
          [
            77.08772,
            28.73459
          ],
          [
            77.08799,
            28.73441
          ],
          [
            77.08805,
            28.73436
          ],
          [
            77.08935,
            28.73347
          ],
          [
            77.08944,
            28.73341
          ],
          [
            77.09247,
            28.73132
          ],
          [
            77.0941,
            28.73019
          ],
          [
            77.09416,
            28.73015
          ],
          [
            77.09429,
            28.73008
          ],
          [
            77.09452,
            28.7299
          ],
          [
            77.09625,
            28.72871
          ],
          [
            77.09722,
            28.72805
          ],
          [
            77.09866,
            28.72704
          ],
          [
            77.09898,
            28.72683
          ],
          [
            77.0995,
            28.72646
          ],
          [
            77.09963,
            28.72637
          ],
          [
            77.10088,
            28.72553
          ],
          [
            77.10214,
            28.72468
          ],
          [
            77.10265,
            28.72433
          ],
          [
            77.10345,
            28.72377
          ],
          [
            77.10526,
            28.72254
          ],
          [
            77.10631,
            28.72179
          ],
          [
            77.10742,
            28.72069
          ],
          [
            77.10767,
            28.72045
          ],
          [
            77.10798,
            28.72018
          ],
          [
            77.10806,
            28.72011
          ],
          [
            77.10827,
            28.71993
          ],
          [
            77.10931,
            28.71922
          ],
          [
            77.1094,
            28.71916
          ],
          [
            77.1097,
            28.71895
          ],
          [
            77.10983,
            28.71887
          ],
          [
            77.11053,
            28.71838
          ],
          [
            77.11241,
            28.71708
          ],
          [
            77.1125,
            28.71701
          ],
          [
            77.1124,
            28.71689
          ],
          [
            77.11236,
            28.71685
          ],
          [
            77.11178,
            28.7162
          ],
          [
            77.11074,
            28.71505
          ],
          [
            77.11021,
            28.71446
          ],
          [
            77.10965,
            28.7138
          ],
          [
            77.10935,
            28.71346
          ],
          [
            77.10894,
            28.713
          ],
          [
            77.10865,
            28.71267
          ],
          [
            77.10808,
            28.71202
          ],
          [
            77.10757,
            28.71146
          ],
          [
            77.10733,
            28.71119
          ],
          [
            77.10695,
            28.71077
          ],
          [
            77.10655,
            28.71032
          ],
          [
            77.10595,
            28.70965
          ],
          [
            77.10583,
            28.70952
          ],
          [
            77.10536,
            28.709
          ],
          [
            77.10496,
            28.70856
          ],
          [
            77.10426,
            28.70773
          ],
          [
            77.10338,
            28.70673
          ],
          [
            77.10267,
            28.70592
          ],
          [
            77.10187,
            28.70509
          ],
          [
            77.1028,
            28.70444
          ],
          [
            77.10187,
            28.70509
          ],
          [
            77.10156,
            28.70473
          ],
          [
            77.10099,
            28.70414
          ],
          [
            77.09983,
            28.70285
          ],
          [
            77.09948,
            28.70245
          ],
          [
            77.09938,
            28.70231
          ],
          [
            77.09933,
            28.70224
          ],
          [
            77.09897,
            28.70176
          ],
          [
            77.0987,
            28.70138
          ],
          [
            77.09842,
            28.70102
          ],
          [
            77.09815,
            28.70065
          ],
          [
            77.09788,
            28.70028
          ],
          [
            77.0976,
            28.69991
          ],
          [
            77.09732,
            28.69953
          ],
          [
            77.09669,
            28.69867
          ],
          [
            77.09716,
            28.69838
          ],
          [
            77.0977,
            28.69803
          ],
          [
            77.0983,
            28.69765
          ],
          [
            77.0984,
            28.69757
          ],
          [
            77.0989,
            28.6972
          ],
          [
            77.09922,
            28.69694
          ],
          [
            77.09934,
            28.69672
          ],
          [
            77.09938,
            28.69644
          ],
          [
            77.09972,
            28.69539
          ],
          [
            77.10012,
            28.69429
          ],
          [
            77.10049,
            28.69317
          ],
          [
            77.10052,
            28.69306
          ],
          [
            77.1006,
            28.69284
          ],
          [
            77.1005,
            28.6928
          ],
          [
            77.1002,
            28.69269
          ],
          [
            77.09918,
            28.6922
          ],
          [
            77.09863,
            28.69185
          ],
          [
            77.09819,
            28.69152
          ],
          [
            77.09795,
            28.69129
          ],
          [
            77.09767,
            28.69102
          ],
          [
            77.0975,
            28.69081
          ],
          [
            77.09739,
            28.69059
          ],
          [
            77.09704,
            28.69015
          ],
          [
            77.09697,
            28.69009
          ],
          [
            77.09659,
            28.68934
          ],
          [
            77.09643,
            28.68886
          ],
          [
            77.09636,
            28.6886
          ],
          [
            77.09631,
            28.6883
          ],
          [
            77.09625,
            28.68793
          ],
          [
            77.09599,
            28.68643
          ],
          [
            77.09588,
            28.68624
          ],
          [
            77.09539,
            28.68343
          ],
          [
            77.09533,
            28.68313
          ],
          [
            77.09531,
            28.68298
          ],
          [
            77.09533,
            28.68254
          ],
          [
            77.09492,
            28.68032
          ],
          [
            77.09489,
            28.68017
          ],
          [
            77.09479,
            28.67961
          ],
          [
            77.09476,
            28.6794
          ],
          [
            77.09472,
            28.67878
          ],
          [
            77.09445,
            28.67714
          ],
          [
            77.09431,
            28.67657
          ],
          [
            77.09434,
            28.67648
          ],
          [
            77.09426,
            28.67615
          ],
          [
            77.09417,
            28.67561
          ],
          [
            77.09409,
            28.67488
          ],
          [
            77.09388,
            28.67369
          ],
          [
            77.09378,
            28.67291
          ],
          [
            77.09373,
            28.67262
          ],
          [
            77.0936,
            28.6725
          ],
          [
            77.09311,
            28.66944
          ],
          [
            77.09316,
            28.66933
          ],
          [
            77.09317,
            28.66925
          ],
          [
            77.09316,
            28.66914
          ],
          [
            77.09312,
            28.66901
          ],
          [
            77.09302,
            28.6689
          ],
          [
            77.09284,
            28.66783
          ],
          [
            77.09274,
            28.66733
          ],
          [
            77.09263,
            28.66674
          ],
          [
            77.09259,
            28.66663
          ],
          [
            77.09252,
            28.66659
          ],
          [
            77.09248,
            28.66633
          ],
          [
            77.09225,
            28.66482
          ],
          [
            77.09217,
            28.66436
          ],
          [
            77.09179,
            28.66212
          ],
          [
            77.09129,
            28.65926
          ],
          [
            77.09109,
            28.65844
          ],
          [
            77.09085,
            28.65769
          ],
          [
            77.09051,
            28.65693
          ],
          [
            77.08983,
            28.6558
          ],
          [
            77.08923,
            28.65487
          ],
          [
            77.0887,
            28.6541
          ],
          [
            77.08634,
            28.65101
          ],
          [
            77.08592,
            28.65032
          ],
          [
            77.0855,
            28.64949
          ],
          [
            77.08523,
            28.64888
          ],
          [
            77.08508,
            28.64842
          ],
          [
            77.08494,
            28.64778
          ],
          [
            77.0847,
            28.6469
          ],
          [
            77.08438,
            28.64604
          ],
          [
            77.08316,
            28.64262
          ],
          [
            77.08102,
            28.63708
          ],
          [
            77.08082,
            28.63636
          ],
          [
            77.08066,
            28.6354
          ],
          [
            77.08062,
            28.63503
          ],
          [
            77.08064,
            28.63457
          ],
          [
            77.08074,
            28.63409
          ],
          [
            77.08081,
            28.63391
          ],
          [
            77.08093,
            28.6335
          ],
          [
            77.08102,
            28.63324
          ],
          [
            77.0812,
            28.63287
          ],
          [
            77.08157,
            28.63213
          ],
          [
            77.08177,
            28.63176
          ],
          [
            77.08199,
            28.63168
          ],
          [
            77.08207,
            28.63167
          ],
          [
            77.0826,
            28.63172
          ],
          [
            77.0827,
            28.63172
          ],
          [
            77.08274,
            28.63168
          ],
          [
            77.08274,
            28.63162
          ],
          [
            77.08269,
            28.63156
          ],
          [
            77.08211,
            28.63115
          ],
          [
            77.08209,
            28.63106
          ],
          [
            77.08213,
            28.63092
          ],
          [
            77.08225,
            28.63076
          ],
          [
            77.08241,
            28.63048
          ],
          [
            77.08262,
            28.63009
          ],
          [
            77.08309,
            28.62954
          ],
          [
            77.08361,
            28.62889
          ],
          [
            77.08393,
            28.62847
          ],
          [
            77.08432,
            28.62801
          ],
          [
            77.08459,
            28.62769
          ],
          [
            77.08599,
            28.626
          ],
          [
            77.08601,
            28.62598
          ],
          [
            77.08617,
            28.6258
          ],
          [
            77.08655,
            28.62536
          ],
          [
            77.08661,
            28.62528
          ],
          [
            77.0872,
            28.62454
          ],
          [
            77.08755,
            28.62409
          ],
          [
            77.08765,
            28.62389
          ],
          [
            77.08773,
            28.62365
          ],
          [
            77.08784,
            28.62323
          ],
          [
            77.08786,
            28.62294
          ],
          [
            77.08787,
            28.62248
          ],
          [
            77.08785,
            28.62221
          ],
          [
            77.08784,
            28.62187
          ],
          [
            77.08815,
            28.62184
          ],
          [
            77.08892,
            28.62177
          ],
          [
            77.08899,
            28.62176
          ],
          [
            77.08897,
            28.62167
          ],
          [
            77.0887,
            28.61866
          ],
          [
            77.08862,
            28.6182
          ],
          [
            77.08858,
            28.61804
          ],
          [
            77.08851,
            28.61779
          ],
          [
            77.0883,
            28.61712
          ],
          [
            77.088,
            28.61624
          ],
          [
            77.08793,
            28.61609
          ],
          [
            77.08791,
            28.61605
          ],
          [
            77.08741,
            28.61492
          ],
          [
            77.08721,
            28.61452
          ],
          [
            77.08682,
            28.61386
          ],
          [
            77.08682,
            28.61377
          ],
          [
            77.08686,
            28.6137
          ],
          [
            77.08691,
            28.61365
          ],
          [
            77.08698,
            28.61363
          ],
          [
            77.08705,
            28.6136
          ],
          [
            77.08715,
            28.6135
          ],
          [
            77.08722,
            28.61336
          ],
          [
            77.08722,
            28.61321
          ],
          [
            77.08716,
            28.61307
          ],
          [
            77.08704,
            28.61296
          ],
          [
            77.08691,
            28.61291
          ],
          [
            77.08678,
            28.6129
          ],
          [
            77.08664,
            28.61278
          ],
          [
            77.08632,
            28.61242
          ],
          [
            77.08605,
            28.61207
          ],
          [
            77.08576,
            28.61189
          ],
          [
            77.08556,
            28.61179
          ],
          [
            77.08535,
            28.61175
          ],
          [
            77.08532,
            28.61174
          ],
          [
            77.08511,
            28.6117
          ],
          [
            77.08476,
            28.61149
          ],
          [
            77.08452,
            28.61132
          ],
          [
            77.08435,
            28.61115
          ],
          [
            77.08419,
            28.61097
          ],
          [
            77.0841,
            28.61088
          ],
          [
            77.08408,
            28.61085
          ],
          [
            77.08386,
            28.61064
          ],
          [
            77.08382,
            28.61061
          ],
          [
            77.08379,
            28.61057
          ],
          [
            77.08366,
            28.61049
          ],
          [
            77.08353,
            28.61045
          ],
          [
            77.0834,
            28.61047
          ],
          [
            77.0832,
            28.61054
          ],
          [
            77.08296,
            28.61061
          ],
          [
            77.0823,
            28.61051
          ],
          [
            77.08206,
            28.6104
          ],
          [
            77.08187,
            28.61026
          ],
          [
            77.08089,
            28.60945
          ],
          [
            77.07902,
            28.60792
          ],
          [
            77.07855,
            28.60768
          ],
          [
            77.0768,
            28.60683
          ],
          [
            77.0761,
            28.60655
          ],
          [
            77.07313,
            28.60552
          ],
          [
            77.07269,
            28.60526
          ],
          [
            77.07253,
            28.6051
          ],
          [
            77.07238,
            28.60488
          ],
          [
            77.07214,
            28.60449
          ],
          [
            77.07185,
            28.60393
          ],
          [
            77.07161,
            28.6037
          ],
          [
            77.0713,
            28.60353
          ],
          [
            77.07078,
            28.60332
          ],
          [
            77.07021,
            28.60308
          ],
          [
            77.07031,
            28.60284
          ],
          [
            77.0705,
            28.60243
          ],
          [
            77.07077,
            28.60181
          ],
          [
            77.07132,
            28.60061
          ],
          [
            77.07164,
            28.59991
          ],
          [
            77.07178,
            28.59948
          ],
          [
            77.07196,
            28.59866
          ],
          [
            77.07206,
            28.59812
          ],
          [
            77.07214,
            28.59718
          ],
          [
            77.07215,
            28.59674
          ],
          [
            77.07212,
            28.5963
          ],
          [
            77.07207,
            28.59593
          ],
          [
            77.07206,
            28.59589
          ],
          [
            77.07204,
            28.59564
          ],
          [
            77.07189,
            28.5949
          ],
          [
            77.07186,
            28.59477
          ],
          [
            77.07183,
            28.59468
          ],
          [
            77.07178,
            28.5945
          ],
          [
            77.07162,
            28.59406
          ],
          [
            77.07127,
            28.59328
          ],
          [
            77.07081,
            28.59255
          ],
          [
            77.0706,
            28.59224
          ],
          [
            77.07029,
            28.59184
          ],
          [
            77.0694,
            28.5908
          ],
          [
            77.06934,
            28.59072
          ],
          [
            77.06738,
            28.58836
          ],
          [
            77.06605,
            28.58685
          ],
          [
            77.06557,
            28.58631
          ],
          [
            77.06548,
            28.58621
          ],
          [
            77.06525,
            28.58594
          ],
          [
            77.06517,
            28.58584
          ],
          [
            77.06421,
            28.58472
          ],
          [
            77.06377,
            28.58421
          ],
          [
            77.06189,
            28.582
          ],
          [
            77.06172,
            28.5818
          ],
          [
            77.06165,
            28.58172
          ],
          [
            77.06152,
            28.58156
          ],
          [
            77.05993,
            28.57971
          ],
          [
            77.05936,
            28.57903
          ],
          [
            77.05918,
            28.5788
          ],
          [
            77.05911,
            28.57872
          ],
          [
            77.05801,
            28.57744
          ],
          [
            77.05777,
            28.57716
          ],
          [
            77.05799,
            28.57703
          ],
          [
            77.05962,
            28.57595
          ],
          [
            77.06037,
            28.57544
          ],
          [
            77.06059,
            28.57529
          ],
          [
            77.06225,
            28.57411
          ],
          [
            77.0639,
            28.57301
          ],
          [
            77.06493,
            28.57233
          ],
          [
            77.06545,
            28.57202
          ],
          [
            77.06558,
            28.57194
          ],
          [
            77.06551,
            28.57186
          ],
          [
            77.06519,
            28.57149
          ],
          [
            77.06304,
            28.56896
          ],
          [
            77.06288,
            28.56878
          ],
          [
            77.06253,
            28.56837
          ],
          [
            77.06213,
            28.5679
          ],
          [
            77.06106,
            28.56664
          ],
          [
            77.06019,
            28.56562
          ],
          [
            77.05979,
            28.56514
          ],
          [
            77.05972,
            28.56505
          ],
          [
            77.05936,
            28.5646
          ],
          [
            77.05901,
            28.56418
          ],
          [
            77.05785,
            28.56283
          ],
          [
            77.05777,
            28.56275
          ],
          [
            77.05641,
            28.56115
          ],
          [
            77.05496,
            28.55948
          ],
          [
            77.05433,
            28.55874
          ],
          [
            77.05185,
            28.55582
          ],
          [
            77.05163,
            28.55553
          ],
          [
            77.04974,
            28.55339
          ],
          [
            77.049,
            28.55249
          ],
          [
            77.04822,
            28.55153
          ],
          [
            77.04769,
            28.55093
          ],
          [
            77.04639,
            28.54942
          ],
          [
            77.04586,
            28.54888
          ],
          [
            77.04532,
            28.5484
          ],
          [
            77.04392,
            28.54683
          ],
          [
            77.04169,
            28.54426
          ],
          [
            77.04039,
            28.54269
          ],
          [
            77.03922,
            28.54138
          ],
          [
            77.03755,
            28.53935
          ],
          [
            77.03696,
            28.53856
          ],
          [
            77.03684,
            28.53836
          ],
          [
            77.03622,
            28.53717
          ],
          [
            77.03604,
            28.53664
          ],
          [
            77.03569,
            28.53505
          ],
          [
            77.03554,
            28.53369
          ],
          [
            77.03533,
            28.53233
          ],
          [
            77.03512,
            28.53182
          ],
          [
            77.03484,
            28.53136
          ],
          [
            77.03449,
            28.53089
          ],
          [
            77.03434,
            28.53065
          ],
          [
            77.03357,
            28.52977
          ],
          [
            77.02968,
            28.52551
          ],
          [
            77.02773,
            28.52329
          ],
          [
            77.02617,
            28.52163
          ],
          [
            77.02305,
            28.51824
          ],
          [
            77.01981,
            28.51457
          ],
          [
            77.01636,
            28.51042
          ],
          [
            77.01363,
            28.50744
          ],
          [
            77.01292,
            28.50675
          ],
          [
            77.01204,
            28.5058
          ],
          [
            77.01158,
            28.50524
          ],
          [
            77.0089,
            28.50207
          ],
          [
            77.00849,
            28.50156
          ],
          [
            77.00743,
            28.50032
          ],
          [
            77.00694,
            28.49983
          ],
          [
            77.00492,
            28.49799
          ],
          [
            76.99995,
            28.49355
          ],
          [
            76.99971,
            28.49334
          ],
          [
            76.99667,
            28.49036
          ],
          [
            76.99526,
            28.48898
          ],
          [
            76.99374,
            28.48747
          ],
          [
            76.99188,
            28.48575
          ],
          [
            76.98962,
            28.4835
          ],
          [
            76.98825,
            28.48218
          ],
          [
            76.98096,
            28.47564
          ],
          [
            76.9799,
            28.47477
          ],
          [
            76.97614,
            28.47153
          ],
          [
            76.97362,
            28.46918
          ],
          [
            76.97113,
            28.46672
          ],
          [
            76.97005,
            28.46562
          ],
          [
            76.96925,
            28.46463
          ],
          [
            76.96889,
            28.46421
          ],
          [
            76.96718,
            28.46163
          ],
          [
            76.96648,
            28.46052
          ],
          [
            76.9662,
            28.46007
          ],
          [
            76.96565,
            28.45921
          ],
          [
            76.96564,
            28.45897
          ],
          [
            76.96563,
            28.45887
          ],
          [
            76.96487,
            28.45737
          ],
          [
            76.96442,
            28.45639
          ],
          [
            76.96329,
            28.45392
          ],
          [
            76.96254,
            28.45223
          ],
          [
            76.9621,
            28.45102
          ],
          [
            76.96187,
            28.45035
          ],
          [
            76.96162,
            28.44948
          ],
          [
            76.96138,
            28.44861
          ],
          [
            76.96104,
            28.44705
          ],
          [
            76.96099,
            28.44692
          ],
          [
            76.96082,
            28.44657
          ],
          [
            76.96063,
            28.4452
          ],
          [
            76.96047,
            28.44382
          ],
          [
            76.96031,
            28.44263
          ],
          [
            76.96024,
            28.4419
          ],
          [
            76.96023,
            28.4413
          ],
          [
            76.96021,
            28.44093
          ],
          [
            76.96022,
            28.44029
          ],
          [
            76.96027,
            28.43851
          ],
          [
            76.9604,
            28.43617
          ],
          [
            76.96052,
            28.43516
          ],
          [
            76.96075,
            28.43375
          ],
          [
            76.96172,
            28.42795
          ],
          [
            76.96204,
            28.42617
          ],
          [
            76.96244,
            28.42409
          ],
          [
            76.96283,
            28.42204
          ],
          [
            76.96301,
            28.42131
          ],
          [
            76.96334,
            28.4203
          ],
          [
            76.96361,
            28.41962
          ],
          [
            76.96377,
            28.4193
          ],
          [
            76.96396,
            28.41899
          ],
          [
            76.96419,
            28.4187
          ],
          [
            76.96474,
            28.41819
          ],
          [
            76.96506,
            28.41797
          ],
          [
            76.96539,
            28.41778
          ],
          [
            76.96576,
            28.41763
          ],
          [
            76.9661,
            28.41751
          ],
          [
            76.96646,
            28.41742
          ],
          [
            76.96685,
            28.41737
          ],
          [
            76.96725,
            28.41733
          ],
          [
            76.96765,
            28.41734
          ],
          [
            76.96886,
            28.41747
          ],
          [
            76.96927,
            28.4175
          ],
          [
            76.96968,
            28.41751
          ],
          [
            76.97009,
            28.4175
          ],
          [
            76.97071,
            28.41741
          ],
          [
            76.97123,
            28.41727
          ],
          [
            76.97158,
            28.41714
          ],
          [
            76.97185,
            28.41702
          ],
          [
            76.97296,
            28.41642
          ],
          [
            76.97443,
            28.41561
          ],
          [
            76.97776,
            28.41372
          ],
          [
            76.97842,
            28.4133
          ],
          [
            76.98085,
            28.41161
          ],
          [
            76.98152,
            28.41118
          ],
          [
            76.98236,
            28.41069
          ],
          [
            76.98318,
            28.41024
          ],
          [
            76.9838,
            28.40988
          ],
          [
            76.98421,
            28.40956
          ],
          [
            76.98445,
            28.40934
          ],
          [
            76.98527,
            28.4085
          ],
          [
            76.98582,
            28.40803
          ],
          [
            76.98628,
            28.40771
          ],
          [
            76.9868,
            28.40741
          ],
          [
            76.98764,
            28.407
          ],
          [
            76.9896,
            28.40616
          ],
          [
            76.9909,
            28.40561
          ],
          [
            76.99289,
            28.40479
          ],
          [
            76.99368,
            28.40446
          ],
          [
            76.99497,
            28.40397
          ],
          [
            76.99602,
            28.40358
          ],
          [
            76.99637,
            28.40347
          ],
          [
            76.99654,
            28.40342
          ],
          [
            76.99886,
            28.40273
          ],
          [
            76.9998,
            28.40247
          ],
          [
            77.0006,
            28.40231
          ],
          [
            77.00074,
            28.40228
          ],
          [
            77.00119,
            28.40219
          ],
          [
            77.00171,
            28.40208
          ],
          [
            77.00287,
            28.40184
          ],
          [
            77.00338,
            28.40173
          ],
          [
            77.00456,
            28.40158
          ],
          [
            77.00484,
            28.40153
          ],
          [
            77.00528,
            28.40148
          ],
          [
            77.00566,
            28.40143
          ],
          [
            77.00675,
            28.40125
          ],
          [
            77.00811,
            28.40107
          ],
          [
            77.00887,
            28.401
          ],
          [
            77.00903,
            28.40099
          ],
          [
            77.0093,
            28.40097
          ],
          [
            77.00957,
            28.40094
          ],
          [
            77.01008,
            28.40092
          ],
          [
            77.01111,
            28.4009
          ],
          [
            77.01194,
            28.40088
          ],
          [
            77.01263,
            28.40087
          ],
          [
            77.0133,
            28.40086
          ],
          [
            77.01449,
            28.40085
          ],
          [
            77.01552,
            28.40085
          ],
          [
            77.01587,
            28.40085
          ],
          [
            77.01626,
            28.40081
          ],
          [
            77.01637,
            28.40081
          ],
          [
            77.01643,
            28.40081
          ],
          [
            77.01701,
            28.40083
          ],
          [
            77.01709,
            28.40083
          ],
          [
            77.01835,
            28.40081
          ],
          [
            77.01899,
            28.4008
          ],
          [
            77.02033,
            28.40078
          ],
          [
            77.02044,
            28.40077
          ],
          [
            77.02084,
            28.40077
          ],
          [
            77.02285,
            28.40073
          ],
          [
            77.02307,
            28.40072
          ],
          [
            77.02383,
            28.40073
          ],
          [
            77.0245,
            28.40073
          ],
          [
            77.02476,
            28.40076
          ],
          [
            77.02498,
            28.40076
          ],
          [
            77.02624,
            28.40066
          ],
          [
            77.02734,
            28.40064
          ],
          [
            77.02999,
            28.4006
          ],
          [
            77.0308,
            28.40058
          ],
          [
            77.03107,
            28.40056
          ],
          [
            77.03145,
            28.40057
          ],
          [
            77.03226,
            28.40061
          ],
          [
            77.03483,
            28.40082
          ],
          [
            77.03607,
            28.40092
          ],
          [
            77.03621,
            28.40094
          ],
          [
            77.03679,
            28.40099
          ],
          [
            77.03976,
            28.40127
          ],
          [
            77.03984,
            28.40128
          ],
          [
            77.0414,
            28.40134
          ],
          [
            77.0438,
            28.40146
          ],
          [
            77.04463,
            28.40158
          ],
          [
            77.04495,
            28.40161
          ],
          [
            77.04504,
            28.40126
          ],
          [
            77.04517,
            28.40076
          ],
          [
            77.04521,
            28.40058
          ],
          [
            77.04538,
            28.39992
          ],
          [
            77.04545,
            28.39966
          ],
          [
            77.04571,
            28.39867
          ],
          [
            77.04583,
            28.39814
          ],
          [
            77.04603,
            28.39736
          ],
          [
            77.04613,
            28.39699
          ],
          [
            77.0462,
            28.39673
          ],
          [
            77.04627,
            28.39644
          ],
          [
            77.04637,
            28.39604
          ],
          [
            77.04642,
            28.39586
          ],
          [
            77.04649,
            28.39559
          ],
          [
            77.04677,
            28.39449
          ],
          [
            77.04687,
            28.39421
          ],
          [
            77.04706,
            28.39382
          ],
          [
            77.04732,
            28.39346
          ],
          [
            77.04786,
            28.39272
          ],
          [
            77.04853,
            28.39184
          ],
          [
            77.04904,
            28.39117
          ],
          [
            77.04958,
            28.39048
          ],
          [
            77.05014,
            28.38967
          ],
          [
            77.05075,
            28.38874
          ],
          [
            77.05083,
            28.3886
          ],
          [
            77.05096,
            28.38839
          ],
          [
            77.05106,
            28.38823
          ],
          [
            77.05228,
            28.38636
          ],
          [
            77.05264,
            28.38579
          ],
          [
            77.05276,
            28.38555
          ],
          [
            77.05316,
            28.38474
          ],
          [
            77.05336,
            28.38422
          ],
          [
            77.05382,
            28.3829
          ],
          [
            77.05414,
            28.38198
          ],
          [
            77.05416,
            28.38193
          ],
          [
            77.05421,
            28.38174
          ],
          [
            77.05429,
            28.38149
          ],
          [
            77.05444,
            28.38099
          ],
          [
            77.05456,
            28.38062
          ],
          [
            77.05464,
            28.38037
          ],
          [
            77.05495,
            28.37939
          ],
          [
            77.05551,
            28.37769
          ],
          [
            77.05547,
            28.37739
          ],
          [
            77.05667,
            28.37377
          ],
          [
            77.05906,
            28.36657
          ],
          [
            77.06027,
            28.36272
          ],
          [
            77.06136,
            28.35883
          ],
          [
            77.06203,
            28.35664
          ],
          [
            77.06252,
            28.35492
          ],
          [
            77.06272,
            28.35439
          ],
          [
            77.06299,
            28.35391
          ],
          [
            77.06467,
            28.35163
          ],
          [
            77.06509,
            28.351
          ],
          [
            77.06673,
            28.34843
          ],
          [
            77.06759,
            28.34699
          ],
          [
            77.06779,
            28.34656
          ],
          [
            77.06794,
            28.34607
          ],
          [
            77.06801,
            28.34561
          ],
          [
            77.06803,
            28.34497
          ],
          [
            77.06782,
            28.33784
          ],
          [
            77.06778,
            28.33662
          ],
          [
            77.06777,
            28.33637
          ],
          [
            77.06771,
            28.33438
          ],
          [
            77.06757,
            28.33109
          ],
          [
            77.06757,
            28.33035
          ],
          [
            77.06757,
            28.33029
          ],
          [
            77.06725,
            28.32173
          ],
          [
            77.06725,
            28.32145
          ],
          [
            77.0671,
            28.31589
          ],
          [
            77.06683,
            28.30765
          ],
          [
            77.06681,
            28.30697
          ],
          [
            77.06673,
            28.30418
          ],
          [
            77.06686,
            28.30298
          ],
          [
            77.06687,
            28.30261
          ],
          [
            77.06682,
            28.30123
          ],
          [
            77.06682,
            28.30071
          ],
          [
            77.06685,
            28.30052
          ],
          [
            77.06694,
            28.30023
          ],
          [
            77.0671,
            28.29998
          ],
          [
            77.06719,
            28.29986
          ],
          [
            77.06738,
            28.29969
          ],
          [
            77.06762,
            28.29953
          ],
          [
            77.06791,
            28.29939
          ],
          [
            77.06823,
            28.29931
          ],
          [
            77.06965,
            28.2991
          ],
          [
            77.07407,
            28.29854
          ],
          [
            77.07447,
            28.29848
          ],
          [
            77.08274,
            28.29737
          ],
          [
            77.08315,
            28.29732
          ],
          [
            77.08603,
            28.29692
          ],
          [
            77.0944,
            28.29585
          ],
          [
            77.09537,
            28.2957
          ],
          [
            77.09611,
            28.29549
          ],
          [
            77.09737,
            28.29503
          ],
          [
            77.09821,
            28.29452
          ],
          [
            77.099,
            28.2939
          ],
          [
            77.09966,
            28.2933
          ],
          [
            77.10083,
            28.29175
          ],
          [
            77.10089,
            28.29167
          ],
          [
            77.10218,
            28.28988
          ],
          [
            77.10734,
            28.28287
          ],
          [
            77.10743,
            28.28274
          ],
          [
            77.10873,
            28.28094
          ],
          [
            77.1109,
            28.27798
          ],
          [
            77.11167,
            28.27666
          ],
          [
            77.11195,
            28.27601
          ],
          [
            77.11219,
            28.27525
          ],
          [
            77.11237,
            28.27393
          ],
          [
            77.11244,
            28.2724
          ],
          [
            77.11233,
            28.27171
          ],
          [
            77.11116,
            28.26543
          ],
          [
            77.11113,
            28.26528
          ],
          [
            77.11089,
            28.26403
          ],
          [
            77.10942,
            28.25593
          ],
          [
            77.10928,
            28.25458
          ],
          [
            77.10925,
            28.25382
          ],
          [
            77.10924,
            28.25361
          ],
          [
            77.10923,
            28.25323
          ],
          [
            77.10929,
            28.25162
          ],
          [
            77.10947,
            28.24997
          ],
          [
            77.1097,
            28.24861
          ],
          [
            77.10992,
            28.24779
          ],
          [
            77.11024,
            28.2466
          ],
          [
            77.11051,
            28.24586
          ],
          [
            77.11079,
            28.24507
          ],
          [
            77.11101,
            28.2446
          ],
          [
            77.11135,
            28.24385
          ],
          [
            77.11519,
            28.23705
          ],
          [
            77.11628,
            28.23505
          ],
          [
            77.11698,
            28.23324
          ],
          [
            77.11722,
            28.2324
          ],
          [
            77.11742,
            28.23149
          ],
          [
            77.11764,
            28.23049
          ],
          [
            77.11829,
            28.22704
          ],
          [
            77.11917,
            28.22186
          ],
          [
            77.11946,
            28.22091
          ],
          [
            77.12064,
            28.21781
          ],
          [
            77.1207,
            28.2177
          ],
          [
            77.12111,
            28.217
          ],
          [
            77.12204,
            28.21565
          ],
          [
            77.12367,
            28.2137
          ],
          [
            77.12393,
            28.21342
          ],
          [
            77.12556,
            28.21161
          ],
          [
            77.12849,
            28.20844
          ],
          [
            77.12977,
            28.20704
          ],
          [
            77.12988,
            28.20692
          ],
          [
            77.13119,
            28.20547
          ],
          [
            77.13126,
            28.20539
          ],
          [
            77.13415,
            28.20213
          ],
          [
            77.13437,
            28.20187
          ],
          [
            77.13473,
            28.20146
          ],
          [
            77.13722,
            28.1987
          ],
          [
            77.13751,
            28.1984
          ],
          [
            77.14002,
            28.1956
          ],
          [
            77.14016,
            28.19545
          ],
          [
            77.14056,
            28.19501
          ],
          [
            77.1416,
            28.19352
          ],
          [
            77.14173,
            28.19332
          ],
          [
            77.14252,
            28.19204
          ],
          [
            77.14313,
            28.19081
          ],
          [
            77.14363,
            28.1897
          ],
          [
            77.14377,
            28.18939
          ],
          [
            77.14407,
            28.18873
          ],
          [
            77.14481,
            28.1862
          ],
          [
            77.14486,
            28.18599
          ],
          [
            77.14492,
            28.18582
          ],
          [
            77.1461,
            28.18144
          ],
          [
            77.14614,
            28.18128
          ],
          [
            77.14664,
            28.17943
          ],
          [
            77.14669,
            28.17925
          ],
          [
            77.1473,
            28.17701
          ],
          [
            77.14784,
            28.17493
          ],
          [
            77.14788,
            28.17476
          ],
          [
            77.14978,
            28.1674
          ],
          [
            77.15034,
            28.16525
          ],
          [
            77.15043,
            28.16492
          ],
          [
            77.15086,
            28.1634
          ],
          [
            77.15124,
            28.16196
          ],
          [
            77.15148,
            28.16107
          ],
          [
            77.15175,
            28.15963
          ],
          [
            77.15187,
            28.15897
          ],
          [
            77.15191,
            28.15835
          ],
          [
            77.15184,
            28.15753
          ],
          [
            77.15174,
            28.15706
          ],
          [
            77.15139,
            28.15596
          ],
          [
            77.15096,
            28.15506
          ],
          [
            77.14786,
            28.14939
          ],
          [
            77.14725,
            28.14835
          ],
          [
            77.14689,
            28.14726
          ],
          [
            77.14665,
            28.14614
          ],
          [
            77.14644,
            28.14483
          ],
          [
            77.1457,
            28.13758
          ],
          [
            77.14517,
            28.13341
          ],
          [
            77.14511,
            28.1328
          ],
          [
            77.14484,
            28.13027
          ],
          [
            77.14449,
            28.12682
          ],
          [
            77.14333,
            28.11753
          ],
          [
            77.14171,
            28.10253
          ],
          [
            77.14118,
            28.09897
          ],
          [
            77.14034,
            28.09575
          ],
          [
            77.13947,
            28.09329
          ],
          [
            77.13759,
            28.0883
          ],
          [
            77.1352,
            28.08197
          ],
          [
            77.13423,
            28.07973
          ],
          [
            77.13325,
            28.07737
          ],
          [
            77.13268,
            28.07576
          ],
          [
            77.13255,
            28.07511
          ],
          [
            77.13231,
            28.07383
          ],
          [
            77.13218,
            28.07312
          ],
          [
            77.13203,
            28.07141
          ],
          [
            77.13099,
            28.05249
          ],
          [
            77.13055,
            28.04891
          ],
          [
            77.12942,
            28.04636
          ],
          [
            77.12774,
            28.04383
          ],
          [
            77.11856,
            28.03336
          ],
          [
            77.11728,
            28.03182
          ],
          [
            77.11657,
            28.03072
          ],
          [
            77.11649,
            28.03058
          ],
          [
            77.116,
            28.02954
          ],
          [
            77.11591,
            28.02934
          ],
          [
            77.11541,
            28.02827
          ],
          [
            77.11498,
            28.02745
          ],
          [
            77.10909,
            28.01618
          ],
          [
            77.10811,
            28.0144
          ],
          [
            77.1052,
            28.00877
          ],
          [
            77.10401,
            28.00655
          ],
          [
            77.10289,
            28.00385
          ],
          [
            77.10046,
            27.99537
          ],
          [
            77.10041,
            27.99517
          ],
          [
            77.09713,
            27.98359
          ],
          [
            77.09708,
            27.98343
          ],
          [
            77.09334,
            27.97022
          ],
          [
            77.09329,
            27.97005
          ],
          [
            77.09283,
            27.96842
          ],
          [
            77.09278,
            27.96826
          ],
          [
            77.09242,
            27.96698
          ],
          [
            77.09239,
            27.96685
          ],
          [
            77.09151,
            27.96383
          ],
          [
            77.09145,
            27.96359
          ],
          [
            77.09014,
            27.95887
          ],
          [
            77.08948,
            27.95662
          ],
          [
            77.08945,
            27.95652
          ],
          [
            77.08796,
            27.9514
          ],
          [
            77.08762,
            27.9502
          ],
          [
            77.08614,
            27.94588
          ],
          [
            77.08605,
            27.94564
          ],
          [
            77.08559,
            27.94428
          ],
          [
            77.0837,
            27.93834
          ],
          [
            77.0833,
            27.93704
          ],
          [
            77.08323,
            27.93683
          ],
          [
            77.08208,
            27.93327
          ],
          [
            77.08176,
            27.93238
          ],
          [
            77.08125,
            27.93117
          ],
          [
            77.0808,
            27.93019
          ],
          [
            77.08068,
            27.92997
          ],
          [
            77.07597,
            27.92084
          ],
          [
            77.07586,
            27.92063
          ],
          [
            77.07396,
            27.91696
          ],
          [
            77.07362,
            27.91637
          ],
          [
            77.07316,
            27.91562
          ],
          [
            77.07307,
            27.91547
          ],
          [
            77.07246,
            27.91457
          ],
          [
            77.07173,
            27.91357
          ],
          [
            77.06832,
            27.90912
          ],
          [
            77.0681,
            27.90883
          ],
          [
            77.0644,
            27.90396
          ],
          [
            77.06378,
            27.9031
          ],
          [
            77.06368,
            27.90296
          ],
          [
            77.06314,
            27.9022
          ],
          [
            77.06109,
            27.89918
          ],
          [
            77.06078,
            27.89872
          ],
          [
            77.05727,
            27.89355
          ],
          [
            77.05716,
            27.89339
          ],
          [
            77.05668,
            27.89265
          ],
          [
            77.05625,
            27.89181
          ],
          [
            77.05608,
            27.89142
          ],
          [
            77.05595,
            27.89105
          ],
          [
            77.0558,
            27.89058
          ],
          [
            77.0557,
            27.89016
          ],
          [
            77.05558,
            27.88955
          ],
          [
            77.05484,
            27.88488
          ],
          [
            77.05478,
            27.8846
          ],
          [
            77.05461,
            27.8838
          ],
          [
            77.0544,
            27.88301
          ],
          [
            77.05422,
            27.88239
          ],
          [
            77.0536,
            27.88064
          ],
          [
            77.05354,
            27.8805
          ],
          [
            77.04797,
            27.86534
          ],
          [
            77.04688,
            27.86248
          ],
          [
            77.04603,
            27.86053
          ],
          [
            77.04096,
            27.85092
          ],
          [
            77.03788,
            27.84527
          ],
          [
            77.03449,
            27.83918
          ],
          [
            77.03155,
            27.83441
          ],
          [
            77.03134,
            27.83405
          ],
          [
            77.02679,
            27.82657
          ],
          [
            77.02464,
            27.82308
          ],
          [
            77.02323,
            27.82066
          ],
          [
            77.02236,
            27.81896
          ],
          [
            77.02156,
            27.81644
          ],
          [
            77.02092,
            27.81381
          ],
          [
            77.02014,
            27.81047
          ],
          [
            77.0195,
            27.8089
          ],
          [
            77.01846,
            27.80675
          ],
          [
            77.0163,
            27.80331
          ],
          [
            77.01492,
            27.80086
          ],
          [
            77.0124,
            27.79664
          ],
          [
            77.00974,
            27.79216
          ],
          [
            77.00767,
            27.78874
          ],
          [
            77.00517,
            27.78456
          ],
          [
            77.0019,
            27.77901
          ],
          [
            76.99986,
            27.77561
          ],
          [
            76.99673,
            27.77031
          ],
          [
            76.99454,
            27.76653
          ],
          [
            76.99428,
            27.76597
          ],
          [
            76.99389,
            27.76509
          ],
          [
            76.99297,
            27.76307
          ],
          [
            76.99146,
            27.75928
          ],
          [
            76.99125,
            27.75876
          ],
          [
            76.99042,
            27.7564
          ],
          [
            76.99039,
            27.75631
          ],
          [
            76.99012,
            27.75545
          ],
          [
            76.98879,
            27.75078
          ],
          [
            76.98766,
            27.74659
          ],
          [
            76.98711,
            27.74434
          ],
          [
            76.98708,
            27.74424
          ],
          [
            76.98676,
            27.74298
          ],
          [
            76.9859,
            27.73983
          ],
          [
            76.98363,
            27.73132
          ],
          [
            76.98263,
            27.72753
          ],
          [
            76.9826,
            27.72742
          ],
          [
            76.98232,
            27.72649
          ],
          [
            76.98036,
            27.71914
          ],
          [
            76.98035,
            27.71909
          ],
          [
            76.98003,
            27.71788
          ],
          [
            76.98,
            27.71777
          ],
          [
            76.97954,
            27.71606
          ],
          [
            76.97949,
            27.71585
          ],
          [
            76.97758,
            27.70861
          ],
          [
            76.97755,
            27.70851
          ],
          [
            76.97738,
            27.70779
          ],
          [
            76.97657,
            27.70476
          ],
          [
            76.97653,
            27.70464
          ],
          [
            76.97531,
            27.70009
          ],
          [
            76.97394,
            27.69483
          ],
          [
            76.97355,
            27.69251
          ],
          [
            76.97253,
            27.68624
          ],
          [
            76.97159,
            27.67969
          ],
          [
            76.97125,
            27.67773
          ],
          [
            76.97038,
            27.67394
          ],
          [
            76.96907,
            27.66947
          ],
          [
            76.96699,
            27.66401
          ],
          [
            76.96576,
            27.66073
          ],
          [
            76.96571,
            27.66061
          ],
          [
            76.96463,
            27.6577
          ],
          [
            76.96402,
            27.656
          ],
          [
            76.96347,
            27.6544
          ],
          [
            76.96286,
            27.65232
          ],
          [
            76.96284,
            27.65223
          ],
          [
            76.96218,
            27.64971
          ],
          [
            76.9617,
            27.64749
          ],
          [
            76.96145,
            27.64606
          ],
          [
            76.96144,
            27.64595
          ],
          [
            76.9609,
            27.64208
          ],
          [
            76.96054,
            27.63775
          ],
          [
            76.96053,
            27.63767
          ],
          [
            76.96034,
            27.63556
          ],
          [
            76.96012,
            27.63397
          ],
          [
            76.9596,
            27.63111
          ],
          [
            76.95924,
            27.6295
          ],
          [
            76.95882,
            27.62781
          ],
          [
            76.95825,
            27.62585
          ],
          [
            76.95734,
            27.62323
          ],
          [
            76.95731,
            27.62314
          ],
          [
            76.95703,
            27.62225
          ],
          [
            76.95532,
            27.61717
          ],
          [
            76.95459,
            27.61511
          ],
          [
            76.9543,
            27.61435
          ],
          [
            76.95427,
            27.61426
          ],
          [
            76.95405,
            27.61373
          ],
          [
            76.95336,
            27.61217
          ],
          [
            76.95269,
            27.61077
          ],
          [
            76.95097,
            27.6075
          ],
          [
            76.94938,
            27.60507
          ],
          [
            76.94862,
            27.60394
          ],
          [
            76.94837,
            27.60367
          ],
          [
            76.94453,
            27.59844
          ],
          [
            76.94255,
            27.59583
          ],
          [
            76.94035,
            27.59293
          ],
          [
            76.93885,
            27.59054
          ],
          [
            76.93781,
            27.58884
          ],
          [
            76.93685,
            27.58699
          ],
          [
            76.93675,
            27.5868
          ],
          [
            76.93638,
            27.58605
          ],
          [
            76.93482,
            27.58272
          ],
          [
            76.93341,
            27.57985
          ],
          [
            76.93336,
            27.57974
          ],
          [
            76.93026,
            27.57322
          ],
          [
            76.93023,
            27.57315
          ],
          [
            76.93012,
            27.57291
          ],
          [
            76.92925,
            27.5712
          ],
          [
            76.92834,
            27.56952
          ],
          [
            76.9275,
            27.56809
          ],
          [
            76.92689,
            27.56711
          ],
          [
            76.92618,
            27.56596
          ],
          [
            76.92605,
            27.56573
          ],
          [
            76.9251,
            27.56437
          ],
          [
            76.92398,
            27.56292
          ],
          [
            76.92262,
            27.56121
          ],
          [
            76.92149,
            27.55989
          ],
          [
            76.92085,
            27.55921
          ],
          [
            76.92077,
            27.55912
          ],
          [
            76.91997,
            27.55828
          ],
          [
            76.91458,
            27.55235
          ],
          [
            76.91292,
            27.55052
          ],
          [
            76.91195,
            27.54939
          ],
          [
            76.90647,
            27.54336
          ],
          [
            76.90315,
            27.53967
          ],
          [
            76.90248,
            27.53893
          ],
          [
            76.89868,
            27.53471
          ],
          [
            76.89856,
            27.53458
          ],
          [
            76.88913,
            27.52412
          ],
          [
            76.88841,
            27.52332
          ],
          [
            76.88359,
            27.51797
          ],
          [
            76.87924,
            27.51347
          ],
          [
            76.87687,
            27.51177
          ],
          [
            76.87626,
            27.51134
          ],
          [
            76.87077,
            27.50774
          ],
          [
            76.86558,
            27.50469
          ],
          [
            76.8647,
            27.50417
          ],
          [
            76.8629,
            27.50312
          ],
          [
            76.86131,
            27.5022
          ],
          [
            76.86089,
            27.50195
          ],
          [
            76.85957,
            27.50112
          ],
          [
            76.85863,
            27.50047
          ],
          [
            76.85833,
            27.50026
          ],
          [
            76.85727,
            27.49952
          ],
          [
            76.85592,
            27.49849
          ],
          [
            76.85466,
            27.49744
          ],
          [
            76.85278,
            27.49574
          ],
          [
            76.85269,
            27.49566
          ],
          [
            76.85154,
            27.49451
          ],
          [
            76.85079,
            27.4937
          ],
          [
            76.84942,
            27.49214
          ],
          [
            76.84908,
            27.49173
          ],
          [
            76.84842,
            27.49087
          ],
          [
            76.84833,
            27.49075
          ],
          [
            76.84813,
            27.49048
          ],
          [
            76.84741,
            27.4895
          ],
          [
            76.84698,
            27.48888
          ],
          [
            76.84615,
            27.48761
          ],
          [
            76.84543,
            27.48645
          ],
          [
            76.84514,
            27.48592
          ],
          [
            76.84455,
            27.48483
          ],
          [
            76.84204,
            27.47995
          ],
          [
            76.84136,
            27.4786
          ],
          [
            76.84047,
            27.47693
          ],
          [
            76.83991,
            27.47597
          ],
          [
            76.83984,
            27.47585
          ],
          [
            76.83768,
            27.47238
          ],
          [
            76.83547,
            27.46885
          ],
          [
            76.83537,
            27.46868
          ],
          [
            76.82971,
            27.45964
          ],
          [
            76.82917,
            27.45873
          ],
          [
            76.82875,
            27.458
          ],
          [
            76.82842,
            27.4574
          ],
          [
            76.82774,
            27.45609
          ],
          [
            76.82696,
            27.45444
          ],
          [
            76.82669,
            27.45378
          ],
          [
            76.82664,
            27.45364
          ],
          [
            76.82607,
            27.45224
          ],
          [
            76.82581,
            27.45146
          ],
          [
            76.82474,
            27.44813
          ],
          [
            76.82399,
            27.44574
          ],
          [
            76.82397,
            27.44566
          ],
          [
            76.82202,
            27.43925
          ],
          [
            76.82198,
            27.43913
          ],
          [
            76.82138,
            27.43718
          ],
          [
            76.82078,
            27.43524
          ],
          [
            76.81361,
            27.41195
          ],
          [
            76.81139,
            27.40567
          ],
          [
            76.799,
            27.37635
          ],
          [
            76.79846,
            27.37507
          ],
          [
            76.79527,
            27.36754
          ],
          [
            76.79358,
            27.36354
          ],
          [
            76.79313,
            27.36247
          ],
          [
            76.79128,
            27.35809
          ],
          [
            76.79064,
            27.35649
          ],
          [
            76.78846,
            27.3498
          ],
          [
            76.78707,
            27.34473
          ],
          [
            76.77953,
            27.30822
          ],
          [
            76.77937,
            27.30745
          ],
          [
            76.77494,
            27.28597
          ],
          [
            76.77432,
            27.28298
          ],
          [
            76.77425,
            27.28262
          ],
          [
            76.77349,
            27.27893
          ],
          [
            76.77318,
            27.27743
          ],
          [
            76.77306,
            27.27685
          ],
          [
            76.76894,
            27.25808
          ],
          [
            76.76864,
            27.25674
          ],
          [
            76.76861,
            27.25657
          ],
          [
            76.76833,
            27.2553
          ],
          [
            76.76816,
            27.25446
          ],
          [
            76.76775,
            27.25277
          ],
          [
            76.76747,
            27.25139
          ],
          [
            76.76678,
            27.24782
          ],
          [
            76.76262,
            27.22621
          ],
          [
            76.76238,
            27.22498
          ],
          [
            76.7613,
            27.21974
          ],
          [
            76.76069,
            27.21582
          ],
          [
            76.76019,
            27.21422
          ],
          [
            76.75931,
            27.2121
          ],
          [
            76.75698,
            27.20818
          ],
          [
            76.75424,
            27.20495
          ],
          [
            76.75153,
            27.20267
          ],
          [
            76.74179,
            27.19534
          ],
          [
            76.74137,
            27.19502
          ],
          [
            76.741,
            27.19474
          ],
          [
            76.73755,
            27.19188
          ],
          [
            76.7336,
            27.18834
          ],
          [
            76.7332,
            27.18799
          ],
          [
            76.73189,
            27.18681
          ],
          [
            76.72285,
            27.1776
          ],
          [
            76.71603,
            27.17019
          ],
          [
            76.71287,
            27.16723
          ],
          [
            76.70976,
            27.16444
          ],
          [
            76.70649,
            27.16191
          ],
          [
            76.70625,
            27.16172
          ],
          [
            76.6984,
            27.15566
          ],
          [
            76.69816,
            27.15547
          ],
          [
            76.68544,
            27.14562
          ],
          [
            76.68533,
            27.14554
          ],
          [
            76.68002,
            27.14143
          ],
          [
            76.67719,
            27.13885
          ],
          [
            76.67556,
            27.13721
          ],
          [
            76.67398,
            27.13544
          ],
          [
            76.67345,
            27.13476
          ],
          [
            76.67221,
            27.1328
          ],
          [
            76.66643,
            27.12179
          ],
          [
            76.66635,
            27.12164
          ],
          [
            76.6626,
            27.11431
          ],
          [
            76.66243,
            27.11397
          ],
          [
            76.66062,
            27.11051
          ],
          [
            76.65944,
            27.1082
          ],
          [
            76.65904,
            27.10734
          ],
          [
            76.65898,
            27.10722
          ],
          [
            76.65843,
            27.10591
          ],
          [
            76.65823,
            27.10539
          ],
          [
            76.65701,
            27.10199
          ],
          [
            76.65658,
            27.10084
          ],
          [
            76.65621,
            27.09982
          ],
          [
            76.65385,
            27.09345
          ],
          [
            76.65375,
            27.09316
          ],
          [
            76.65002,
            27.08307
          ],
          [
            76.64966,
            27.08205
          ],
          [
            76.64869,
            27.07949
          ],
          [
            76.64844,
            27.07893
          ],
          [
            76.64812,
            27.07834
          ],
          [
            76.64761,
            27.07747
          ],
          [
            76.64734,
            27.07709
          ],
          [
            76.64687,
            27.07653
          ],
          [
            76.64652,
            27.07616
          ],
          [
            76.6463,
            27.07594
          ],
          [
            76.64573,
            27.07541
          ],
          [
            76.6449,
            27.07474
          ],
          [
            76.64139,
            27.07208
          ],
          [
            76.64113,
            27.07188
          ],
          [
            76.63947,
            27.07063
          ],
          [
            76.6386,
            27.06994
          ],
          [
            76.63816,
            27.06954
          ],
          [
            76.6375,
            27.06889
          ],
          [
            76.63713,
            27.0685
          ],
          [
            76.6368,
            27.06809
          ],
          [
            76.63648,
            27.06769
          ],
          [
            76.63585,
            27.06674
          ],
          [
            76.6353,
            27.06579
          ],
          [
            76.63435,
            27.06382
          ],
          [
            76.6339,
            27.06298
          ],
          [
            76.63322,
            27.06185
          ],
          [
            76.6329,
            27.06136
          ],
          [
            76.63236,
            27.06061
          ],
          [
            76.63216,
            27.06034
          ],
          [
            76.63176,
            27.05979
          ],
          [
            76.63121,
            27.05909
          ],
          [
            76.62588,
            27.05269
          ],
          [
            76.62573,
            27.05252
          ],
          [
            76.62418,
            27.0506
          ],
          [
            76.62271,
            27.04871
          ],
          [
            76.62255,
            27.04849
          ],
          [
            76.61851,
            27.04285
          ],
          [
            76.61762,
            27.04158
          ],
          [
            76.61749,
            27.04138
          ],
          [
            76.61506,
            27.03797
          ],
          [
            76.61436,
            27.03695
          ],
          [
            76.61186,
            27.03345
          ],
          [
            76.60878,
            27.02907
          ],
          [
            76.60791,
            27.02784
          ],
          [
            76.60621,
            27.02565
          ],
          [
            76.60453,
            27.02364
          ],
          [
            76.60378,
            27.02277
          ],
          [
            76.60306,
            27.02196
          ],
          [
            76.6019,
            27.02072
          ],
          [
            76.60072,
            27.01952
          ],
          [
            76.59915,
            27.01797
          ],
          [
            76.59893,
            27.01777
          ],
          [
            76.59851,
            27.01739
          ],
          [
            76.59683,
            27.01588
          ],
          [
            76.59625,
            27.01538
          ],
          [
            76.59471,
            27.0141
          ],
          [
            76.59365,
            27.01326
          ],
          [
            76.59346,
            27.01311
          ],
          [
            76.59266,
            27.0125
          ],
          [
            76.59181,
            27.01188
          ],
          [
            76.59008,
            27.01063
          ],
          [
            76.58949,
            27.01022
          ],
          [
            76.58847,
            27.00953
          ],
          [
            76.58748,
            27.0089
          ],
          [
            76.58605,
            27.00805
          ],
          [
            76.58594,
            27.00798
          ],
          [
            76.58422,
            27.00697
          ],
          [
            76.58357,
            27.00661
          ],
          [
            76.58272,
            27.00617
          ],
          [
            76.58172,
            27.00561
          ],
          [
            76.57719,
            27.00322
          ],
          [
            76.57695,
            27.0031
          ],
          [
            76.57572,
            27.00248
          ],
          [
            76.56991,
            26.99939
          ],
          [
            76.56957,
            26.99922
          ],
          [
            76.56838,
            26.9986
          ],
          [
            76.56768,
            26.99824
          ],
          [
            76.56379,
            26.9962
          ],
          [
            76.56007,
            26.9943
          ],
          [
            76.55764,
            26.99304
          ],
          [
            76.55614,
            26.99224
          ],
          [
            76.55594,
            26.99214
          ],
          [
            76.55011,
            26.98911
          ],
          [
            76.54992,
            26.98901
          ],
          [
            76.54826,
            26.98815
          ],
          [
            76.54385,
            26.98585
          ],
          [
            76.5436,
            26.98572
          ],
          [
            76.5345,
            26.98098
          ],
          [
            76.53192,
            26.97965
          ],
          [
            76.52794,
            26.97756
          ],
          [
            76.52245,
            26.9747
          ],
          [
            76.52226,
            26.97461
          ],
          [
            76.51922,
            26.97303
          ],
          [
            76.51902,
            26.97292
          ],
          [
            76.51441,
            26.97053
          ],
          [
            76.51321,
            26.96989
          ],
          [
            76.51294,
            26.96974
          ],
          [
            76.51022,
            26.96833
          ],
          [
            76.50819,
            26.96727
          ],
          [
            76.50803,
            26.96718
          ],
          [
            76.50291,
            26.96453
          ],
          [
            76.5027,
            26.96441
          ],
          [
            76.50206,
            26.96408
          ],
          [
            76.49525,
            26.96054
          ],
          [
            76.49405,
            26.95991
          ],
          [
            76.49244,
            26.95906
          ],
          [
            76.49042,
            26.95802
          ],
          [
            76.48843,
            26.95687
          ],
          [
            76.48719,
            26.9561
          ],
          [
            76.48675,
            26.95583
          ],
          [
            76.48461,
            26.95456
          ],
          [
            76.48446,
            26.95448
          ],
          [
            76.48249,
            26.9533
          ],
          [
            76.48176,
            26.95286
          ],
          [
            76.47791,
            26.95057
          ],
          [
            76.4777,
            26.95046
          ],
          [
            76.47268,
            26.94772
          ],
          [
            76.4684,
            26.9454
          ],
          [
            76.46518,
            26.94364
          ],
          [
            76.46368,
            26.94276
          ],
          [
            76.46266,
            26.94208
          ],
          [
            76.46125,
            26.94106
          ],
          [
            76.46106,
            26.94091
          ],
          [
            76.46003,
            26.94016
          ],
          [
            76.45557,
            26.93667
          ],
          [
            76.45374,
            26.93522
          ],
          [
            76.45364,
            26.93514
          ],
          [
            76.4529,
            26.93459
          ],
          [
            76.44905,
            26.93159
          ],
          [
            76.44894,
            26.9315
          ],
          [
            76.44306,
            26.9269
          ],
          [
            76.44094,
            26.92526
          ],
          [
            76.44001,
            26.9245
          ],
          [
            76.43909,
            26.92372
          ],
          [
            76.43881,
            26.92347
          ],
          [
            76.43773,
            26.92252
          ],
          [
            76.43695,
            26.92178
          ],
          [
            76.43572,
            26.92058
          ],
          [
            76.43501,
            26.91982
          ],
          [
            76.43433,
            26.91905
          ],
          [
            76.43428,
            26.91899
          ],
          [
            76.43327,
            26.91788
          ],
          [
            76.43277,
            26.91726
          ],
          [
            76.43237,
            26.91676
          ],
          [
            76.43123,
            26.91526
          ],
          [
            76.43079,
            26.91463
          ],
          [
            76.43022,
            26.9138
          ],
          [
            76.42983,
            26.91317
          ],
          [
            76.42929,
            26.9123
          ],
          [
            76.42913,
            26.91204
          ],
          [
            76.42686,
            26.90808
          ],
          [
            76.42384,
            26.90218
          ],
          [
            76.42313,
            26.90051
          ],
          [
            76.42187,
            26.89743
          ],
          [
            76.42127,
            26.89629
          ],
          [
            76.42076,
            26.89541
          ],
          [
            76.42056,
            26.89508
          ],
          [
            76.41713,
            26.88981
          ],
          [
            76.41451,
            26.88454
          ],
          [
            76.41329,
            26.88218
          ],
          [
            76.41323,
            26.88205
          ],
          [
            76.40769,
            26.87137
          ],
          [
            76.40346,
            26.8623
          ],
          [
            76.40281,
            26.86103
          ],
          [
            76.39525,
            26.84585
          ],
          [
            76.3951,
            26.84555
          ],
          [
            76.39005,
            26.8353
          ],
          [
            76.38746,
            26.82987
          ],
          [
            76.38409,
            26.82176
          ],
          [
            76.38197,
            26.81596
          ],
          [
            76.38114,
            26.81359
          ],
          [
            76.38105,
            26.81337
          ],
          [
            76.37917,
            26.80804
          ],
          [
            76.37911,
            26.80788
          ],
          [
            76.3787,
            26.80671
          ],
          [
            76.37595,
            26.79864
          ],
          [
            76.37359,
            26.7923
          ],
          [
            76.37081,
            26.78428
          ],
          [
            76.37077,
            26.78418
          ],
          [
            76.36985,
            26.7816
          ],
          [
            76.36977,
            26.78138
          ],
          [
            76.36589,
            26.77037
          ],
          [
            76.36356,
            26.76386
          ],
          [
            76.36183,
            26.75889
          ],
          [
            76.36176,
            26.7587
          ],
          [
            76.3592,
            26.75158
          ],
          [
            76.35702,
            26.7453
          ],
          [
            76.35699,
            26.74519
          ],
          [
            76.35365,
            26.73569
          ],
          [
            76.35362,
            26.73558
          ],
          [
            76.3519,
            26.73081
          ],
          [
            76.35186,
            26.7307
          ],
          [
            76.35124,
            26.729
          ],
          [
            76.34906,
            26.72263
          ],
          [
            76.34835,
            26.72069
          ],
          [
            76.34832,
            26.72059
          ],
          [
            76.34696,
            26.71683
          ],
          [
            76.34567,
            26.71319
          ],
          [
            76.34484,
            26.71066
          ],
          [
            76.34361,
            26.70718
          ],
          [
            76.34276,
            26.70478
          ],
          [
            76.34165,
            26.70166
          ],
          [
            76.34055,
            26.69863
          ],
          [
            76.33931,
            26.69521
          ],
          [
            76.33845,
            26.69298
          ],
          [
            76.33693,
            26.6895
          ],
          [
            76.33637,
            26.68844
          ],
          [
            76.33631,
            26.68834
          ],
          [
            76.33575,
            26.68729
          ],
          [
            76.33386,
            26.6842
          ],
          [
            76.33276,
            26.68265
          ],
          [
            76.33269,
            26.68256
          ],
          [
            76.33194,
            26.6815
          ],
          [
            76.32979,
            26.67873
          ],
          [
            76.32677,
            26.67513
          ],
          [
            76.32251,
            26.66999
          ],
          [
            76.31975,
            26.66666
          ],
          [
            76.31894,
            26.66569
          ],
          [
            76.31793,
            26.66451
          ],
          [
            76.31575,
            26.66194
          ],
          [
            76.3148,
            26.66075
          ],
          [
            76.31322,
            26.65878
          ],
          [
            76.31079,
            26.65575
          ],
          [
            76.30663,
            26.65043
          ],
          [
            76.30502,
            26.64824
          ],
          [
            76.30437,
            26.64745
          ],
          [
            76.30429,
            26.64735
          ],
          [
            76.30345,
            26.64631
          ],
          [
            76.30081,
            26.64288
          ],
          [
            76.29915,
            26.64047
          ],
          [
            76.29799,
            26.63864
          ],
          [
            76.29651,
            26.63634
          ],
          [
            76.29488,
            26.63359
          ],
          [
            76.29168,
            26.62814
          ],
          [
            76.28568,
            26.61809
          ],
          [
            76.28322,
            26.61442
          ],
          [
            76.28314,
            26.61431
          ],
          [
            76.283,
            26.6141
          ],
          [
            76.28146,
            26.61208
          ],
          [
            76.27915,
            26.60924
          ],
          [
            76.27696,
            26.60675
          ],
          [
            76.27526,
            26.60505
          ],
          [
            76.27229,
            26.60221
          ],
          [
            76.27219,
            26.60212
          ],
          [
            76.26873,
            26.59906
          ],
          [
            76.26481,
            26.59568
          ],
          [
            76.26244,
            26.59353
          ],
          [
            76.26236,
            26.59346
          ],
          [
            76.2614,
            26.59259
          ],
          [
            76.26031,
            26.5915
          ],
          [
            76.25941,
            26.59055
          ],
          [
            76.25698,
            26.58768
          ],
          [
            76.25586,
            26.58628
          ],
          [
            76.25498,
            26.58509
          ],
          [
            76.25369,
            26.58307
          ],
          [
            76.253,
            26.58202
          ],
          [
            76.25224,
            26.5808
          ],
          [
            76.25125,
            26.57897
          ],
          [
            76.25119,
            26.57885
          ],
          [
            76.25049,
            26.57749
          ],
          [
            76.24932,
            26.57483
          ],
          [
            76.24835,
            26.57209
          ],
          [
            76.24831,
            26.57198
          ],
          [
            76.24766,
            26.57017
          ],
          [
            76.2471,
            26.56827
          ],
          [
            76.24673,
            26.56674
          ],
          [
            76.2462,
            26.56414
          ],
          [
            76.24616,
            26.56395
          ],
          [
            76.24603,
            26.56313
          ],
          [
            76.24567,
            26.55952
          ],
          [
            76.24565,
            26.55939
          ],
          [
            76.24562,
            26.55904
          ],
          [
            76.2455,
            26.55713
          ],
          [
            76.2455,
            26.55532
          ],
          [
            76.24561,
            26.55309
          ],
          [
            76.24581,
            26.55062
          ],
          [
            76.24609,
            26.54821
          ],
          [
            76.24627,
            26.54755
          ],
          [
            76.2463,
            26.54742
          ],
          [
            76.24764,
            26.54031
          ],
          [
            76.24843,
            26.53644
          ],
          [
            76.24921,
            26.53241
          ],
          [
            76.24993,
            26.52892
          ],
          [
            76.2502,
            26.5275
          ],
          [
            76.25036,
            26.52672
          ],
          [
            76.25124,
            26.52221
          ],
          [
            76.25128,
            26.52201
          ],
          [
            76.25132,
            26.52179
          ],
          [
            76.25176,
            26.51947
          ],
          [
            76.2518,
            26.5193
          ],
          [
            76.25221,
            26.51711
          ],
          [
            76.25254,
            26.51547
          ],
          [
            76.25258,
            26.51531
          ],
          [
            76.25369,
            26.50991
          ],
          [
            76.25372,
            26.50973
          ],
          [
            76.25424,
            26.5072
          ],
          [
            76.25518,
            26.50261
          ],
          [
            76.25617,
            26.49731
          ],
          [
            76.25684,
            26.49402
          ],
          [
            76.25689,
            26.4938
          ],
          [
            76.25817,
            26.48751
          ],
          [
            76.25821,
            26.48733
          ],
          [
            76.25986,
            26.4783
          ],
          [
            76.25991,
            26.47807
          ],
          [
            76.26182,
            26.46767
          ],
          [
            76.26212,
            26.4655
          ],
          [
            76.26237,
            26.4637
          ],
          [
            76.2624,
            26.46349
          ],
          [
            76.26256,
            26.46222
          ],
          [
            76.26291,
            26.45862
          ],
          [
            76.2631,
            26.455
          ],
          [
            76.26328,
            26.45093
          ],
          [
            76.26332,
            26.44861
          ],
          [
            76.26319,
            26.44529
          ],
          [
            76.263,
            26.44232
          ],
          [
            76.26294,
            26.44107
          ],
          [
            76.26251,
            26.43586
          ],
          [
            76.26224,
            26.43381
          ],
          [
            76.26221,
            26.43358
          ],
          [
            76.26159,
            26.4289
          ],
          [
            76.26068,
            26.42247
          ],
          [
            76.26063,
            26.42219
          ],
          [
            76.26036,
            26.42036
          ],
          [
            76.25958,
            26.41488
          ],
          [
            76.25955,
            26.41467
          ],
          [
            76.25825,
            26.40566
          ],
          [
            76.25821,
            26.40541
          ],
          [
            76.25761,
            26.40143
          ],
          [
            76.25759,
            26.40124
          ],
          [
            76.25666,
            26.39503
          ],
          [
            76.25631,
            26.39289
          ],
          [
            76.25583,
            26.39023
          ],
          [
            76.25579,
            26.39003
          ],
          [
            76.25574,
            26.38959
          ],
          [
            76.25536,
            26.38739
          ],
          [
            76.25523,
            26.38674
          ],
          [
            76.25512,
            26.3862
          ],
          [
            76.25508,
            26.38604
          ],
          [
            76.25485,
            26.38488
          ],
          [
            76.25374,
            26.37893
          ],
          [
            76.25371,
            26.3788
          ],
          [
            76.25259,
            26.37247
          ],
          [
            76.25151,
            26.36702
          ],
          [
            76.25127,
            26.36557
          ],
          [
            76.25124,
            26.3654
          ],
          [
            76.25086,
            26.36312
          ],
          [
            76.25036,
            26.36038
          ],
          [
            76.25033,
            26.36022
          ],
          [
            76.24997,
            26.35829
          ],
          [
            76.24942,
            26.35485
          ],
          [
            76.24903,
            26.35271
          ],
          [
            76.24899,
            26.35248
          ],
          [
            76.248,
            26.34699
          ],
          [
            76.24796,
            26.3468
          ],
          [
            76.24677,
            26.34047
          ],
          [
            76.24675,
            26.34032
          ],
          [
            76.24644,
            26.33871
          ],
          [
            76.24638,
            26.33837
          ],
          [
            76.24535,
            26.3325
          ],
          [
            76.24526,
            26.33193
          ],
          [
            76.24487,
            26.32985
          ],
          [
            76.24479,
            26.32941
          ],
          [
            76.24358,
            26.323
          ],
          [
            76.24355,
            26.32282
          ],
          [
            76.24279,
            26.31826
          ],
          [
            76.24277,
            26.3181
          ],
          [
            76.24254,
            26.31688
          ],
          [
            76.24248,
            26.31657
          ],
          [
            76.24195,
            26.31391
          ],
          [
            76.24143,
            26.31106
          ],
          [
            76.24139,
            26.31086
          ],
          [
            76.24073,
            26.30729
          ],
          [
            76.24002,
            26.3031
          ],
          [
            76.23999,
            26.30293
          ],
          [
            76.23937,
            26.29931
          ],
          [
            76.23933,
            26.2991
          ],
          [
            76.23881,
            26.2961
          ],
          [
            76.23822,
            26.29307
          ],
          [
            76.23818,
            26.29289
          ],
          [
            76.23734,
            26.2884
          ],
          [
            76.23629,
            26.28272
          ],
          [
            76.23582,
            26.28034
          ],
          [
            76.23579,
            26.28018
          ],
          [
            76.2357,
            26.27973
          ],
          [
            76.23535,
            26.27732
          ],
          [
            76.23489,
            26.27438
          ],
          [
            76.23477,
            26.27333
          ],
          [
            76.23447,
            26.27053
          ],
          [
            76.23419,
            26.26727
          ],
          [
            76.23417,
            26.26689
          ],
          [
            76.23399,
            26.26318
          ],
          [
            76.23394,
            26.26183
          ],
          [
            76.23387,
            26.25797
          ],
          [
            76.23392,
            26.25645
          ],
          [
            76.23394,
            26.25576
          ],
          [
            76.23399,
            26.25453
          ],
          [
            76.234,
            26.25427
          ],
          [
            76.23413,
            26.25104
          ],
          [
            76.23413,
            26.25085
          ],
          [
            76.23418,
            26.2498
          ],
          [
            76.23442,
            26.24737
          ],
          [
            76.23443,
            26.24721
          ],
          [
            76.23474,
            26.24421
          ],
          [
            76.23476,
            26.244
          ],
          [
            76.23487,
            26.243
          ],
          [
            76.23555,
            26.23795
          ],
          [
            76.23559,
            26.23763
          ],
          [
            76.23572,
            26.23668
          ],
          [
            76.23575,
            26.23647
          ],
          [
            76.23665,
            26.22971
          ],
          [
            76.23695,
            26.2269
          ],
          [
            76.23699,
            26.2266
          ],
          [
            76.23757,
            26.22208
          ],
          [
            76.239,
            26.21113
          ],
          [
            76.23902,
            26.21094
          ],
          [
            76.24024,
            26.2011
          ],
          [
            76.24114,
            26.1941
          ],
          [
            76.24221,
            26.18554
          ],
          [
            76.24316,
            26.1788
          ],
          [
            76.24396,
            26.17251
          ],
          [
            76.244,
            26.17221
          ],
          [
            76.24581,
            26.15792
          ],
          [
            76.24584,
            26.15769
          ],
          [
            76.24638,
            26.15387
          ],
          [
            76.24723,
            26.14698
          ],
          [
            76.24726,
            26.14674
          ],
          [
            76.24813,
            26.13988
          ],
          [
            76.24816,
            26.13959
          ],
          [
            76.24866,
            26.13573
          ],
          [
            76.24878,
            26.13473
          ],
          [
            76.24881,
            26.13448
          ],
          [
            76.24991,
            26.12591
          ],
          [
            76.24993,
            26.12574
          ],
          [
            76.25108,
            26.11683
          ],
          [
            76.25197,
            26.11021
          ],
          [
            76.25204,
            26.10964
          ],
          [
            76.25306,
            26.10195
          ],
          [
            76.25308,
            26.10177
          ],
          [
            76.25374,
            26.0962
          ],
          [
            76.25406,
            26.09379
          ],
          [
            76.2541,
            26.09353
          ],
          [
            76.2543,
            26.09195
          ],
          [
            76.25432,
            26.0918
          ],
          [
            76.25471,
            26.08881
          ],
          [
            76.25472,
            26.08868
          ],
          [
            76.25606,
            26.07839
          ],
          [
            76.25608,
            26.07824
          ],
          [
            76.25673,
            26.07317
          ],
          [
            76.25676,
            26.07291
          ],
          [
            76.25768,
            26.06565
          ],
          [
            76.2577,
            26.06541
          ],
          [
            76.25804,
            26.06268
          ],
          [
            76.25837,
            26.06027
          ],
          [
            76.2584,
            26.06005
          ],
          [
            76.25885,
            26.05663
          ],
          [
            76.25981,
            26.04908
          ],
          [
            76.25984,
            26.04882
          ],
          [
            76.26054,
            26.04312
          ],
          [
            76.26107,
            26.03901
          ],
          [
            76.26111,
            26.0387
          ],
          [
            76.26182,
            26.03322
          ],
          [
            76.26189,
            26.03268
          ],
          [
            76.26214,
            26.03082
          ],
          [
            76.26232,
            26.02951
          ],
          [
            76.26284,
            26.02544
          ],
          [
            76.26317,
            26.02068
          ],
          [
            76.2632,
            26.02043
          ],
          [
            76.26323,
            26.01972
          ],
          [
            76.26328,
            26.01691
          ],
          [
            76.26324,
            26.01607
          ],
          [
            76.26323,
            26.01584
          ],
          [
            76.2631,
            26.01284
          ],
          [
            76.26303,
            26.01185
          ],
          [
            76.26301,
            26.01161
          ],
          [
            76.2629,
            26.00995
          ],
          [
            76.26272,
            26.00863
          ],
          [
            76.26269,
            26.00842
          ],
          [
            76.26245,
            26.00659
          ],
          [
            76.26205,
            26.00414
          ],
          [
            76.26111,
            26.00019
          ],
          [
            76.26103,
            25.99988
          ],
          [
            76.26078,
            25.99883
          ],
          [
            76.25977,
            25.99569
          ],
          [
            76.25866,
            25.9929
          ],
          [
            76.25857,
            25.99267
          ],
          [
            76.25791,
            25.991
          ],
          [
            76.25622,
            25.9872
          ],
          [
            76.25613,
            25.98699
          ],
          [
            76.25421,
            25.98268
          ],
          [
            76.25401,
            25.98221
          ],
          [
            76.25301,
            25.97996
          ],
          [
            76.25215,
            25.97783
          ],
          [
            76.25207,
            25.97765
          ],
          [
            76.25005,
            25.97241
          ],
          [
            76.24979,
            25.97162
          ],
          [
            76.24989,
            25.97118
          ],
          [
            76.25014,
            25.97081
          ],
          [
            76.25044,
            25.97049
          ],
          [
            76.25089,
            25.97025
          ],
          [
            76.25151,
            25.97007
          ],
          [
            76.2521,
            25.96962
          ],
          [
            76.25274,
            25.96888
          ],
          [
            76.25486,
            25.96612
          ],
          [
            76.25573,
            25.96647
          ],
          [
            76.25677,
            25.96684
          ],
          [
            76.2581,
            25.96725
          ],
          [
            76.25996,
            25.96784
          ],
          [
            76.26031,
            25.96792
          ],
          [
            76.26073,
            25.968
          ],
          [
            76.26104,
            25.96802
          ],
          [
            76.26349,
            25.96811
          ],
          [
            76.26394,
            25.96815
          ],
          [
            76.26442,
            25.96823
          ],
          [
            76.26613,
            25.96866
          ],
          [
            76.26762,
            25.96909
          ],
          [
            76.26978,
            25.96963
          ],
          [
            76.27076,
            25.96982
          ],
          [
            76.27151,
            25.96992
          ],
          [
            76.2719,
            25.96996
          ],
          [
            76.27252,
            25.97
          ],
          [
            76.27571,
            25.9701
          ],
          [
            76.27699,
            25.97015
          ],
          [
            76.27753,
            25.97019
          ],
          [
            76.27813,
            25.97031
          ],
          [
            76.28139,
            25.97118
          ],
          [
            76.28265,
            25.97152
          ],
          [
            76.2831,
            25.97162
          ],
          [
            76.2833,
            25.97168
          ],
          [
            76.28517,
            25.97215
          ],
          [
            76.28533,
            25.97223
          ],
          [
            76.28601,
            25.97249
          ],
          [
            76.28626,
            25.9726
          ],
          [
            76.28672,
            25.97285
          ],
          [
            76.28735,
            25.97324
          ],
          [
            76.28744,
            25.9733
          ],
          [
            76.28753,
            25.97323
          ],
          [
            76.28802,
            25.97279
          ],
          [
            76.28809,
            25.9727
          ],
          [
            76.28861,
            25.97265
          ],
          [
            76.28899,
            25.97269
          ],
          [
            76.28924,
            25.97281
          ],
          [
            76.28962,
            25.97307
          ],
          [
            76.29028,
            25.97352
          ],
          [
            76.2904,
            25.9736
          ],
          [
            76.29047,
            25.97365
          ],
          [
            76.29109,
            25.97407
          ],
          [
            76.2914,
            25.97414
          ],
          [
            76.29186,
            25.97408
          ],
          [
            76.29301,
            25.97388
          ],
          [
            76.2933,
            25.97391
          ],
          [
            76.29347,
            25.97395
          ],
          [
            76.29384,
            25.97418
          ],
          [
            76.29427,
            25.97347
          ],
          [
            76.2943,
            25.97337
          ],
          [
            76.29426,
            25.973
          ],
          [
            76.29422,
            25.97274
          ],
          [
            76.29462,
            25.97244
          ],
          [
            76.2942,
            25.97197
          ],
          [
            76.294,
            25.9717
          ],
          [
            76.29364,
            25.97116
          ],
          [
            76.29338,
            25.97079
          ],
          [
            76.29289,
            25.97002
          ],
          [
            76.29274,
            25.96982
          ],
          [
            76.29264,
            25.96966
          ],
          [
            76.29217,
            25.96902
          ],
          [
            76.2921,
            25.96893
          ],
          [
            76.29157,
            25.96827
          ],
          [
            76.29117,
            25.96773
          ],
          [
            76.2906,
            25.96702
          ],
          [
            76.28964,
            25.96592
          ],
          [
            76.28918,
            25.96534
          ],
          [
            76.28888,
            25.96499
          ],
          [
            76.28858,
            25.96457
          ],
          [
            76.28843,
            25.96432
          ],
          [
            76.28765,
            25.9626
          ],
          [
            76.28711,
            25.96152
          ],
          [
            76.28689,
            25.96105
          ],
          [
            76.286,
            25.95916
          ],
          [
            76.28512,
            25.95737
          ],
          [
            76.28502,
            25.95714
          ],
          [
            76.28498,
            25.95702
          ],
          [
            76.2849,
            25.95671
          ],
          [
            76.28485,
            25.95624
          ],
          [
            76.28483,
            25.95597
          ],
          [
            76.28481,
            25.95575
          ],
          [
            76.28475,
            25.95476
          ],
          [
            76.28458,
            25.95399
          ],
          [
            76.28447,
            25.95342
          ],
          [
            76.2843,
            25.95247
          ],
          [
            76.28415,
            25.95179
          ],
          [
            76.28403,
            25.95106
          ],
          [
            76.28366,
            25.94937
          ],
          [
            76.28359,
            25.94895
          ],
          [
            76.28324,
            25.94626
          ],
          [
            76.28318,
            25.94579
          ],
          [
            76.2831,
            25.94515
          ],
          [
            76.28291,
            25.94353
          ],
          [
            76.28288,
            25.94335
          ],
          [
            76.28269,
            25.94179
          ],
          [
            76.28255,
            25.9408
          ],
          [
            76.28233,
            25.93953
          ],
          [
            76.28226,
            25.93913
          ],
          [
            76.28182,
            25.93625
          ],
          [
            76.28145,
            25.93398
          ],
          [
            76.28102,
            25.93094
          ],
          [
            76.28073,
            25.92909
          ],
          [
            76.28055,
            25.92832
          ],
          [
            76.28039,
            25.92771
          ],
          [
            76.28037,
            25.92764
          ],
          [
            76.27966,
            25.92521
          ],
          [
            76.27938,
            25.9242
          ],
          [
            76.27906,
            25.92313
          ],
          [
            76.27871,
            25.92171
          ],
          [
            76.27851,
            25.92117
          ],
          [
            76.27836,
            25.92088
          ],
          [
            76.278,
            25.92028
          ],
          [
            76.27791,
            25.92013
          ],
          [
            76.27753,
            25.91959
          ],
          [
            76.27726,
            25.91929
          ],
          [
            76.27707,
            25.91913
          ],
          [
            76.27685,
            25.91899
          ],
          [
            76.27664,
            25.91889
          ],
          [
            76.27647,
            25.91881
          ],
          [
            76.27585,
            25.91852
          ],
          [
            76.2753,
            25.91827
          ],
          [
            76.2749,
            25.91809
          ],
          [
            76.27424,
            25.91777
          ],
          [
            76.27396,
            25.9176
          ],
          [
            76.27367,
            25.91738
          ],
          [
            76.27349,
            25.91718
          ],
          [
            76.27333,
            25.91697
          ],
          [
            76.27323,
            25.91678
          ],
          [
            76.27303,
            25.91628
          ],
          [
            76.27265,
            25.91505
          ],
          [
            76.27231,
            25.9141
          ],
          [
            76.27213,
            25.91353
          ],
          [
            76.27201,
            25.91325
          ],
          [
            76.2719,
            25.91306
          ],
          [
            76.27177,
            25.91291
          ],
          [
            76.27164,
            25.91279
          ],
          [
            76.27134,
            25.91256
          ],
          [
            76.27102,
            25.91243
          ],
          [
            76.27077,
            25.91236
          ],
          [
            76.2705,
            25.91232
          ],
          [
            76.26987,
            25.91229
          ],
          [
            76.26791,
            25.91223
          ],
          [
            76.26735,
            25.91227
          ],
          [
            76.26541,
            25.91255
          ],
          [
            76.26489,
            25.9126
          ],
          [
            76.26461,
            25.91261
          ],
          [
            76.26423,
            25.91257
          ],
          [
            76.26033,
            25.91146
          ],
          [
            76.25954,
            25.91126
          ],
          [
            76.25899,
            25.91118
          ],
          [
            76.25782,
            25.91113
          ],
          [
            76.25628,
            25.91103
          ],
          [
            76.25594,
            25.91103
          ],
          [
            76.25501,
            25.91097
          ],
          [
            76.25458,
            25.9109
          ],
          [
            76.25429,
            25.9108
          ],
          [
            76.25396,
            25.91066
          ],
          [
            76.25017,
            25.90893
          ],
          [
            76.24846,
            25.90816
          ],
          [
            76.24787,
            25.90787
          ],
          [
            76.24745,
            25.90767
          ],
          [
            76.24702,
            25.90754
          ],
          [
            76.24479,
            25.90722
          ],
          [
            76.24469,
            25.90721
          ],
          [
            76.24452,
            25.90719
          ],
          [
            76.24445,
            25.90718
          ],
          [
            76.24242,
            25.90689
          ],
          [
            76.24213,
            25.90683
          ],
          [
            76.24181,
            25.9067
          ],
          [
            76.24164,
            25.9066
          ],
          [
            76.2414,
            25.90641
          ],
          [
            76.24124,
            25.90622
          ],
          [
            76.24114,
            25.90604
          ],
          [
            76.24107,
            25.90587
          ],
          [
            76.24101,
            25.9057
          ],
          [
            76.24098,
            25.90553
          ],
          [
            76.24094,
            25.90507
          ],
          [
            76.24098,
            25.90425
          ],
          [
            76.24106,
            25.90368
          ],
          [
            76.24116,
            25.90319
          ],
          [
            76.24171,
            25.90166
          ],
          [
            76.24178,
            25.90142
          ],
          [
            76.24181,
            25.90121
          ],
          [
            76.2418,
            25.90075
          ],
          [
            76.24176,
            25.90056
          ],
          [
            76.24168,
            25.90035
          ],
          [
            76.24141,
            25.89982
          ],
          [
            76.24049,
            25.8981
          ],
          [
            76.23865,
            25.89492
          ],
          [
            76.23848,
            25.89462
          ],
          [
            76.23739,
            25.89247
          ],
          [
            76.23609,
            25.8899
          ],
          [
            76.23512,
            25.88807
          ],
          [
            76.23494,
            25.88779
          ],
          [
            76.23391,
            25.88629
          ],
          [
            76.23201,
            25.88344
          ],
          [
            76.23181,
            25.88312
          ],
          [
            76.23146,
            25.88248
          ],
          [
            76.23025,
            25.88006
          ],
          [
            76.22903,
            25.87787
          ],
          [
            76.2287,
            25.87723
          ],
          [
            76.22863,
            25.87697
          ],
          [
            76.2286,
            25.87677
          ],
          [
            76.2286,
            25.87656
          ],
          [
            76.22868,
            25.87566
          ],
          [
            76.22869,
            25.87537
          ],
          [
            76.22868,
            25.87531
          ],
          [
            76.22865,
            25.87521
          ],
          [
            76.22856,
            25.87501
          ],
          [
            76.22851,
            25.87494
          ],
          [
            76.22828,
            25.87467
          ],
          [
            76.22811,
            25.8745
          ],
          [
            76.22737,
            25.87383
          ],
          [
            76.22684,
            25.87331
          ],
          [
            76.22633,
            25.87284
          ],
          [
            76.22627,
            25.87278
          ],
          [
            76.22431,
            25.87086
          ],
          [
            76.22397,
            25.87053
          ],
          [
            76.22371,
            25.87027
          ],
          [
            76.22345,
            25.86998
          ],
          [
            76.22335,
            25.86983
          ],
          [
            76.22316,
            25.86944
          ],
          [
            76.22302,
            25.86906
          ],
          [
            76.22284,
            25.86863
          ],
          [
            76.22111,
            25.86414
          ],
          [
            76.22066,
            25.86297
          ],
          [
            76.22036,
            25.86215
          ],
          [
            76.22026,
            25.86189
          ],
          [
            76.21974,
            25.86053
          ],
          [
            76.21958,
            25.86016
          ],
          [
            76.21924,
            25.85956
          ],
          [
            76.21866,
            25.85862
          ],
          [
            76.21796,
            25.85746
          ],
          [
            76.21549,
            25.85332
          ],
          [
            76.21351,
            25.85007
          ],
          [
            76.21326,
            25.84973
          ],
          [
            76.21313,
            25.84958
          ],
          [
            76.21159,
            25.84797
          ],
          [
            76.21121,
            25.84752
          ],
          [
            76.20865,
            25.844
          ],
          [
            76.20706,
            25.84189
          ],
          [
            76.20607,
            25.84031
          ],
          [
            76.20561,
            25.83962
          ],
          [
            76.20526,
            25.83916
          ],
          [
            76.20454,
            25.83839
          ],
          [
            76.20424,
            25.83799
          ],
          [
            76.20409,
            25.8377
          ],
          [
            76.20398,
            25.83747
          ],
          [
            76.20344,
            25.83608
          ],
          [
            76.20324,
            25.83548
          ],
          [
            76.20321,
            25.83526
          ],
          [
            76.2032,
            25.83503
          ],
          [
            76.20334,
            25.83456
          ],
          [
            76.20352,
            25.83415
          ],
          [
            76.20373,
            25.8339
          ],
          [
            76.20419,
            25.83337
          ],
          [
            76.20434,
            25.83317
          ],
          [
            76.20453,
            25.83287
          ],
          [
            76.20499,
            25.83196
          ],
          [
            76.2051,
            25.8317
          ],
          [
            76.20512,
            25.83151
          ],
          [
            76.20498,
            25.82552
          ],
          [
            76.2049,
            25.82333
          ],
          [
            76.2048,
            25.82113
          ],
          [
            76.20476,
            25.81971
          ],
          [
            76.20471,
            25.81928
          ],
          [
            76.20458,
            25.81891
          ],
          [
            76.20375,
            25.81747
          ],
          [
            76.20134,
            25.81336
          ],
          [
            76.20087,
            25.8126
          ],
          [
            76.19964,
            25.81045
          ],
          [
            76.19928,
            25.80981
          ],
          [
            76.19915,
            25.80969
          ],
          [
            76.19897,
            25.80943
          ],
          [
            76.19881,
            25.80927
          ],
          [
            76.19861,
            25.80912
          ],
          [
            76.19833,
            25.80897
          ],
          [
            76.19751,
            25.80861
          ],
          [
            76.19715,
            25.80843
          ],
          [
            76.197,
            25.80831
          ],
          [
            76.1965,
            25.80787
          ],
          [
            76.19626,
            25.80772
          ],
          [
            76.19601,
            25.80761
          ],
          [
            76.19557,
            25.80752
          ],
          [
            76.19471,
            25.80741
          ],
          [
            76.19445,
            25.8074
          ],
          [
            76.19381,
            25.80747
          ],
          [
            76.1936,
            25.80747
          ],
          [
            76.19344,
            25.80745
          ],
          [
            76.19327,
            25.8074
          ],
          [
            76.19311,
            25.80733
          ],
          [
            76.19299,
            25.80725
          ],
          [
            76.19286,
            25.80711
          ],
          [
            76.19241,
            25.8064
          ],
          [
            76.19208,
            25.80588
          ],
          [
            76.19183,
            25.80537
          ],
          [
            76.19178,
            25.80515
          ],
          [
            76.19135,
            25.80237
          ],
          [
            76.19096,
            25.80084
          ],
          [
            76.19081,
            25.80033
          ],
          [
            76.19021,
            25.79815
          ],
          [
            76.19017,
            25.79793
          ],
          [
            76.18979,
            25.79482
          ],
          [
            76.18944,
            25.79171
          ],
          [
            76.18921,
            25.78912
          ],
          [
            76.18885,
            25.78488
          ],
          [
            76.18878,
            25.78454
          ],
          [
            76.18763,
            25.77987
          ],
          [
            76.18715,
            25.77787
          ],
          [
            76.18702,
            25.77698
          ],
          [
            76.18685,
            25.77552
          ],
          [
            76.18673,
            25.77471
          ],
          [
            76.18661,
            25.77416
          ],
          [
            76.18599,
            25.7717
          ],
          [
            76.18574,
            25.77079
          ],
          [
            76.18561,
            25.77046
          ],
          [
            76.1847,
            25.7684
          ],
          [
            76.18362,
            25.76592
          ],
          [
            76.18338,
            25.76532
          ],
          [
            76.18257,
            25.76323
          ],
          [
            76.18224,
            25.76237
          ],
          [
            76.18148,
            25.76034
          ],
          [
            76.18139,
            25.76014
          ],
          [
            76.18105,
            25.75955
          ],
          [
            76.17999,
            25.75805
          ],
          [
            76.17862,
            25.7561
          ],
          [
            76.17803,
            25.75538
          ],
          [
            76.17429,
            25.75151
          ],
          [
            76.17162,
            25.74863
          ],
          [
            76.17112,
            25.74812
          ],
          [
            76.17082,
            25.74787
          ],
          [
            76.17044,
            25.74762
          ],
          [
            76.16807,
            25.74619
          ],
          [
            76.16916,
            25.74339
          ],
          [
            76.16954,
            25.74258
          ],
          [
            76.16976,
            25.74234
          ],
          [
            76.16997,
            25.74216
          ],
          [
            76.17162,
            25.74105
          ],
          [
            76.17265,
            25.74039
          ],
          [
            76.17367,
            25.73971
          ],
          [
            76.17441,
            25.73919
          ],
          [
            76.17512,
            25.73865
          ],
          [
            76.17555,
            25.7384
          ],
          [
            76.17583,
            25.73831
          ],
          [
            76.17606,
            25.73827
          ],
          [
            76.17736,
            25.73814
          ],
          [
            76.1777,
            25.73806
          ],
          [
            76.17872,
            25.73767
          ],
          [
            76.17942,
            25.73738
          ],
          [
            76.17982,
            25.73717
          ],
          [
            76.18114,
            25.73624
          ],
          [
            76.18139,
            25.73602
          ],
          [
            76.18154,
            25.73579
          ],
          [
            76.1816,
            25.73567
          ],
          [
            76.18167,
            25.73543
          ],
          [
            76.18172,
            25.73498
          ],
          [
            76.18192,
            25.73246
          ],
          [
            76.182,
            25.73233
          ],
          [
            76.18226,
            25.7321
          ],
          [
            76.18444,
            25.73159
          ],
          [
            76.18468,
            25.73151
          ],
          [
            76.18478,
            25.73141
          ],
          [
            76.18505,
            25.73104
          ],
          [
            76.18547,
            25.73051
          ],
          [
            76.18604,
            25.72997
          ],
          [
            76.18635,
            25.72964
          ],
          [
            76.18651,
            25.72938
          ],
          [
            76.18681,
            25.72902
          ],
          [
            76.18689,
            25.72888
          ],
          [
            76.18742,
            25.72802
          ],
          [
            76.18754,
            25.72777
          ],
          [
            76.18777,
            25.72711
          ],
          [
            76.18789,
            25.72692
          ],
          [
            76.1882,
            25.72652
          ],
          [
            76.18887,
            25.72568
          ],
          [
            76.18901,
            25.72555
          ],
          [
            76.18951,
            25.7252
          ],
          [
            76.18958,
            25.72515
          ],
          [
            76.18974,
            25.72499
          ],
          [
            76.19042,
            25.72378
          ],
          [
            76.19067,
            25.72326
          ],
          [
            76.19071,
            25.72307
          ],
          [
            76.1907,
            25.72287
          ],
          [
            76.19057,
            25.72237
          ],
          [
            76.18958,
            25.71936
          ],
          [
            76.18928,
            25.71871
          ],
          [
            76.18901,
            25.71819
          ],
          [
            76.18883,
            25.71781
          ],
          [
            76.18871,
            25.71726
          ],
          [
            76.18863,
            25.71673
          ],
          [
            76.18863,
            25.71649
          ],
          [
            76.1887,
            25.71623
          ],
          [
            76.18881,
            25.71605
          ],
          [
            76.18892,
            25.71597
          ],
          [
            76.18918,
            25.71583
          ],
          [
            76.18952,
            25.71573
          ],
          [
            76.18975,
            25.71575
          ],
          [
            76.18994,
            25.71579
          ],
          [
            76.19148,
            25.71618
          ],
          [
            76.19249,
            25.71641
          ],
          [
            76.19299,
            25.71651
          ],
          [
            76.19345,
            25.71653
          ],
          [
            76.19635,
            25.71624
          ],
          [
            76.19678,
            25.71618
          ],
          [
            76.19712,
            25.71604
          ],
          [
            76.19728,
            25.71595
          ],
          [
            76.19851,
            25.71493
          ],
          [
            76.19898,
            25.71453
          ],
          [
            76.19952,
            25.71404
          ],
          [
            76.201,
            25.7119
          ],
          [
            76.20319,
            25.70886
          ],
          [
            76.20437,
            25.70716
          ],
          [
            76.20459,
            25.70679
          ],
          [
            76.20498,
            25.70597
          ],
          [
            76.20615,
            25.70329
          ],
          [
            76.20715,
            25.70106
          ],
          [
            76.20735,
            25.70067
          ],
          [
            76.20753,
            25.7004
          ],
          [
            76.20788,
            25.70007
          ],
          [
            76.20968,
            25.69861
          ],
          [
            76.20993,
            25.69837
          ],
          [
            76.21014,
            25.69807
          ],
          [
            76.21056,
            25.69726
          ],
          [
            76.21067,
            25.69698
          ],
          [
            76.21068,
            25.69664
          ],
          [
            76.21066,
            25.69626
          ],
          [
            76.21058,
            25.6953
          ],
          [
            76.21037,
            25.69368
          ],
          [
            76.2103,
            25.69293
          ],
          [
            76.21039,
            25.6912
          ],
          [
            76.21054,
            25.68896
          ],
          [
            76.21057,
            25.68801
          ],
          [
            76.21062,
            25.68745
          ],
          [
            76.21112,
            25.68563
          ],
          [
            76.2112,
            25.68526
          ],
          [
            76.21121,
            25.68501
          ],
          [
            76.21119,
            25.68472
          ],
          [
            76.21082,
            25.68333
          ],
          [
            76.21056,
            25.68267
          ],
          [
            76.21033,
            25.68219
          ],
          [
            76.20989,
            25.68153
          ],
          [
            76.2094,
            25.68075
          ],
          [
            76.20897,
            25.68009
          ],
          [
            76.20851,
            25.67954
          ],
          [
            76.20779,
            25.67883
          ],
          [
            76.20727,
            25.67843
          ],
          [
            76.20683,
            25.67817
          ],
          [
            76.20541,
            25.67728
          ],
          [
            76.20516,
            25.67711
          ],
          [
            76.20482,
            25.67682
          ],
          [
            76.20414,
            25.67611
          ],
          [
            76.20372,
            25.67574
          ],
          [
            76.20337,
            25.67553
          ],
          [
            76.20288,
            25.67528
          ],
          [
            76.20178,
            25.67481
          ],
          [
            76.20102,
            25.67454
          ],
          [
            76.20033,
            25.67432
          ],
          [
            76.19984,
            25.67414
          ],
          [
            76.19957,
            25.67394
          ],
          [
            76.19938,
            25.67375
          ],
          [
            76.19911,
            25.67328
          ],
          [
            76.19843,
            25.67184
          ],
          [
            76.19693,
            25.66898
          ],
          [
            76.19634,
            25.66807
          ],
          [
            76.19522,
            25.66655
          ],
          [
            76.19507,
            25.66639
          ],
          [
            76.1941,
            25.66541
          ],
          [
            76.19376,
            25.66501
          ],
          [
            76.19328,
            25.66436
          ],
          [
            76.19284,
            25.66352
          ],
          [
            76.19253,
            25.66264
          ],
          [
            76.19231,
            25.66191
          ],
          [
            76.19215,
            25.66097
          ],
          [
            76.19215,
            25.66063
          ],
          [
            76.19221,
            25.66034
          ],
          [
            76.1923,
            25.66005
          ],
          [
            76.19249,
            25.65965
          ],
          [
            76.19271,
            25.65928
          ],
          [
            76.19323,
            25.65852
          ],
          [
            76.19336,
            25.6583
          ],
          [
            76.19354,
            25.65785
          ],
          [
            76.19366,
            25.65741
          ],
          [
            76.19371,
            25.65701
          ],
          [
            76.19368,
            25.6564
          ],
          [
            76.19342,
            25.65551
          ],
          [
            76.19331,
            25.65512
          ],
          [
            76.19321,
            25.65483
          ],
          [
            76.19303,
            25.65444
          ],
          [
            76.19199,
            25.65285
          ],
          [
            76.19171,
            25.6525
          ],
          [
            76.19013,
            25.65083
          ],
          [
            76.18931,
            25.65016
          ],
          [
            76.18855,
            25.64975
          ],
          [
            76.18746,
            25.64912
          ],
          [
            76.18715,
            25.64892
          ],
          [
            76.18678,
            25.64867
          ],
          [
            76.18585,
            25.64795
          ],
          [
            76.18533,
            25.64741
          ],
          [
            76.18486,
            25.6468
          ],
          [
            76.18418,
            25.64561
          ],
          [
            76.18393,
            25.6451
          ],
          [
            76.18385,
            25.64368
          ],
          [
            76.18385,
            25.64301
          ],
          [
            76.18394,
            25.64241
          ],
          [
            76.18415,
            25.64188
          ],
          [
            76.18468,
            25.6412
          ],
          [
            76.18528,
            25.64056
          ],
          [
            76.18776,
            25.63833
          ],
          [
            76.1896,
            25.6369
          ],
          [
            76.1922,
            25.63501
          ],
          [
            76.19309,
            25.63428
          ],
          [
            76.19337,
            25.63396
          ],
          [
            76.1935,
            25.63365
          ],
          [
            76.19371,
            25.63251
          ],
          [
            76.19385,
            25.63141
          ],
          [
            76.1939,
            25.63062
          ],
          [
            76.1938,
            25.62994
          ],
          [
            76.1931,
            25.62792
          ],
          [
            76.19232,
            25.62586
          ],
          [
            76.1921,
            25.62539
          ],
          [
            76.19172,
            25.62495
          ],
          [
            76.19145,
            25.62453
          ],
          [
            76.19139,
            25.62425
          ],
          [
            76.19138,
            25.6239
          ],
          [
            76.19147,
            25.62344
          ],
          [
            76.19152,
            25.62297
          ],
          [
            76.19146,
            25.62136
          ],
          [
            76.19151,
            25.62099
          ],
          [
            76.19166,
            25.62069
          ],
          [
            76.1918,
            25.62051
          ],
          [
            76.19193,
            25.62041
          ],
          [
            76.19228,
            25.62018
          ],
          [
            76.19264,
            25.62004
          ],
          [
            76.19288,
            25.61993
          ],
          [
            76.19313,
            25.61978
          ],
          [
            76.1934,
            25.61957
          ],
          [
            76.19399,
            25.61899
          ],
          [
            76.19468,
            25.61821
          ],
          [
            76.19505,
            25.61783
          ],
          [
            76.19599,
            25.61685
          ],
          [
            76.19721,
            25.61565
          ],
          [
            76.19742,
            25.61546
          ],
          [
            76.19774,
            25.61525
          ],
          [
            76.19803,
            25.61512
          ],
          [
            76.19837,
            25.615
          ],
          [
            76.19982,
            25.61463
          ],
          [
            76.20049,
            25.61443
          ],
          [
            76.20058,
            25.61438
          ],
          [
            76.20093,
            25.61407
          ],
          [
            76.20141,
            25.61339
          ],
          [
            76.20182,
            25.61294
          ],
          [
            76.20197,
            25.61283
          ],
          [
            76.20298,
            25.61238
          ],
          [
            76.2031,
            25.61232
          ],
          [
            76.20323,
            25.6122
          ],
          [
            76.20335,
            25.61202
          ],
          [
            76.20423,
            25.61043
          ],
          [
            76.20473,
            25.60964
          ],
          [
            76.20547,
            25.60854
          ],
          [
            76.20567,
            25.6082
          ],
          [
            76.20588,
            25.60781
          ],
          [
            76.20675,
            25.6058
          ],
          [
            76.20687,
            25.6054
          ],
          [
            76.2074,
            25.60334
          ],
          [
            76.20745,
            25.60308
          ],
          [
            76.20749,
            25.60132
          ],
          [
            76.20756,
            25.60122
          ],
          [
            76.20762,
            25.60117
          ],
          [
            76.20775,
            25.60115
          ],
          [
            76.20809,
            25.60114
          ],
          [
            76.20825,
            25.60111
          ],
          [
            76.20837,
            25.60104
          ],
          [
            76.20843,
            25.60096
          ],
          [
            76.20848,
            25.60083
          ],
          [
            76.20844,
            25.59685
          ],
          [
            76.20843,
            25.59088
          ],
          [
            76.2084,
            25.58747
          ],
          [
            76.2084,
            25.58506
          ],
          [
            76.20843,
            25.58308
          ],
          [
            76.20846,
            25.58274
          ],
          [
            76.20862,
            25.58225
          ],
          [
            76.2089,
            25.5816
          ],
          [
            76.20916,
            25.58091
          ],
          [
            76.20928,
            25.58043
          ],
          [
            76.2093,
            25.58009
          ],
          [
            76.20929,
            25.57451
          ],
          [
            76.20933,
            25.57399
          ],
          [
            76.20938,
            25.57375
          ],
          [
            76.20972,
            25.57386
          ],
          [
            76.21074,
            25.57422
          ],
          [
            76.21445,
            25.57544
          ],
          [
            76.21931,
            25.57696
          ],
          [
            76.22158,
            25.57766
          ],
          [
            76.22247,
            25.57795
          ],
          [
            76.22234,
            25.57757
          ],
          [
            76.2217,
            25.57716
          ],
          [
            76.2215,
            25.57678
          ],
          [
            76.22147,
            25.57524
          ],
          [
            76.22126,
            25.57423
          ],
          [
            76.22082,
            25.57308
          ],
          [
            76.22068,
            25.57123
          ],
          [
            76.2191,
            25.55646
          ],
          [
            76.21896,
            25.55517
          ],
          [
            76.21859,
            25.55172
          ],
          [
            76.21828,
            25.54998
          ],
          [
            76.2171,
            25.54589
          ],
          [
            76.21668,
            25.54421
          ],
          [
            76.21639,
            25.54303
          ],
          [
            76.21583,
            25.54081
          ],
          [
            76.2147,
            25.53606
          ],
          [
            76.21314,
            25.52903
          ],
          [
            76.21291,
            25.528
          ],
          [
            76.21236,
            25.52552
          ],
          [
            76.20978,
            25.51466
          ],
          [
            76.20844,
            25.50913
          ],
          [
            76.20818,
            25.50706
          ],
          [
            76.20818,
            25.50475
          ],
          [
            76.20837,
            25.50279
          ],
          [
            76.20876,
            25.50049
          ],
          [
            76.21021,
            25.49472
          ],
          [
            76.21174,
            25.48969
          ],
          [
            76.21247,
            25.48648
          ],
          [
            76.21289,
            25.48461
          ],
          [
            76.21341,
            25.48133
          ],
          [
            76.2135,
            25.4804
          ],
          [
            76.21342,
            25.47914
          ],
          [
            76.21332,
            25.47817
          ],
          [
            76.21325,
            25.47771
          ],
          [
            76.21305,
            25.47659
          ],
          [
            76.21276,
            25.47528
          ],
          [
            76.21243,
            25.47386
          ],
          [
            76.21134,
            25.47096
          ],
          [
            76.20899,
            25.465
          ],
          [
            76.20827,
            25.46295
          ],
          [
            76.20744,
            25.45972
          ],
          [
            76.20693,
            25.45719
          ],
          [
            76.20662,
            25.45505
          ],
          [
            76.20527,
            25.44361
          ],
          [
            76.20521,
            25.44315
          ],
          [
            76.20362,
            25.42965
          ],
          [
            76.20179,
            25.41462
          ],
          [
            76.20169,
            25.41379
          ],
          [
            76.20145,
            25.41173
          ],
          [
            76.20132,
            25.41048
          ],
          [
            76.20129,
            25.41013
          ],
          [
            76.2009,
            25.40617
          ],
          [
            76.20081,
            25.40523
          ],
          [
            76.20033,
            25.40035
          ],
          [
            76.19881,
            25.38621
          ],
          [
            76.19873,
            25.38545
          ],
          [
            76.1971,
            25.37038
          ],
          [
            76.19662,
            25.36641
          ],
          [
            76.19658,
            25.36604
          ],
          [
            76.19577,
            25.36014
          ],
          [
            76.19402,
            25.35284
          ],
          [
            76.191,
            25.34399
          ],
          [
            76.19014,
            25.3422
          ],
          [
            76.18851,
            25.33882
          ],
          [
            76.18835,
            25.3385
          ],
          [
            76.18632,
            25.33427
          ],
          [
            76.18439,
            25.33117
          ],
          [
            76.18384,
            25.33028
          ],
          [
            76.16813,
            25.305
          ],
          [
            76.16796,
            25.30473
          ],
          [
            76.16142,
            25.29421
          ],
          [
            76.16125,
            25.29393
          ],
          [
            76.14743,
            25.27167
          ],
          [
            76.14702,
            25.27101
          ],
          [
            76.13695,
            25.2548
          ],
          [
            76.13671,
            25.25441
          ],
          [
            76.13344,
            25.24914
          ],
          [
            76.13321,
            25.24878
          ],
          [
            76.12388,
            25.23374
          ],
          [
            76.12362,
            25.23333
          ],
          [
            76.1178,
            25.22395
          ],
          [
            76.1057,
            25.20435
          ],
          [
            76.10504,
            25.20328
          ],
          [
            76.09671,
            25.18978
          ],
          [
            76.09608,
            25.18876
          ],
          [
            76.09554,
            25.18793
          ],
          [
            76.09111,
            25.18104
          ],
          [
            76.08683,
            25.17338
          ],
          [
            76.08595,
            25.17172
          ],
          [
            76.08577,
            25.17139
          ],
          [
            76.08572,
            25.17129
          ],
          [
            76.08433,
            25.16869
          ],
          [
            76.08375,
            25.16753
          ],
          [
            76.08337,
            25.16672
          ],
          [
            76.06464,
            25.12324
          ],
          [
            76.06443,
            25.12277
          ],
          [
            76.06134,
            25.11558
          ],
          [
            76.06128,
            25.11544
          ],
          [
            76.05261,
            25.09531
          ],
          [
            76.05257,
            25.09522
          ],
          [
            76.04875,
            25.08635
          ],
          [
            76.04871,
            25.08624
          ],
          [
            76.04215,
            25.07109
          ],
          [
            76.04212,
            25.071
          ],
          [
            76.04128,
            25.069
          ],
          [
            76.04007,
            25.06608
          ],
          [
            76.04003,
            25.066
          ],
          [
            76.03837,
            25.0625
          ],
          [
            76.03832,
            25.0624
          ],
          [
            76.03539,
            25.0562
          ],
          [
            76.03307,
            25.05154
          ],
          [
            76.03283,
            25.05107
          ],
          [
            76.02725,
            25.03988
          ],
          [
            76.0272,
            25.03979
          ],
          [
            76.02396,
            25.03334
          ],
          [
            76.02391,
            25.03323
          ],
          [
            76.02196,
            25.02934
          ],
          [
            76.01642,
            25.01822
          ],
          [
            76.01637,
            25.01812
          ],
          [
            76.00586,
            24.99702
          ],
          [
            75.98822,
            24.96189
          ],
          [
            75.96734,
            24.9197
          ],
          [
            75.96724,
            24.91942
          ],
          [
            75.96696,
            24.91865
          ],
          [
            75.96407,
            24.91057
          ],
          [
            75.96404,
            24.91047
          ],
          [
            75.96244,
            24.90599
          ],
          [
            75.96187,
            24.90387
          ],
          [
            75.9619,
            24.9036
          ],
          [
            75.96194,
            24.90341
          ],
          [
            75.96202,
            24.90324
          ],
          [
            75.96232,
            24.90284
          ],
          [
            75.96347,
            24.90145
          ],
          [
            75.96361,
            24.9012
          ],
          [
            75.9637,
            24.90093
          ],
          [
            75.96371,
            24.90069
          ],
          [
            75.96372,
            24.90037
          ],
          [
            75.96367,
            24.90015
          ],
          [
            75.96336,
            24.89951
          ],
          [
            75.96308,
            24.89909
          ],
          [
            75.96259,
            24.89845
          ],
          [
            75.96239,
            24.89814
          ],
          [
            75.96227,
            24.89787
          ],
          [
            75.96216,
            24.89753
          ],
          [
            75.9621,
            24.89725
          ],
          [
            75.96202,
            24.89693
          ],
          [
            75.96216,
            24.89652
          ],
          [
            75.9624,
            24.89591
          ],
          [
            75.96285,
            24.89498
          ],
          [
            75.96328,
            24.89418
          ],
          [
            75.964,
            24.89278
          ],
          [
            75.96424,
            24.89227
          ],
          [
            75.96445,
            24.89173
          ],
          [
            75.96478,
            24.89089
          ],
          [
            75.96506,
            24.89023
          ],
          [
            75.96599,
            24.88793
          ],
          [
            75.96684,
            24.88587
          ],
          [
            75.9678,
            24.88344
          ],
          [
            75.96818,
            24.88255
          ],
          [
            75.96846,
            24.88181
          ],
          [
            75.96921,
            24.87999
          ],
          [
            75.96954,
            24.8792
          ],
          [
            75.97004,
            24.8779
          ],
          [
            75.97051,
            24.87683
          ],
          [
            75.97076,
            24.87629
          ],
          [
            75.97201,
            24.87412
          ],
          [
            75.97229,
            24.8736
          ],
          [
            75.97244,
            24.87327
          ],
          [
            75.97256,
            24.87293
          ],
          [
            75.97262,
            24.8727
          ],
          [
            75.97268,
            24.87165
          ],
          [
            75.97265,
            24.8703
          ],
          [
            75.97261,
            24.87001
          ],
          [
            75.97256,
            24.86963
          ],
          [
            75.97249,
            24.8689
          ],
          [
            75.97248,
            24.86855
          ],
          [
            75.97251,
            24.86816
          ],
          [
            75.97256,
            24.8678
          ],
          [
            75.97265,
            24.86748
          ],
          [
            75.97277,
            24.86719
          ],
          [
            75.97286,
            24.86699
          ],
          [
            75.973,
            24.86676
          ],
          [
            75.97317,
            24.86651
          ],
          [
            75.97369,
            24.86589
          ],
          [
            75.97506,
            24.86432
          ],
          [
            75.97538,
            24.86393
          ],
          [
            75.97563,
            24.86358
          ],
          [
            75.97584,
            24.86327
          ],
          [
            75.97619,
            24.86265
          ],
          [
            75.97718,
            24.86064
          ],
          [
            75.97832,
            24.85828
          ],
          [
            75.9804,
            24.85383
          ],
          [
            75.98117,
            24.85215
          ],
          [
            75.98119,
            24.85209
          ],
          [
            75.9813,
            24.85185
          ],
          [
            75.98294,
            24.84837
          ],
          [
            75.98339,
            24.84746
          ],
          [
            75.98358,
            24.84716
          ],
          [
            75.98377,
            24.84692
          ],
          [
            75.98399,
            24.84666
          ],
          [
            75.98429,
            24.84641
          ],
          [
            75.9847,
            24.84612
          ],
          [
            75.98539,
            24.84573
          ],
          [
            75.98816,
            24.84434
          ],
          [
            75.99027,
            24.84325
          ],
          [
            75.99557,
            24.84056
          ],
          [
            75.99605,
            24.84033
          ],
          [
            75.99727,
            24.8397
          ],
          [
            75.9995,
            24.8385
          ],
          [
            76.00032,
            24.83798
          ],
          [
            76.0009,
            24.83755
          ],
          [
            76.00156,
            24.83703
          ],
          [
            76.00205,
            24.83668
          ],
          [
            76.00356,
            24.8358
          ],
          [
            76.00379,
            24.83566
          ],
          [
            76.0041,
            24.83548
          ],
          [
            76.00485,
            24.83504
          ],
          [
            76.00498,
            24.83497
          ],
          [
            76.00646,
            24.83412
          ],
          [
            76.00779,
            24.83337
          ],
          [
            76.00889,
            24.83274
          ],
          [
            76.00993,
            24.83213
          ],
          [
            76.01011,
            24.83199
          ],
          [
            76.01076,
            24.83163
          ],
          [
            76.01105,
            24.83148
          ],
          [
            76.01136,
            24.8313
          ],
          [
            76.01171,
            24.83109
          ],
          [
            76.01191,
            24.83094
          ],
          [
            76.01225,
            24.83067
          ],
          [
            76.01245,
            24.83047
          ],
          [
            76.01297,
            24.82989
          ],
          [
            76.01316,
            24.82965
          ],
          [
            76.01338,
            24.82935
          ],
          [
            76.01354,
            24.82905
          ],
          [
            76.01373,
            24.82856
          ],
          [
            76.01391,
            24.82803
          ],
          [
            76.01406,
            24.82756
          ],
          [
            76.01413,
            24.82726
          ],
          [
            76.01417,
            24.82703
          ],
          [
            76.01418,
            24.82683
          ],
          [
            76.01417,
            24.82669
          ],
          [
            76.01411,
            24.8265
          ],
          [
            76.01369,
            24.82566
          ],
          [
            76.01354,
            24.82541
          ],
          [
            76.01337,
            24.82515
          ],
          [
            76.01311,
            24.82483
          ],
          [
            76.01278,
            24.82445
          ],
          [
            76.01244,
            24.82412
          ],
          [
            76.0118,
            24.82356
          ],
          [
            76.01099,
            24.82289
          ],
          [
            76.01084,
            24.82279
          ],
          [
            76.01023,
            24.82242
          ],
          [
            76.00986,
            24.82223
          ],
          [
            76.00937,
            24.82202
          ],
          [
            76.00885,
            24.82183
          ],
          [
            76.00843,
            24.82171
          ],
          [
            76.00789,
            24.82159
          ],
          [
            76.00748,
            24.82153
          ],
          [
            76.00652,
            24.82144
          ],
          [
            76.00568,
            24.8214
          ],
          [
            76.00471,
            24.82137
          ],
          [
            76.00455,
            24.82133
          ],
          [
            76.00437,
            24.82125
          ],
          [
            76.00423,
            24.82118
          ],
          [
            76.004,
            24.821
          ],
          [
            76.00288,
            24.81991
          ],
          [
            76.00273,
            24.81971
          ],
          [
            76.00255,
            24.81939
          ],
          [
            76.00237,
            24.81906
          ],
          [
            76.00201,
            24.81825
          ],
          [
            76.00112,
            24.81617
          ],
          [
            76.00069,
            24.81512
          ],
          [
            76.0002,
            24.81405
          ],
          [
            76.00007,
            24.81385
          ],
          [
            75.99986,
            24.81359
          ],
          [
            75.99961,
            24.81336
          ],
          [
            75.99929,
            24.81313
          ],
          [
            75.99867,
            24.81287
          ],
          [
            75.99831,
            24.81277
          ],
          [
            75.99785,
            24.81267
          ],
          [
            75.99694,
            24.81256
          ],
          [
            75.99666,
            24.81255
          ],
          [
            75.9963,
            24.81259
          ],
          [
            75.99603,
            24.81264
          ],
          [
            75.99546,
            24.81282
          ],
          [
            75.99475,
            24.81317
          ],
          [
            75.99424,
            24.81346
          ],
          [
            75.99137,
            24.81554
          ],
          [
            75.99049,
            24.8161
          ],
          [
            75.99021,
            24.81624
          ],
          [
            75.99001,
            24.81631
          ],
          [
            75.98978,
            24.81634
          ],
          [
            75.98903,
            24.81632
          ],
          [
            75.9887,
            24.81626
          ],
          [
            75.98835,
            24.81614
          ],
          [
            75.98764,
            24.81583
          ],
          [
            75.98698,
            24.81549
          ],
          [
            75.98672,
            24.81533
          ],
          [
            75.98644,
            24.81502
          ],
          [
            75.98634,
            24.81485
          ],
          [
            75.98628,
            24.81465
          ],
          [
            75.98623,
            24.81436
          ],
          [
            75.98611,
            24.81313
          ],
          [
            75.98589,
            24.81096
          ],
          [
            75.98569,
            24.80977
          ],
          [
            75.98564,
            24.80952
          ],
          [
            75.98555,
            24.80917
          ],
          [
            75.98552,
            24.80902
          ],
          [
            75.98485,
            24.80658
          ],
          [
            75.98479,
            24.80642
          ],
          [
            75.98472,
            24.8063
          ],
          [
            75.98462,
            24.80616
          ],
          [
            75.98436,
            24.80587
          ],
          [
            75.98427,
            24.80579
          ],
          [
            75.98407,
            24.80568
          ],
          [
            75.98386,
            24.80553
          ],
          [
            75.98348,
            24.80512
          ],
          [
            75.98343,
            24.80506
          ],
          [
            75.98341,
            24.80499
          ],
          [
            75.9835,
            24.80356
          ],
          [
            75.98358,
            24.80298
          ],
          [
            75.98359,
            24.80276
          ],
          [
            75.98357,
            24.80205
          ],
          [
            75.98329,
            24.79655
          ],
          [
            75.9831,
            24.79351
          ],
          [
            75.98313,
            24.79332
          ],
          [
            75.98317,
            24.79328
          ],
          [
            75.98329,
            24.79324
          ],
          [
            75.98389,
            24.79322
          ],
          [
            75.98402,
            24.7932
          ],
          [
            75.98412,
            24.79316
          ],
          [
            75.98431,
            24.79304
          ],
          [
            75.98439,
            24.79294
          ],
          [
            75.98445,
            24.79285
          ],
          [
            75.98449,
            24.79275
          ],
          [
            75.98451,
            24.79259
          ],
          [
            75.98448,
            24.79222
          ],
          [
            75.98436,
            24.79083
          ],
          [
            75.98424,
            24.78889
          ],
          [
            75.98423,
            24.78856
          ],
          [
            75.98424,
            24.78837
          ],
          [
            75.98428,
            24.78811
          ],
          [
            75.98438,
            24.78759
          ],
          [
            75.98456,
            24.78683
          ],
          [
            75.98478,
            24.78591
          ],
          [
            75.98489,
            24.78537
          ],
          [
            75.985,
            24.78459
          ],
          [
            75.98505,
            24.78408
          ],
          [
            75.98526,
            24.78205
          ],
          [
            75.98545,
            24.7816
          ],
          [
            75.98557,
            24.78076
          ],
          [
            75.98539,
            24.78082
          ],
          [
            75.98457,
            24.78112
          ],
          [
            75.98408,
            24.7813
          ],
          [
            75.98394,
            24.78138
          ],
          [
            75.9838,
            24.78145
          ],
          [
            75.98339,
            24.78166
          ],
          [
            75.98315,
            24.78173
          ],
          [
            75.98302,
            24.78174
          ],
          [
            75.9828,
            24.78174
          ],
          [
            75.98214,
            24.78169
          ],
          [
            75.98176,
            24.78163
          ],
          [
            75.98165,
            24.78163
          ],
          [
            75.98154,
            24.78163
          ],
          [
            75.9811,
            24.78172
          ],
          [
            75.98073,
            24.78177
          ],
          [
            75.98056,
            24.78178
          ],
          [
            75.98035,
            24.78177
          ],
          [
            75.98014,
            24.78171
          ],
          [
            75.98002,
            24.78169
          ],
          [
            75.9799,
            24.78169
          ],
          [
            75.97966,
            24.78172
          ],
          [
            75.97962,
            24.78172
          ],
          [
            75.97951,
            24.78175
          ],
          [
            75.97938,
            24.78174
          ],
          [
            75.97899,
            24.78162
          ],
          [
            75.97865,
            24.78157
          ],
          [
            75.97861,
            24.78157
          ],
          [
            75.97805,
            24.78152
          ],
          [
            75.97791,
            24.78148
          ],
          [
            75.97747,
            24.78132
          ],
          [
            75.97729,
            24.78129
          ],
          [
            75.97721,
            24.7813
          ],
          [
            75.97672,
            24.78144
          ],
          [
            75.97654,
            24.78146
          ],
          [
            75.9754,
            24.78126
          ],
          [
            75.97519,
            24.78121
          ],
          [
            75.97504,
            24.78114
          ],
          [
            75.97498,
            24.78109
          ],
          [
            75.97463,
            24.78059
          ],
          [
            75.97448,
            24.7804
          ],
          [
            75.97435,
            24.78029
          ],
          [
            75.97417,
            24.78023
          ],
          [
            75.97384,
            24.78013
          ],
          [
            75.97369,
            24.78002
          ],
          [
            75.97273,
            24.77887
          ],
          [
            75.9721,
            24.77854
          ],
          [
            75.97171,
            24.77823
          ],
          [
            75.9705,
            24.77646
          ],
          [
            75.96999,
            24.77645
          ],
          [
            75.96957,
            24.77632
          ],
          [
            75.96918,
            24.77608
          ],
          [
            75.96829,
            24.77504
          ],
          [
            75.96779,
            24.77448
          ],
          [
            75.9666,
            24.77338
          ],
          [
            75.96577,
            24.7727
          ],
          [
            75.96539,
            24.77244
          ],
          [
            75.96498,
            24.77223
          ],
          [
            75.96447,
            24.77193
          ],
          [
            75.96406,
            24.77163
          ],
          [
            75.96395,
            24.77147
          ],
          [
            75.96386,
            24.77119
          ],
          [
            75.96368,
            24.77086
          ],
          [
            75.96395,
            24.77081
          ],
          [
            75.96387,
            24.77053
          ],
          [
            75.96389,
            24.76957
          ],
          [
            75.96383,
            24.76914
          ],
          [
            75.9637,
            24.76863
          ],
          [
            75.96341,
            24.76783
          ],
          [
            75.9634,
            24.76772
          ],
          [
            75.96285,
            24.76785
          ],
          [
            75.96244,
            24.7679
          ],
          [
            75.96196,
            24.7679
          ],
          [
            75.96162,
            24.76798
          ],
          [
            75.96099,
            24.76819
          ],
          [
            75.96058,
            24.76835
          ],
          [
            75.96025,
            24.76852
          ],
          [
            75.95993,
            24.76862
          ],
          [
            75.95966,
            24.76864
          ],
          [
            75.95919,
            24.76842
          ],
          [
            75.95879,
            24.76831
          ],
          [
            75.95828,
            24.76821
          ],
          [
            75.95808,
            24.76772
          ],
          [
            75.95786,
            24.76709
          ],
          [
            75.95769,
            24.76667
          ],
          [
            75.95746,
            24.76628
          ],
          [
            75.95742,
            24.76588
          ],
          [
            75.95738,
            24.76524
          ],
          [
            75.95718,
            24.76498
          ],
          [
            75.95697,
            24.76485
          ],
          [
            75.9568,
            24.76475
          ],
          [
            75.95606,
            24.76451
          ],
          [
            75.95555,
            24.7644
          ],
          [
            75.9544,
            24.76409
          ],
          [
            75.95287,
            24.76376
          ],
          [
            75.95073,
            24.76323
          ],
          [
            75.95,
            24.7631
          ],
          [
            75.949,
            24.76288
          ],
          [
            75.94821,
            24.76275
          ],
          [
            75.94708,
            24.76237
          ],
          [
            75.94664,
            24.76224
          ],
          [
            75.94628,
            24.76224
          ],
          [
            75.94599,
            24.76231
          ],
          [
            75.94376,
            24.7633
          ],
          [
            75.94333,
            24.76187
          ],
          [
            75.94306,
            24.7613
          ],
          [
            75.94266,
            24.76024
          ],
          [
            75.94216,
            24.75914
          ],
          [
            75.94189,
            24.75871
          ],
          [
            75.94161,
            24.75836
          ],
          [
            75.94119,
            24.75733
          ],
          [
            75.94064,
            24.75645
          ],
          [
            75.94007,
            24.75541
          ],
          [
            75.93874,
            24.75349
          ],
          [
            75.93804,
            24.75252
          ],
          [
            75.93775,
            24.75229
          ],
          [
            75.93745,
            24.752
          ],
          [
            75.93725,
            24.75139
          ],
          [
            75.93689,
            24.75084
          ],
          [
            75.93623,
            24.75032
          ],
          [
            75.93526,
            24.74838
          ],
          [
            75.93506,
            24.74817
          ],
          [
            75.93486,
            24.74799
          ],
          [
            75.93469,
            24.74778
          ],
          [
            75.93455,
            24.74751
          ],
          [
            75.93456,
            24.7472
          ],
          [
            75.93476,
            24.74602
          ],
          [
            75.93521,
            24.74362
          ],
          [
            75.93543,
            24.74254
          ],
          [
            75.93511,
            24.7427
          ],
          [
            75.92969,
            24.74504
          ],
          [
            75.92769,
            24.74593
          ],
          [
            75.92626,
            24.74652
          ],
          [
            75.92484,
            24.74717
          ],
          [
            75.92359,
            24.74772
          ],
          [
            75.92191,
            24.74842
          ],
          [
            75.92077,
            24.74896
          ],
          [
            75.91942,
            24.74978
          ],
          [
            75.91663,
            24.75139
          ],
          [
            75.91539,
            24.75213
          ],
          [
            75.91352,
            24.75319
          ],
          [
            75.90658,
            24.75724
          ],
          [
            75.90628,
            24.75744
          ],
          [
            75.90839,
            24.75932
          ],
          [
            75.90977,
            24.76038
          ],
          [
            75.91016,
            24.7608
          ],
          [
            75.91028,
            24.76122
          ],
          [
            75.91014,
            24.76167
          ],
          [
            75.90989,
            24.76196
          ],
          [
            75.90952,
            24.76222
          ],
          [
            75.90497,
            24.7591
          ],
          [
            75.90239,
            24.75788
          ],
          [
            75.89724,
            24.75615
          ],
          [
            75.89359,
            24.75349
          ],
          [
            75.89248,
            24.75218
          ],
          [
            75.89109,
            24.74935
          ],
          [
            75.89073,
            24.74692
          ],
          [
            75.89114,
            24.74285
          ],
          [
            75.89416,
            24.72677
          ],
          [
            75.89419,
            24.7266
          ],
          [
            75.89544,
            24.71993
          ],
          [
            75.89634,
            24.71532
          ],
          [
            75.8966,
            24.71268
          ],
          [
            75.89826,
            24.68815
          ],
          [
            75.89826,
            24.68714
          ],
          [
            75.8982,
            24.68609
          ],
          [
            75.89819,
            24.68603
          ],
          [
            75.89813,
            24.68521
          ],
          [
            75.89758,
            24.68266
          ],
          [
            75.89695,
            24.68091
          ],
          [
            75.89624,
            24.6794
          ],
          [
            75.8952,
            24.67771
          ],
          [
            75.89416,
            24.67637
          ],
          [
            75.89326,
            24.67539
          ],
          [
            75.89232,
            24.67446
          ],
          [
            75.88455,
            24.66729
          ],
          [
            75.88224,
            24.66507
          ],
          [
            75.87955,
            24.66214
          ],
          [
            75.87676,
            24.6575
          ],
          [
            75.8651,
            24.63271
          ],
          [
            75.85809,
            24.61789
          ],
          [
            75.85634,
            24.61391
          ],
          [
            75.85573,
            24.61248
          ],
          [
            75.85562,
            24.61225
          ],
          [
            75.85485,
            24.61046
          ],
          [
            75.84593,
            24.59106
          ],
          [
            75.84414,
            24.5874
          ],
          [
            75.83801,
            24.57734
          ],
          [
            75.83666,
            24.57469
          ],
          [
            75.83639,
            24.57406
          ],
          [
            75.83632,
            24.57389
          ],
          [
            75.8362,
            24.57358
          ],
          [
            75.83597,
            24.57269
          ],
          [
            75.8358,
            24.5718
          ],
          [
            75.83568,
            24.56911
          ],
          [
            75.83559,
            24.56775
          ],
          [
            75.8352,
            24.56515
          ],
          [
            75.83404,
            24.56025
          ],
          [
            75.833,
            24.55675
          ],
          [
            75.83211,
            24.55453
          ],
          [
            75.83071,
            24.55152
          ],
          [
            75.82967,
            24.5497
          ],
          [
            75.82736,
            24.5462
          ],
          [
            75.82379,
            24.54054
          ],
          [
            75.82122,
            24.53676
          ],
          [
            75.81971,
            24.53484
          ],
          [
            75.81781,
            24.53297
          ],
          [
            75.81368,
            24.52956
          ],
          [
            75.81279,
            24.52856
          ],
          [
            75.81184,
            24.52696
          ],
          [
            75.81144,
            24.52595
          ],
          [
            75.81062,
            24.52393
          ],
          [
            75.80982,
            24.52158
          ],
          [
            75.80961,
            24.52101
          ],
          [
            75.80824,
            24.51674
          ],
          [
            75.80767,
            24.51528
          ],
          [
            75.80708,
            24.51391
          ],
          [
            75.80638,
            24.51249
          ],
          [
            75.80316,
            24.5061
          ],
          [
            75.80306,
            24.5059
          ],
          [
            75.79865,
            24.49716
          ],
          [
            75.79527,
            24.49086
          ],
          [
            75.79482,
            24.49002
          ],
          [
            75.79285,
            24.48662
          ],
          [
            75.79027,
            24.4819
          ],
          [
            75.7881,
            24.47815
          ],
          [
            75.78666,
            24.47592
          ],
          [
            75.78564,
            24.47466
          ],
          [
            75.78411,
            24.4733
          ],
          [
            75.77842,
            24.46973
          ],
          [
            75.77584,
            24.46817
          ],
          [
            75.77417,
            24.46688
          ],
          [
            75.77178,
            24.46402
          ],
          [
            75.77063,
            24.46248
          ],
          [
            75.77044,
            24.46223
          ],
          [
            75.76855,
            24.45972
          ],
          [
            75.76486,
            24.45512
          ],
          [
            75.76392,
            24.45366
          ],
          [
            75.76137,
            24.44955
          ],
          [
            75.75865,
            24.44549
          ],
          [
            75.7528,
            24.43725
          ],
          [
            75.74863,
            24.43204
          ],
          [
            75.74748,
            24.43068
          ],
          [
            75.74612,
            24.42888
          ],
          [
            75.74089,
            24.42212
          ],
          [
            75.73473,
            24.41556
          ],
          [
            75.73043,
            24.41116
          ],
          [
            75.72807,
            24.40869
          ],
          [
            75.72772,
            24.40831
          ],
          [
            75.72684,
            24.40733
          ],
          [
            75.7241,
            24.40407
          ],
          [
            75.72155,
            24.40098
          ],
          [
            75.71718,
            24.39551
          ],
          [
            75.70883,
            24.38466
          ],
          [
            75.70873,
            24.38453
          ],
          [
            75.70233,
            24.37618
          ],
          [
            75.69574,
            24.36726
          ],
          [
            75.69559,
            24.36706
          ],
          [
            75.69196,
            24.36206
          ],
          [
            75.68664,
            24.35482
          ],
          [
            75.68634,
            24.35441
          ],
          [
            75.68273,
            24.34939
          ],
          [
            75.68165,
            24.34807
          ],
          [
            75.68013,
            24.34598
          ],
          [
            75.67782,
            24.34271
          ],
          [
            75.67648,
            24.34098
          ],
          [
            75.67639,
            24.34085
          ],
          [
            75.67576,
            24.33996
          ],
          [
            75.67357,
            24.33674
          ],
          [
            75.67177,
            24.33424
          ],
          [
            75.66746,
            24.32624
          ],
          [
            75.66674,
            24.3252
          ],
          [
            75.66652,
            24.32488
          ],
          [
            75.66593,
            24.32402
          ],
          [
            75.6621,
            24.31937
          ],
          [
            75.65839,
            24.3151
          ],
          [
            75.65817,
            24.31484
          ],
          [
            75.65353,
            24.30951
          ],
          [
            75.65329,
            24.30922
          ],
          [
            75.6527,
            24.30855
          ],
          [
            75.65007,
            24.30538
          ],
          [
            75.64865,
            24.30376
          ],
          [
            75.64518,
            24.2998
          ],
          [
            75.64278,
            24.29732
          ],
          [
            75.64191,
            24.29634
          ],
          [
            75.63847,
            24.29239
          ],
          [
            75.63505,
            24.28838
          ],
          [
            75.63281,
            24.28576
          ],
          [
            75.62982,
            24.2822
          ],
          [
            75.6274,
            24.27951
          ],
          [
            75.6266,
            24.27856
          ],
          [
            75.62536,
            24.2767
          ],
          [
            75.62161,
            24.27038
          ],
          [
            75.61793,
            24.26449
          ],
          [
            75.61582,
            24.26117
          ],
          [
            75.61395,
            24.25817
          ],
          [
            75.60694,
            24.24742
          ],
          [
            75.60672,
            24.24708
          ],
          [
            75.60471,
            24.24401
          ],
          [
            75.60144,
            24.23917
          ],
          [
            75.5971,
            24.23249
          ],
          [
            75.59577,
            24.23038
          ],
          [
            75.59546,
            24.22989
          ],
          [
            75.58965,
            24.22051
          ],
          [
            75.58396,
            24.21138
          ],
          [
            75.5825,
            24.20899
          ],
          [
            75.58121,
            24.20687
          ],
          [
            75.57974,
            24.20454
          ],
          [
            75.57817,
            24.20229
          ],
          [
            75.57598,
            24.19952
          ],
          [
            75.56934,
            24.19165
          ],
          [
            75.5681,
            24.18994
          ],
          [
            75.56712,
            24.18839
          ],
          [
            75.5637,
            24.18249
          ],
          [
            75.56205,
            24.17972
          ],
          [
            75.55798,
            24.17354
          ],
          [
            75.5562,
            24.1709
          ],
          [
            75.55366,
            24.16713
          ],
          [
            75.55193,
            24.16436
          ],
          [
            75.55171,
            24.16394
          ],
          [
            75.55013,
            24.16142
          ],
          [
            75.54827,
            24.159
          ],
          [
            75.53923,
            24.14603
          ],
          [
            75.53691,
            24.14283
          ],
          [
            75.53493,
            24.13987
          ],
          [
            75.53189,
            24.13538
          ],
          [
            75.52991,
            24.13255
          ],
          [
            75.52817,
            24.13037
          ],
          [
            75.5266,
            24.12862
          ],
          [
            75.52519,
            24.12714
          ],
          [
            75.52312,
            24.12539
          ],
          [
            75.52277,
            24.12509
          ],
          [
            75.51648,
            24.11979
          ],
          [
            75.51201,
            24.11607
          ],
          [
            75.50844,
            24.11305
          ],
          [
            75.50804,
            24.11271
          ],
          [
            75.50443,
            24.10964
          ],
          [
            75.49942,
            24.10549
          ],
          [
            75.49747,
            24.10375
          ],
          [
            75.49421,
            24.10085
          ],
          [
            75.49331,
            24.10005
          ],
          [
            75.49136,
            24.09821
          ],
          [
            75.48917,
            24.09595
          ],
          [
            75.48804,
            24.0945
          ],
          [
            75.48635,
            24.09196
          ],
          [
            75.48519,
            24.09009
          ],
          [
            75.48391,
            24.08747
          ],
          [
            75.48121,
            24.08237
          ],
          [
            75.48101,
            24.082
          ],
          [
            75.47424,
            24.06927
          ],
          [
            75.47041,
            24.0614
          ],
          [
            75.47024,
            24.06107
          ],
          [
            75.46904,
            24.05876
          ],
          [
            75.46612,
            24.05447
          ],
          [
            75.45278,
            24.0357
          ],
          [
            75.45109,
            24.03309
          ],
          [
            75.45088,
            24.03277
          ],
          [
            75.44622,
            24.02559
          ],
          [
            75.44595,
            24.02513
          ],
          [
            75.44507,
            24.02363
          ],
          [
            75.43647,
            24.01144
          ],
          [
            75.43054,
            24.00334
          ],
          [
            75.42435,
            23.99458
          ],
          [
            75.42284,
            23.99238
          ],
          [
            75.42121,
            23.98987
          ],
          [
            75.4202,
            23.98809
          ],
          [
            75.41848,
            23.98486
          ],
          [
            75.41743,
            23.98316
          ],
          [
            75.41529,
            23.9799
          ],
          [
            75.41501,
            23.97928
          ],
          [
            75.41382,
            23.97767
          ],
          [
            75.41268,
            23.97639
          ],
          [
            75.41244,
            23.97601
          ],
          [
            75.41241,
            23.97586
          ],
          [
            75.41252,
            23.97563
          ],
          [
            75.41258,
            23.97559
          ],
          [
            75.41268,
            23.97546
          ],
          [
            75.41273,
            23.97531
          ],
          [
            75.41272,
            23.97515
          ],
          [
            75.41265,
            23.97501
          ],
          [
            75.41253,
            23.97489
          ],
          [
            75.41237,
            23.97482
          ],
          [
            75.4122,
            23.97481
          ],
          [
            75.41203,
            23.97484
          ],
          [
            75.4119,
            23.97492
          ],
          [
            75.41181,
            23.97502
          ],
          [
            75.41175,
            23.97515
          ],
          [
            75.41173,
            23.97528
          ],
          [
            75.41175,
            23.97538
          ],
          [
            75.41053,
            23.9756
          ],
          [
            75.41046,
            23.97545
          ],
          [
            75.41033,
            23.97534
          ],
          [
            75.41018,
            23.97527
          ],
          [
            75.41001,
            23.97525
          ],
          [
            75.40984,
            23.97529
          ],
          [
            75.40971,
            23.97537
          ],
          [
            75.40962,
            23.97547
          ],
          [
            75.40956,
            23.9756
          ],
          [
            75.40954,
            23.97573
          ],
          [
            75.40956,
            23.97581
          ],
          [
            75.40656,
            23.97637
          ],
          [
            75.40308,
            23.97705
          ],
          [
            75.40244,
            23.97717
          ],
          [
            75.40095,
            23.97743
          ],
          [
            75.39665,
            23.97827
          ],
          [
            75.39542,
            23.97851
          ],
          [
            75.39342,
            23.97888
          ],
          [
            75.39287,
            23.9789
          ],
          [
            75.39098,
            23.9787
          ],
          [
            75.38773,
            23.97839
          ],
          [
            75.38401,
            23.97806
          ],
          [
            75.38336,
            23.97801
          ],
          [
            75.38048,
            23.9777
          ],
          [
            75.37905,
            23.97752
          ],
          [
            75.37825,
            23.97746
          ],
          [
            75.37757,
            23.97758
          ],
          [
            75.37522,
            23.97842
          ],
          [
            75.37024,
            23.98032
          ],
          [
            75.36385,
            23.98283
          ],
          [
            75.3603,
            23.98441
          ],
          [
            75.35569,
            23.9864
          ],
          [
            75.35495,
            23.98677
          ],
          [
            75.35455,
            23.98704
          ],
          [
            75.35418,
            23.98724
          ],
          [
            75.35379,
            23.9874
          ],
          [
            75.35342,
            23.9875
          ],
          [
            75.35293,
            23.98762
          ],
          [
            75.35282,
            23.98767
          ],
          [
            75.35276,
            23.98772
          ],
          [
            75.35272,
            23.98779
          ],
          [
            75.35268,
            23.98793
          ],
          [
            75.35267,
            23.98804
          ],
          [
            75.35264,
            23.98824
          ],
          [
            75.35255,
            23.989
          ],
          [
            75.35256,
            23.98911
          ],
          [
            75.35257,
            23.98937
          ],
          [
            75.35266,
            23.99003
          ],
          [
            75.35283,
            23.99095
          ],
          [
            75.35297,
            23.99185
          ],
          [
            75.35301,
            23.99225
          ],
          [
            75.35297,
            23.99273
          ],
          [
            75.35277,
            23.99407
          ],
          [
            75.35232,
            23.99649
          ],
          [
            75.35222,
            23.99718
          ],
          [
            75.35199,
            23.99871
          ],
          [
            75.35188,
            23.9993
          ],
          [
            75.35176,
            23.99997
          ],
          [
            75.3515,
            24.00134
          ],
          [
            75.35108,
            24.00344
          ],
          [
            75.35081,
            24.00476
          ],
          [
            75.35029,
            24.00744
          ],
          [
            75.35023,
            24.00782
          ],
          [
            75.35021,
            24.00832
          ],
          [
            75.35025,
            24.00859
          ],
          [
            75.3503,
            24.00886
          ],
          [
            75.35042,
            24.00921
          ],
          [
            75.35075,
            24.00995
          ],
          [
            75.35092,
            24.01033
          ],
          [
            75.35107,
            24.01096
          ],
          [
            75.35109,
            24.01121
          ],
          [
            75.35106,
            24.01152
          ],
          [
            75.35099,
            24.01166
          ],
          [
            75.35083,
            24.01191
          ],
          [
            75.35079,
            24.01208
          ],
          [
            75.35075,
            24.01238
          ],
          [
            75.35072,
            24.01243
          ],
          [
            75.35066,
            24.01248
          ],
          [
            75.35053,
            24.0125
          ],
          [
            75.35034,
            24.01248
          ],
          [
            75.34887,
            24.01222
          ],
          [
            75.34833,
            24.01217
          ],
          [
            75.34808,
            24.01222
          ],
          [
            75.3477,
            24.01232
          ],
          [
            75.34722,
            24.01249
          ],
          [
            75.34695,
            24.01259
          ],
          [
            75.34528,
            24.01313
          ],
          [
            75.34349,
            24.01353
          ],
          [
            75.34159,
            24.01392
          ],
          [
            75.34138,
            24.01328
          ],
          [
            75.34124,
            24.01312
          ],
          [
            75.34074,
            24.01301
          ],
          [
            75.33898,
            24.01264
          ],
          [
            75.33821,
            24.0125
          ],
          [
            75.33741,
            24.01222
          ],
          [
            75.33693,
            24.01212
          ],
          [
            75.33628,
            24.01203
          ],
          [
            75.33567,
            24.01184
          ],
          [
            75.33321,
            24.01097
          ],
          [
            75.33205,
            24.01054
          ],
          [
            75.33157,
            24.01038
          ],
          [
            75.3312,
            24.01033
          ],
          [
            75.33064,
            24.01021
          ],
          [
            75.33034,
            24.01016
          ],
          [
            75.32968,
            24.01012
          ],
          [
            75.32874,
            24.00997
          ],
          [
            75.32766,
            24.00985
          ],
          [
            75.32587,
            24.00978
          ],
          [
            75.32544,
            24.00974
          ],
          [
            75.32436,
            24.00953
          ],
          [
            75.32362,
            24.00931
          ],
          [
            75.32323,
            24.00907
          ],
          [
            75.32289,
            24.00884
          ],
          [
            75.3225,
            24.00883
          ],
          [
            75.32192,
            24.00876
          ],
          [
            75.32065,
            24.00848
          ],
          [
            75.32022,
            24.00827
          ],
          [
            75.31941,
            24.00798
          ],
          [
            75.3188,
            24.00772
          ],
          [
            75.31845,
            24.00763
          ],
          [
            75.31801,
            24.00761
          ],
          [
            75.31768,
            24.0075
          ],
          [
            75.31667,
            24.00707
          ],
          [
            75.31527,
            24.00655
          ],
          [
            75.31279,
            24.00548
          ],
          [
            75.31201,
            24.00517
          ],
          [
            75.31172,
            24.00504
          ],
          [
            75.31134,
            24.00456
          ],
          [
            75.30855,
            24.00287
          ],
          [
            75.30779,
            24.00238
          ],
          [
            75.30745,
            24.00213
          ],
          [
            75.30691,
            24.00202
          ],
          [
            75.30639,
            24.002
          ],
          [
            75.30595,
            24.00186
          ],
          [
            75.3053,
            24.00168
          ],
          [
            75.30455,
            24.00157
          ],
          [
            75.30425,
            24.00149
          ],
          [
            75.30378,
            24.00136
          ],
          [
            75.303,
            24.0011
          ],
          [
            75.30219,
            24.00068
          ],
          [
            75.30115,
            23.99996
          ],
          [
            75.30104,
            23.99991
          ],
          [
            75.3006,
            23.99979
          ],
          [
            75.30031,
            23.99964
          ],
          [
            75.29956,
            23.99932
          ],
          [
            75.2988,
            23.99892
          ],
          [
            75.29858,
            23.99875
          ],
          [
            75.29849,
            23.99863
          ],
          [
            75.29843,
            23.99854
          ],
          [
            75.29835,
            23.99844
          ],
          [
            75.2982,
            23.99835
          ],
          [
            75.29755,
            23.99803
          ],
          [
            75.29706,
            23.99774
          ],
          [
            75.29673,
            23.9974
          ],
          [
            75.296,
            23.99695
          ],
          [
            75.29576,
            23.99682
          ],
          [
            75.29469,
            23.9961
          ],
          [
            75.29371,
            23.99553
          ],
          [
            75.29368,
            23.9955
          ],
          [
            75.2936,
            23.99525
          ],
          [
            75.29356,
            23.9952
          ],
          [
            75.29349,
            23.99516
          ],
          [
            75.29211,
            23.99462
          ],
          [
            75.29174,
            23.99445
          ],
          [
            75.29121,
            23.99434
          ],
          [
            75.29114,
            23.9943
          ],
          [
            75.29094,
            23.99408
          ],
          [
            75.29087,
            23.99403
          ],
          [
            75.29037,
            23.9939
          ],
          [
            75.29002,
            23.99375
          ],
          [
            75.28941,
            23.9934
          ],
          [
            75.28879,
            23.99321
          ],
          [
            75.28818,
            23.99292
          ],
          [
            75.28772,
            23.9926
          ],
          [
            75.28764,
            23.99256
          ],
          [
            75.28693,
            23.99246
          ],
          [
            75.28643,
            23.9923
          ],
          [
            75.28602,
            23.9921
          ],
          [
            75.28555,
            23.99172
          ],
          [
            75.2853,
            23.99152
          ],
          [
            75.28508,
            23.99136
          ],
          [
            75.28405,
            23.99092
          ],
          [
            75.2833,
            23.99044
          ],
          [
            75.28318,
            23.99037
          ],
          [
            75.28126,
            23.98965
          ],
          [
            75.28049,
            23.98941
          ],
          [
            75.27906,
            23.98881
          ],
          [
            75.27855,
            23.98862
          ],
          [
            75.27785,
            23.98842
          ],
          [
            75.27771,
            23.98833
          ],
          [
            75.27756,
            23.98824
          ],
          [
            75.27751,
            23.98815
          ],
          [
            75.27751,
            23.98811
          ],
          [
            75.27752,
            23.98789
          ],
          [
            75.27745,
            23.98747
          ],
          [
            75.27739,
            23.98732
          ],
          [
            75.27727,
            23.98725
          ],
          [
            75.27681,
            23.98706
          ],
          [
            75.27651,
            23.98703
          ],
          [
            75.27564,
            23.98699
          ],
          [
            75.27522,
            23.98704
          ],
          [
            75.27518,
            23.98706
          ],
          [
            75.27517,
            23.9871
          ],
          [
            75.27521,
            23.98728
          ],
          [
            75.2752,
            23.98738
          ],
          [
            75.27515,
            23.98748
          ],
          [
            75.27477,
            23.98761
          ],
          [
            75.27468,
            23.98762
          ],
          [
            75.27426,
            23.98762
          ],
          [
            75.27401,
            23.98758
          ],
          [
            75.27373,
            23.98752
          ],
          [
            75.27305,
            23.98726
          ],
          [
            75.27288,
            23.98722
          ],
          [
            75.27232,
            23.98717
          ],
          [
            75.27232,
            23.98713
          ],
          [
            75.27229,
            23.98652
          ],
          [
            75.27224,
            23.98642
          ],
          [
            75.27219,
            23.98638
          ],
          [
            75.27173,
            23.98615
          ],
          [
            75.27164,
            23.98609
          ],
          [
            75.2714,
            23.98583
          ],
          [
            75.27111,
            23.98556
          ],
          [
            75.27099,
            23.98549
          ],
          [
            75.2709,
            23.98544
          ],
          [
            75.27019,
            23.98523
          ],
          [
            75.2683,
            23.98473
          ],
          [
            75.26391,
            23.98359
          ],
          [
            75.26377,
            23.98355
          ],
          [
            75.26293,
            23.98335
          ],
          [
            75.26227,
            23.98325
          ],
          [
            75.26071,
            23.98305
          ],
          [
            75.26049,
            23.98301
          ],
          [
            75.26033,
            23.98295
          ],
          [
            75.25961,
            23.98253
          ],
          [
            75.25934,
            23.98242
          ],
          [
            75.25887,
            23.98229
          ],
          [
            75.25749,
            23.98195
          ],
          [
            75.25317,
            23.98083
          ],
          [
            75.24958,
            23.97993
          ],
          [
            75.24947,
            23.97991
          ],
          [
            75.24942,
            23.97989
          ],
          [
            75.24647,
            23.97911
          ],
          [
            75.24133,
            23.97779
          ],
          [
            75.24121,
            23.97776
          ],
          [
            75.24089,
            23.97768
          ],
          [
            75.23875,
            23.97713
          ],
          [
            75.23666,
            23.97662
          ],
          [
            75.23523,
            23.97625
          ],
          [
            75.23436,
            23.97606
          ],
          [
            75.23412,
            23.976
          ],
          [
            75.23346,
            23.9758
          ],
          [
            75.23274,
            23.97558
          ],
          [
            75.23234,
            23.97548
          ],
          [
            75.22811,
            23.97436
          ],
          [
            75.22795,
            23.97432
          ],
          [
            75.20317,
            23.96784
          ],
          [
            75.19852,
            23.96663
          ],
          [
            75.19691,
            23.9662
          ],
          [
            75.19294,
            23.96518
          ],
          [
            75.19023,
            23.96448
          ],
          [
            75.18336,
            23.96266
          ],
          [
            75.18227,
            23.96237
          ],
          [
            75.1813,
            23.96211
          ],
          [
            75.18123,
            23.9621
          ],
          [
            75.17967,
            23.96168
          ],
          [
            75.1781,
            23.96127
          ],
          [
            75.17363,
            23.96008
          ],
          [
            75.16379,
            23.95753
          ],
          [
            75.16347,
            23.95745
          ],
          [
            75.16169,
            23.95697
          ],
          [
            75.1578,
            23.95598
          ],
          [
            75.15518,
            23.95529
          ],
          [
            75.15484,
            23.9552
          ],
          [
            75.15145,
            23.95435
          ],
          [
            75.14883,
            23.95366
          ],
          [
            75.1464,
            23.95304
          ],
          [
            75.14627,
            23.95302
          ],
          [
            75.141,
            23.95281
          ],
          [
            75.14088,
            23.9528
          ],
          [
            75.13815,
            23.95267
          ],
          [
            75.13675,
            23.95265
          ],
          [
            75.13329,
            23.95263
          ],
          [
            75.13153,
            23.95263
          ],
          [
            75.12797,
            23.95263
          ],
          [
            75.12686,
            23.95263
          ],
          [
            75.12645,
            23.95263
          ],
          [
            75.12578,
            23.95263
          ],
          [
            75.12565,
            23.95263
          ],
          [
            75.12414,
            23.95264
          ],
          [
            75.12336,
            23.95264
          ],
          [
            75.11856,
            23.95266
          ],
          [
            75.11739,
            23.95267
          ],
          [
            75.11587,
            23.95267
          ],
          [
            75.11551,
            23.95268
          ],
          [
            75.11499,
            23.95269
          ],
          [
            75.11292,
            23.9527
          ],
          [
            75.11176,
            23.95271
          ],
          [
            75.10944,
            23.95272
          ],
          [
            75.10878,
            23.95273
          ],
          [
            75.10758,
            23.95274
          ],
          [
            75.10565,
            23.95275
          ],
          [
            75.10517,
            23.95276
          ],
          [
            75.10323,
            23.95275
          ],
          [
            75.1022,
            23.95275
          ],
          [
            75.1021,
            23.95275
          ],
          [
            75.10183,
            23.95275
          ],
          [
            75.10132,
            23.95275
          ],
          [
            75.10132,
            23.95256
          ],
          [
            75.10138,
            23.95193
          ],
          [
            75.10138,
            23.95146
          ],
          [
            75.10144,
            23.95047
          ],
          [
            75.1015,
            23.94968
          ],
          [
            75.10156,
            23.94832
          ],
          [
            75.10161,
            23.94766
          ],
          [
            75.10168,
            23.94683
          ],
          [
            75.10168,
            23.94664
          ],
          [
            75.1017,
            23.94623
          ],
          [
            75.10174,
            23.94557
          ],
          [
            75.10185,
            23.94415
          ],
          [
            75.10191,
            23.94309
          ],
          [
            75.102,
            23.9411
          ],
          [
            75.1021,
            23.93765
          ],
          [
            75.10224,
            23.93461
          ],
          [
            75.10239,
            23.93141
          ],
          [
            75.10255,
            23.92716
          ],
          [
            75.10265,
            23.92494
          ],
          [
            75.10252,
            23.92489
          ],
          [
            75.10152,
            23.92447
          ],
          [
            75.09249,
            23.92056
          ],
          [
            75.09007,
            23.9195
          ],
          [
            75.08587,
            23.91767
          ],
          [
            75.07791,
            23.9142
          ],
          [
            75.07658,
            23.91358
          ],
          [
            75.07608,
            23.91337
          ],
          [
            75.07523,
            23.91303
          ],
          [
            75.07419,
            23.91256
          ],
          [
            75.06964,
            23.91057
          ],
          [
            75.06918,
            23.91034
          ],
          [
            75.06702,
            23.90895
          ],
          [
            75.06543,
            23.90796
          ],
          [
            75.06242,
            23.90605
          ],
          [
            75.06212,
            23.90593
          ],
          [
            75.06106,
            23.9056
          ],
          [
            75.06014,
            23.90524
          ],
          [
            75.06006,
            23.90522
          ],
          [
            75.05922,
            23.905
          ],
          [
            75.05853,
            23.90479
          ],
          [
            75.05842,
            23.90476
          ],
          [
            75.05735,
            23.90441
          ],
          [
            75.05657,
            23.90418
          ],
          [
            75.05293,
            23.90305
          ],
          [
            75.0502,
            23.90218
          ],
          [
            75.04991,
            23.90206
          ],
          [
            75.04776,
            23.90105
          ],
          [
            75.04417,
            23.89939
          ],
          [
            75.0399,
            23.89747
          ],
          [
            75.03944,
            23.89727
          ],
          [
            75.03323,
            23.89456
          ],
          [
            75.03052,
            23.89341
          ],
          [
            75.0271,
            23.89196
          ],
          [
            75.02683,
            23.89184
          ],
          [
            75.02614,
            23.89157
          ],
          [
            75.02514,
            23.89114
          ],
          [
            75.02061,
            23.8892
          ],
          [
            75.01581,
            23.88707
          ],
          [
            75.01041,
            23.8847
          ],
          [
            75.00909,
            23.8841
          ],
          [
            75.00768,
            23.88346
          ],
          [
            75.0019,
            23.8809
          ],
          [
            74.99926,
            23.87971
          ],
          [
            74.99701,
            23.87874
          ],
          [
            74.99543,
            23.87804
          ],
          [
            74.99527,
            23.87796
          ],
          [
            74.9918,
            23.87649
          ],
          [
            74.9857,
            23.87397
          ],
          [
            74.98554,
            23.87425
          ],
          [
            74.98515,
            23.87505
          ],
          [
            74.98499,
            23.87545
          ],
          [
            74.98479,
            23.87598
          ],
          [
            74.98475,
            23.87622
          ],
          [
            74.98473,
            23.87645
          ],
          [
            74.98476,
            23.87658
          ],
          [
            74.98479,
            23.87708
          ],
          [
            74.98482,
            23.87739
          ],
          [
            74.98481,
            23.87755
          ],
          [
            74.98458,
            23.87784
          ],
          [
            74.98444,
            23.87815
          ],
          [
            74.98443,
            23.87821
          ],
          [
            74.98443,
            23.87829
          ],
          [
            74.98447,
            23.87863
          ],
          [
            74.9845,
            23.87877
          ],
          [
            74.98495,
            23.88019
          ],
          [
            74.98529,
            23.88137
          ],
          [
            74.98535,
            23.88176
          ],
          [
            74.98545,
            23.88304
          ],
          [
            74.98543,
            23.8835
          ],
          [
            74.98544,
            23.88359
          ],
          [
            74.98547,
            23.8837
          ],
          [
            74.98552,
            23.88383
          ],
          [
            74.98562,
            23.88397
          ],
          [
            74.98615,
            23.88462
          ],
          [
            74.98645,
            23.8851
          ],
          [
            74.98682,
            23.88552
          ],
          [
            74.98692,
            23.88567
          ],
          [
            74.987,
            23.88588
          ],
          [
            74.98706,
            23.88607
          ],
          [
            74.98746,
            23.88752
          ],
          [
            74.98779,
            23.88865
          ],
          [
            74.98808,
            23.88958
          ],
          [
            74.98852,
            23.89072
          ],
          [
            74.98871,
            23.89137
          ],
          [
            74.98921,
            23.89097
          ],
          [
            74.98945,
            23.89082
          ],
          [
            74.98963,
            23.89076
          ],
          [
            74.98998,
            23.89067
          ],
          [
            74.99021,
            23.89063
          ],
          [
            74.98998,
            23.89067
          ],
          [
            74.98963,
            23.89076
          ],
          [
            74.98945,
            23.89082
          ],
          [
            74.98921,
            23.89097
          ],
          [
            74.98871,
            23.89137
          ],
          [
            74.98852,
            23.89072
          ],
          [
            74.98808,
            23.88958
          ],
          [
            74.98779,
            23.88865
          ],
          [
            74.98746,
            23.88752
          ],
          [
            74.98706,
            23.88607
          ],
          [
            74.987,
            23.88588
          ],
          [
            74.98692,
            23.88567
          ],
          [
            74.98682,
            23.88552
          ],
          [
            74.98645,
            23.8851
          ],
          [
            74.98615,
            23.88462
          ],
          [
            74.98562,
            23.88397
          ],
          [
            74.98552,
            23.88383
          ],
          [
            74.98547,
            23.8837
          ],
          [
            74.98544,
            23.88359
          ],
          [
            74.98543,
            23.8835
          ],
          [
            74.98545,
            23.88304
          ],
          [
            74.98535,
            23.88176
          ],
          [
            74.98529,
            23.88137
          ],
          [
            74.98495,
            23.88019
          ],
          [
            74.9845,
            23.87877
          ],
          [
            74.98447,
            23.87863
          ],
          [
            74.98443,
            23.87829
          ],
          [
            74.98443,
            23.87821
          ],
          [
            74.98444,
            23.87815
          ],
          [
            74.98458,
            23.87784
          ],
          [
            74.98481,
            23.87755
          ],
          [
            74.98482,
            23.87739
          ],
          [
            74.98479,
            23.87708
          ],
          [
            74.98476,
            23.87658
          ],
          [
            74.98473,
            23.87645
          ],
          [
            74.98475,
            23.87622
          ],
          [
            74.98479,
            23.87598
          ],
          [
            74.98499,
            23.87545
          ],
          [
            74.98515,
            23.87505
          ],
          [
            74.98554,
            23.87425
          ],
          [
            74.9857,
            23.87397
          ],
          [
            74.98408,
            23.8733
          ],
          [
            74.98234,
            23.87255
          ],
          [
            74.98119,
            23.87208
          ],
          [
            74.98099,
            23.87199
          ],
          [
            74.97363,
            23.86891
          ],
          [
            74.97145,
            23.86796
          ],
          [
            74.96711,
            23.8661
          ],
          [
            74.96158,
            23.86367
          ],
          [
            74.95544,
            23.86096
          ],
          [
            74.95534,
            23.86091
          ],
          [
            74.95527,
            23.86088
          ],
          [
            74.95506,
            23.86078
          ],
          [
            74.95487,
            23.86069
          ],
          [
            74.9511,
            23.85904
          ],
          [
            74.95102,
            23.859
          ],
          [
            74.94863,
            23.85793
          ],
          [
            74.94853,
            23.85788
          ],
          [
            74.94405,
            23.8559
          ],
          [
            74.93904,
            23.8537
          ],
          [
            74.93846,
            23.85343
          ],
          [
            74.93723,
            23.85288
          ],
          [
            74.93205,
            23.85055
          ],
          [
            74.92882,
            23.84912
          ],
          [
            74.9264,
            23.84807
          ],
          [
            74.92439,
            23.84715
          ],
          [
            74.9233,
            23.84658
          ],
          [
            74.92275,
            23.84632
          ],
          [
            74.92165,
            23.84593
          ],
          [
            74.9206,
            23.84563
          ],
          [
            74.92021,
            23.84546
          ],
          [
            74.91989,
            23.84522
          ],
          [
            74.91951,
            23.84498
          ],
          [
            74.91941,
            23.84493
          ],
          [
            74.9193,
            23.84491
          ],
          [
            74.9192,
            23.84494
          ],
          [
            74.9189,
            23.84509
          ],
          [
            74.91869,
            23.84517
          ],
          [
            74.91843,
            23.84522
          ],
          [
            74.91768,
            23.84528
          ],
          [
            74.91674,
            23.84531
          ],
          [
            74.91661,
            23.84534
          ],
          [
            74.91639,
            23.8454
          ],
          [
            74.91618,
            23.84557
          ],
          [
            74.91604,
            23.84562
          ],
          [
            74.9156,
            23.8457
          ],
          [
            74.91541,
            23.84571
          ],
          [
            74.91532,
            23.84568
          ],
          [
            74.91422,
            23.84508
          ],
          [
            74.91377,
            23.84485
          ],
          [
            74.91305,
            23.84448
          ],
          [
            74.9125,
            23.84419
          ],
          [
            74.9121,
            23.84394
          ],
          [
            74.91195,
            23.84379
          ],
          [
            74.91187,
            23.84367
          ],
          [
            74.9117,
            23.84337
          ],
          [
            74.91142,
            23.84276
          ],
          [
            74.91074,
            23.84141
          ],
          [
            74.90911,
            23.83805
          ],
          [
            74.90897,
            23.83772
          ],
          [
            74.90892,
            23.83761
          ],
          [
            74.90876,
            23.83678
          ],
          [
            74.90883,
            23.83607
          ],
          [
            74.90883,
            23.83567
          ],
          [
            74.90861,
            23.83528
          ],
          [
            74.9081,
            23.83475
          ],
          [
            74.90778,
            23.83436
          ],
          [
            74.90767,
            23.83403
          ],
          [
            74.9074,
            23.83289
          ],
          [
            74.90717,
            23.83211
          ],
          [
            74.90709,
            23.83182
          ],
          [
            74.90657,
            23.83042
          ],
          [
            74.90643,
            23.83004
          ],
          [
            74.906,
            23.82859
          ],
          [
            74.90591,
            23.82833
          ],
          [
            74.90587,
            23.82819
          ],
          [
            74.90536,
            23.82655
          ],
          [
            74.90513,
            23.82603
          ],
          [
            74.90483,
            23.82562
          ],
          [
            74.90426,
            23.82499
          ],
          [
            74.90352,
            23.82417
          ],
          [
            74.90326,
            23.82385
          ],
          [
            74.90315,
            23.82371
          ],
          [
            74.90279,
            23.82351
          ],
          [
            74.90074,
            23.823
          ],
          [
            74.90006,
            23.82273
          ],
          [
            74.89945,
            23.82244
          ],
          [
            74.89878,
            23.82218
          ],
          [
            74.89851,
            23.82201
          ],
          [
            74.89735,
            23.82091
          ],
          [
            74.89584,
            23.82032
          ],
          [
            74.89539,
            23.82013
          ],
          [
            74.89517,
            23.82008
          ],
          [
            74.89448,
            23.82006
          ],
          [
            74.89383,
            23.82001
          ],
          [
            74.89189,
            23.81981
          ],
          [
            74.89042,
            23.81958
          ],
          [
            74.88934,
            23.81952
          ],
          [
            74.88772,
            23.81949
          ],
          [
            74.88547,
            23.81939
          ],
          [
            74.8848,
            23.81934
          ],
          [
            74.88413,
            23.8192
          ],
          [
            74.88373,
            23.81916
          ],
          [
            74.88165,
            23.81901
          ],
          [
            74.88053,
            23.81871
          ],
          [
            74.87988,
            23.8186
          ],
          [
            74.87876,
            23.81828
          ],
          [
            74.87751,
            23.81815
          ],
          [
            74.87693,
            23.81803
          ],
          [
            74.8766,
            23.81795
          ],
          [
            74.87523,
            23.81773
          ],
          [
            74.87384,
            23.81766
          ],
          [
            74.8725,
            23.81756
          ],
          [
            74.8714,
            23.81757
          ],
          [
            74.86976,
            23.81763
          ],
          [
            74.86877,
            23.81762
          ],
          [
            74.86826,
            23.81761
          ],
          [
            74.86776,
            23.81756
          ],
          [
            74.86748,
            23.8175
          ],
          [
            74.86715,
            23.81722
          ],
          [
            74.86666,
            23.81683
          ],
          [
            74.86619,
            23.81653
          ],
          [
            74.86483,
            23.8161
          ],
          [
            74.86456,
            23.81607
          ],
          [
            74.86455,
            23.81705
          ],
          [
            74.86457,
            23.81836
          ],
          [
            74.86449,
            23.81886
          ],
          [
            74.86429,
            23.8194
          ],
          [
            74.86387,
            23.82057
          ],
          [
            74.86306,
            23.82265
          ],
          [
            74.86239,
            23.82451
          ],
          [
            74.86202,
            23.82559
          ],
          [
            74.86188,
            23.82583
          ],
          [
            74.86157,
            23.82627
          ],
          [
            74.86085,
            23.82716
          ],
          [
            74.86067,
            23.82759
          ],
          [
            74.86033,
            23.82882
          ],
          [
            74.86,
            23.82984
          ],
          [
            74.85972,
            23.83038
          ],
          [
            74.85931,
            23.83093
          ],
          [
            74.85889,
            23.83134
          ],
          [
            74.85825,
            23.83204
          ],
          [
            74.85738,
            23.8333
          ],
          [
            74.85655,
            23.8341
          ],
          [
            74.85603,
            23.83463
          ],
          [
            74.8559,
            23.83482
          ],
          [
            74.85587,
            23.83499
          ],
          [
            74.85583,
            23.8356
          ],
          [
            74.85557,
            23.83691
          ],
          [
            74.85533,
            23.83791
          ],
          [
            74.85499,
            23.83915
          ],
          [
            74.8546,
            23.8404
          ],
          [
            74.85421,
            23.84113
          ],
          [
            74.85384,
            23.84209
          ],
          [
            74.85368,
            23.84255
          ],
          [
            74.85355,
            23.84294
          ],
          [
            74.85307,
            23.8443
          ],
          [
            74.85243,
            23.84624
          ],
          [
            74.85192,
            23.84745
          ],
          [
            74.85178,
            23.84807
          ],
          [
            74.85163,
            23.849
          ],
          [
            74.85149,
            23.84975
          ],
          [
            74.85111,
            23.85073
          ],
          [
            74.8505,
            23.85229
          ],
          [
            74.85023,
            23.85304
          ],
          [
            74.84998,
            23.8538
          ],
          [
            74.84977,
            23.85439
          ],
          [
            74.8497,
            23.85463
          ],
          [
            74.84967,
            23.85487
          ],
          [
            74.84966,
            23.85538
          ],
          [
            74.84963,
            23.85564
          ],
          [
            74.84915,
            23.85771
          ],
          [
            74.84907,
            23.85835
          ],
          [
            74.84907,
            23.8586
          ],
          [
            74.84903,
            23.85892
          ],
          [
            74.84898,
            23.85902
          ],
          [
            74.84883,
            23.85928
          ],
          [
            74.84868,
            23.85942
          ],
          [
            74.84838,
            23.85982
          ],
          [
            74.8482,
            23.86001
          ],
          [
            74.84806,
            23.86009
          ],
          [
            74.84799,
            23.86012
          ],
          [
            74.8474,
            23.86026
          ],
          [
            74.8471,
            23.8604
          ],
          [
            74.84687,
            23.86055
          ],
          [
            74.84548,
            23.86163
          ],
          [
            74.84523,
            23.86183
          ],
          [
            74.84247,
            23.86385
          ],
          [
            74.84063,
            23.86518
          ],
          [
            74.83939,
            23.86578
          ],
          [
            74.83762,
            23.86666
          ],
          [
            74.83527,
            23.86778
          ],
          [
            74.83457,
            23.86821
          ],
          [
            74.83292,
            23.8694
          ],
          [
            74.83135,
            23.87057
          ],
          [
            74.83004,
            23.87144
          ],
          [
            74.82902,
            23.87203
          ],
          [
            74.82862,
            23.87223
          ],
          [
            74.82823,
            23.87237
          ],
          [
            74.82538,
            23.87329
          ],
          [
            74.82285,
            23.87406
          ],
          [
            74.82258,
            23.87418
          ],
          [
            74.82226,
            23.87437
          ],
          [
            74.82042,
            23.8756
          ],
          [
            74.81891,
            23.87665
          ],
          [
            74.81718,
            23.87787
          ],
          [
            74.81705,
            23.87799
          ],
          [
            74.8169,
            23.87818
          ],
          [
            74.81536,
            23.8803
          ],
          [
            74.81505,
            23.88065
          ],
          [
            74.8147,
            23.88101
          ],
          [
            74.81442,
            23.88125
          ],
          [
            74.81411,
            23.88148
          ],
          [
            74.81375,
            23.8816
          ],
          [
            74.81327,
            23.88179
          ],
          [
            74.81309,
            23.88189
          ],
          [
            74.8128,
            23.88205
          ],
          [
            74.81213,
            23.88252
          ],
          [
            74.81158,
            23.88295
          ],
          [
            74.81114,
            23.88321
          ],
          [
            74.81104,
            23.88333
          ],
          [
            74.81074,
            23.88408
          ],
          [
            74.81057,
            23.88461
          ],
          [
            74.81057,
            23.88477
          ],
          [
            74.81044,
            23.88438
          ],
          [
            74.80993,
            23.88329
          ],
          [
            74.8098,
            23.88309
          ],
          [
            74.80966,
            23.88297
          ],
          [
            74.80941,
            23.88292
          ],
          [
            74.80891,
            23.88292
          ],
          [
            74.8083,
            23.88262
          ],
          [
            74.80807,
            23.88256
          ],
          [
            74.80725,
            23.88234
          ],
          [
            74.80534,
            23.88203
          ],
          [
            74.7988,
            23.87998
          ],
          [
            74.79457,
            23.87878
          ],
          [
            74.79274,
            23.87829
          ],
          [
            74.79176,
            23.87773
          ],
          [
            74.7903,
            23.87695
          ],
          [
            74.78922,
            23.8764
          ],
          [
            74.78965,
            23.87507
          ],
          [
            74.78986,
            23.87464
          ],
          [
            74.78896,
            23.87322
          ],
          [
            74.78756,
            23.87092
          ],
          [
            74.78721,
            23.87061
          ],
          [
            74.78585,
            23.8697
          ],
          [
            74.78492,
            23.86916
          ],
          [
            74.78431,
            23.86847
          ],
          [
            74.78372,
            23.8679
          ],
          [
            74.78253,
            23.86692
          ],
          [
            74.78124,
            23.86596
          ],
          [
            74.7807,
            23.8656
          ],
          [
            74.78003,
            23.86522
          ],
          [
            74.77938,
            23.86493
          ],
          [
            74.77862,
            23.86467
          ],
          [
            74.77671,
            23.86426
          ],
          [
            74.77627,
            23.86433
          ],
          [
            74.77602,
            23.86442
          ],
          [
            74.77588,
            23.86439
          ],
          [
            74.77535,
            23.86395
          ],
          [
            74.77499,
            23.86377
          ],
          [
            74.77463,
            23.86356
          ],
          [
            74.77417,
            23.86322
          ],
          [
            74.77385,
            23.86315
          ],
          [
            74.77362,
            23.86312
          ],
          [
            74.77341,
            23.86312
          ],
          [
            74.77298,
            23.86319
          ],
          [
            74.77286,
            23.86316
          ],
          [
            74.77277,
            23.86311
          ],
          [
            74.77262,
            23.86298
          ],
          [
            74.77257,
            23.86286
          ],
          [
            74.77245,
            23.8628
          ],
          [
            74.77226,
            23.86275
          ],
          [
            74.77215,
            23.86271
          ],
          [
            74.77212,
            23.86265
          ],
          [
            74.77213,
            23.86258
          ],
          [
            74.77218,
            23.86252
          ],
          [
            74.77224,
            23.86245
          ],
          [
            74.77239,
            23.86242
          ],
          [
            74.77251,
            23.86248
          ],
          [
            74.77268,
            23.86262
          ],
          [
            74.77279,
            23.86273
          ],
          [
            74.7729,
            23.86281
          ],
          [
            74.77306,
            23.86281
          ],
          [
            74.77326,
            23.86275
          ],
          [
            74.7738,
            23.86266
          ],
          [
            74.77419,
            23.86256
          ],
          [
            74.77427,
            23.86249
          ],
          [
            74.7743,
            23.86244
          ],
          [
            74.7743,
            23.86232
          ],
          [
            74.77428,
            23.86227
          ],
          [
            74.7742,
            23.86219
          ],
          [
            74.77395,
            23.86197
          ],
          [
            74.77304,
            23.86135
          ],
          [
            74.77285,
            23.86127
          ],
          [
            74.77239,
            23.86113
          ],
          [
            74.77176,
            23.86073
          ],
          [
            74.77129,
            23.86052
          ],
          [
            74.77066,
            23.86029
          ],
          [
            74.77021,
            23.8601
          ],
          [
            74.7694,
            23.85993
          ],
          [
            74.7689,
            23.85994
          ],
          [
            74.76726,
            23.85979
          ],
          [
            74.76658,
            23.85956
          ],
          [
            74.7658,
            23.85911
          ],
          [
            74.76515,
            23.85863
          ],
          [
            74.76445,
            23.85824
          ],
          [
            74.76355,
            23.85787
          ],
          [
            74.76279,
            23.8577
          ],
          [
            74.76252,
            23.8576
          ],
          [
            74.76165,
            23.85709
          ],
          [
            74.76112,
            23.85684
          ],
          [
            74.76073,
            23.85684
          ],
          [
            74.76041,
            23.85687
          ],
          [
            74.76014,
            23.85684
          ],
          [
            74.76003,
            23.85677
          ],
          [
            74.75987,
            23.85662
          ],
          [
            74.75968,
            23.85638
          ],
          [
            74.75934,
            23.85591
          ],
          [
            74.75918,
            23.8558
          ],
          [
            74.75898,
            23.85581
          ],
          [
            74.75855,
            23.85585
          ],
          [
            74.75737,
            23.85606
          ],
          [
            74.75697,
            23.85605
          ],
          [
            74.75596,
            23.85571
          ],
          [
            74.75491,
            23.8554
          ],
          [
            74.75399,
            23.85512
          ],
          [
            74.75371,
            23.85499
          ],
          [
            74.75326,
            23.85468
          ],
          [
            74.75305,
            23.85458
          ],
          [
            74.75275,
            23.85452
          ],
          [
            74.75256,
            23.85452
          ],
          [
            74.7523,
            23.85456
          ],
          [
            74.75193,
            23.85458
          ],
          [
            74.75163,
            23.85447
          ],
          [
            74.75106,
            23.85434
          ],
          [
            74.7506,
            23.85407
          ],
          [
            74.75012,
            23.85385
          ],
          [
            74.74984,
            23.8538
          ],
          [
            74.7494,
            23.85387
          ],
          [
            74.74792,
            23.85398
          ],
          [
            74.74724,
            23.85384
          ],
          [
            74.7469,
            23.85368
          ],
          [
            74.74668,
            23.85348
          ],
          [
            74.74639,
            23.85325
          ],
          [
            74.74613,
            23.85313
          ],
          [
            74.74474,
            23.8524
          ],
          [
            74.74431,
            23.85228
          ],
          [
            74.74427,
            23.85226
          ],
          [
            74.74411,
            23.85183
          ],
          [
            74.74388,
            23.85171
          ],
          [
            74.74339,
            23.85159
          ],
          [
            74.74166,
            23.85093
          ],
          [
            74.74073,
            23.85063
          ],
          [
            74.74015,
            23.85038
          ],
          [
            74.73932,
            23.8497
          ],
          [
            74.73827,
            23.84894
          ],
          [
            74.73781,
            23.84856
          ],
          [
            74.73729,
            23.84798
          ],
          [
            74.73708,
            23.8479
          ],
          [
            74.73685,
            23.84784
          ],
          [
            74.73588,
            23.84766
          ],
          [
            74.73549,
            23.84754
          ],
          [
            74.73511,
            23.84725
          ],
          [
            74.73465,
            23.84686
          ],
          [
            74.73416,
            23.84657
          ],
          [
            74.73341,
            23.84631
          ],
          [
            74.7316,
            23.84618
          ],
          [
            74.73115,
            23.84611
          ],
          [
            74.73073,
            23.84597
          ],
          [
            74.73002,
            23.84567
          ],
          [
            74.72955,
            23.84543
          ],
          [
            74.72835,
            23.84513
          ],
          [
            74.72808,
            23.84485
          ],
          [
            74.72666,
            23.84219
          ],
          [
            74.7242,
            23.84006
          ],
          [
            74.723,
            23.83912
          ],
          [
            74.72241,
            23.83843
          ],
          [
            74.72158,
            23.83734
          ],
          [
            74.72042,
            23.83561
          ],
          [
            74.71995,
            23.83502
          ],
          [
            74.71984,
            23.83478
          ],
          [
            74.71974,
            23.83435
          ],
          [
            74.71945,
            23.83397
          ],
          [
            74.71903,
            23.83354
          ],
          [
            74.71874,
            23.83322
          ],
          [
            74.71829,
            23.83243
          ],
          [
            74.71815,
            23.83198
          ],
          [
            74.71811,
            23.83128
          ],
          [
            74.71788,
            23.83042
          ],
          [
            74.71781,
            23.83014
          ],
          [
            74.71759,
            23.83002
          ],
          [
            74.71654,
            23.8296
          ],
          [
            74.7158,
            23.82918
          ],
          [
            74.71535,
            23.82905
          ],
          [
            74.71284,
            23.82865
          ],
          [
            74.71054,
            23.82796
          ],
          [
            74.70986,
            23.82752
          ],
          [
            74.70918,
            23.82715
          ],
          [
            74.70773,
            23.82641
          ],
          [
            74.70752,
            23.82635
          ],
          [
            74.70731,
            23.82639
          ],
          [
            74.70687,
            23.82651
          ],
          [
            74.70474,
            23.8274
          ],
          [
            74.70329,
            23.82782
          ],
          [
            74.70134,
            23.8285
          ],
          [
            74.70102,
            23.82838
          ],
          [
            74.70044,
            23.828
          ],
          [
            74.70023,
            23.82793
          ],
          [
            74.70006,
            23.8279
          ],
          [
            74.69979,
            23.82784
          ],
          [
            74.69895,
            23.82753
          ],
          [
            74.69867,
            23.8273
          ],
          [
            74.69851,
            23.82714
          ],
          [
            74.69842,
            23.82701
          ],
          [
            74.69839,
            23.82678
          ],
          [
            74.69845,
            23.82648
          ],
          [
            74.69846,
            23.8262
          ],
          [
            74.69847,
            23.82601
          ],
          [
            74.69845,
            23.82588
          ],
          [
            74.69837,
            23.8258
          ],
          [
            74.69819,
            23.82569
          ],
          [
            74.69807,
            23.8254
          ],
          [
            74.69776,
            23.82429
          ],
          [
            74.69752,
            23.8238
          ],
          [
            74.69742,
            23.82368
          ],
          [
            74.69729,
            23.8236
          ],
          [
            74.69722,
            23.82351
          ],
          [
            74.69672,
            23.82276
          ],
          [
            74.69632,
            23.82228
          ],
          [
            74.69558,
            23.82169
          ],
          [
            74.69535,
            23.82161
          ],
          [
            74.6949,
            23.82156
          ],
          [
            74.69452,
            23.82169
          ],
          [
            74.69379,
            23.82248
          ],
          [
            74.69341,
            23.8227
          ],
          [
            74.6932,
            23.82275
          ],
          [
            74.69304,
            23.82275
          ],
          [
            74.69267,
            23.82264
          ],
          [
            74.69234,
            23.82236
          ],
          [
            74.69214,
            23.82228
          ],
          [
            74.69193,
            23.82224
          ],
          [
            74.69147,
            23.822
          ],
          [
            74.69124,
            23.82176
          ],
          [
            74.69109,
            23.82172
          ],
          [
            74.69092,
            23.82174
          ],
          [
            74.69084,
            23.82188
          ],
          [
            74.69078,
            23.82213
          ],
          [
            74.69077,
            23.82227
          ],
          [
            74.6907,
            23.82265
          ],
          [
            74.69063,
            23.82276
          ],
          [
            74.69043,
            23.82295
          ],
          [
            74.69015,
            23.82297
          ],
          [
            74.69001,
            23.82292
          ],
          [
            74.68976,
            23.82282
          ],
          [
            74.68939,
            23.82259
          ],
          [
            74.68901,
            23.82257
          ],
          [
            74.68871,
            23.82259
          ],
          [
            74.68842,
            23.82254
          ],
          [
            74.68823,
            23.82253
          ],
          [
            74.68809,
            23.82263
          ],
          [
            74.68785,
            23.82288
          ],
          [
            74.68775,
            23.82293
          ],
          [
            74.68759,
            23.82297
          ],
          [
            74.68732,
            23.82299
          ],
          [
            74.68618,
            23.82319
          ],
          [
            74.68546,
            23.82341
          ],
          [
            74.68533,
            23.82347
          ],
          [
            74.68515,
            23.82366
          ],
          [
            74.68506,
            23.82381
          ],
          [
            74.68485,
            23.82404
          ],
          [
            74.68399,
            23.82447
          ],
          [
            74.68384,
            23.82446
          ],
          [
            74.68373,
            23.82441
          ],
          [
            74.68365,
            23.8241
          ],
          [
            74.68362,
            23.82376
          ],
          [
            74.68313,
            23.82175
          ],
          [
            74.68298,
            23.82063
          ],
          [
            74.68292,
            23.82037
          ],
          [
            74.68287,
            23.82042
          ],
          [
            74.68242,
            23.82071
          ],
          [
            74.68195,
            23.82107
          ],
          [
            74.68156,
            23.82133
          ],
          [
            74.68114,
            23.82149
          ],
          [
            74.68083,
            23.82154
          ],
          [
            74.68018,
            23.82162
          ],
          [
            74.67921,
            23.82169
          ],
          [
            74.67852,
            23.82167
          ],
          [
            74.67768,
            23.82167
          ],
          [
            74.67741,
            23.82174
          ],
          [
            74.67716,
            23.8219
          ],
          [
            74.67702,
            23.82204
          ],
          [
            74.67693,
            23.82223
          ],
          [
            74.67689,
            23.82266
          ],
          [
            74.67687,
            23.82294
          ],
          [
            74.67683,
            23.82319
          ],
          [
            74.67674,
            23.82335
          ],
          [
            74.67663,
            23.82349
          ],
          [
            74.67645,
            23.82364
          ],
          [
            74.67559,
            23.82413
          ],
          [
            74.67486,
            23.82448
          ],
          [
            74.67454,
            23.82473
          ],
          [
            74.67435,
            23.82496
          ],
          [
            74.67405,
            23.82527
          ],
          [
            74.67358,
            23.82571
          ],
          [
            74.67325,
            23.82596
          ],
          [
            74.67282,
            23.82622
          ],
          [
            74.67133,
            23.82694
          ],
          [
            74.67109,
            23.82708
          ],
          [
            74.67061,
            23.82741
          ],
          [
            74.67017,
            23.82774
          ],
          [
            74.66982,
            23.82816
          ],
          [
            74.66934,
            23.82887
          ],
          [
            74.66915,
            23.8292
          ],
          [
            74.66859,
            23.83036
          ],
          [
            74.66846,
            23.8308
          ],
          [
            74.6684,
            23.83109
          ],
          [
            74.66834,
            23.83125
          ],
          [
            74.66826,
            23.83131
          ],
          [
            74.66793,
            23.83133
          ],
          [
            74.6674,
            23.83127
          ],
          [
            74.66695,
            23.83116
          ],
          [
            74.66649,
            23.83106
          ],
          [
            74.66571,
            23.83109
          ],
          [
            74.66549,
            23.83115
          ],
          [
            74.6649,
            23.83145
          ],
          [
            74.66437,
            23.83175
          ],
          [
            74.66393,
            23.83193
          ],
          [
            74.66346,
            23.83208
          ],
          [
            74.66314,
            23.83216
          ],
          [
            74.66247,
            23.83226
          ],
          [
            74.66217,
            23.83233
          ],
          [
            74.66111,
            23.83282
          ],
          [
            74.66034,
            23.8331
          ],
          [
            74.65993,
            23.8333
          ],
          [
            74.65949,
            23.83379
          ],
          [
            74.65926,
            23.83415
          ],
          [
            74.65898,
            23.83448
          ],
          [
            74.65879,
            23.83466
          ],
          [
            74.65854,
            23.83479
          ],
          [
            74.65809,
            23.8349
          ],
          [
            74.65786,
            23.83504
          ],
          [
            74.6558,
            23.83798
          ],
          [
            74.65553,
            23.83821
          ],
          [
            74.65484,
            23.83859
          ],
          [
            74.65322,
            23.83937
          ],
          [
            74.65304,
            23.83951
          ],
          [
            74.65286,
            23.83972
          ],
          [
            74.65269,
            23.83997
          ],
          [
            74.65249,
            23.84021
          ],
          [
            74.65178,
            23.84087
          ],
          [
            74.65137,
            23.8412
          ],
          [
            74.65032,
            23.84217
          ],
          [
            74.64992,
            23.8424
          ],
          [
            74.64909,
            23.84254
          ],
          [
            74.64806,
            23.84275
          ],
          [
            74.64765,
            23.84287
          ],
          [
            74.64739,
            23.84247
          ],
          [
            74.64485,
            23.83965
          ],
          [
            74.64466,
            23.83944
          ],
          [
            74.64446,
            23.83922
          ],
          [
            74.64348,
            23.83818
          ],
          [
            74.64231,
            23.83688
          ],
          [
            74.64198,
            23.83653
          ],
          [
            74.64176,
            23.8363
          ],
          [
            74.64146,
            23.83601
          ],
          [
            74.64092,
            23.83569
          ],
          [
            74.6403,
            23.83537
          ],
          [
            74.63863,
            23.83455
          ],
          [
            74.63793,
            23.83423
          ],
          [
            74.63763,
            23.83405
          ],
          [
            74.63735,
            23.83376
          ],
          [
            74.6371,
            23.83341
          ],
          [
            74.63691,
            23.83302
          ],
          [
            74.63623,
            23.83075
          ],
          [
            74.63595,
            23.82988
          ],
          [
            74.63587,
            23.82938
          ],
          [
            74.63589,
            23.82843
          ],
          [
            74.63587,
            23.82794
          ],
          [
            74.63582,
            23.82749
          ],
          [
            74.63559,
            23.82645
          ],
          [
            74.6352,
            23.82582
          ],
          [
            74.63496,
            23.82555
          ],
          [
            74.63459,
            23.8252
          ],
          [
            74.63389,
            23.82468
          ],
          [
            74.63357,
            23.82441
          ],
          [
            74.63333,
            23.82414
          ],
          [
            74.63316,
            23.82388
          ],
          [
            74.63261,
            23.82263
          ],
          [
            74.63244,
            23.82232
          ],
          [
            74.6322,
            23.82197
          ],
          [
            74.63198,
            23.82172
          ],
          [
            74.63163,
            23.82148
          ],
          [
            74.63107,
            23.8213
          ],
          [
            74.63074,
            23.82127
          ],
          [
            74.63034,
            23.82128
          ],
          [
            74.62978,
            23.82138
          ],
          [
            74.62844,
            23.82169
          ],
          [
            74.62794,
            23.82178
          ],
          [
            74.62522,
            23.82193
          ],
          [
            74.625,
            23.82192
          ],
          [
            74.62483,
            23.8219
          ],
          [
            74.6245,
            23.82179
          ],
          [
            74.6236,
            23.82139
          ],
          [
            74.62316,
            23.82125
          ],
          [
            74.62292,
            23.82121
          ],
          [
            74.62255,
            23.82118
          ],
          [
            74.62222,
            23.82118
          ],
          [
            74.62163,
            23.82124
          ],
          [
            74.62113,
            23.82133
          ],
          [
            74.62086,
            23.8214
          ],
          [
            74.61939,
            23.82208
          ],
          [
            74.61905,
            23.82221
          ],
          [
            74.61867,
            23.82226
          ],
          [
            74.61821,
            23.8223
          ],
          [
            74.61784,
            23.82227
          ],
          [
            74.61742,
            23.82221
          ],
          [
            74.61639,
            23.82203
          ],
          [
            74.61618,
            23.82196
          ],
          [
            74.6139,
            23.82093
          ],
          [
            74.61326,
            23.82062
          ],
          [
            74.61274,
            23.82046
          ],
          [
            74.6124,
            23.82038
          ],
          [
            74.61213,
            23.8203
          ],
          [
            74.61146,
            23.82018
          ],
          [
            74.61066,
            23.82018
          ],
          [
            74.61007,
            23.82019
          ],
          [
            74.60983,
            23.82017
          ],
          [
            74.60797,
            23.81986
          ],
          [
            74.60617,
            23.81945
          ],
          [
            74.60568,
            23.81936
          ],
          [
            74.60494,
            23.81928
          ],
          [
            74.60464,
            23.81927
          ],
          [
            74.60436,
            23.81928
          ],
          [
            74.60399,
            23.81927
          ],
          [
            74.60313,
            23.81935
          ],
          [
            74.60274,
            23.81943
          ],
          [
            74.59973,
            23.82023
          ],
          [
            74.59952,
            23.82027
          ],
          [
            74.5989,
            23.8203
          ],
          [
            74.5984,
            23.82027
          ],
          [
            74.59745,
            23.82022
          ],
          [
            74.59449,
            23.81996
          ],
          [
            74.59111,
            23.81958
          ],
          [
            74.59064,
            23.81948
          ],
          [
            74.58974,
            23.81916
          ],
          [
            74.58863,
            23.8187
          ],
          [
            74.5881,
            23.8185
          ],
          [
            74.58781,
            23.81844
          ],
          [
            74.5869,
            23.81832
          ],
          [
            74.5865,
            23.8183
          ],
          [
            74.58619,
            23.81835
          ],
          [
            74.5857,
            23.81848
          ],
          [
            74.58416,
            23.81894
          ],
          [
            74.58273,
            23.81935
          ],
          [
            74.58121,
            23.81981
          ],
          [
            74.58056,
            23.82003
          ],
          [
            74.58033,
            23.82008
          ],
          [
            74.5801,
            23.82009
          ],
          [
            74.57859,
            23.82013
          ],
          [
            74.57747,
            23.82019
          ],
          [
            74.57705,
            23.82015
          ],
          [
            74.57556,
            23.81978
          ],
          [
            74.57328,
            23.81913
          ],
          [
            74.57291,
            23.81901
          ],
          [
            74.57246,
            23.81898
          ],
          [
            74.5702,
            23.81909
          ],
          [
            74.56957,
            23.81911
          ],
          [
            74.56901,
            23.81894
          ],
          [
            74.5688,
            23.81884
          ],
          [
            74.56859,
            23.81871
          ],
          [
            74.56827,
            23.81846
          ],
          [
            74.56674,
            23.81651
          ],
          [
            74.5661,
            23.81561
          ],
          [
            74.56528,
            23.81453
          ],
          [
            74.56492,
            23.814
          ],
          [
            74.56462,
            23.81366
          ],
          [
            74.56434,
            23.81323
          ],
          [
            74.56406,
            23.81292
          ],
          [
            74.56378,
            23.81242
          ],
          [
            74.56305,
            23.81085
          ],
          [
            74.56244,
            23.80942
          ],
          [
            74.5619,
            23.80806
          ],
          [
            74.56185,
            23.80778
          ],
          [
            74.56164,
            23.80689
          ],
          [
            74.5615,
            23.8065
          ],
          [
            74.5611,
            23.80565
          ],
          [
            74.56101,
            23.80538
          ],
          [
            74.56096,
            23.8051
          ],
          [
            74.56096,
            23.8046
          ],
          [
            74.56096,
            23.80445
          ],
          [
            74.56095,
            23.80376
          ],
          [
            74.56092,
            23.80347
          ],
          [
            74.56088,
            23.80329
          ],
          [
            74.5608,
            23.80309
          ],
          [
            74.56076,
            23.80294
          ],
          [
            74.56069,
            23.80283
          ],
          [
            74.56064,
            23.80274
          ],
          [
            74.56053,
            23.80264
          ],
          [
            74.56019,
            23.80237
          ],
          [
            74.55844,
            23.80172
          ],
          [
            74.55779,
            23.8015
          ],
          [
            74.55718,
            23.80137
          ],
          [
            74.55678,
            23.80134
          ],
          [
            74.55575,
            23.80147
          ],
          [
            74.55369,
            23.80192
          ],
          [
            74.55225,
            23.80221
          ],
          [
            74.55194,
            23.80229
          ],
          [
            74.55158,
            23.80234
          ],
          [
            74.55124,
            23.80237
          ],
          [
            74.55094,
            23.80237
          ],
          [
            74.54999,
            23.80226
          ],
          [
            74.54918,
            23.80204
          ],
          [
            74.54852,
            23.80187
          ],
          [
            74.54778,
            23.80173
          ],
          [
            74.54551,
            23.80139
          ],
          [
            74.54408,
            23.80119
          ],
          [
            74.5418,
            23.80082
          ],
          [
            74.54125,
            23.80071
          ],
          [
            74.54105,
            23.80064
          ],
          [
            74.5408,
            23.80054
          ],
          [
            74.53916,
            23.79974
          ],
          [
            74.53829,
            23.79939
          ],
          [
            74.53736,
            23.79907
          ],
          [
            74.53645,
            23.79879
          ],
          [
            74.53473,
            23.79822
          ],
          [
            74.53399,
            23.79801
          ],
          [
            74.5301,
            23.7971
          ],
          [
            74.52841,
            23.79669
          ],
          [
            74.5281,
            23.79658
          ],
          [
            74.52782,
            23.79645
          ],
          [
            74.52763,
            23.79631
          ],
          [
            74.52586,
            23.79455
          ],
          [
            74.52538,
            23.79412
          ],
          [
            74.52446,
            23.79337
          ],
          [
            74.52381,
            23.79284
          ],
          [
            74.52329,
            23.79246
          ],
          [
            74.52317,
            23.79239
          ],
          [
            74.52287,
            23.79229
          ],
          [
            74.52266,
            23.79226
          ],
          [
            74.52223,
            23.79225
          ],
          [
            74.52143,
            23.79219
          ],
          [
            74.5211,
            23.79215
          ],
          [
            74.52072,
            23.79208
          ],
          [
            74.52048,
            23.79201
          ],
          [
            74.51987,
            23.7917
          ],
          [
            74.51966,
            23.79155
          ],
          [
            74.51936,
            23.79131
          ],
          [
            74.51917,
            23.79109
          ],
          [
            74.51895,
            23.7909
          ],
          [
            74.51872,
            23.79063
          ],
          [
            74.51847,
            23.7904
          ],
          [
            74.51783,
            23.78966
          ],
          [
            74.51767,
            23.78951
          ],
          [
            74.51753,
            23.78939
          ],
          [
            74.51732,
            23.78917
          ],
          [
            74.51703,
            23.78897
          ],
          [
            74.51678,
            23.78882
          ],
          [
            74.51656,
            23.78874
          ],
          [
            74.51636,
            23.78873
          ],
          [
            74.51617,
            23.7887
          ],
          [
            74.516,
            23.78869
          ],
          [
            74.51418,
            23.78886
          ],
          [
            74.51279,
            23.78904
          ],
          [
            74.51251,
            23.78905
          ],
          [
            74.51206,
            23.789
          ],
          [
            74.51096,
            23.78875
          ],
          [
            74.51042,
            23.78868
          ],
          [
            74.51023,
            23.78868
          ],
          [
            74.50999,
            23.78871
          ],
          [
            74.50821,
            23.78891
          ],
          [
            74.50792,
            23.78892
          ],
          [
            74.50769,
            23.78891
          ],
          [
            74.50685,
            23.78882
          ],
          [
            74.50551,
            23.78861
          ],
          [
            74.50491,
            23.78854
          ],
          [
            74.50362,
            23.7885
          ],
          [
            74.50303,
            23.78838
          ],
          [
            74.50262,
            23.78821
          ],
          [
            74.50123,
            23.78756
          ],
          [
            74.50102,
            23.78749
          ],
          [
            74.50069,
            23.78744
          ],
          [
            74.49906,
            23.78732
          ],
          [
            74.49838,
            23.78726
          ],
          [
            74.49762,
            23.78716
          ],
          [
            74.49724,
            23.78713
          ],
          [
            74.49693,
            23.78711
          ],
          [
            74.49544,
            23.78718
          ],
          [
            74.49487,
            23.78716
          ],
          [
            74.49424,
            23.78705
          ],
          [
            74.49345,
            23.78686
          ],
          [
            74.49299,
            23.78669
          ],
          [
            74.49227,
            23.78633
          ],
          [
            74.4919,
            23.7861
          ],
          [
            74.4915,
            23.78579
          ],
          [
            74.49088,
            23.78526
          ],
          [
            74.49049,
            23.7847
          ],
          [
            74.49005,
            23.78415
          ],
          [
            74.48956,
            23.78362
          ],
          [
            74.48886,
            23.7831
          ],
          [
            74.48825,
            23.78281
          ],
          [
            74.48768,
            23.78256
          ],
          [
            74.48734,
            23.78236
          ],
          [
            74.48668,
            23.78204
          ],
          [
            74.48644,
            23.7819
          ],
          [
            74.4856,
            23.78149
          ],
          [
            74.48475,
            23.78123
          ],
          [
            74.48445,
            23.78118
          ],
          [
            74.48432,
            23.78118
          ],
          [
            74.48409,
            23.78119
          ],
          [
            74.48378,
            23.78126
          ],
          [
            74.48354,
            23.78133
          ],
          [
            74.48297,
            23.78164
          ],
          [
            74.48243,
            23.78204
          ],
          [
            74.48136,
            23.78301
          ],
          [
            74.47763,
            23.78621
          ],
          [
            74.47721,
            23.78655
          ],
          [
            74.47694,
            23.78685
          ],
          [
            74.4765,
            23.78742
          ],
          [
            74.47606,
            23.78809
          ],
          [
            74.47465,
            23.79011
          ],
          [
            74.47444,
            23.79033
          ],
          [
            74.47429,
            23.79047
          ],
          [
            74.47389,
            23.79071
          ],
          [
            74.47292,
            23.79117
          ],
          [
            74.47185,
            23.79166
          ],
          [
            74.46903,
            23.79301
          ],
          [
            74.46834,
            23.79337
          ],
          [
            74.46823,
            23.79339
          ],
          [
            74.46802,
            23.79344
          ],
          [
            74.46783,
            23.79346
          ],
          [
            74.46757,
            23.79344
          ],
          [
            74.4673,
            23.79338
          ],
          [
            74.46671,
            23.79315
          ],
          [
            74.46187,
            23.79119
          ],
          [
            74.46152,
            23.79102
          ],
          [
            74.45765,
            23.78893
          ],
          [
            74.45629,
            23.78821
          ],
          [
            74.45603,
            23.78809
          ],
          [
            74.45579,
            23.78801
          ],
          [
            74.4554,
            23.78795
          ],
          [
            74.45273,
            23.78772
          ],
          [
            74.45245,
            23.78768
          ],
          [
            74.4522,
            23.78758
          ],
          [
            74.452,
            23.78746
          ],
          [
            74.45167,
            23.7872
          ],
          [
            74.44921,
            23.78498
          ],
          [
            74.44887,
            23.78462
          ],
          [
            74.44789,
            23.78335
          ],
          [
            74.4467,
            23.78174
          ],
          [
            74.44663,
            23.78164
          ],
          [
            74.44529,
            23.77995
          ],
          [
            74.44517,
            23.77976
          ],
          [
            74.44483,
            23.77896
          ],
          [
            74.44469,
            23.77864
          ],
          [
            74.44444,
            23.77806
          ],
          [
            74.44394,
            23.7771
          ],
          [
            74.44373,
            23.77677
          ],
          [
            74.44359,
            23.7766
          ],
          [
            74.44328,
            23.7763
          ],
          [
            74.44296,
            23.77606
          ],
          [
            74.44259,
            23.77583
          ],
          [
            74.44198,
            23.77538
          ],
          [
            74.44046,
            23.77406
          ],
          [
            74.43889,
            23.7727
          ],
          [
            74.43756,
            23.77159
          ],
          [
            74.43708,
            23.77117
          ],
          [
            74.4363,
            23.77063
          ],
          [
            74.43565,
            23.77022
          ],
          [
            74.43363,
            23.76921
          ],
          [
            74.43219,
            23.76857
          ],
          [
            74.4306,
            23.76796
          ],
          [
            74.42901,
            23.76739
          ],
          [
            74.42755,
            23.76683
          ],
          [
            74.42691,
            23.7666
          ],
          [
            74.42623,
            23.76632
          ],
          [
            74.42572,
            23.76607
          ],
          [
            74.42507,
            23.7657
          ],
          [
            74.42311,
            23.76453
          ],
          [
            74.4206,
            23.76309
          ],
          [
            74.41946,
            23.7624
          ],
          [
            74.41936,
            23.76229
          ],
          [
            74.41933,
            23.76217
          ],
          [
            74.41933,
            23.76207
          ],
          [
            74.41941,
            23.76193
          ],
          [
            74.41969,
            23.76167
          ],
          [
            74.41973,
            23.76164
          ],
          [
            74.41984,
            23.76149
          ],
          [
            74.41989,
            23.76136
          ],
          [
            74.4199,
            23.76123
          ],
          [
            74.41986,
            23.76107
          ],
          [
            74.41978,
            23.76099
          ],
          [
            74.41958,
            23.76084
          ],
          [
            74.419,
            23.76043
          ],
          [
            74.41719,
            23.75928
          ],
          [
            74.41665,
            23.75896
          ],
          [
            74.41531,
            23.75835
          ],
          [
            74.41511,
            23.75827
          ],
          [
            74.41483,
            23.75818
          ],
          [
            74.41455,
            23.75816
          ],
          [
            74.40967,
            23.7584
          ],
          [
            74.40925,
            23.75838
          ],
          [
            74.40896,
            23.75829
          ],
          [
            74.40878,
            23.7582
          ],
          [
            74.40722,
            23.7575
          ],
          [
            74.40598,
            23.75691
          ],
          [
            74.40549,
            23.75665
          ],
          [
            74.40497,
            23.7563
          ],
          [
            74.40343,
            23.75521
          ],
          [
            74.4024,
            23.75458
          ],
          [
            74.40197,
            23.7543
          ],
          [
            74.40168,
            23.75403
          ],
          [
            74.40133,
            23.75359
          ],
          [
            74.40104,
            23.7532
          ],
          [
            74.39841,
            23.74969
          ],
          [
            74.39806,
            23.74926
          ],
          [
            74.39774,
            23.74889
          ],
          [
            74.39721,
            23.74834
          ],
          [
            74.39619,
            23.74757
          ],
          [
            74.39448,
            23.7467
          ],
          [
            74.39406,
            23.74652
          ],
          [
            74.3933,
            23.74626
          ],
          [
            74.39239,
            23.746
          ],
          [
            74.39189,
            23.74577
          ],
          [
            74.39151,
            23.74553
          ],
          [
            74.39083,
            23.74499
          ],
          [
            74.39066,
            23.74485
          ],
          [
            74.38962,
            23.74401
          ],
          [
            74.38892,
            23.74336
          ],
          [
            74.38787,
            23.74221
          ],
          [
            74.38744,
            23.74174
          ],
          [
            74.38702,
            23.74143
          ],
          [
            74.38421,
            23.73953
          ],
          [
            74.38373,
            23.7392
          ],
          [
            74.38346,
            23.73898
          ],
          [
            74.38281,
            23.73832
          ],
          [
            74.38166,
            23.73706
          ],
          [
            74.38128,
            23.73664
          ],
          [
            74.38119,
            23.73652
          ],
          [
            74.38093,
            23.73612
          ],
          [
            74.38062,
            23.7354
          ],
          [
            74.38031,
            23.73449
          ],
          [
            74.37921,
            23.73147
          ],
          [
            74.37891,
            23.73071
          ],
          [
            74.37835,
            23.72974
          ],
          [
            74.37819,
            23.72935
          ],
          [
            74.37803,
            23.72886
          ],
          [
            74.3778,
            23.72779
          ],
          [
            74.37771,
            23.72753
          ],
          [
            74.37753,
            23.72714
          ],
          [
            74.37736,
            23.72687
          ],
          [
            74.37709,
            23.72659
          ],
          [
            74.37586,
            23.72549
          ],
          [
            74.37556,
            23.72514
          ],
          [
            74.3754,
            23.72488
          ],
          [
            74.37517,
            23.72421
          ],
          [
            74.37484,
            23.72289
          ],
          [
            74.37464,
            23.72238
          ],
          [
            74.3743,
            23.72181
          ],
          [
            74.37409,
            23.72157
          ],
          [
            74.37304,
            23.72063
          ],
          [
            74.37155,
            23.71889
          ],
          [
            74.37097,
            23.71826
          ],
          [
            74.37038,
            23.71769
          ],
          [
            74.37017,
            23.71746
          ],
          [
            74.36991,
            23.71707
          ],
          [
            74.36973,
            23.71677
          ],
          [
            74.36932,
            23.71608
          ],
          [
            74.36893,
            23.71556
          ],
          [
            74.36824,
            23.71462
          ],
          [
            74.36735,
            23.71337
          ],
          [
            74.36659,
            23.71222
          ],
          [
            74.36614,
            23.71157
          ],
          [
            74.3659,
            23.71115
          ],
          [
            74.36581,
            23.71096
          ],
          [
            74.36572,
            23.71056
          ],
          [
            74.36572,
            23.71035
          ],
          [
            74.36587,
            23.70856
          ],
          [
            74.36606,
            23.70694
          ],
          [
            74.36615,
            23.70658
          ],
          [
            74.36632,
            23.70608
          ],
          [
            74.36674,
            23.70497
          ],
          [
            74.36703,
            23.70414
          ],
          [
            74.36718,
            23.70302
          ],
          [
            74.3673,
            23.70223
          ],
          [
            74.36737,
            23.70059
          ],
          [
            74.36728,
            23.699
          ],
          [
            74.36723,
            23.69864
          ],
          [
            74.36712,
            23.69784
          ],
          [
            74.36704,
            23.69709
          ],
          [
            74.36705,
            23.69668
          ],
          [
            74.3671,
            23.69637
          ],
          [
            74.36714,
            23.69615
          ],
          [
            74.36754,
            23.69462
          ],
          [
            74.36769,
            23.69399
          ],
          [
            74.36787,
            23.69361
          ],
          [
            74.36811,
            23.69325
          ],
          [
            74.36964,
            23.69132
          ],
          [
            74.36999,
            23.69085
          ],
          [
            74.37178,
            23.68814
          ],
          [
            74.37258,
            23.68689
          ],
          [
            74.37298,
            23.6863
          ],
          [
            74.37316,
            23.68596
          ],
          [
            74.37364,
            23.68518
          ],
          [
            74.37386,
            23.68484
          ],
          [
            74.37426,
            23.68432
          ],
          [
            74.37534,
            23.68298
          ],
          [
            74.3761,
            23.68195
          ],
          [
            74.37694,
            23.68062
          ],
          [
            74.37772,
            23.67934
          ],
          [
            74.37882,
            23.67743
          ],
          [
            74.37898,
            23.67715
          ],
          [
            74.37942,
            23.67627
          ],
          [
            74.38037,
            23.67421
          ],
          [
            74.38152,
            23.67175
          ],
          [
            74.38178,
            23.6713
          ],
          [
            74.38321,
            23.66955
          ],
          [
            74.38491,
            23.66749
          ],
          [
            74.38506,
            23.66731
          ],
          [
            74.38669,
            23.66535
          ],
          [
            74.3876,
            23.66427
          ],
          [
            74.38826,
            23.66346
          ],
          [
            74.38845,
            23.66322
          ],
          [
            74.38871,
            23.66283
          ],
          [
            74.38907,
            23.66221
          ],
          [
            74.38974,
            23.66098
          ],
          [
            74.39009,
            23.66036
          ],
          [
            74.39021,
            23.66012
          ],
          [
            74.3903,
            23.65989
          ],
          [
            74.39032,
            23.65978
          ],
          [
            74.39036,
            23.65949
          ],
          [
            74.39043,
            23.6584
          ],
          [
            74.39054,
            23.65716
          ],
          [
            74.39054,
            23.65695
          ],
          [
            74.3905,
            23.65523
          ],
          [
            74.39049,
            23.65443
          ],
          [
            74.39054,
            23.65322
          ],
          [
            74.39059,
            23.65295
          ],
          [
            74.39069,
            23.65265
          ],
          [
            74.39088,
            23.65224
          ],
          [
            74.39124,
            23.65156
          ],
          [
            74.392,
            23.64977
          ],
          [
            74.39224,
            23.64912
          ],
          [
            74.39261,
            23.64802
          ],
          [
            74.39291,
            23.64692
          ],
          [
            74.3933,
            23.64511
          ],
          [
            74.39349,
            23.64429
          ],
          [
            74.39364,
            23.64392
          ],
          [
            74.39382,
            23.64363
          ],
          [
            74.39585,
            23.64112
          ],
          [
            74.39642,
            23.64039
          ],
          [
            74.39652,
            23.64019
          ],
          [
            74.3974,
            23.6376
          ],
          [
            74.39764,
            23.63691
          ],
          [
            74.39889,
            23.63313
          ],
          [
            74.39954,
            23.63118
          ],
          [
            74.39962,
            23.63087
          ],
          [
            74.3997,
            23.63045
          ],
          [
            74.39975,
            23.63002
          ],
          [
            74.39974,
            23.62983
          ],
          [
            74.39974,
            23.6295
          ],
          [
            74.39978,
            23.62925
          ],
          [
            74.39991,
            23.629
          ],
          [
            74.40012,
            23.62872
          ],
          [
            74.40046,
            23.62839
          ],
          [
            74.40064,
            23.62818
          ],
          [
            74.40095,
            23.62793
          ],
          [
            74.4013,
            23.62772
          ],
          [
            74.40201,
            23.62735
          ],
          [
            74.40465,
            23.62621
          ],
          [
            74.40503,
            23.62605
          ],
          [
            74.40558,
            23.6259
          ],
          [
            74.40625,
            23.62584
          ],
          [
            74.40659,
            23.62587
          ],
          [
            74.40734,
            23.62599
          ],
          [
            74.40784,
            23.626
          ],
          [
            74.40853,
            23.62588
          ],
          [
            74.4091,
            23.62565
          ],
          [
            74.41227,
            23.6235
          ],
          [
            74.41338,
            23.62289
          ],
          [
            74.41515,
            23.62191
          ],
          [
            74.4179,
            23.6205
          ],
          [
            74.41852,
            23.62026
          ],
          [
            74.42078,
            23.61953
          ],
          [
            74.42116,
            23.6194
          ],
          [
            74.42227,
            23.61906
          ],
          [
            74.42255,
            23.61896
          ],
          [
            74.42273,
            23.61883
          ],
          [
            74.42364,
            23.61799
          ],
          [
            74.42398,
            23.61756
          ],
          [
            74.42422,
            23.61719
          ],
          [
            74.42447,
            23.61666
          ],
          [
            74.42463,
            23.61617
          ],
          [
            74.42475,
            23.61551
          ],
          [
            74.42492,
            23.61428
          ],
          [
            74.42523,
            23.61274
          ],
          [
            74.42539,
            23.61216
          ],
          [
            74.42564,
            23.61145
          ],
          [
            74.42572,
            23.61112
          ],
          [
            74.42586,
            23.61076
          ],
          [
            74.426,
            23.61046
          ],
          [
            74.42609,
            23.61022
          ],
          [
            74.42612,
            23.61005
          ],
          [
            74.42612,
            23.60981
          ],
          [
            74.42591,
            23.60813
          ],
          [
            74.42588,
            23.6075
          ],
          [
            74.42588,
            23.60677
          ],
          [
            74.42589,
            23.60662
          ],
          [
            74.42529,
            23.60459
          ],
          [
            74.42401,
            23.60127
          ],
          [
            74.42373,
            23.60059
          ],
          [
            74.4228,
            23.59829
          ],
          [
            74.42205,
            23.59637
          ],
          [
            74.42189,
            23.59592
          ],
          [
            74.42165,
            23.5952
          ],
          [
            74.42145,
            23.59466
          ],
          [
            74.42111,
            23.59402
          ],
          [
            74.42056,
            23.59306
          ],
          [
            74.42045,
            23.59288
          ],
          [
            74.41992,
            23.59208
          ],
          [
            74.41859,
            23.59061
          ],
          [
            74.41833,
            23.59037
          ],
          [
            74.41796,
            23.59011
          ],
          [
            74.41741,
            23.58974
          ],
          [
            74.41564,
            23.58883
          ],
          [
            74.41546,
            23.58874
          ],
          [
            74.41376,
            23.58784
          ],
          [
            74.41298,
            23.58742
          ],
          [
            74.41221,
            23.58705
          ],
          [
            74.41128,
            23.58664
          ],
          [
            74.41006,
            23.58612
          ],
          [
            74.40965,
            23.58595
          ],
          [
            74.40932,
            23.58577
          ],
          [
            74.40807,
            23.58482
          ],
          [
            74.40768,
            23.5846
          ],
          [
            74.40503,
            23.5832
          ],
          [
            74.40326,
            23.58225
          ],
          [
            74.40283,
            23.58186
          ],
          [
            74.40163,
            23.58069
          ],
          [
            74.40129,
            23.58042
          ],
          [
            74.40037,
            23.57984
          ],
          [
            74.40018,
            23.57966
          ],
          [
            74.39995,
            23.57941
          ],
          [
            74.39863,
            23.57721
          ],
          [
            74.3984,
            23.57689
          ],
          [
            74.3981,
            23.57661
          ],
          [
            74.39743,
            23.57598
          ],
          [
            74.39709,
            23.57555
          ],
          [
            74.39686,
            23.57518
          ],
          [
            74.39655,
            23.57476
          ],
          [
            74.39643,
            23.57461
          ],
          [
            74.39632,
            23.57448
          ],
          [
            74.39454,
            23.57258
          ],
          [
            74.39379,
            23.57176
          ],
          [
            74.39152,
            23.56916
          ],
          [
            74.39007,
            23.56756
          ],
          [
            74.38789,
            23.56516
          ],
          [
            74.3868,
            23.56406
          ],
          [
            74.38529,
            23.56255
          ],
          [
            74.38465,
            23.56181
          ],
          [
            74.38376,
            23.56072
          ],
          [
            74.38355,
            23.56045
          ],
          [
            74.3822,
            23.55895
          ],
          [
            74.38194,
            23.55867
          ],
          [
            74.3813,
            23.55799
          ],
          [
            74.38078,
            23.55723
          ],
          [
            74.38044,
            23.55671
          ],
          [
            74.38019,
            23.55627
          ],
          [
            74.37997,
            23.55582
          ],
          [
            74.37977,
            23.5553
          ],
          [
            74.37966,
            23.5548
          ],
          [
            74.37945,
            23.55359
          ],
          [
            74.37902,
            23.54945
          ],
          [
            74.37879,
            23.54633
          ],
          [
            74.37876,
            23.54603
          ],
          [
            74.3786,
            23.5435
          ],
          [
            74.37831,
            23.54031
          ],
          [
            74.37821,
            23.53754
          ],
          [
            74.37833,
            23.53594
          ],
          [
            74.37845,
            23.534
          ],
          [
            74.3785,
            23.53368
          ],
          [
            74.37888,
            23.53232
          ],
          [
            74.37893,
            23.53185
          ],
          [
            74.37894,
            23.53128
          ],
          [
            74.37889,
            23.53033
          ],
          [
            74.37892,
            23.52973
          ],
          [
            74.37902,
            23.52911
          ],
          [
            74.37941,
            23.52721
          ],
          [
            74.37953,
            23.52646
          ],
          [
            74.37957,
            23.52591
          ],
          [
            74.37959,
            23.52562
          ],
          [
            74.37973,
            23.52332
          ],
          [
            74.37975,
            23.5223
          ],
          [
            74.37967,
            23.52151
          ],
          [
            74.37958,
            23.52091
          ],
          [
            74.37931,
            23.51958
          ],
          [
            74.37911,
            23.51881
          ],
          [
            74.3791,
            23.51849
          ],
          [
            74.37908,
            23.5181
          ],
          [
            74.37903,
            23.51757
          ],
          [
            74.37889,
            23.51533
          ],
          [
            74.37869,
            23.5145
          ],
          [
            74.37752,
            23.51176
          ],
          [
            74.37725,
            23.51138
          ],
          [
            74.37695,
            23.51105
          ],
          [
            74.37692,
            23.51102
          ],
          [
            74.37659,
            23.51083
          ],
          [
            74.37633,
            23.51071
          ],
          [
            74.37518,
            23.5104
          ],
          [
            74.37324,
            23.50991
          ],
          [
            74.37222,
            23.5096
          ],
          [
            74.37176,
            23.50943
          ],
          [
            74.37149,
            23.50931
          ],
          [
            74.37098,
            23.509
          ],
          [
            74.36939,
            23.50783
          ],
          [
            74.36927,
            23.50774
          ],
          [
            74.36912,
            23.50764
          ],
          [
            74.36858,
            23.50713
          ],
          [
            74.36837,
            23.50689
          ],
          [
            74.36801,
            23.5064
          ],
          [
            74.36705,
            23.50518
          ],
          [
            74.36668,
            23.50471
          ],
          [
            74.36633,
            23.50433
          ],
          [
            74.36599,
            23.50404
          ],
          [
            74.36543,
            23.50364
          ],
          [
            74.36507,
            23.50335
          ],
          [
            74.36484,
            23.50309
          ],
          [
            74.36445,
            23.50239
          ],
          [
            74.36388,
            23.50117
          ],
          [
            74.36326,
            23.49987
          ],
          [
            74.36316,
            23.49962
          ],
          [
            74.36309,
            23.49925
          ],
          [
            74.36308,
            23.49898
          ],
          [
            74.36309,
            23.4986
          ],
          [
            74.36319,
            23.49734
          ],
          [
            74.36326,
            23.49681
          ],
          [
            74.36342,
            23.4954
          ],
          [
            74.36364,
            23.49417
          ],
          [
            74.36374,
            23.49369
          ],
          [
            74.36375,
            23.49352
          ],
          [
            74.36374,
            23.49337
          ],
          [
            74.3637,
            23.49321
          ],
          [
            74.36367,
            23.49312
          ],
          [
            74.36352,
            23.49294
          ],
          [
            74.36337,
            23.49283
          ],
          [
            74.36312,
            23.4927
          ],
          [
            74.36194,
            23.49219
          ],
          [
            74.36171,
            23.49206
          ],
          [
            74.36151,
            23.49196
          ],
          [
            74.36138,
            23.49186
          ],
          [
            74.36122,
            23.49169
          ],
          [
            74.36117,
            23.49157
          ],
          [
            74.36115,
            23.49138
          ],
          [
            74.36122,
            23.49071
          ],
          [
            74.36136,
            23.4896
          ],
          [
            74.36146,
            23.48906
          ],
          [
            74.3616,
            23.48859
          ],
          [
            74.36192,
            23.48767
          ],
          [
            74.36269,
            23.48508
          ],
          [
            74.36284,
            23.4845
          ],
          [
            74.36297,
            23.4839
          ],
          [
            74.36312,
            23.48298
          ],
          [
            74.36314,
            23.48278
          ],
          [
            74.36314,
            23.48259
          ],
          [
            74.36312,
            23.48236
          ],
          [
            74.36082,
            23.47315
          ],
          [
            74.35938,
            23.46834
          ],
          [
            74.35832,
            23.46494
          ],
          [
            74.35721,
            23.46152
          ],
          [
            74.3561,
            23.45801
          ],
          [
            74.35567,
            23.45636
          ],
          [
            74.35525,
            23.45455
          ],
          [
            74.35411,
            23.44988
          ],
          [
            74.35104,
            23.43721
          ],
          [
            74.35092,
            23.4368
          ],
          [
            74.35082,
            23.43607
          ],
          [
            74.35083,
            23.43561
          ],
          [
            74.35087,
            23.43532
          ],
          [
            74.35093,
            23.43491
          ],
          [
            74.35112,
            23.43426
          ],
          [
            74.35152,
            23.43352
          ],
          [
            74.3519,
            23.43304
          ],
          [
            74.35277,
            23.43228
          ],
          [
            74.35502,
            23.43059
          ],
          [
            74.35617,
            23.42968
          ],
          [
            74.35653,
            23.42928
          ],
          [
            74.35677,
            23.42886
          ],
          [
            74.35704,
            23.42821
          ],
          [
            74.35712,
            23.42777
          ],
          [
            74.35712,
            23.42717
          ],
          [
            74.35704,
            23.42662
          ],
          [
            74.35686,
            23.42609
          ],
          [
            74.35645,
            23.42545
          ],
          [
            74.35618,
            23.42519
          ],
          [
            74.35397,
            23.42308
          ],
          [
            74.35006,
            23.41928
          ],
          [
            74.3476,
            23.41695
          ],
          [
            74.34728,
            23.41659
          ],
          [
            74.34722,
            23.41652
          ],
          [
            74.34704,
            23.41629
          ],
          [
            74.34698,
            23.41613
          ],
          [
            74.34683,
            23.41587
          ],
          [
            74.34669,
            23.41555
          ],
          [
            74.34645,
            23.41486
          ],
          [
            74.3453,
            23.41235
          ],
          [
            74.34479,
            23.41117
          ],
          [
            74.34459,
            23.41063
          ],
          [
            74.34445,
            23.41028
          ],
          [
            74.34269,
            23.40722
          ],
          [
            74.34236,
            23.4067
          ],
          [
            74.34115,
            23.40491
          ],
          [
            74.33871,
            23.40135
          ],
          [
            74.33849,
            23.40103
          ],
          [
            74.33825,
            23.40062
          ],
          [
            74.33814,
            23.40031
          ],
          [
            74.33809,
            23.39986
          ],
          [
            74.33807,
            23.39839
          ],
          [
            74.33815,
            23.39702
          ],
          [
            74.33816,
            23.39638
          ],
          [
            74.33766,
            23.39211
          ],
          [
            74.33754,
            23.39121
          ],
          [
            74.3374,
            23.39066
          ],
          [
            74.33727,
            23.39025
          ],
          [
            74.33713,
            23.39001
          ],
          [
            74.33697,
            23.38978
          ],
          [
            74.33647,
            23.38919
          ],
          [
            74.33631,
            23.38903
          ],
          [
            74.33576,
            23.38864
          ],
          [
            74.3355,
            23.38835
          ],
          [
            74.33495,
            23.38796
          ],
          [
            74.33468,
            23.3876
          ],
          [
            74.33447,
            23.38729
          ],
          [
            74.33328,
            23.38533
          ],
          [
            74.33264,
            23.38434
          ],
          [
            74.33247,
            23.38415
          ],
          [
            74.33221,
            23.38381
          ],
          [
            74.33188,
            23.38343
          ],
          [
            74.3314,
            23.38302
          ],
          [
            74.331,
            23.38275
          ],
          [
            74.33075,
            23.38254
          ],
          [
            74.33034,
            23.38232
          ],
          [
            74.32982,
            23.38196
          ],
          [
            74.32908,
            23.38136
          ],
          [
            74.32868,
            23.38095
          ],
          [
            74.32823,
            23.38032
          ],
          [
            74.3281,
            23.38011
          ],
          [
            74.328,
            23.37985
          ],
          [
            74.32718,
            23.37852
          ],
          [
            74.32681,
            23.3781
          ],
          [
            74.32629,
            23.37766
          ],
          [
            74.32372,
            23.37587
          ],
          [
            74.3227,
            23.37516
          ],
          [
            74.3225,
            23.375
          ],
          [
            74.32236,
            23.37486
          ],
          [
            74.32192,
            23.37417
          ],
          [
            74.32041,
            23.37154
          ],
          [
            74.31987,
            23.37058
          ],
          [
            74.31855,
            23.36834
          ],
          [
            74.3173,
            23.36605
          ],
          [
            74.31714,
            23.36582
          ],
          [
            74.31709,
            23.36575
          ],
          [
            74.31683,
            23.36508
          ],
          [
            74.31636,
            23.36361
          ],
          [
            74.31598,
            23.36252
          ],
          [
            74.31573,
            23.3619
          ],
          [
            74.3151,
            23.35995
          ],
          [
            74.31392,
            23.35655
          ],
          [
            74.31359,
            23.35577
          ],
          [
            74.31338,
            23.3554
          ],
          [
            74.31316,
            23.35513
          ],
          [
            74.31306,
            23.355
          ],
          [
            74.31273,
            23.35465
          ],
          [
            74.31219,
            23.35426
          ],
          [
            74.31155,
            23.35396
          ],
          [
            74.31072,
            23.35381
          ],
          [
            74.31015,
            23.35378
          ],
          [
            74.30957,
            23.35384
          ],
          [
            74.30468,
            23.35476
          ],
          [
            74.30423,
            23.35481
          ],
          [
            74.30373,
            23.35483
          ],
          [
            74.30319,
            23.35478
          ],
          [
            74.3027,
            23.35468
          ],
          [
            74.3022,
            23.35447
          ],
          [
            74.30166,
            23.35413
          ],
          [
            74.30107,
            23.35365
          ],
          [
            74.30099,
            23.35355
          ],
          [
            74.2997,
            23.35194
          ],
          [
            74.2958,
            23.3472
          ],
          [
            74.29397,
            23.34494
          ],
          [
            74.29385,
            23.34483
          ],
          [
            74.29258,
            23.34326
          ],
          [
            74.29206,
            23.34266
          ],
          [
            74.29183,
            23.34242
          ],
          [
            74.29152,
            23.34217
          ],
          [
            74.29104,
            23.34184
          ],
          [
            74.29016,
            23.34143
          ],
          [
            74.28999,
            23.34138
          ],
          [
            74.28938,
            23.34116
          ],
          [
            74.28816,
            23.34076
          ],
          [
            74.2869,
            23.34026
          ],
          [
            74.28556,
            23.33967
          ],
          [
            74.28304,
            23.33852
          ],
          [
            74.28213,
            23.33808
          ],
          [
            74.28162,
            23.33772
          ],
          [
            74.28088,
            23.337
          ],
          [
            74.27966,
            23.33582
          ],
          [
            74.27877,
            23.33518
          ],
          [
            74.27778,
            23.33438
          ],
          [
            74.27649,
            23.3333
          ],
          [
            74.27632,
            23.33315
          ],
          [
            74.27593,
            23.33275
          ],
          [
            74.2748,
            23.33134
          ],
          [
            74.27432,
            23.33075
          ],
          [
            74.2738,
            23.33012
          ],
          [
            74.27352,
            23.32981
          ],
          [
            74.27166,
            23.32766
          ],
          [
            74.27145,
            23.32734
          ],
          [
            74.27133,
            23.32703
          ],
          [
            74.27051,
            23.32429
          ],
          [
            74.27018,
            23.32287
          ],
          [
            74.27002,
            23.322
          ],
          [
            74.26954,
            23.31992
          ],
          [
            74.26945,
            23.31938
          ],
          [
            74.26945,
            23.31878
          ],
          [
            74.26945,
            23.31869
          ],
          [
            74.2695,
            23.31822
          ],
          [
            74.26953,
            23.31801
          ],
          [
            74.26963,
            23.31768
          ],
          [
            74.2701,
            23.31653
          ],
          [
            74.27049,
            23.31563
          ],
          [
            74.27071,
            23.31521
          ],
          [
            74.27105,
            23.31473
          ],
          [
            74.27133,
            23.3144
          ],
          [
            74.27381,
            23.31194
          ],
          [
            74.27415,
            23.31135
          ],
          [
            74.27418,
            23.31126
          ],
          [
            74.27425,
            23.31111
          ],
          [
            74.27439,
            23.31064
          ],
          [
            74.27456,
            23.30956
          ],
          [
            74.27465,
            23.30866
          ],
          [
            74.27466,
            23.3081
          ],
          [
            74.27445,
            23.30374
          ],
          [
            74.27434,
            23.30266
          ],
          [
            74.27431,
            23.30218
          ],
          [
            74.27431,
            23.30174
          ],
          [
            74.27436,
            23.30137
          ],
          [
            74.27455,
            23.30037
          ],
          [
            74.27483,
            23.29871
          ],
          [
            74.27499,
            23.29817
          ],
          [
            74.2753,
            23.29736
          ],
          [
            74.27539,
            23.29703
          ],
          [
            74.27547,
            23.29674
          ],
          [
            74.27565,
            23.29592
          ],
          [
            74.27596,
            23.29443
          ],
          [
            74.27622,
            23.29358
          ],
          [
            74.27627,
            23.29343
          ],
          [
            74.27632,
            23.29327
          ],
          [
            74.27644,
            23.29303
          ],
          [
            74.27785,
            23.29104
          ],
          [
            74.27817,
            23.29064
          ],
          [
            74.27919,
            23.28937
          ],
          [
            74.28049,
            23.28781
          ],
          [
            74.2814,
            23.28666
          ],
          [
            74.28164,
            23.28615
          ],
          [
            74.28178,
            23.28572
          ],
          [
            74.28189,
            23.28513
          ],
          [
            74.28185,
            23.28459
          ],
          [
            74.28173,
            23.28386
          ],
          [
            74.28158,
            23.28327
          ],
          [
            74.2815,
            23.2827
          ],
          [
            74.28135,
            23.28221
          ],
          [
            74.28123,
            23.28166
          ],
          [
            74.2812,
            23.28142
          ],
          [
            74.28113,
            23.28122
          ],
          [
            74.28105,
            23.28082
          ],
          [
            74.28095,
            23.28044
          ],
          [
            74.28071,
            23.27921
          ],
          [
            74.28042,
            23.27801
          ],
          [
            74.27995,
            23.277
          ],
          [
            74.27923,
            23.27612
          ],
          [
            74.27688,
            23.27414
          ],
          [
            74.27525,
            23.27287
          ],
          [
            74.27456,
            23.27236
          ],
          [
            74.27444,
            23.2723
          ],
          [
            74.27424,
            23.27219
          ],
          [
            74.27361,
            23.27201
          ],
          [
            74.27283,
            23.27184
          ],
          [
            74.27151,
            23.27151
          ],
          [
            74.26875,
            23.27087
          ],
          [
            74.26849,
            23.27078
          ],
          [
            74.26831,
            23.27063
          ],
          [
            74.26796,
            23.27029
          ],
          [
            74.26732,
            23.26958
          ],
          [
            74.26647,
            23.26864
          ],
          [
            74.26522,
            23.26724
          ],
          [
            74.26279,
            23.26446
          ],
          [
            74.2618,
            23.26353
          ],
          [
            74.26126,
            23.26299
          ],
          [
            74.26103,
            23.26274
          ],
          [
            74.26079,
            23.2624
          ],
          [
            74.26064,
            23.2621
          ],
          [
            74.26053,
            23.26151
          ],
          [
            74.25956,
            23.25369
          ],
          [
            74.25885,
            23.24803
          ],
          [
            74.25878,
            23.24748
          ],
          [
            74.25868,
            23.24675
          ],
          [
            74.2586,
            23.24638
          ],
          [
            74.25845,
            23.24612
          ],
          [
            74.25769,
            23.24495
          ],
          [
            74.25743,
            23.24453
          ],
          [
            74.25673,
            23.24326
          ],
          [
            74.25534,
            23.2406
          ],
          [
            74.25387,
            23.23788
          ],
          [
            74.25361,
            23.2375
          ],
          [
            74.25341,
            23.23725
          ],
          [
            74.25282,
            23.23676
          ],
          [
            74.25193,
            23.2361
          ],
          [
            74.25168,
            23.23586
          ],
          [
            74.25144,
            23.23554
          ],
          [
            74.25108,
            23.23504
          ],
          [
            74.25096,
            23.23478
          ],
          [
            74.25078,
            23.23427
          ],
          [
            74.25061,
            23.23341
          ],
          [
            74.25054,
            23.23292
          ],
          [
            74.25027,
            23.23161
          ],
          [
            74.25013,
            23.23108
          ],
          [
            74.24982,
            23.23031
          ],
          [
            74.24922,
            23.22923
          ],
          [
            74.24913,
            23.22903
          ],
          [
            74.24888,
            23.22841
          ],
          [
            74.24751,
            23.22542
          ],
          [
            74.24734,
            23.2251
          ],
          [
            74.24705,
            23.22471
          ],
          [
            74.24619,
            23.2236
          ],
          [
            74.24595,
            23.22327
          ],
          [
            74.24587,
            23.22312
          ],
          [
            74.24579,
            23.22288
          ],
          [
            74.24565,
            23.22141
          ],
          [
            74.24551,
            23.21994
          ],
          [
            74.24542,
            23.21952
          ],
          [
            74.24525,
            23.21907
          ],
          [
            74.24507,
            23.21871
          ],
          [
            74.24406,
            23.21711
          ],
          [
            74.24353,
            23.21654
          ],
          [
            74.24307,
            23.21609
          ],
          [
            74.24266,
            23.21578
          ],
          [
            74.24143,
            23.21469
          ],
          [
            74.24104,
            23.21422
          ],
          [
            74.24063,
            23.21363
          ],
          [
            74.23991,
            23.21238
          ],
          [
            74.23972,
            23.212
          ],
          [
            74.23939,
            23.21124
          ],
          [
            74.23929,
            23.21088
          ],
          [
            74.23916,
            23.21009
          ],
          [
            74.23866,
            23.20772
          ],
          [
            74.23861,
            23.20746
          ],
          [
            74.23848,
            23.20685
          ],
          [
            74.23832,
            23.206
          ],
          [
            74.23816,
            23.20554
          ],
          [
            74.23798,
            23.20518
          ],
          [
            74.23773,
            23.20478
          ],
          [
            74.23757,
            23.20453
          ],
          [
            74.23738,
            23.20428
          ],
          [
            74.23712,
            23.20404
          ],
          [
            74.23678,
            23.20377
          ],
          [
            74.23592,
            23.20302
          ],
          [
            74.23508,
            23.20216
          ],
          [
            74.23488,
            23.20201
          ],
          [
            74.23467,
            23.20192
          ],
          [
            74.23434,
            23.20187
          ],
          [
            74.23413,
            23.20186
          ],
          [
            74.23398,
            23.20187
          ],
          [
            74.23375,
            23.20192
          ],
          [
            74.23351,
            23.20205
          ],
          [
            74.23233,
            23.20289
          ],
          [
            74.23083,
            23.2041
          ],
          [
            74.22924,
            23.20531
          ],
          [
            74.22839,
            23.20594
          ],
          [
            74.22788,
            23.20628
          ],
          [
            74.22778,
            23.20635
          ],
          [
            74.22719,
            23.2066
          ],
          [
            74.22684,
            23.2067
          ],
          [
            74.22642,
            23.20674
          ],
          [
            74.22511,
            23.20684
          ],
          [
            74.22427,
            23.20686
          ],
          [
            74.22379,
            23.20682
          ],
          [
            74.22322,
            23.20675
          ],
          [
            74.22096,
            23.20613
          ],
          [
            74.22057,
            23.20602
          ],
          [
            74.2204,
            23.20592
          ],
          [
            74.22005,
            23.20554
          ],
          [
            74.21957,
            23.20504
          ],
          [
            74.2193,
            23.20479
          ],
          [
            74.21907,
            23.20464
          ],
          [
            74.21868,
            23.20448
          ],
          [
            74.21853,
            23.20443
          ],
          [
            74.21829,
            23.20442
          ],
          [
            74.21695,
            23.20442
          ],
          [
            74.21666,
            23.20439
          ],
          [
            74.21651,
            23.20433
          ],
          [
            74.2164,
            23.20424
          ],
          [
            74.2163,
            23.20407
          ],
          [
            74.21591,
            23.2027
          ],
          [
            74.21564,
            23.20204
          ],
          [
            74.21551,
            23.20185
          ],
          [
            74.21537,
            23.20176
          ],
          [
            74.21498,
            23.20155
          ],
          [
            74.21471,
            23.20143
          ],
          [
            74.21406,
            23.20121
          ],
          [
            74.2137,
            23.20119
          ],
          [
            74.21089,
            23.20142
          ],
          [
            74.20923,
            23.20158
          ],
          [
            74.20898,
            23.20156
          ],
          [
            74.20861,
            23.20141
          ],
          [
            74.20755,
            23.20081
          ],
          [
            74.20694,
            23.2005
          ],
          [
            74.20666,
            23.20038
          ],
          [
            74.20649,
            23.20033
          ],
          [
            74.2057,
            23.20023
          ],
          [
            74.20465,
            23.20007
          ],
          [
            74.20423,
            23.19998
          ],
          [
            74.20397,
            23.1999
          ],
          [
            74.20374,
            23.19979
          ],
          [
            74.20249,
            23.19896
          ],
          [
            74.20214,
            23.19881
          ],
          [
            74.20109,
            23.19848
          ],
          [
            74.20083,
            23.19838
          ],
          [
            74.20063,
            23.19817
          ],
          [
            74.20056,
            23.19807
          ],
          [
            74.20051,
            23.19794
          ],
          [
            74.20044,
            23.19763
          ],
          [
            74.20023,
            23.19635
          ],
          [
            74.20001,
            23.19497
          ],
          [
            74.19991,
            23.1945
          ],
          [
            74.19987,
            23.19389
          ],
          [
            74.19985,
            23.19375
          ],
          [
            74.19986,
            23.19355
          ],
          [
            74.19993,
            23.19296
          ],
          [
            74.19997,
            23.19222
          ],
          [
            74.20012,
            23.19065
          ],
          [
            74.20009,
            23.19003
          ],
          [
            74.19999,
            23.18954
          ],
          [
            74.1999,
            23.18934
          ],
          [
            74.19985,
            23.18918
          ],
          [
            74.19956,
            23.18867
          ],
          [
            74.19906,
            23.18799
          ],
          [
            74.19596,
            23.18446
          ],
          [
            74.19572,
            23.18424
          ],
          [
            74.19549,
            23.18405
          ],
          [
            74.19522,
            23.18387
          ],
          [
            74.19442,
            23.18344
          ],
          [
            74.19175,
            23.18213
          ],
          [
            74.19093,
            23.18171
          ],
          [
            74.19051,
            23.18152
          ],
          [
            74.19024,
            23.18139
          ],
          [
            74.18967,
            23.18103
          ],
          [
            74.18944,
            23.18087
          ],
          [
            74.18908,
            23.18057
          ],
          [
            74.18893,
            23.18042
          ],
          [
            74.18621,
            23.17641
          ],
          [
            74.18227,
            23.17053
          ],
          [
            74.1822,
            23.17034
          ],
          [
            74.18216,
            23.17007
          ],
          [
            74.1821,
            23.16871
          ],
          [
            74.18216,
            23.16835
          ],
          [
            74.18223,
            23.1674
          ],
          [
            74.18228,
            23.16711
          ],
          [
            74.1822,
            23.16626
          ],
          [
            74.1821,
            23.16574
          ],
          [
            74.18188,
            23.16453
          ],
          [
            74.18158,
            23.16336
          ],
          [
            74.18124,
            23.16267
          ],
          [
            74.18103,
            23.16235
          ],
          [
            74.18081,
            23.16211
          ],
          [
            74.18048,
            23.16183
          ],
          [
            74.18019,
            23.16162
          ],
          [
            74.1795,
            23.1613
          ],
          [
            74.17922,
            23.1612
          ],
          [
            74.1787,
            23.16101
          ],
          [
            74.17771,
            23.16097
          ],
          [
            74.17707,
            23.16096
          ],
          [
            74.17637,
            23.1609
          ],
          [
            74.17589,
            23.16089
          ],
          [
            74.17532,
            23.16071
          ],
          [
            74.17497,
            23.16056
          ],
          [
            74.17455,
            23.16037
          ],
          [
            74.17402,
            23.16003
          ],
          [
            74.17355,
            23.15958
          ],
          [
            74.17316,
            23.15905
          ],
          [
            74.17255,
            23.15807
          ],
          [
            74.17236,
            23.15784
          ],
          [
            74.17055,
            23.15502
          ],
          [
            74.17041,
            23.15481
          ],
          [
            74.1703,
            23.15467
          ],
          [
            74.17006,
            23.1544
          ],
          [
            74.16968,
            23.15399
          ],
          [
            74.168,
            23.15206
          ],
          [
            74.16773,
            23.15161
          ],
          [
            74.16755,
            23.15119
          ],
          [
            74.16747,
            23.1509
          ],
          [
            74.16742,
            23.15063
          ],
          [
            74.16741,
            23.14988
          ],
          [
            74.16781,
            23.14805
          ],
          [
            74.16781,
            23.14797
          ],
          [
            74.16784,
            23.14731
          ],
          [
            74.16777,
            23.14666
          ],
          [
            74.16778,
            23.14624
          ],
          [
            74.16783,
            23.14549
          ],
          [
            74.16793,
            23.14505
          ],
          [
            74.16797,
            23.14486
          ],
          [
            74.16799,
            23.14457
          ],
          [
            74.16805,
            23.14441
          ],
          [
            74.16809,
            23.1441
          ],
          [
            74.16819,
            23.14351
          ],
          [
            74.16823,
            23.14295
          ],
          [
            74.16819,
            23.14211
          ],
          [
            74.16798,
            23.14079
          ],
          [
            74.16795,
            23.13873
          ],
          [
            74.16783,
            23.13654
          ],
          [
            74.16779,
            23.13546
          ],
          [
            74.16775,
            23.13499
          ],
          [
            74.1672,
            23.13074
          ],
          [
            74.16717,
            23.12993
          ],
          [
            74.16714,
            23.12102
          ],
          [
            74.16717,
            23.11975
          ],
          [
            74.16701,
            23.1189
          ],
          [
            74.16621,
            23.11657
          ],
          [
            74.16602,
            23.11576
          ],
          [
            74.16597,
            23.11543
          ],
          [
            74.16597,
            23.11516
          ],
          [
            74.166,
            23.11443
          ],
          [
            74.1661,
            23.11389
          ],
          [
            74.16626,
            23.11333
          ],
          [
            74.16646,
            23.11283
          ],
          [
            74.16805,
            23.1097
          ],
          [
            74.16904,
            23.10786
          ],
          [
            74.1695,
            23.10696
          ],
          [
            74.16965,
            23.10655
          ],
          [
            74.16981,
            23.10606
          ],
          [
            74.16988,
            23.10565
          ],
          [
            74.16988,
            23.10527
          ],
          [
            74.16984,
            23.10497
          ],
          [
            74.16965,
            23.10399
          ],
          [
            74.16963,
            23.10388
          ],
          [
            74.168,
            23.09603
          ],
          [
            74.16786,
            23.09541
          ],
          [
            74.16763,
            23.09463
          ],
          [
            74.16732,
            23.09395
          ],
          [
            74.16717,
            23.09367
          ],
          [
            74.16705,
            23.09346
          ],
          [
            74.1666,
            23.09287
          ],
          [
            74.16588,
            23.09207
          ],
          [
            74.16322,
            23.08894
          ],
          [
            74.16269,
            23.08829
          ],
          [
            74.16211,
            23.08737
          ],
          [
            74.16148,
            23.08628
          ],
          [
            74.16084,
            23.08527
          ],
          [
            74.1604,
            23.08472
          ],
          [
            74.15965,
            23.08398
          ],
          [
            74.15897,
            23.0833
          ],
          [
            74.15832,
            23.08267
          ],
          [
            74.15782,
            23.08217
          ],
          [
            74.15513,
            23.07956
          ],
          [
            74.15475,
            23.07899
          ],
          [
            74.15447,
            23.07844
          ],
          [
            74.15433,
            23.07786
          ],
          [
            74.15431,
            23.07715
          ],
          [
            74.15437,
            23.07635
          ],
          [
            74.15446,
            23.07589
          ],
          [
            74.15467,
            23.07421
          ],
          [
            74.15575,
            23.06506
          ],
          [
            74.15666,
            23.05705
          ],
          [
            74.15666,
            23.05636
          ],
          [
            74.15647,
            23.05571
          ],
          [
            74.15629,
            23.05529
          ],
          [
            74.15615,
            23.05507
          ],
          [
            74.15572,
            23.05457
          ],
          [
            74.15529,
            23.05415
          ],
          [
            74.15322,
            23.05305
          ],
          [
            74.14939,
            23.05107
          ],
          [
            74.14928,
            23.05102
          ],
          [
            74.14816,
            23.05044
          ],
          [
            74.14752,
            23.05007
          ],
          [
            74.1471,
            23.04978
          ],
          [
            74.14663,
            23.04936
          ],
          [
            74.1461,
            23.04882
          ],
          [
            74.14556,
            23.04815
          ],
          [
            74.14524,
            23.04771
          ],
          [
            74.14498,
            23.0472
          ],
          [
            74.14472,
            23.04645
          ],
          [
            74.14463,
            23.04607
          ],
          [
            74.1445,
            23.04509
          ],
          [
            74.14424,
            23.04264
          ],
          [
            74.1442,
            23.04228
          ],
          [
            74.14401,
            23.04044
          ],
          [
            74.14401,
            23.04021
          ],
          [
            74.14409,
            23.03886
          ],
          [
            74.14442,
            23.03722
          ],
          [
            74.14457,
            23.03683
          ],
          [
            74.14523,
            23.03557
          ],
          [
            74.14739,
            23.0317
          ],
          [
            74.14837,
            23.02996
          ],
          [
            74.14923,
            23.0285
          ],
          [
            74.15008,
            23.02721
          ],
          [
            74.15296,
            23.02271
          ],
          [
            74.15362,
            23.02167
          ],
          [
            74.15428,
            23.02062
          ],
          [
            74.15468,
            23.01984
          ],
          [
            74.15481,
            23.01946
          ],
          [
            74.15491,
            23.01907
          ],
          [
            74.15498,
            23.01878
          ],
          [
            74.15505,
            23.01831
          ],
          [
            74.155,
            23.01771
          ],
          [
            74.15494,
            23.01718
          ],
          [
            74.15474,
            23.01657
          ],
          [
            74.15439,
            23.01592
          ],
          [
            74.15398,
            23.01534
          ],
          [
            74.15286,
            23.01414
          ],
          [
            74.15151,
            23.01272
          ],
          [
            74.15117,
            23.01221
          ],
          [
            74.15084,
            23.01156
          ],
          [
            74.1507,
            23.01099
          ],
          [
            74.15068,
            23.01091
          ],
          [
            74.15061,
            23.01056
          ],
          [
            74.1505,
            23.00993
          ],
          [
            74.15044,
            23.00953
          ],
          [
            74.15031,
            23.00897
          ],
          [
            74.15028,
            23.00873
          ],
          [
            74.15026,
            23.00861
          ],
          [
            74.15012,
            23.00764
          ],
          [
            74.15006,
            23.00722
          ],
          [
            74.15002,
            23.00689
          ],
          [
            74.14991,
            23.0061
          ],
          [
            74.14921,
            23.00125
          ],
          [
            74.14916,
            23.00069
          ],
          [
            74.14918,
            23.00048
          ],
          [
            74.1491,
            23.00035
          ],
          [
            74.14909,
            23.00019
          ],
          [
            74.1492,
            22.99966
          ],
          [
            74.14959,
            22.99885
          ],
          [
            74.14983,
            22.9985
          ],
          [
            74.15018,
            22.99808
          ],
          [
            74.15079,
            22.99749
          ],
          [
            74.15045,
            22.99687
          ],
          [
            74.14914,
            22.99445
          ],
          [
            74.14814,
            22.99257
          ],
          [
            74.14711,
            22.99068
          ],
          [
            74.14529,
            22.98729
          ],
          [
            74.14504,
            22.9869
          ],
          [
            74.14474,
            22.9865
          ],
          [
            74.14436,
            22.98615
          ],
          [
            74.1428,
            22.98523
          ],
          [
            74.14099,
            22.98412
          ],
          [
            74.13911,
            22.98301
          ],
          [
            74.13445,
            22.98016
          ],
          [
            74.13171,
            22.97854
          ],
          [
            74.13146,
            22.97832
          ],
          [
            74.13132,
            22.97818
          ],
          [
            74.1312,
            22.97792
          ],
          [
            74.1312,
            22.97757
          ],
          [
            74.1312,
            22.97697
          ],
          [
            74.13121,
            22.97646
          ],
          [
            74.13116,
            22.97588
          ],
          [
            74.13099,
            22.97552
          ],
          [
            74.13069,
            22.97518
          ],
          [
            74.13035,
            22.97483
          ],
          [
            74.13013,
            22.97456
          ],
          [
            74.13001,
            22.97436
          ],
          [
            74.12853,
            22.96976
          ],
          [
            74.12809,
            22.96889
          ],
          [
            74.12645,
            22.96619
          ],
          [
            74.12602,
            22.96537
          ],
          [
            74.12559,
            22.96471
          ],
          [
            74.12521,
            22.96429
          ],
          [
            74.12486,
            22.96397
          ],
          [
            74.12442,
            22.96367
          ],
          [
            74.12381,
            22.96341
          ],
          [
            74.12105,
            22.96259
          ],
          [
            74.11981,
            22.96214
          ],
          [
            74.11931,
            22.96187
          ],
          [
            74.11852,
            22.96132
          ],
          [
            74.11795,
            22.96074
          ],
          [
            74.11365,
            22.95626
          ],
          [
            74.11243,
            22.95501
          ],
          [
            74.11161,
            22.95443
          ],
          [
            74.11142,
            22.95433
          ],
          [
            74.10261,
            22.94902
          ],
          [
            74.10246,
            22.94888
          ],
          [
            74.10238,
            22.94877
          ],
          [
            74.10224,
            22.94849
          ],
          [
            74.10216,
            22.94811
          ],
          [
            74.10194,
            22.94715
          ],
          [
            74.10186,
            22.94684
          ],
          [
            74.10171,
            22.94664
          ],
          [
            74.10155,
            22.94652
          ],
          [
            74.09997,
            22.94599
          ],
          [
            74.09947,
            22.94587
          ],
          [
            74.09811,
            22.94541
          ],
          [
            74.09716,
            22.94513
          ],
          [
            74.09575,
            22.94477
          ],
          [
            74.08953,
            22.94335
          ],
          [
            74.08908,
            22.94323
          ],
          [
            74.08839,
            22.94302
          ],
          [
            74.08797,
            22.94279
          ],
          [
            74.08755,
            22.94249
          ],
          [
            74.08662,
            22.94167
          ],
          [
            74.08624,
            22.94146
          ],
          [
            74.08594,
            22.9413
          ],
          [
            74.08558,
            22.94118
          ],
          [
            74.08223,
            22.94035
          ],
          [
            74.0819,
            22.94025
          ],
          [
            74.08143,
            22.94009
          ],
          [
            74.08054,
            22.93964
          ],
          [
            74.08013,
            22.93934
          ],
          [
            74.07969,
            22.93892
          ],
          [
            74.07772,
            22.93681
          ],
          [
            74.07523,
            22.9342
          ],
          [
            74.07401,
            22.93288
          ],
          [
            74.07305,
            22.93188
          ],
          [
            74.07251,
            22.93129
          ],
          [
            74.07212,
            22.93079
          ],
          [
            74.07087,
            22.92896
          ],
          [
            74.06971,
            22.92719
          ],
          [
            74.06902,
            22.92617
          ],
          [
            74.06887,
            22.92592
          ],
          [
            74.06881,
            22.92568
          ],
          [
            74.06881,
            22.9254
          ],
          [
            74.0689,
            22.92484
          ],
          [
            74.06915,
            22.9237
          ],
          [
            74.0692,
            22.92329
          ],
          [
            74.06918,
            22.92293
          ],
          [
            74.06907,
            22.9227
          ],
          [
            74.06859,
            22.92209
          ],
          [
            74.068,
            22.92146
          ],
          [
            74.06606,
            22.91916
          ],
          [
            74.06558,
            22.91861
          ],
          [
            74.06537,
            22.91832
          ],
          [
            74.06512,
            22.9179
          ],
          [
            74.06497,
            22.91754
          ],
          [
            74.06492,
            22.91727
          ],
          [
            74.06494,
            22.91702
          ],
          [
            74.06501,
            22.91675
          ],
          [
            74.06509,
            22.91654
          ],
          [
            74.06521,
            22.91629
          ],
          [
            74.06531,
            22.916
          ],
          [
            74.06531,
            22.91553
          ],
          [
            74.06526,
            22.91537
          ],
          [
            74.06482,
            22.91468
          ],
          [
            74.06469,
            22.9144
          ],
          [
            74.06463,
            22.91404
          ],
          [
            74.06464,
            22.91373
          ],
          [
            74.06476,
            22.91314
          ],
          [
            74.06496,
            22.91247
          ],
          [
            74.06508,
            22.91219
          ],
          [
            74.06535,
            22.9119
          ],
          [
            74.06572,
            22.9118
          ],
          [
            74.06594,
            22.91171
          ],
          [
            74.06607,
            22.91161
          ],
          [
            74.06611,
            22.9115
          ],
          [
            74.06617,
            22.9113
          ],
          [
            74.06624,
            22.91118
          ],
          [
            74.06634,
            22.9111
          ],
          [
            74.06689,
            22.91094
          ],
          [
            74.06693,
            22.91086
          ],
          [
            74.06696,
            22.91074
          ],
          [
            74.06695,
            22.9107
          ],
          [
            74.06674,
            22.91051
          ],
          [
            74.0666,
            22.91007
          ],
          [
            74.0665,
            22.91001
          ],
          [
            74.06636,
            22.90989
          ],
          [
            74.06633,
            22.90982
          ],
          [
            74.06633,
            22.90972
          ],
          [
            74.06635,
            22.90966
          ],
          [
            74.06643,
            22.90954
          ],
          [
            74.06667,
            22.90943
          ],
          [
            74.06698,
            22.90934
          ],
          [
            74.06802,
            22.90912
          ],
          [
            74.06842,
            22.90901
          ],
          [
            74.06907,
            22.90867
          ],
          [
            74.06949,
            22.9085
          ],
          [
            74.06965,
            22.90845
          ],
          [
            74.0705,
            22.90825
          ],
          [
            74.07058,
            22.90821
          ],
          [
            74.0707,
            22.9081
          ],
          [
            74.07071,
            22.90791
          ],
          [
            74.07062,
            22.90764
          ],
          [
            74.07039,
            22.90725
          ],
          [
            74.07024,
            22.9071
          ],
          [
            74.07017,
            22.90701
          ],
          [
            74.06994,
            22.90687
          ],
          [
            74.06964,
            22.90675
          ],
          [
            74.06923,
            22.90671
          ],
          [
            74.06854,
            22.9065
          ],
          [
            74.06748,
            22.90602
          ],
          [
            74.06454,
            22.90461
          ],
          [
            74.06363,
            22.9042
          ],
          [
            74.0621,
            22.90366
          ],
          [
            74.0616,
            22.9035
          ],
          [
            74.06126,
            22.90339
          ],
          [
            74.05887,
            22.90265
          ],
          [
            74.05741,
            22.90256
          ],
          [
            74.05682,
            22.90247
          ],
          [
            74.0561,
            22.90227
          ],
          [
            74.0557,
            22.90214
          ],
          [
            74.05528,
            22.90193
          ],
          [
            74.05514,
            22.9017
          ],
          [
            74.05492,
            22.90141
          ],
          [
            74.05463,
            22.90114
          ],
          [
            74.05411,
            22.90088
          ],
          [
            74.05363,
            22.90069
          ],
          [
            74.05298,
            22.90038
          ],
          [
            74.05198,
            22.89996
          ],
          [
            74.05175,
            22.89974
          ],
          [
            74.05154,
            22.89957
          ],
          [
            74.05139,
            22.89948
          ],
          [
            74.05016,
            22.8992
          ],
          [
            74.0499,
            22.8991
          ],
          [
            74.04968,
            22.89894
          ],
          [
            74.04931,
            22.89836
          ],
          [
            74.04823,
            22.89658
          ],
          [
            74.04781,
            22.89616
          ],
          [
            74.04749,
            22.89596
          ],
          [
            74.0415,
            22.89374
          ],
          [
            74.04012,
            22.89321
          ],
          [
            74.03961,
            22.89307
          ],
          [
            74.03912,
            22.89297
          ],
          [
            74.03364,
            22.8921
          ],
          [
            74.03219,
            22.89185
          ],
          [
            74.02893,
            22.89145
          ],
          [
            74.02672,
            22.89114
          ],
          [
            74.02365,
            22.8907
          ],
          [
            74.02194,
            22.89053
          ],
          [
            74.01935,
            22.89048
          ],
          [
            74.01854,
            22.8904
          ],
          [
            74.01844,
            22.89036
          ],
          [
            74.01796,
            22.8902
          ],
          [
            74.0178,
            22.89015
          ],
          [
            74.01717,
            22.88975
          ],
          [
            74.01354,
            22.88731
          ],
          [
            74.01282,
            22.88683
          ],
          [
            74.01205,
            22.88625
          ],
          [
            74.01165,
            22.88587
          ],
          [
            74.01135,
            22.8855
          ],
          [
            74.01049,
            22.88422
          ],
          [
            74.0092,
            22.88224
          ],
          [
            74.00832,
            22.88082
          ],
          [
            74.00822,
            22.88069
          ],
          [
            74.00807,
            22.8805
          ],
          [
            74.00731,
            22.87926
          ],
          [
            74.0065,
            22.87775
          ],
          [
            74.00597,
            22.87682
          ],
          [
            74.00542,
            22.87548
          ],
          [
            74.00481,
            22.87413
          ],
          [
            74.00414,
            22.8726
          ],
          [
            74.00342,
            22.87087
          ],
          [
            74.00281,
            22.86934
          ],
          [
            74.00123,
            22.8656
          ],
          [
            74.00072,
            22.86429
          ],
          [
            74.00033,
            22.86341
          ],
          [
            73.99992,
            22.86236
          ],
          [
            73.99963,
            22.86162
          ],
          [
            73.99907,
            22.86031
          ],
          [
            73.99748,
            22.85641
          ],
          [
            73.99668,
            22.85453
          ],
          [
            73.99515,
            22.85092
          ],
          [
            73.99432,
            22.84902
          ],
          [
            73.99345,
            22.84732
          ],
          [
            73.99196,
            22.84463
          ],
          [
            73.99187,
            22.8443
          ],
          [
            73.99184,
            22.84405
          ],
          [
            73.99183,
            22.84379
          ],
          [
            73.99186,
            22.8436
          ],
          [
            73.99191,
            22.84325
          ],
          [
            73.99201,
            22.8428
          ],
          [
            73.99205,
            22.84251
          ],
          [
            73.99206,
            22.84215
          ],
          [
            73.99192,
            22.84098
          ],
          [
            73.99137,
            22.8374
          ],
          [
            73.99122,
            22.83629
          ],
          [
            73.99119,
            22.8358
          ],
          [
            73.99117,
            22.83543
          ],
          [
            73.99118,
            22.83395
          ],
          [
            73.99019,
            22.83361
          ],
          [
            73.98923,
            22.83327
          ],
          [
            73.9886,
            22.83307
          ],
          [
            73.98839,
            22.83303
          ],
          [
            73.98822,
            22.83299
          ],
          [
            73.98796,
            22.83297
          ],
          [
            73.98767,
            22.83299
          ],
          [
            73.98735,
            22.83304
          ],
          [
            73.98672,
            22.83318
          ],
          [
            73.98588,
            22.83326
          ],
          [
            73.9839,
            22.83339
          ],
          [
            73.97539,
            22.83395
          ],
          [
            73.97244,
            22.83364
          ],
          [
            73.97184,
            22.83357
          ],
          [
            73.9688,
            22.83316
          ],
          [
            73.96874,
            22.83266
          ],
          [
            73.96874,
            22.83245
          ],
          [
            73.96792,
            22.83253
          ],
          [
            73.9672,
            22.8325
          ],
          [
            73.96665,
            22.83245
          ],
          [
            73.966,
            22.83236
          ],
          [
            73.9656,
            22.83232
          ],
          [
            73.96517,
            22.83225
          ],
          [
            73.96481,
            22.83233
          ],
          [
            73.96248,
            22.83179
          ],
          [
            73.96006,
            22.83124
          ],
          [
            73.95738,
            22.83059
          ],
          [
            73.95538,
            22.83013
          ],
          [
            73.95489,
            22.83002
          ],
          [
            73.9529,
            22.82968
          ],
          [
            73.95086,
            22.82943
          ],
          [
            73.9467,
            22.82883
          ],
          [
            73.94093,
            22.828
          ],
          [
            73.93735,
            22.82754
          ],
          [
            73.93589,
            22.82726
          ],
          [
            73.93504,
            22.82705
          ],
          [
            73.93415,
            22.82672
          ],
          [
            73.93342,
            22.82644
          ],
          [
            73.93321,
            22.82636
          ],
          [
            73.93196,
            22.82587
          ],
          [
            73.93017,
            22.8252
          ],
          [
            73.92912,
            22.82475
          ],
          [
            73.92832,
            22.82438
          ],
          [
            73.92775,
            22.82407
          ],
          [
            73.92708,
            22.82367
          ],
          [
            73.92661,
            22.82333
          ],
          [
            73.92611,
            22.82295
          ],
          [
            73.92526,
            22.82225
          ],
          [
            73.92421,
            22.8211
          ],
          [
            73.92372,
            22.82043
          ],
          [
            73.92312,
            22.81951
          ],
          [
            73.92212,
            22.8179
          ],
          [
            73.92173,
            22.81723
          ],
          [
            73.92123,
            22.81632
          ],
          [
            73.92054,
            22.8149
          ],
          [
            73.91987,
            22.81335
          ],
          [
            73.91866,
            22.81026
          ],
          [
            73.91805,
            22.8088
          ],
          [
            73.91739,
            22.80785
          ],
          [
            73.91706,
            22.80748
          ],
          [
            73.91653,
            22.807
          ],
          [
            73.91627,
            22.80676
          ],
          [
            73.91558,
            22.80623
          ],
          [
            73.91471,
            22.80578
          ],
          [
            73.91396,
            22.80549
          ],
          [
            73.91363,
            22.80539
          ],
          [
            73.91324,
            22.80527
          ],
          [
            73.91279,
            22.80516
          ],
          [
            73.91196,
            22.8051
          ],
          [
            73.91107,
            22.80509
          ],
          [
            73.91012,
            22.80521
          ],
          [
            73.90917,
            22.80543
          ],
          [
            73.90856,
            22.80563
          ],
          [
            73.90563,
            22.80666
          ],
          [
            73.90288,
            22.80765
          ],
          [
            73.90215,
            22.80794
          ],
          [
            73.90168,
            22.80814
          ],
          [
            73.89948,
            22.80928
          ],
          [
            73.89868,
            22.80965
          ],
          [
            73.89823,
            22.80983
          ],
          [
            73.8974,
            22.81004
          ],
          [
            73.8969,
            22.81009
          ],
          [
            73.89599,
            22.81006
          ],
          [
            73.89556,
            22.80998
          ],
          [
            73.8949,
            22.8098
          ],
          [
            73.89445,
            22.80963
          ],
          [
            73.89342,
            22.80907
          ],
          [
            73.89239,
            22.80851
          ],
          [
            73.88992,
            22.80719
          ],
          [
            73.88682,
            22.80549
          ],
          [
            73.88559,
            22.80475
          ],
          [
            73.88381,
            22.80369
          ],
          [
            73.88255,
            22.80296
          ],
          [
            73.88078,
            22.8019
          ],
          [
            73.87982,
            22.80134
          ],
          [
            73.87906,
            22.80095
          ],
          [
            73.87798,
            22.8005
          ],
          [
            73.87694,
            22.8001
          ],
          [
            73.8762,
            22.79977
          ],
          [
            73.87515,
            22.79926
          ],
          [
            73.87375,
            22.79848
          ],
          [
            73.87271,
            22.79787
          ],
          [
            73.87166,
            22.79736
          ],
          [
            73.87075,
            22.79696
          ],
          [
            73.86971,
            22.79657
          ],
          [
            73.8688,
            22.79627
          ],
          [
            73.86773,
            22.79596
          ],
          [
            73.86682,
            22.79577
          ],
          [
            73.86566,
            22.7956
          ],
          [
            73.8647,
            22.79547
          ],
          [
            73.8638,
            22.7954
          ],
          [
            73.86271,
            22.79537
          ],
          [
            73.86174,
            22.79542
          ],
          [
            73.86079,
            22.79548
          ],
          [
            73.85914,
            22.79561
          ],
          [
            73.85857,
            22.79565
          ],
          [
            73.8582,
            22.79567
          ],
          [
            73.85782,
            22.79567
          ],
          [
            73.8578,
            22.79567
          ],
          [
            73.85765,
            22.79568
          ],
          [
            73.85711,
            22.79562
          ],
          [
            73.85639,
            22.79544
          ],
          [
            73.85284,
            22.79442
          ],
          [
            73.85255,
            22.79435
          ],
          [
            73.85167,
            22.79411
          ],
          [
            73.85079,
            22.79389
          ],
          [
            73.85036,
            22.79378
          ],
          [
            73.84823,
            22.7932
          ],
          [
            73.84736,
            22.79307
          ],
          [
            73.84725,
            22.79305
          ],
          [
            73.8465,
            22.79294
          ],
          [
            73.84409,
            22.7929
          ],
          [
            73.84192,
            22.79287
          ],
          [
            73.8412,
            22.79286
          ],
          [
            73.84078,
            22.79286
          ],
          [
            73.83935,
            22.79293
          ],
          [
            73.83887,
            22.79295
          ],
          [
            73.83713,
            22.79311
          ],
          [
            73.83686,
            22.79314
          ],
          [
            73.83668,
            22.79316
          ],
          [
            73.83556,
            22.79339
          ],
          [
            73.83545,
            22.79341
          ],
          [
            73.83535,
            22.79343
          ],
          [
            73.83507,
            22.79349
          ],
          [
            73.83377,
            22.79392
          ],
          [
            73.83288,
            22.79429
          ],
          [
            73.83102,
            22.79544
          ],
          [
            73.82994,
            22.79636
          ],
          [
            73.82917,
            22.79707
          ],
          [
            73.82844,
            22.79774
          ],
          [
            73.82801,
            22.79809
          ],
          [
            73.82763,
            22.79838
          ],
          [
            73.82721,
            22.79862
          ],
          [
            73.82671,
            22.79882
          ],
          [
            73.82649,
            22.79889
          ],
          [
            73.82626,
            22.79894
          ],
          [
            73.8255,
            22.79904
          ],
          [
            73.82497,
            22.79901
          ],
          [
            73.82451,
            22.79893
          ],
          [
            73.82033,
            22.79787
          ],
          [
            73.81903,
            22.79755
          ],
          [
            73.81825,
            22.79741
          ],
          [
            73.81677,
            22.79714
          ],
          [
            73.81558,
            22.79693
          ],
          [
            73.81482,
            22.79679
          ],
          [
            73.81316,
            22.79651
          ],
          [
            73.81209,
            22.79633
          ],
          [
            73.81047,
            22.79602
          ],
          [
            73.80911,
            22.79579
          ],
          [
            73.80847,
            22.7957
          ],
          [
            73.80741,
            22.79566
          ],
          [
            73.80673,
            22.79571
          ],
          [
            73.80538,
            22.79588
          ],
          [
            73.80386,
            22.79631
          ],
          [
            73.80273,
            22.79669
          ],
          [
            73.80123,
            22.79719
          ],
          [
            73.80055,
            22.79739
          ],
          [
            73.80026,
            22.79747
          ],
          [
            73.79933,
            22.79766
          ],
          [
            73.79805,
            22.79792
          ],
          [
            73.79795,
            22.79794
          ],
          [
            73.79649,
            22.79824
          ],
          [
            73.79515,
            22.7986
          ],
          [
            73.79425,
            22.79886
          ],
          [
            73.79318,
            22.79925
          ],
          [
            73.79256,
            22.79948
          ],
          [
            73.79232,
            22.79956
          ],
          [
            73.79098,
            22.7999
          ],
          [
            73.79003,
            22.8
          ],
          [
            73.78981,
            22.80003
          ],
          [
            73.78974,
            22.80003
          ],
          [
            73.7886,
            22.80012
          ],
          [
            73.78815,
            22.80017
          ],
          [
            73.78632,
            22.80028
          ],
          [
            73.78472,
            22.80035
          ],
          [
            73.78216,
            22.80056
          ],
          [
            73.78149,
            22.80061
          ],
          [
            73.78063,
            22.80068
          ],
          [
            73.7791,
            22.80083
          ],
          [
            73.77874,
            22.80083
          ],
          [
            73.77749,
            22.80086
          ],
          [
            73.77649,
            22.80075
          ],
          [
            73.7755,
            22.8006
          ],
          [
            73.77376,
            22.80024
          ],
          [
            73.77271,
            22.80005
          ],
          [
            73.77037,
            22.7996
          ],
          [
            73.76924,
            22.79938
          ],
          [
            73.76726,
            22.799
          ],
          [
            73.76583,
            22.79874
          ],
          [
            73.76431,
            22.79845
          ],
          [
            73.76411,
            22.79841
          ],
          [
            73.76362,
            22.79835
          ],
          [
            73.76316,
            22.79833
          ],
          [
            73.76271,
            22.79831
          ],
          [
            73.76108,
            22.79845
          ],
          [
            73.76054,
            22.79848
          ],
          [
            73.75994,
            22.79845
          ],
          [
            73.75938,
            22.79838
          ],
          [
            73.75872,
            22.7982
          ],
          [
            73.75812,
            22.79796
          ],
          [
            73.7577,
            22.79774
          ],
          [
            73.75721,
            22.79739
          ],
          [
            73.7565,
            22.7968
          ],
          [
            73.75576,
            22.79614
          ],
          [
            73.75475,
            22.7953
          ],
          [
            73.75422,
            22.79491
          ],
          [
            73.75375,
            22.79466
          ],
          [
            73.75321,
            22.79443
          ],
          [
            73.75258,
            22.79423
          ],
          [
            73.75196,
            22.79411
          ],
          [
            73.75136,
            22.79407
          ],
          [
            73.75082,
            22.79408
          ],
          [
            73.75023,
            22.79413
          ],
          [
            73.74903,
            22.79436
          ],
          [
            73.7485,
            22.79446
          ],
          [
            73.74694,
            22.79477
          ],
          [
            73.74451,
            22.79526
          ],
          [
            73.74295,
            22.79557
          ],
          [
            73.74252,
            22.79564
          ],
          [
            73.74177,
            22.79575
          ],
          [
            73.74098,
            22.79578
          ],
          [
            73.73805,
            22.79576
          ],
          [
            73.73779,
            22.79573
          ],
          [
            73.73719,
            22.79568
          ],
          [
            73.73654,
            22.79553
          ],
          [
            73.736,
            22.79534
          ],
          [
            73.7358,
            22.79526
          ],
          [
            73.73325,
            22.79402
          ],
          [
            73.73259,
            22.79379
          ],
          [
            73.73189,
            22.79363
          ],
          [
            73.73103,
            22.79353
          ],
          [
            73.72925,
            22.79349
          ],
          [
            73.72846,
            22.79342
          ],
          [
            73.72664,
            22.793
          ],
          [
            73.7258,
            22.7929
          ],
          [
            73.72504,
            22.79291
          ],
          [
            73.7246,
            22.79297
          ],
          [
            73.72414,
            22.79304
          ],
          [
            73.72351,
            22.7932
          ],
          [
            73.72002,
            22.79432
          ],
          [
            73.71861,
            22.79478
          ],
          [
            73.71815,
            22.79492
          ],
          [
            73.71748,
            22.79513
          ],
          [
            73.71712,
            22.79525
          ],
          [
            73.71645,
            22.79543
          ],
          [
            73.71564,
            22.7956
          ],
          [
            73.71491,
            22.79568
          ],
          [
            73.71394,
            22.79573
          ],
          [
            73.71312,
            22.7957
          ],
          [
            73.71257,
            22.79566
          ],
          [
            73.71195,
            22.79558
          ],
          [
            73.70897,
            22.79493
          ],
          [
            73.70759,
            22.7946
          ],
          [
            73.70697,
            22.79444
          ],
          [
            73.70645,
            22.79427
          ],
          [
            73.70583,
            22.794
          ],
          [
            73.70455,
            22.79325
          ],
          [
            73.70385,
            22.79287
          ],
          [
            73.70342,
            22.79263
          ],
          [
            73.70329,
            22.79256
          ],
          [
            73.70256,
            22.79229
          ],
          [
            73.70221,
            22.79219
          ],
          [
            73.7001,
            22.79157
          ],
          [
            73.6981,
            22.79098
          ],
          [
            73.69738,
            22.79077
          ],
          [
            73.69654,
            22.79057
          ],
          [
            73.69557,
            22.79039
          ],
          [
            73.69401,
            22.79021
          ],
          [
            73.693,
            22.79009
          ],
          [
            73.69136,
            22.78984
          ],
          [
            73.68985,
            22.78947
          ],
          [
            73.68395,
            22.78793
          ],
          [
            73.68336,
            22.78778
          ],
          [
            73.68311,
            22.78772
          ],
          [
            73.68166,
            22.78725
          ],
          [
            73.68097,
            22.78707
          ],
          [
            73.67934,
            22.78663
          ],
          [
            73.67878,
            22.78649
          ],
          [
            73.67662,
            22.78598
          ],
          [
            73.67592,
            22.78582
          ],
          [
            73.6749,
            22.78555
          ],
          [
            73.67403,
            22.78532
          ],
          [
            73.67404,
            22.78521
          ],
          [
            73.674,
            22.78508
          ],
          [
            73.67393,
            22.78493
          ],
          [
            73.67384,
            22.78483
          ],
          [
            73.67265,
            22.78391
          ],
          [
            73.67133,
            22.78298
          ],
          [
            73.66916,
            22.78162
          ],
          [
            73.66752,
            22.78061
          ],
          [
            73.66723,
            22.78041
          ],
          [
            73.66693,
            22.7801
          ],
          [
            73.66663,
            22.77969
          ],
          [
            73.6658,
            22.77835
          ],
          [
            73.6647,
            22.77665
          ],
          [
            73.66392,
            22.77545
          ],
          [
            73.6635,
            22.77489
          ],
          [
            73.66165,
            22.77267
          ],
          [
            73.66101,
            22.77208
          ],
          [
            73.65913,
            22.77023
          ],
          [
            73.65828,
            22.76921
          ],
          [
            73.65807,
            22.76894
          ],
          [
            73.65756,
            22.76835
          ],
          [
            73.65627,
            22.76677
          ],
          [
            73.65601,
            22.76646
          ],
          [
            73.65598,
            22.76643
          ],
          [
            73.6555,
            22.76587
          ],
          [
            73.65456,
            22.76486
          ],
          [
            73.65406,
            22.76432
          ],
          [
            73.65321,
            22.76354
          ],
          [
            73.65144,
            22.76234
          ],
          [
            73.65024,
            22.76105
          ],
          [
            73.65005,
            22.76083
          ],
          [
            73.64941,
            22.76002
          ],
          [
            73.64886,
            22.75915
          ],
          [
            73.64827,
            22.75826
          ],
          [
            73.64744,
            22.75704
          ],
          [
            73.64679,
            22.75612
          ],
          [
            73.64552,
            22.75463
          ],
          [
            73.64492,
            22.75392
          ],
          [
            73.64421,
            22.75315
          ],
          [
            73.64314,
            22.75193
          ],
          [
            73.64304,
            22.75183
          ],
          [
            73.64272,
            22.75152
          ],
          [
            73.64093,
            22.7498
          ],
          [
            73.64052,
            22.74954
          ],
          [
            73.64029,
            22.74939
          ],
          [
            73.63975,
            22.74909
          ],
          [
            73.63959,
            22.74904
          ],
          [
            73.63727,
            22.74822
          ],
          [
            73.63619,
            22.74783
          ],
          [
            73.63289,
            22.74663
          ],
          [
            73.63274,
            22.74659
          ],
          [
            73.63162,
            22.74628
          ],
          [
            73.62819,
            22.74544
          ],
          [
            73.62665,
            22.74507
          ],
          [
            73.62482,
            22.74458
          ],
          [
            73.62429,
            22.74443
          ],
          [
            73.62306,
            22.7441
          ],
          [
            73.62141,
            22.74363
          ],
          [
            73.62062,
            22.74338
          ],
          [
            73.61925,
            22.74285
          ],
          [
            73.61779,
            22.74222
          ],
          [
            73.61753,
            22.74211
          ],
          [
            73.61651,
            22.74177
          ],
          [
            73.61445,
            22.74113
          ],
          [
            73.61237,
            22.74075
          ],
          [
            73.60927,
            22.74016
          ],
          [
            73.60876,
            22.74007
          ],
          [
            73.60632,
            22.73952
          ],
          [
            73.60503,
            22.73936
          ],
          [
            73.60403,
            22.73926
          ],
          [
            73.60351,
            22.73921
          ],
          [
            73.60158,
            22.73903
          ],
          [
            73.60053,
            22.73888
          ],
          [
            73.59847,
            22.7383
          ],
          [
            73.59562,
            22.73751
          ],
          [
            73.59545,
            22.73748
          ],
          [
            73.5953,
            22.73746
          ],
          [
            73.59514,
            22.73746
          ],
          [
            73.59483,
            22.73751
          ],
          [
            73.5946,
            22.7369
          ],
          [
            73.59451,
            22.73668
          ],
          [
            73.59404,
            22.73543
          ],
          [
            73.59373,
            22.73486
          ],
          [
            73.59333,
            22.73425
          ],
          [
            73.5929,
            22.73371
          ],
          [
            73.59201,
            22.73247
          ],
          [
            73.59127,
            22.73147
          ],
          [
            73.59105,
            22.73121
          ],
          [
            73.58997,
            22.72989
          ],
          [
            73.58945,
            22.7292
          ],
          [
            73.58892,
            22.72849
          ],
          [
            73.58865,
            22.72815
          ],
          [
            73.58818,
            22.72757
          ],
          [
            73.58775,
            22.72705
          ],
          [
            73.58715,
            22.7264
          ],
          [
            73.58627,
            22.72536
          ],
          [
            73.58565,
            22.72454
          ],
          [
            73.5853,
            22.72402
          ],
          [
            73.5844,
            22.72284
          ],
          [
            73.58324,
            22.72135
          ],
          [
            73.58194,
            22.71982
          ],
          [
            73.58114,
            22.7189
          ],
          [
            73.58005,
            22.71768
          ],
          [
            73.57968,
            22.71723
          ],
          [
            73.5796,
            22.71713
          ],
          [
            73.57943,
            22.71687
          ],
          [
            73.57918,
            22.71637
          ],
          [
            73.57904,
            22.71595
          ],
          [
            73.57874,
            22.71479
          ],
          [
            73.57853,
            22.71424
          ],
          [
            73.57839,
            22.71393
          ],
          [
            73.57814,
            22.71342
          ],
          [
            73.57797,
            22.71312
          ],
          [
            73.57707,
            22.71154
          ],
          [
            73.57639,
            22.71041
          ],
          [
            73.57496,
            22.70806
          ],
          [
            73.57451,
            22.70713
          ],
          [
            73.57346,
            22.70491
          ],
          [
            73.57314,
            22.70436
          ],
          [
            73.57284,
            22.70389
          ],
          [
            73.57243,
            22.70333
          ],
          [
            73.57209,
            22.7029
          ],
          [
            73.57193,
            22.70274
          ],
          [
            73.56962,
            22.70038
          ],
          [
            73.56851,
            22.69925
          ],
          [
            73.56794,
            22.69876
          ],
          [
            73.56762,
            22.69851
          ],
          [
            73.56689,
            22.69798
          ],
          [
            73.56537,
            22.69684
          ],
          [
            73.56469,
            22.69636
          ],
          [
            73.56419,
            22.69599
          ],
          [
            73.56348,
            22.69548
          ],
          [
            73.56317,
            22.69528
          ],
          [
            73.56278,
            22.69507
          ],
          [
            73.56213,
            22.69477
          ],
          [
            73.56141,
            22.69446
          ],
          [
            73.56096,
            22.69423
          ],
          [
            73.56057,
            22.69396
          ],
          [
            73.56026,
            22.69369
          ],
          [
            73.55997,
            22.69338
          ],
          [
            73.5598,
            22.69316
          ],
          [
            73.55979,
            22.69315
          ],
          [
            73.55953,
            22.69273
          ],
          [
            73.55874,
            22.69126
          ],
          [
            73.55825,
            22.69047
          ],
          [
            73.55817,
            22.69036
          ],
          [
            73.55669,
            22.68819
          ],
          [
            73.55551,
            22.68651
          ],
          [
            73.55448,
            22.68504
          ],
          [
            73.55408,
            22.68445
          ],
          [
            73.55379,
            22.68409
          ],
          [
            73.55348,
            22.68376
          ],
          [
            73.55303,
            22.68335
          ],
          [
            73.55141,
            22.68177
          ],
          [
            73.55044,
            22.68089
          ],
          [
            73.54855,
            22.67914
          ],
          [
            73.54756,
            22.67823
          ],
          [
            73.54559,
            22.67642
          ],
          [
            73.54519,
            22.67605
          ],
          [
            73.5445,
            22.67549
          ],
          [
            73.54374,
            22.67483
          ],
          [
            73.54309,
            22.67428
          ],
          [
            73.54225,
            22.67346
          ],
          [
            73.54158,
            22.67274
          ],
          [
            73.5408,
            22.67202
          ],
          [
            73.53651,
            22.66806
          ],
          [
            73.53529,
            22.66702
          ],
          [
            73.53491,
            22.66672
          ],
          [
            73.53475,
            22.66658
          ],
          [
            73.53406,
            22.66583
          ],
          [
            73.53383,
            22.66555
          ],
          [
            73.53332,
            22.66487
          ],
          [
            73.53307,
            22.66447
          ],
          [
            73.53257,
            22.66359
          ],
          [
            73.53239,
            22.66331
          ],
          [
            73.53208,
            22.66291
          ],
          [
            73.53158,
            22.66241
          ],
          [
            73.53012,
            22.66083
          ],
          [
            73.52701,
            22.65714
          ],
          [
            73.52263,
            22.65177
          ],
          [
            73.52228,
            22.65135
          ],
          [
            73.52143,
            22.65031
          ],
          [
            73.51958,
            22.64786
          ],
          [
            73.5174,
            22.64537
          ],
          [
            73.51712,
            22.64508
          ],
          [
            73.5153,
            22.64327
          ],
          [
            73.51486,
            22.64275
          ],
          [
            73.5147,
            22.64257
          ],
          [
            73.51436,
            22.64205
          ],
          [
            73.513,
            22.64058
          ],
          [
            73.51175,
            22.63924
          ],
          [
            73.51085,
            22.63825
          ],
          [
            73.51029,
            22.63767
          ],
          [
            73.50841,
            22.63564
          ],
          [
            73.50796,
            22.63514
          ],
          [
            73.50731,
            22.63449
          ],
          [
            73.50691,
            22.63413
          ],
          [
            73.50454,
            22.63231
          ],
          [
            73.50406,
            22.63191
          ],
          [
            73.5037,
            22.63155
          ],
          [
            73.5035,
            22.63132
          ],
          [
            73.50203,
            22.6296
          ],
          [
            73.50195,
            22.6295
          ],
          [
            73.50138,
            22.62883
          ],
          [
            73.50099,
            22.62838
          ],
          [
            73.5006,
            22.62798
          ],
          [
            73.50002,
            22.6275
          ],
          [
            73.49936,
            22.62706
          ],
          [
            73.49919,
            22.62697
          ],
          [
            73.4988,
            22.62676
          ],
          [
            73.49664,
            22.62571
          ],
          [
            73.49396,
            22.62453
          ],
          [
            73.49226,
            22.62372
          ],
          [
            73.48864,
            22.62201
          ],
          [
            73.48736,
            22.62137
          ],
          [
            73.48671,
            22.62103
          ],
          [
            73.48605,
            22.62069
          ],
          [
            73.48353,
            22.61948
          ],
          [
            73.48072,
            22.61815
          ],
          [
            73.47763,
            22.61665
          ],
          [
            73.47495,
            22.61537
          ],
          [
            73.47308,
            22.61451
          ],
          [
            73.47109,
            22.61362
          ],
          [
            73.47036,
            22.61328
          ],
          [
            73.46884,
            22.61256
          ],
          [
            73.46858,
            22.61244
          ],
          [
            73.46836,
            22.61234
          ],
          [
            73.46823,
            22.61228
          ],
          [
            73.46794,
            22.61214
          ],
          [
            73.46731,
            22.61184
          ],
          [
            73.467,
            22.6117
          ],
          [
            73.4667,
            22.61156
          ],
          [
            73.46606,
            22.61126
          ],
          [
            73.46543,
            22.61097
          ],
          [
            73.46518,
            22.61087
          ],
          [
            73.46487,
            22.61073
          ],
          [
            73.46396,
            22.61035
          ],
          [
            73.46313,
            22.61001
          ],
          [
            73.46267,
            22.60983
          ],
          [
            73.46218,
            22.60965
          ],
          [
            73.46211,
            22.60961
          ],
          [
            73.46199,
            22.60954
          ],
          [
            73.46182,
            22.60941
          ],
          [
            73.46148,
            22.60905
          ],
          [
            73.46143,
            22.60897
          ],
          [
            73.46125,
            22.60866
          ],
          [
            73.46091,
            22.6081
          ],
          [
            73.46067,
            22.60771
          ],
          [
            73.46028,
            22.60715
          ],
          [
            73.46016,
            22.60698
          ],
          [
            73.45974,
            22.60649
          ],
          [
            73.45958,
            22.60636
          ],
          [
            73.45939,
            22.60624
          ],
          [
            73.45924,
            22.60615
          ],
          [
            73.45871,
            22.60589
          ],
          [
            73.4584,
            22.60576
          ],
          [
            73.45832,
            22.60572
          ],
          [
            73.45811,
            22.60568
          ],
          [
            73.45779,
            22.6056
          ],
          [
            73.45777,
            22.6056
          ],
          [
            73.45696,
            22.60546
          ],
          [
            73.45632,
            22.60535
          ],
          [
            73.45536,
            22.60518
          ],
          [
            73.45489,
            22.6051
          ],
          [
            73.45422,
            22.60488
          ],
          [
            73.45362,
            22.60458
          ],
          [
            73.45346,
            22.60445
          ],
          [
            73.4533,
            22.60434
          ],
          [
            73.45318,
            22.60423
          ],
          [
            73.45284,
            22.60388
          ],
          [
            73.45261,
            22.60358
          ],
          [
            73.45243,
            22.60325
          ],
          [
            73.45227,
            22.60288
          ],
          [
            73.45216,
            22.60237
          ],
          [
            73.45206,
            22.60186
          ],
          [
            73.45203,
            22.60167
          ],
          [
            73.45197,
            22.60131
          ],
          [
            73.45176,
            22.60029
          ],
          [
            73.45158,
            22.59927
          ],
          [
            73.45142,
            22.59832
          ],
          [
            73.45126,
            22.59736
          ],
          [
            73.45099,
            22.59592
          ],
          [
            73.45095,
            22.59574
          ],
          [
            73.45084,
            22.59462
          ],
          [
            73.45064,
            22.59346
          ],
          [
            73.45048,
            22.59272
          ],
          [
            73.45018,
            22.59062
          ],
          [
            73.45013,
            22.59024
          ],
          [
            73.44991,
            22.589
          ],
          [
            73.44977,
            22.58804
          ],
          [
            73.44973,
            22.58787
          ],
          [
            73.44958,
            22.58697
          ],
          [
            73.44942,
            22.58602
          ],
          [
            73.4493,
            22.58524
          ],
          [
            73.44919,
            22.58431
          ],
          [
            73.4492,
            22.5839
          ],
          [
            73.44927,
            22.58348
          ],
          [
            73.44941,
            22.58308
          ],
          [
            73.44965,
            22.58247
          ],
          [
            73.4501,
            22.58169
          ],
          [
            73.45049,
            22.58087
          ],
          [
            73.45065,
            22.58053
          ],
          [
            73.45095,
            22.57995
          ],
          [
            73.45129,
            22.57938
          ],
          [
            73.45149,
            22.57909
          ],
          [
            73.45236,
            22.57794
          ],
          [
            73.45292,
            22.57724
          ],
          [
            73.45321,
            22.57683
          ],
          [
            73.45356,
            22.5762
          ],
          [
            73.45369,
            22.57594
          ],
          [
            73.45381,
            22.57564
          ],
          [
            73.45393,
            22.57533
          ],
          [
            73.45418,
            22.57445
          ],
          [
            73.4543,
            22.57405
          ],
          [
            73.45465,
            22.57285
          ],
          [
            73.4547,
            22.57266
          ],
          [
            73.45497,
            22.57173
          ],
          [
            73.45532,
            22.57056
          ],
          [
            73.4555,
            22.56994
          ],
          [
            73.4556,
            22.56958
          ],
          [
            73.45564,
            22.56945
          ],
          [
            73.45584,
            22.56867
          ],
          [
            73.45592,
            22.56795
          ],
          [
            73.45593,
            22.56735
          ],
          [
            73.45591,
            22.56676
          ],
          [
            73.45576,
            22.56531
          ],
          [
            73.45564,
            22.5642
          ],
          [
            73.45563,
            22.56406
          ],
          [
            73.45563,
            22.56391
          ],
          [
            73.45564,
            22.56336
          ],
          [
            73.45569,
            22.563
          ],
          [
            73.4558,
            22.56263
          ],
          [
            73.45587,
            22.56241
          ],
          [
            73.45601,
            22.56212
          ],
          [
            73.45633,
            22.56156
          ],
          [
            73.45698,
            22.56042
          ],
          [
            73.45718,
            22.56004
          ],
          [
            73.45733,
            22.55972
          ],
          [
            73.45749,
            22.55927
          ],
          [
            73.45766,
            22.55867
          ],
          [
            73.45775,
            22.55817
          ],
          [
            73.45779,
            22.55782
          ],
          [
            73.45778,
            22.55699
          ],
          [
            73.45771,
            22.55665
          ],
          [
            73.45766,
            22.55631
          ],
          [
            73.45764,
            22.55621
          ],
          [
            73.45762,
            22.55604
          ],
          [
            73.45758,
            22.55587
          ],
          [
            73.45748,
            22.55549
          ],
          [
            73.45717,
            22.55473
          ],
          [
            73.45666,
            22.55361
          ],
          [
            73.45521,
            22.55071
          ],
          [
            73.4544,
            22.54904
          ],
          [
            73.45387,
            22.54791
          ],
          [
            73.45313,
            22.54645
          ],
          [
            73.45163,
            22.54376
          ],
          [
            73.45084,
            22.54211
          ],
          [
            73.45036,
            22.54117
          ],
          [
            73.45011,
            22.54054
          ],
          [
            73.44993,
            22.53981
          ],
          [
            73.44921,
            22.53486
          ],
          [
            73.44913,
            22.53424
          ],
          [
            73.44908,
            22.53379
          ],
          [
            73.4491,
            22.53297
          ],
          [
            73.4499,
            22.52733
          ],
          [
            73.45012,
            22.5255
          ],
          [
            73.45064,
            22.52228
          ],
          [
            73.4508,
            22.52152
          ],
          [
            73.45088,
            22.52116
          ],
          [
            73.45137,
            22.51966
          ],
          [
            73.4532,
            22.51567
          ],
          [
            73.45493,
            22.51208
          ],
          [
            73.45563,
            22.51047
          ],
          [
            73.45595,
            22.50982
          ],
          [
            73.45612,
            22.50947
          ],
          [
            73.45633,
            22.50905
          ],
          [
            73.45641,
            22.5089
          ],
          [
            73.45684,
            22.50808
          ],
          [
            73.45692,
            22.50792
          ],
          [
            73.45723,
            22.50747
          ],
          [
            73.45751,
            22.50707
          ],
          [
            73.45844,
            22.50552
          ],
          [
            73.45931,
            22.50426
          ],
          [
            73.46054,
            22.5026
          ],
          [
            73.461,
            22.50199
          ],
          [
            73.46133,
            22.50134
          ],
          [
            73.46148,
            22.50093
          ],
          [
            73.46166,
            22.50043
          ],
          [
            73.46235,
            22.49848
          ],
          [
            73.4626,
            22.49795
          ],
          [
            73.46295,
            22.49743
          ],
          [
            73.46381,
            22.49631
          ],
          [
            73.46627,
            22.49359
          ],
          [
            73.46773,
            22.49204
          ],
          [
            73.46778,
            22.49204
          ],
          [
            73.46785,
            22.49201
          ],
          [
            73.46788,
            22.49198
          ],
          [
            73.46791,
            22.49192
          ],
          [
            73.46791,
            22.49187
          ],
          [
            73.46786,
            22.49179
          ],
          [
            73.46777,
            22.49175
          ],
          [
            73.46767,
            22.49177
          ],
          [
            73.4675,
            22.49161
          ],
          [
            73.46707,
            22.49126
          ],
          [
            73.4666,
            22.49079
          ],
          [
            73.46558,
            22.48978
          ],
          [
            73.46408,
            22.48844
          ],
          [
            73.46358,
            22.48797
          ],
          [
            73.46339,
            22.4877
          ],
          [
            73.4632,
            22.48736
          ],
          [
            73.46299,
            22.48664
          ],
          [
            73.46274,
            22.48566
          ],
          [
            73.46218,
            22.48419
          ],
          [
            73.46195,
            22.48362
          ],
          [
            73.46166,
            22.48301
          ],
          [
            73.46157,
            22.48283
          ],
          [
            73.46102,
            22.4819
          ],
          [
            73.46064,
            22.48127
          ],
          [
            73.45947,
            22.47944
          ],
          [
            73.45824,
            22.47732
          ],
          [
            73.4579,
            22.47674
          ],
          [
            73.45715,
            22.47547
          ],
          [
            73.45683,
            22.47493
          ],
          [
            73.45618,
            22.47394
          ],
          [
            73.45326,
            22.46984
          ],
          [
            73.45306,
            22.46955
          ],
          [
            73.45267,
            22.46917
          ],
          [
            73.45198,
            22.4686
          ],
          [
            73.45154,
            22.46822
          ],
          [
            73.44924,
            22.46637
          ],
          [
            73.4483,
            22.46571
          ],
          [
            73.44669,
            22.46463
          ],
          [
            73.44607,
            22.46433
          ],
          [
            73.4456,
            22.46411
          ],
          [
            73.44551,
            22.46409
          ],
          [
            73.44503,
            22.46399
          ],
          [
            73.44467,
            22.46394
          ],
          [
            73.44434,
            22.46391
          ],
          [
            73.44207,
            22.46396
          ],
          [
            73.44096,
            22.46393
          ],
          [
            73.43982,
            22.46388
          ],
          [
            73.43905,
            22.46389
          ],
          [
            73.43816,
            22.46399
          ],
          [
            73.43598,
            22.46427
          ],
          [
            73.43491,
            22.46435
          ],
          [
            73.43377,
            22.46439
          ],
          [
            73.43332,
            22.46439
          ],
          [
            73.43265,
            22.46436
          ],
          [
            73.43173,
            22.46421
          ],
          [
            73.43039,
            22.464
          ],
          [
            73.42955,
            22.46389
          ],
          [
            73.42879,
            22.46382
          ],
          [
            73.42739,
            22.4637
          ],
          [
            73.42646,
            22.46369
          ],
          [
            73.42393,
            22.46369
          ],
          [
            73.42065,
            22.46377
          ],
          [
            73.4198,
            22.46377
          ],
          [
            73.41889,
            22.4637
          ],
          [
            73.41755,
            22.46356
          ],
          [
            73.41692,
            22.46347
          ],
          [
            73.4154,
            22.46311
          ],
          [
            73.41443,
            22.46291
          ],
          [
            73.41314,
            22.46265
          ],
          [
            73.41062,
            22.46219
          ],
          [
            73.40953,
            22.46204
          ],
          [
            73.40889,
            22.46196
          ],
          [
            73.40732,
            22.46189
          ],
          [
            73.40622,
            22.46182
          ],
          [
            73.40579,
            22.46183
          ],
          [
            73.40485,
            22.46195
          ],
          [
            73.40415,
            22.46205
          ],
          [
            73.40305,
            22.46226
          ],
          [
            73.40242,
            22.4624
          ],
          [
            73.40216,
            22.46247
          ],
          [
            73.4008,
            22.46273
          ],
          [
            73.40051,
            22.46275
          ],
          [
            73.40027,
            22.46277
          ],
          [
            73.39954,
            22.46276
          ],
          [
            73.39882,
            22.46271
          ],
          [
            73.39786,
            22.46255
          ],
          [
            73.39671,
            22.46215
          ],
          [
            73.39503,
            22.4615
          ],
          [
            73.3947,
            22.46142
          ],
          [
            73.39433,
            22.46136
          ],
          [
            73.39358,
            22.46129
          ],
          [
            73.39298,
            22.46133
          ],
          [
            73.39259,
            22.46139
          ],
          [
            73.39129,
            22.46163
          ],
          [
            73.39061,
            22.46177
          ],
          [
            73.38986,
            22.46189
          ],
          [
            73.38931,
            22.46192
          ],
          [
            73.38862,
            22.46186
          ],
          [
            73.38805,
            22.46176
          ],
          [
            73.3875,
            22.4616
          ],
          [
            73.38705,
            22.46143
          ],
          [
            73.38572,
            22.46077
          ],
          [
            73.38262,
            22.45902
          ],
          [
            73.37929,
            22.45717
          ],
          [
            73.37625,
            22.45528
          ],
          [
            73.37294,
            22.45329
          ],
          [
            73.36666,
            22.44951
          ],
          [
            73.36612,
            22.44914
          ],
          [
            73.36569,
            22.44877
          ],
          [
            73.36481,
            22.44761
          ],
          [
            73.36453,
            22.44719
          ],
          [
            73.3643,
            22.4469
          ],
          [
            73.3639,
            22.44658
          ],
          [
            73.36329,
            22.4463
          ],
          [
            73.36265,
            22.44619
          ],
          [
            73.36207,
            22.44619
          ],
          [
            73.36068,
            22.44611
          ],
          [
            73.35973,
            22.44603
          ],
          [
            73.35559,
            22.44561
          ],
          [
            73.35447,
            22.44552
          ],
          [
            73.35342,
            22.44547
          ],
          [
            73.3474,
            22.44474
          ],
          [
            73.3436,
            22.4443
          ],
          [
            73.34237,
            22.44414
          ],
          [
            73.34211,
            22.4441
          ],
          [
            73.3389,
            22.44357
          ],
          [
            73.33802,
            22.44338
          ],
          [
            73.33748,
            22.4432
          ],
          [
            73.33675,
            22.44287
          ],
          [
            73.33512,
            22.4419
          ],
          [
            73.33465,
            22.44158
          ],
          [
            73.33409,
            22.4411
          ],
          [
            73.33313,
            22.44023
          ],
          [
            73.33255,
            22.4396
          ],
          [
            73.33219,
            22.43923
          ],
          [
            73.33161,
            22.43864
          ],
          [
            73.32878,
            22.43587
          ],
          [
            73.32681,
            22.43384
          ],
          [
            73.32671,
            22.43372
          ],
          [
            73.32473,
            22.43172
          ],
          [
            73.32383,
            22.43086
          ],
          [
            73.32287,
            22.42997
          ],
          [
            73.32043,
            22.42772
          ],
          [
            73.31964,
            22.42691
          ],
          [
            73.31797,
            22.42506
          ],
          [
            73.31214,
            22.41916
          ],
          [
            73.31105,
            22.41809
          ],
          [
            73.3104,
            22.41748
          ],
          [
            73.30982,
            22.41699
          ],
          [
            73.30932,
            22.41663
          ],
          [
            73.30841,
            22.41601
          ],
          [
            73.30465,
            22.41398
          ],
          [
            73.30296,
            22.41305
          ],
          [
            73.30174,
            22.4124
          ],
          [
            73.29401,
            22.40817
          ],
          [
            73.28953,
            22.40561
          ],
          [
            73.2862,
            22.40381
          ],
          [
            73.28564,
            22.40345
          ],
          [
            73.28516,
            22.40305
          ],
          [
            73.28475,
            22.40266
          ],
          [
            73.28458,
            22.40247
          ],
          [
            73.28429,
            22.40211
          ],
          [
            73.28404,
            22.40174
          ],
          [
            73.28293,
            22.39991
          ],
          [
            73.28228,
            22.39906
          ],
          [
            73.28194,
            22.39868
          ],
          [
            73.28127,
            22.39802
          ],
          [
            73.27759,
            22.39463
          ],
          [
            73.27469,
            22.39185
          ],
          [
            73.2733,
            22.39057
          ],
          [
            73.2726,
            22.38989
          ],
          [
            73.27236,
            22.38967
          ],
          [
            73.27187,
            22.38922
          ],
          [
            73.27116,
            22.38846
          ],
          [
            73.27028,
            22.38737
          ],
          [
            73.26991,
            22.38686
          ],
          [
            73.26974,
            22.38657
          ],
          [
            73.26953,
            22.38611
          ],
          [
            73.26935,
            22.38554
          ],
          [
            73.26924,
            22.38419
          ],
          [
            73.26926,
            22.38317
          ],
          [
            73.26928,
            22.38257
          ],
          [
            73.26926,
            22.37974
          ],
          [
            73.26925,
            22.37878
          ],
          [
            73.26942,
            22.37411
          ],
          [
            73.26939,
            22.37362
          ],
          [
            73.2693,
            22.37315
          ],
          [
            73.26912,
            22.37267
          ],
          [
            73.26875,
            22.37214
          ],
          [
            73.26835,
            22.37176
          ],
          [
            73.26789,
            22.37145
          ],
          [
            73.26745,
            22.37127
          ],
          [
            73.26613,
            22.37085
          ],
          [
            73.26407,
            22.37021
          ],
          [
            73.26328,
            22.36992
          ],
          [
            73.26265,
            22.36967
          ],
          [
            73.26198,
            22.36936
          ],
          [
            73.2529,
            22.36543
          ],
          [
            73.25152,
            22.36484
          ],
          [
            73.25093,
            22.36454
          ],
          [
            73.2503,
            22.36417
          ],
          [
            73.24958,
            22.36367
          ],
          [
            73.24882,
            22.36302
          ],
          [
            73.24756,
            22.36182
          ],
          [
            73.24629,
            22.36044
          ],
          [
            73.24521,
            22.35914
          ],
          [
            73.24403,
            22.35754
          ],
          [
            73.24287,
            22.35591
          ],
          [
            73.2425,
            22.35554
          ],
          [
            73.24218,
            22.35526
          ],
          [
            73.24191,
            22.35509
          ],
          [
            73.24092,
            22.35461
          ],
          [
            73.23921,
            22.35399
          ],
          [
            73.23695,
            22.35316
          ],
          [
            73.23655,
            22.35304
          ],
          [
            73.23608,
            22.35293
          ],
          [
            73.23506,
            22.35253
          ],
          [
            73.23501,
            22.35252
          ],
          [
            73.23476,
            22.35243
          ],
          [
            73.23446,
            22.35233
          ],
          [
            73.2341,
            22.35221
          ],
          [
            73.23368,
            22.35207
          ],
          [
            73.23379,
            22.35149
          ],
          [
            73.23391,
            22.35039
          ],
          [
            73.23414,
            22.35031
          ],
          [
            73.23431,
            22.35025
          ],
          [
            73.23451,
            22.35018
          ],
          [
            73.23468,
            22.35012
          ],
          [
            73.23528,
            22.34991
          ],
          [
            73.23539,
            22.34987
          ],
          [
            73.23575,
            22.34969
          ],
          [
            73.23587,
            22.34962
          ],
          [
            73.23601,
            22.34957
          ],
          [
            73.23726,
            22.34916
          ],
          [
            73.23836,
            22.34874
          ],
          [
            73.23924,
            22.34828
          ],
          [
            73.23955,
            22.34806
          ],
          [
            73.23986,
            22.34784
          ],
          [
            73.24038,
            22.34741
          ],
          [
            73.24086,
            22.34693
          ],
          [
            73.24137,
            22.34627
          ],
          [
            73.24162,
            22.34584
          ],
          [
            73.24175,
            22.34557
          ],
          [
            73.24202,
            22.345
          ],
          [
            73.24223,
            22.34456
          ],
          [
            73.24365,
            22.3417
          ],
          [
            73.2438,
            22.34137
          ],
          [
            73.24423,
            22.34051
          ],
          [
            73.2451,
            22.33885
          ],
          [
            73.24523,
            22.3386
          ],
          [
            73.24556,
            22.33816
          ],
          [
            73.24602,
            22.33761
          ],
          [
            73.2477,
            22.33549
          ],
          [
            73.25038,
            22.33204
          ],
          [
            73.2513,
            22.33085
          ],
          [
            73.25241,
            22.32941
          ],
          [
            73.2533,
            22.32823
          ],
          [
            73.25343,
            22.32809
          ],
          [
            73.2537,
            22.32773
          ],
          [
            73.25407,
            22.32721
          ],
          [
            73.25437,
            22.3268
          ],
          [
            73.25474,
            22.32622
          ],
          [
            73.25492,
            22.3259
          ],
          [
            73.25513,
            22.32543
          ],
          [
            73.25529,
            22.32496
          ],
          [
            73.25539,
            22.32456
          ],
          [
            73.25549,
            22.32381
          ],
          [
            73.25552,
            22.32344
          ],
          [
            73.25551,
            22.32276
          ],
          [
            73.25537,
            22.32059
          ],
          [
            73.25527,
            22.31885
          ],
          [
            73.25526,
            22.31855
          ],
          [
            73.25523,
            22.31794
          ],
          [
            73.25521,
            22.3177
          ],
          [
            73.25514,
            22.31683
          ],
          [
            73.25506,
            22.31583
          ],
          [
            73.25498,
            22.31476
          ],
          [
            73.25492,
            22.31392
          ],
          [
            73.2549,
            22.31367
          ],
          [
            73.25489,
            22.31353
          ],
          [
            73.25484,
            22.31287
          ],
          [
            73.25475,
            22.31169
          ],
          [
            73.25472,
            22.3114
          ],
          [
            73.25441,
            22.3075
          ],
          [
            73.2543,
            22.30599
          ],
          [
            73.2543,
            22.3059
          ],
          [
            73.25415,
            22.30378
          ],
          [
            73.25401,
            22.30179
          ],
          [
            73.254,
            22.3016
          ],
          [
            73.25399,
            22.30146
          ],
          [
            73.25398,
            22.30136
          ],
          [
            73.25392,
            22.30068
          ],
          [
            73.25371,
            22.2975
          ],
          [
            73.25359,
            22.29587
          ],
          [
            73.2535,
            22.29476
          ],
          [
            73.25343,
            22.29409
          ],
          [
            73.25334,
            22.29364
          ],
          [
            73.25323,
            22.29323
          ],
          [
            73.25293,
            22.29218
          ],
          [
            73.25278,
            22.29168
          ],
          [
            73.25265,
            22.29141
          ],
          [
            73.25243,
            22.29091
          ],
          [
            73.25211,
            22.29031
          ],
          [
            73.25156,
            22.2894
          ],
          [
            73.25135,
            22.28908
          ],
          [
            73.24963,
            22.28684
          ],
          [
            73.24931,
            22.28642
          ],
          [
            73.24886,
            22.28585
          ],
          [
            73.24719,
            22.28386
          ],
          [
            73.24564,
            22.28199
          ],
          [
            73.24392,
            22.27987
          ],
          [
            73.24354,
            22.2794
          ],
          [
            73.24338,
            22.2792
          ],
          [
            73.24304,
            22.27877
          ],
          [
            73.24244,
            22.27805
          ],
          [
            73.23962,
            22.27458
          ],
          [
            73.23819,
            22.27277
          ],
          [
            73.23756,
            22.272
          ],
          [
            73.23724,
            22.27159
          ],
          [
            73.2353,
            22.26917
          ],
          [
            73.23512,
            22.26895
          ],
          [
            73.23213,
            22.26525
          ],
          [
            73.23003,
            22.26278
          ],
          [
            73.22942,
            22.26207
          ],
          [
            73.22917,
            22.26177
          ],
          [
            73.22712,
            22.25942
          ],
          [
            73.22642,
            22.25862
          ],
          [
            73.22579,
            22.25789
          ],
          [
            73.22542,
            22.25747
          ],
          [
            73.22458,
            22.25651
          ],
          [
            73.22425,
            22.25613
          ],
          [
            73.22339,
            22.25515
          ],
          [
            73.22209,
            22.25361
          ],
          [
            73.22205,
            22.25356
          ],
          [
            73.22145,
            22.25287
          ],
          [
            73.22089,
            22.25213
          ],
          [
            73.22064,
            22.25179
          ],
          [
            73.2193,
            22.24983
          ],
          [
            73.21802,
            22.24808
          ],
          [
            73.21725,
            22.24707
          ],
          [
            73.21684,
            22.24657
          ],
          [
            73.21539,
            22.24489
          ],
          [
            73.21378,
            22.24303
          ],
          [
            73.21288,
            22.24207
          ],
          [
            73.21189,
            22.24101
          ],
          [
            73.21145,
            22.24053
          ],
          [
            73.21056,
            22.23957
          ],
          [
            73.21016,
            22.23914
          ],
          [
            73.20991,
            22.23887
          ],
          [
            73.20922,
            22.23812
          ],
          [
            73.20808,
            22.2369
          ],
          [
            73.20738,
            22.23616
          ],
          [
            73.20698,
            22.23574
          ],
          [
            73.20522,
            22.23384
          ],
          [
            73.20501,
            22.23362
          ],
          [
            73.20452,
            22.23317
          ],
          [
            73.20416,
            22.23289
          ],
          [
            73.20372,
            22.23262
          ],
          [
            73.20318,
            22.23235
          ],
          [
            73.20237,
            22.23199
          ],
          [
            73.20094,
            22.2314
          ],
          [
            73.20002,
            22.23102
          ],
          [
            73.19994,
            22.23099
          ],
          [
            73.19873,
            22.2305
          ],
          [
            73.19813,
            22.23026
          ],
          [
            73.19758,
            22.23003
          ],
          [
            73.1946,
            22.22881
          ],
          [
            73.19206,
            22.22781
          ],
          [
            73.19152,
            22.22765
          ],
          [
            73.19083,
            22.22743
          ],
          [
            73.19037,
            22.22727
          ],
          [
            73.18989,
            22.22706
          ],
          [
            73.18935,
            22.22677
          ],
          [
            73.1891,
            22.22661
          ],
          [
            73.18869,
            22.22629
          ],
          [
            73.18826,
            22.22587
          ],
          [
            73.18802,
            22.22561
          ],
          [
            73.18776,
            22.22525
          ],
          [
            73.1874,
            22.22462
          ],
          [
            73.18733,
            22.22444
          ],
          [
            73.18713,
            22.22386
          ],
          [
            73.18704,
            22.22343
          ],
          [
            73.187,
            22.22299
          ],
          [
            73.18698,
            22.22284
          ],
          [
            73.18699,
            22.22253
          ],
          [
            73.18702,
            22.22223
          ],
          [
            73.18707,
            22.22191
          ],
          [
            73.18721,
            22.2214
          ],
          [
            73.18736,
            22.22092
          ],
          [
            73.18759,
            22.22014
          ],
          [
            73.18785,
            22.21921
          ],
          [
            73.18802,
            22.21873
          ],
          [
            73.18833,
            22.21809
          ],
          [
            73.1885,
            22.2178
          ],
          [
            73.18915,
            22.21664
          ],
          [
            73.18948,
            22.21603
          ],
          [
            73.18967,
            22.21554
          ],
          [
            73.18989,
            22.21472
          ],
          [
            73.19015,
            22.21315
          ],
          [
            73.19035,
            22.21199
          ],
          [
            73.19055,
            22.21077
          ],
          [
            73.19068,
            22.20998
          ],
          [
            73.19082,
            22.20911
          ],
          [
            73.19095,
            22.20834
          ],
          [
            73.19145,
            22.20533
          ],
          [
            73.1917,
            22.20362
          ],
          [
            73.19178,
            22.20313
          ],
          [
            73.1919,
            22.20235
          ],
          [
            73.19197,
            22.20198
          ],
          [
            73.19207,
            22.20138
          ],
          [
            73.19211,
            22.20088
          ],
          [
            73.19212,
            22.20057
          ],
          [
            73.19206,
            22.20016
          ],
          [
            73.19178,
            22.19869
          ],
          [
            73.19156,
            22.19751
          ],
          [
            73.19132,
            22.19608
          ],
          [
            73.19124,
            22.19576
          ],
          [
            73.1911,
            22.19522
          ],
          [
            73.19079,
            22.19445
          ],
          [
            73.19068,
            22.19427
          ],
          [
            73.19064,
            22.1942
          ],
          [
            73.19051,
            22.19399
          ],
          [
            73.19013,
            22.19349
          ],
          [
            73.18978,
            22.19306
          ],
          [
            73.18976,
            22.19303
          ],
          [
            73.18939,
            22.19259
          ],
          [
            73.18899,
            22.19211
          ],
          [
            73.18819,
            22.19115
          ],
          [
            73.18736,
            22.19016
          ],
          [
            73.18688,
            22.18956
          ],
          [
            73.18657,
            22.18907
          ],
          [
            73.18637,
            22.18867
          ],
          [
            73.18602,
            22.18769
          ],
          [
            73.18593,
            22.18716
          ],
          [
            73.18587,
            22.18653
          ],
          [
            73.18554,
            22.18329
          ],
          [
            73.18546,
            22.18253
          ],
          [
            73.18538,
            22.18147
          ],
          [
            73.18531,
            22.18112
          ],
          [
            73.18529,
            22.181
          ],
          [
            73.18525,
            22.18084
          ],
          [
            73.18514,
            22.18037
          ],
          [
            73.18503,
            22.17996
          ],
          [
            73.18493,
            22.17961
          ],
          [
            73.18457,
            22.17833
          ],
          [
            73.18413,
            22.17668
          ],
          [
            73.18407,
            22.17646
          ],
          [
            73.18388,
            22.17576
          ],
          [
            73.18259,
            22.17112
          ],
          [
            73.18234,
            22.17014
          ],
          [
            73.18225,
            22.16946
          ],
          [
            73.18228,
            22.16868
          ],
          [
            73.18235,
            22.16798
          ],
          [
            73.18242,
            22.16721
          ],
          [
            73.18253,
            22.16617
          ],
          [
            73.18261,
            22.16537
          ],
          [
            73.18278,
            22.1639
          ],
          [
            73.18282,
            22.16356
          ],
          [
            73.1829,
            22.16288
          ],
          [
            73.18298,
            22.16232
          ],
          [
            73.18314,
            22.16184
          ],
          [
            73.18321,
            22.16168
          ],
          [
            73.18356,
            22.16092
          ],
          [
            73.18369,
            22.16046
          ],
          [
            73.18374,
            22.16038
          ],
          [
            73.18398,
            22.15967
          ],
          [
            73.18436,
            22.15841
          ],
          [
            73.18493,
            22.15682
          ],
          [
            73.18547,
            22.15531
          ],
          [
            73.18569,
            22.15469
          ],
          [
            73.18584,
            22.15428
          ],
          [
            73.18592,
            22.15398
          ],
          [
            73.18606,
            22.15333
          ],
          [
            73.18607,
            22.15302
          ],
          [
            73.18606,
            22.15266
          ],
          [
            73.18598,
            22.15212
          ],
          [
            73.18576,
            22.15123
          ],
          [
            73.18557,
            22.15041
          ],
          [
            73.18532,
            22.14942
          ],
          [
            73.18501,
            22.14854
          ],
          [
            73.18475,
            22.14811
          ],
          [
            73.18442,
            22.14761
          ],
          [
            73.18368,
            22.14673
          ],
          [
            73.18354,
            22.14656
          ],
          [
            73.18329,
            22.14621
          ],
          [
            73.1831,
            22.1459
          ],
          [
            73.18304,
            22.14575
          ],
          [
            73.18287,
            22.14527
          ],
          [
            73.18278,
            22.14488
          ],
          [
            73.18275,
            22.14463
          ],
          [
            73.18277,
            22.14384
          ],
          [
            73.1829,
            22.14315
          ],
          [
            73.18335,
            22.14121
          ],
          [
            73.18349,
            22.14061
          ],
          [
            73.18367,
            22.14005
          ],
          [
            73.18384,
            22.13962
          ],
          [
            73.1846,
            22.13827
          ],
          [
            73.18478,
            22.13784
          ],
          [
            73.18504,
            22.13715
          ],
          [
            73.1852,
            22.13665
          ],
          [
            73.18538,
            22.13602
          ],
          [
            73.18664,
            22.13212
          ],
          [
            73.1878,
            22.12862
          ],
          [
            73.18798,
            22.12797
          ],
          [
            73.18811,
            22.12737
          ],
          [
            73.1882,
            22.12688
          ],
          [
            73.1887,
            22.12412
          ],
          [
            73.18887,
            22.12318
          ],
          [
            73.18935,
            22.12063
          ],
          [
            73.18966,
            22.11872
          ],
          [
            73.18994,
            22.11605
          ],
          [
            73.18995,
            22.11597
          ],
          [
            73.19009,
            22.11479
          ],
          [
            73.19042,
            22.11222
          ],
          [
            73.19043,
            22.11214
          ],
          [
            73.19061,
            22.11062
          ],
          [
            73.19082,
            22.10914
          ],
          [
            73.19107,
            22.10722
          ],
          [
            73.19121,
            22.10632
          ],
          [
            73.19123,
            22.10622
          ],
          [
            73.19125,
            22.10611
          ],
          [
            73.19129,
            22.10583
          ],
          [
            73.19132,
            22.10503
          ],
          [
            73.19129,
            22.10459
          ],
          [
            73.19121,
            22.10418
          ],
          [
            73.19108,
            22.10381
          ],
          [
            73.19101,
            22.10359
          ],
          [
            73.19095,
            22.10339
          ],
          [
            73.19051,
            22.10211
          ],
          [
            73.19022,
            22.10124
          ],
          [
            73.18987,
            22.09966
          ],
          [
            73.18977,
            22.09906
          ],
          [
            73.18965,
            22.09836
          ],
          [
            73.18941,
            22.0973
          ],
          [
            73.18928,
            22.09692
          ],
          [
            73.18909,
            22.09644
          ],
          [
            73.18879,
            22.09601
          ],
          [
            73.18841,
            22.09551
          ],
          [
            73.18801,
            22.09513
          ],
          [
            73.18769,
            22.09486
          ],
          [
            73.18715,
            22.09454
          ],
          [
            73.18692,
            22.09443
          ],
          [
            73.18648,
            22.09425
          ],
          [
            73.18603,
            22.0941
          ],
          [
            73.18557,
            22.094
          ],
          [
            73.18507,
            22.09394
          ],
          [
            73.18293,
            22.09378
          ],
          [
            73.1823,
            22.09371
          ],
          [
            73.18171,
            22.09361
          ],
          [
            73.18095,
            22.0934
          ],
          [
            73.18052,
            22.09326
          ],
          [
            73.1797,
            22.09296
          ],
          [
            73.17594,
            22.09157
          ],
          [
            73.17422,
            22.09097
          ],
          [
            73.17332,
            22.09063
          ],
          [
            73.17101,
            22.08979
          ],
          [
            73.16897,
            22.08904
          ],
          [
            73.16853,
            22.08886
          ],
          [
            73.16816,
            22.08869
          ],
          [
            73.16735,
            22.08818
          ],
          [
            73.16679,
            22.08778
          ],
          [
            73.16603,
            22.08707
          ],
          [
            73.16554,
            22.08652
          ],
          [
            73.16453,
            22.0853
          ],
          [
            73.16433,
            22.08506
          ],
          [
            73.16331,
            22.08382
          ],
          [
            73.16279,
            22.08322
          ],
          [
            73.1619,
            22.08214
          ],
          [
            73.16159,
            22.08175
          ],
          [
            73.16092,
            22.081
          ],
          [
            73.16053,
            22.08066
          ],
          [
            73.16005,
            22.08033
          ],
          [
            73.15959,
            22.08013
          ],
          [
            73.15918,
            22.07997
          ],
          [
            73.1511,
            22.07719
          ],
          [
            73.15057,
            22.07694
          ],
          [
            73.15027,
            22.07677
          ],
          [
            73.15009,
            22.07667
          ],
          [
            73.14948,
            22.07621
          ],
          [
            73.14873,
            22.07542
          ],
          [
            73.14845,
            22.07501
          ],
          [
            73.14797,
            22.07417
          ],
          [
            73.14553,
            22.07007
          ],
          [
            73.14512,
            22.06955
          ],
          [
            73.14486,
            22.06925
          ],
          [
            73.14449,
            22.06897
          ],
          [
            73.14384,
            22.06854
          ],
          [
            73.14011,
            22.0665
          ],
          [
            73.13944,
            22.06609
          ],
          [
            73.13893,
            22.0657
          ],
          [
            73.13791,
            22.06476
          ],
          [
            73.13425,
            22.06136
          ],
          [
            73.13251,
            22.05972
          ],
          [
            73.13165,
            22.05894
          ],
          [
            73.13124,
            22.05852
          ],
          [
            73.13097,
            22.05819
          ],
          [
            73.13069,
            22.05777
          ],
          [
            73.13049,
            22.05729
          ],
          [
            73.12991,
            22.05579
          ],
          [
            73.12945,
            22.05446
          ],
          [
            73.12888,
            22.05296
          ],
          [
            73.12841,
            22.05169
          ],
          [
            73.12703,
            22.04777
          ],
          [
            73.12645,
            22.04625
          ],
          [
            73.12577,
            22.04434
          ],
          [
            73.12504,
            22.04239
          ],
          [
            73.12434,
            22.04041
          ],
          [
            73.12368,
            22.03847
          ],
          [
            73.12344,
            22.03785
          ],
          [
            73.12212,
            22.03415
          ],
          [
            73.12144,
            22.03243
          ],
          [
            73.12074,
            22.03049
          ],
          [
            73.12044,
            22.02969
          ],
          [
            73.12005,
            22.02862
          ],
          [
            73.1194,
            22.0267
          ],
          [
            73.11886,
            22.02525
          ],
          [
            73.11801,
            22.02291
          ],
          [
            73.11677,
            22.01951
          ],
          [
            73.1165,
            22.01878
          ],
          [
            73.11643,
            22.01859
          ],
          [
            73.11593,
            22.01675
          ],
          [
            73.11573,
            22.01577
          ],
          [
            73.11544,
            22.01479
          ],
          [
            73.11444,
            22.01285
          ],
          [
            73.11393,
            22.01181
          ],
          [
            73.11334,
            22.01032
          ],
          [
            73.11292,
            22.00913
          ],
          [
            73.11269,
            22.00858
          ],
          [
            73.11164,
            22.00574
          ],
          [
            73.11134,
            22.00489
          ],
          [
            73.10739,
            21.99427
          ],
          [
            73.10723,
            21.99365
          ],
          [
            73.10719,
            21.99312
          ],
          [
            73.10722,
            21.99242
          ],
          [
            73.10726,
            21.99201
          ],
          [
            73.10744,
            21.99092
          ],
          [
            73.10746,
            21.99029
          ],
          [
            73.10733,
            21.98953
          ],
          [
            73.10716,
            21.98894
          ],
          [
            73.10683,
            21.98808
          ],
          [
            73.10646,
            21.98725
          ],
          [
            73.10608,
            21.98662
          ],
          [
            73.10576,
            21.9862
          ],
          [
            73.10536,
            21.98575
          ],
          [
            73.10413,
            21.98452
          ],
          [
            73.10382,
            21.98414
          ],
          [
            73.10348,
            21.9836
          ],
          [
            73.10327,
            21.9831
          ],
          [
            73.10301,
            21.98245
          ],
          [
            73.10211,
            21.97989
          ],
          [
            73.10158,
            21.9784
          ],
          [
            73.10082,
            21.97619
          ],
          [
            73.09926,
            21.97177
          ],
          [
            73.09788,
            21.96805
          ],
          [
            73.09754,
            21.96716
          ],
          [
            73.09673,
            21.96518
          ],
          [
            73.09492,
            21.96048
          ],
          [
            73.09432,
            21.95906
          ],
          [
            73.09309,
            21.95573
          ],
          [
            73.09262,
            21.95452
          ],
          [
            73.09233,
            21.9536
          ],
          [
            73.09208,
            21.95294
          ],
          [
            73.09177,
            21.95214
          ],
          [
            73.09045,
            21.94845
          ],
          [
            73.08896,
            21.94439
          ],
          [
            73.08818,
            21.94217
          ],
          [
            73.08735,
            21.93982
          ],
          [
            73.0867,
            21.9381
          ],
          [
            73.08354,
            21.92938
          ],
          [
            73.08297,
            21.92782
          ],
          [
            73.0818,
            21.92468
          ],
          [
            73.08033,
            21.92064
          ],
          [
            73.0799,
            21.9195
          ],
          [
            73.07941,
            21.91818
          ],
          [
            73.07876,
            21.91631
          ],
          [
            73.07816,
            21.91475
          ],
          [
            73.07784,
            21.91387
          ],
          [
            73.07767,
            21.91341
          ],
          [
            73.07748,
            21.9129
          ],
          [
            73.07717,
            21.91204
          ],
          [
            73.07669,
            21.9107
          ],
          [
            73.0765,
            21.91018
          ],
          [
            73.07633,
            21.90971
          ],
          [
            73.07631,
            21.90967
          ],
          [
            73.07623,
            21.90945
          ],
          [
            73.07586,
            21.90848
          ],
          [
            73.07577,
            21.90827
          ],
          [
            73.07505,
            21.90623
          ],
          [
            73.07422,
            21.90402
          ],
          [
            73.07349,
            21.90206
          ],
          [
            73.07316,
            21.90114
          ],
          [
            73.07156,
            21.89687
          ],
          [
            73.07129,
            21.89616
          ],
          [
            73.07118,
            21.89589
          ],
          [
            73.07012,
            21.89304
          ],
          [
            73.06909,
            21.89043
          ],
          [
            73.06817,
            21.88794
          ],
          [
            73.06721,
            21.88536
          ],
          [
            73.06646,
            21.88339
          ],
          [
            73.06557,
            21.88096
          ],
          [
            73.06504,
            21.87954
          ],
          [
            73.0648,
            21.87872
          ],
          [
            73.0643,
            21.87664
          ],
          [
            73.06396,
            21.87522
          ],
          [
            73.06342,
            21.87304
          ],
          [
            73.06215,
            21.8675
          ],
          [
            73.06201,
            21.86694
          ],
          [
            73.06159,
            21.8651
          ],
          [
            73.06125,
            21.86359
          ],
          [
            73.0608,
            21.86177
          ],
          [
            73.06073,
            21.86151
          ],
          [
            73.06055,
            21.86069
          ],
          [
            73.06012,
            21.85887
          ],
          [
            73.05978,
            21.85746
          ],
          [
            73.05923,
            21.85523
          ],
          [
            73.05911,
            21.85465
          ],
          [
            73.05892,
            21.85373
          ],
          [
            73.05778,
            21.84879
          ],
          [
            73.0576,
            21.84818
          ],
          [
            73.05757,
            21.84809
          ],
          [
            73.05744,
            21.84768
          ],
          [
            73.05679,
            21.84606
          ],
          [
            73.056,
            21.84423
          ],
          [
            73.05546,
            21.84297
          ],
          [
            73.05511,
            21.84215
          ],
          [
            73.05375,
            21.83903
          ],
          [
            73.05362,
            21.83874
          ],
          [
            73.05311,
            21.83757
          ],
          [
            73.05271,
            21.83667
          ],
          [
            73.0514,
            21.83378
          ],
          [
            73.05105,
            21.83299
          ],
          [
            73.04951,
            21.82965
          ],
          [
            73.04906,
            21.8286
          ],
          [
            73.04892,
            21.82829
          ],
          [
            73.04849,
            21.82731
          ],
          [
            73.04665,
            21.82325
          ],
          [
            73.04639,
            21.82271
          ],
          [
            73.04355,
            21.81658
          ],
          [
            73.04308,
            21.81555
          ],
          [
            73.04135,
            21.81143
          ],
          [
            73.03985,
            21.80801
          ],
          [
            73.03928,
            21.80659
          ],
          [
            73.03874,
            21.80528
          ],
          [
            73.03793,
            21.80347
          ],
          [
            73.03768,
            21.80291
          ],
          [
            73.03592,
            21.79882
          ],
          [
            73.03583,
            21.79863
          ],
          [
            73.03503,
            21.79684
          ],
          [
            73.0343,
            21.79517
          ],
          [
            73.03351,
            21.79332
          ],
          [
            73.03291,
            21.79198
          ],
          [
            73.03268,
            21.79147
          ],
          [
            73.03239,
            21.79078
          ],
          [
            73.03156,
            21.78881
          ],
          [
            73.03068,
            21.78686
          ],
          [
            73.02992,
            21.78517
          ],
          [
            73.02915,
            21.78328
          ],
          [
            73.02732,
            21.77803
          ],
          [
            73.02678,
            21.77648
          ],
          [
            73.02588,
            21.77389
          ],
          [
            73.02569,
            21.77332
          ],
          [
            73.02499,
            21.77129
          ],
          [
            73.02486,
            21.77094
          ],
          [
            73.02404,
            21.76864
          ],
          [
            73.02382,
            21.76804
          ],
          [
            73.0228,
            21.76535
          ],
          [
            73.0226,
            21.76483
          ],
          [
            73.02224,
            21.7639
          ],
          [
            73.02184,
            21.76291
          ],
          [
            73.02042,
            21.75933
          ],
          [
            73.01967,
            21.75749
          ],
          [
            73.01903,
            21.75586
          ],
          [
            73.01894,
            21.75551
          ],
          [
            73.0188,
            21.75454
          ],
          [
            73.01882,
            21.75401
          ],
          [
            73.01885,
            21.75374
          ],
          [
            73.0189,
            21.75334
          ],
          [
            73.01899,
            21.75309
          ],
          [
            73.0199,
            21.75063
          ],
          [
            73.02099,
            21.74773
          ],
          [
            73.02175,
            21.74565
          ],
          [
            73.0221,
            21.74469
          ],
          [
            73.02318,
            21.74171
          ],
          [
            73.02377,
            21.74009
          ],
          [
            73.02404,
            21.73948
          ],
          [
            73.02415,
            21.7391
          ],
          [
            73.02476,
            21.73738
          ],
          [
            73.02494,
            21.73688
          ],
          [
            73.02545,
            21.73568
          ],
          [
            73.02589,
            21.73492
          ],
          [
            73.02631,
            21.73432
          ],
          [
            73.02671,
            21.73386
          ],
          [
            73.02852,
            21.73192
          ],
          [
            73.02967,
            21.73068
          ],
          [
            73.03362,
            21.72634
          ],
          [
            73.03646,
            21.72326
          ],
          [
            73.03716,
            21.7225
          ],
          [
            73.03882,
            21.72093
          ],
          [
            73.04076,
            21.71949
          ],
          [
            73.04088,
            21.71939
          ],
          [
            73.042,
            21.71847
          ],
          [
            73.04353,
            21.71723
          ],
          [
            73.0459,
            21.71521
          ],
          [
            73.04967,
            21.71194
          ],
          [
            73.05318,
            21.70895
          ],
          [
            73.05597,
            21.70653
          ],
          [
            73.05612,
            21.7064
          ],
          [
            73.05645,
            21.7061
          ],
          [
            73.05795,
            21.70487
          ],
          [
            73.05907,
            21.70391
          ],
          [
            73.0611,
            21.70237
          ],
          [
            73.06282,
            21.70068
          ],
          [
            73.06438,
            21.69937
          ],
          [
            73.06674,
            21.69723
          ],
          [
            73.06793,
            21.69577
          ],
          [
            73.06944,
            21.6935
          ],
          [
            73.07021,
            21.6917
          ],
          [
            73.07047,
            21.69073
          ],
          [
            73.07073,
            21.68961
          ],
          [
            73.07085,
            21.68893
          ],
          [
            73.07099,
            21.68805
          ],
          [
            73.07112,
            21.68728
          ],
          [
            73.07123,
            21.68508
          ],
          [
            73.07125,
            21.68426
          ],
          [
            73.07123,
            21.68401
          ],
          [
            73.07091,
            21.68188
          ],
          [
            73.07055,
            21.6807
          ],
          [
            73.07045,
            21.6804
          ],
          [
            73.07007,
            21.67941
          ],
          [
            73.06962,
            21.67829
          ],
          [
            73.06938,
            21.67778
          ],
          [
            73.06868,
            21.67636
          ],
          [
            73.06728,
            21.67363
          ],
          [
            73.06652,
            21.67213
          ],
          [
            73.06618,
            21.67118
          ],
          [
            73.0659,
            21.67054
          ],
          [
            73.06562,
            21.66997
          ],
          [
            73.06552,
            21.66982
          ],
          [
            73.06465,
            21.66861
          ],
          [
            73.06263,
            21.66459
          ],
          [
            73.06186,
            21.66307
          ],
          [
            73.0599,
            21.65928
          ],
          [
            73.05963,
            21.65877
          ],
          [
            73.05844,
            21.65655
          ],
          [
            73.05828,
            21.65629
          ],
          [
            73.05804,
            21.65589
          ],
          [
            73.05782,
            21.65558
          ],
          [
            73.05753,
            21.65517
          ],
          [
            73.05697,
            21.65455
          ],
          [
            73.05611,
            21.65371
          ],
          [
            73.05466,
            21.65247
          ],
          [
            73.05313,
            21.65155
          ],
          [
            73.05185,
            21.65087
          ],
          [
            73.05015,
            21.65016
          ],
          [
            73.04911,
            21.64978
          ],
          [
            73.04743,
            21.64912
          ],
          [
            73.04451,
            21.64801
          ],
          [
            73.0411,
            21.6467
          ],
          [
            73.03996,
            21.64626
          ],
          [
            73.03859,
            21.64573
          ],
          [
            73.03542,
            21.6445
          ],
          [
            73.03289,
            21.64348
          ],
          [
            73.0328,
            21.64343
          ],
          [
            73.03219,
            21.64307
          ],
          [
            73.03137,
            21.64258
          ],
          [
            73.03021,
            21.64178
          ],
          [
            73.02914,
            21.64086
          ],
          [
            73.02876,
            21.64053
          ],
          [
            73.02662,
            21.63875
          ],
          [
            73.02596,
            21.6382
          ],
          [
            73.02336,
            21.63606
          ],
          [
            73.02259,
            21.63541
          ],
          [
            73.02098,
            21.63399
          ],
          [
            73.01846,
            21.63195
          ],
          [
            73.01663,
            21.63039
          ],
          [
            73.01511,
            21.62917
          ],
          [
            73.01414,
            21.62833
          ],
          [
            73.01378,
            21.62806
          ],
          [
            73.00649,
            21.62192
          ],
          [
            73.00508,
            21.62077
          ],
          [
            73.005,
            21.62071
          ],
          [
            73.00414,
            21.61998
          ],
          [
            73.00358,
            21.6195
          ],
          [
            73.00293,
            21.61885
          ],
          [
            73.00257,
            21.61847
          ],
          [
            73.00231,
            21.61816
          ],
          [
            73.00183,
            21.61755
          ],
          [
            73.00148,
            21.61704
          ],
          [
            73.00118,
            21.61654
          ],
          [
            73.00079,
            21.61589
          ],
          [
            73.00064,
            21.61559
          ],
          [
            73.00035,
            21.61501
          ],
          [
            72.99996,
            21.61409
          ],
          [
            72.99984,
            21.6138
          ],
          [
            72.99962,
            21.61319
          ],
          [
            72.99948,
            21.61267
          ],
          [
            72.9994,
            21.61221
          ],
          [
            72.99913,
            21.60983
          ],
          [
            72.99873,
            21.6065
          ],
          [
            72.99718,
            21.5974
          ],
          [
            72.99709,
            21.59687
          ],
          [
            72.99695,
            21.59603
          ],
          [
            72.99689,
            21.59566
          ],
          [
            72.99663,
            21.59417
          ],
          [
            72.99656,
            21.59336
          ],
          [
            72.99655,
            21.59293
          ],
          [
            72.99654,
            21.5927
          ],
          [
            72.99651,
            21.59196
          ],
          [
            72.99646,
            21.59156
          ],
          [
            72.99636,
            21.59113
          ],
          [
            72.99609,
            21.59025
          ],
          [
            72.99589,
            21.58957
          ],
          [
            72.99579,
            21.58911
          ],
          [
            72.99537,
            21.58668
          ],
          [
            72.9953,
            21.58628
          ],
          [
            72.99523,
            21.58574
          ],
          [
            72.99522,
            21.58529
          ],
          [
            72.99523,
            21.58491
          ],
          [
            72.99526,
            21.58462
          ],
          [
            72.99533,
            21.58426
          ],
          [
            72.99548,
            21.58381
          ],
          [
            72.99569,
            21.58322
          ],
          [
            72.99779,
            21.57758
          ],
          [
            72.99801,
            21.57698
          ],
          [
            72.99853,
            21.57558
          ],
          [
            73.00023,
            21.57095
          ],
          [
            73.00025,
            21.5709
          ],
          [
            73.00083,
            21.56934
          ],
          [
            73.00153,
            21.56744
          ],
          [
            73.00158,
            21.5673
          ],
          [
            73.00303,
            21.56331
          ],
          [
            73.00342,
            21.56224
          ],
          [
            73.00503,
            21.55789
          ],
          [
            73.0071,
            21.5523
          ],
          [
            73.00724,
            21.5519
          ],
          [
            73.00738,
            21.55146
          ],
          [
            73.00744,
            21.5512
          ],
          [
            73.00761,
            21.55106
          ],
          [
            73.00768,
            21.55074
          ],
          [
            73.00774,
            21.55033
          ],
          [
            73.00776,
            21.5499
          ],
          [
            73.00774,
            21.54933
          ],
          [
            73.0075,
            21.5473
          ],
          [
            73.00723,
            21.54504
          ],
          [
            73.0071,
            21.54459
          ],
          [
            73.00709,
            21.5444
          ],
          [
            73.00709,
            21.54294
          ],
          [
            73.00704,
            21.54255
          ],
          [
            73.00683,
            21.54159
          ],
          [
            73.00661,
            21.5408
          ],
          [
            73.00653,
            21.54037
          ],
          [
            73.0057,
            21.53349
          ],
          [
            73.00537,
            21.53074
          ],
          [
            73.00481,
            21.52571
          ],
          [
            73.00441,
            21.52223
          ],
          [
            73.00338,
            21.51337
          ],
          [
            73.00312,
            21.51124
          ],
          [
            73.00304,
            21.51046
          ],
          [
            73.00244,
            21.50566
          ],
          [
            73.00194,
            21.50173
          ],
          [
            73.00162,
            21.49902
          ],
          [
            73.0016,
            21.4988
          ],
          [
            73.00106,
            21.49468
          ],
          [
            73.00018,
            21.48763
          ],
          [
            73.00003,
            21.48632
          ],
          [
            72.99957,
            21.48256
          ],
          [
            72.99907,
            21.47855
          ],
          [
            72.99893,
            21.47761
          ],
          [
            72.99891,
            21.47746
          ],
          [
            72.99886,
            21.47712
          ],
          [
            72.99778,
            21.46961
          ],
          [
            72.99765,
            21.46902
          ],
          [
            72.99749,
            21.46853
          ],
          [
            72.99722,
            21.46792
          ],
          [
            72.99698,
            21.46752
          ],
          [
            72.99664,
            21.46704
          ],
          [
            72.9965,
            21.46687
          ],
          [
            72.99528,
            21.46539
          ],
          [
            72.99517,
            21.46526
          ],
          [
            72.99394,
            21.46376
          ],
          [
            72.9931,
            21.46273
          ],
          [
            72.99207,
            21.46146
          ],
          [
            72.98617,
            21.45433
          ],
          [
            72.98393,
            21.45165
          ],
          [
            72.98344,
            21.45106
          ],
          [
            72.98146,
            21.44864
          ],
          [
            72.98082,
            21.44787
          ],
          [
            72.97884,
            21.44551
          ],
          [
            72.97804,
            21.44455
          ],
          [
            72.97382,
            21.43948
          ],
          [
            72.96916,
            21.43391
          ],
          [
            72.96868,
            21.43325
          ],
          [
            72.96839,
            21.43275
          ],
          [
            72.96812,
            21.43216
          ],
          [
            72.96804,
            21.43189
          ],
          [
            72.96794,
            21.43151
          ],
          [
            72.96774,
            21.43042
          ],
          [
            72.96753,
            21.4291
          ],
          [
            72.96742,
            21.4284
          ],
          [
            72.9673,
            21.42752
          ],
          [
            72.96689,
            21.42466
          ],
          [
            72.96668,
            21.42304
          ],
          [
            72.96658,
            21.42233
          ],
          [
            72.96636,
            21.42063
          ],
          [
            72.96613,
            21.41901
          ],
          [
            72.96596,
            21.41778
          ],
          [
            72.96585,
            21.41703
          ],
          [
            72.96558,
            21.41511
          ],
          [
            72.96512,
            21.41187
          ],
          [
            72.96474,
            21.40888
          ],
          [
            72.9647,
            21.40852
          ],
          [
            72.96461,
            21.40777
          ],
          [
            72.96445,
            21.40646
          ],
          [
            72.96408,
            21.40328
          ],
          [
            72.96392,
            21.40208
          ],
          [
            72.9638,
            21.40146
          ],
          [
            72.96358,
            21.40069
          ],
          [
            72.96333,
            21.39996
          ],
          [
            72.9632,
            21.39957
          ],
          [
            72.96198,
            21.39587
          ],
          [
            72.96184,
            21.39541
          ],
          [
            72.96117,
            21.3932
          ],
          [
            72.96063,
            21.39142
          ],
          [
            72.96029,
            21.39047
          ],
          [
            72.96007,
            21.38986
          ],
          [
            72.95854,
            21.38527
          ],
          [
            72.95806,
            21.38381
          ],
          [
            72.95793,
            21.38334
          ],
          [
            72.95775,
            21.38252
          ],
          [
            72.9577,
            21.38206
          ],
          [
            72.95765,
            21.38109
          ],
          [
            72.95769,
            21.37935
          ],
          [
            72.9578,
            21.37586
          ],
          [
            72.95782,
            21.37473
          ],
          [
            72.95785,
            21.37447
          ],
          [
            72.95794,
            21.3737
          ],
          [
            72.95888,
            21.3689
          ],
          [
            72.95993,
            21.3616
          ],
          [
            72.95998,
            21.36115
          ],
          [
            72.96001,
            21.36052
          ],
          [
            72.95989,
            21.35508
          ],
          [
            72.95984,
            21.35333
          ],
          [
            72.95951,
            21.35117
          ],
          [
            72.95867,
            21.34512
          ],
          [
            72.95868,
            21.34473
          ],
          [
            72.95872,
            21.34431
          ],
          [
            72.95879,
            21.34397
          ],
          [
            72.95915,
            21.34268
          ],
          [
            72.95931,
            21.34216
          ],
          [
            72.9594,
            21.34188
          ],
          [
            72.95967,
            21.34094
          ],
          [
            72.95973,
            21.34074
          ],
          [
            72.95978,
            21.34054
          ],
          [
            72.96051,
            21.33788
          ],
          [
            72.96158,
            21.3342
          ],
          [
            72.96252,
            21.33091
          ],
          [
            72.96361,
            21.32716
          ],
          [
            72.96367,
            21.32676
          ],
          [
            72.96374,
            21.32469
          ],
          [
            72.96375,
            21.32461
          ],
          [
            72.9638,
            21.32281
          ],
          [
            72.96386,
            21.32103
          ],
          [
            72.96393,
            21.31957
          ],
          [
            72.96393,
            21.31866
          ],
          [
            72.96393,
            21.3182
          ],
          [
            72.96385,
            21.31768
          ],
          [
            72.96378,
            21.31737
          ],
          [
            72.96369,
            21.31707
          ],
          [
            72.96356,
            21.31673
          ],
          [
            72.96324,
            21.31616
          ],
          [
            72.96307,
            21.3159
          ],
          [
            72.96261,
            21.31533
          ],
          [
            72.96244,
            21.31516
          ],
          [
            72.96231,
            21.31503
          ],
          [
            72.96048,
            21.31366
          ],
          [
            72.95929,
            21.31271
          ],
          [
            72.95823,
            21.31168
          ],
          [
            72.9576,
            21.31112
          ],
          [
            72.95707,
            21.31071
          ],
          [
            72.95671,
            21.31041
          ],
          [
            72.95642,
            21.31013
          ],
          [
            72.95619,
            21.30989
          ],
          [
            72.95602,
            21.30969
          ],
          [
            72.95582,
            21.30945
          ],
          [
            72.95567,
            21.30919
          ],
          [
            72.95554,
            21.30895
          ],
          [
            72.95535,
            21.30854
          ],
          [
            72.95533,
            21.30846
          ],
          [
            72.95531,
            21.30837
          ],
          [
            72.95527,
            21.30826
          ],
          [
            72.95516,
            21.30789
          ],
          [
            72.9548,
            21.306
          ],
          [
            72.95425,
            21.30305
          ],
          [
            72.95403,
            21.30199
          ],
          [
            72.95384,
            21.30123
          ],
          [
            72.95344,
            21.29914
          ],
          [
            72.95225,
            21.29373
          ],
          [
            72.95192,
            21.29218
          ],
          [
            72.95173,
            21.29115
          ],
          [
            72.95167,
            21.29064
          ],
          [
            72.95161,
            21.28967
          ],
          [
            72.95159,
            21.28827
          ],
          [
            72.95154,
            21.2869
          ],
          [
            72.95147,
            21.28587
          ],
          [
            72.95148,
            21.28433
          ],
          [
            72.95141,
            21.28313
          ],
          [
            72.95125,
            21.28149
          ],
          [
            72.9512,
            21.28061
          ],
          [
            72.95122,
            21.28014
          ],
          [
            72.95128,
            21.27985
          ],
          [
            72.95154,
            21.27912
          ],
          [
            72.9518,
            21.27861
          ],
          [
            72.95212,
            21.27804
          ],
          [
            72.95277,
            21.27706
          ],
          [
            72.95602,
            21.27293
          ],
          [
            72.95656,
            21.27218
          ],
          [
            72.95683,
            21.27171
          ],
          [
            72.9571,
            21.27107
          ],
          [
            72.95756,
            21.27006
          ],
          [
            72.95797,
            21.26911
          ],
          [
            72.95886,
            21.26726
          ],
          [
            72.95944,
            21.266
          ],
          [
            72.9604,
            21.26386
          ],
          [
            72.96262,
            21.25893
          ],
          [
            72.96424,
            21.2554
          ],
          [
            72.96483,
            21.25408
          ],
          [
            72.96547,
            21.25265
          ],
          [
            72.96639,
            21.25061
          ],
          [
            72.96667,
            21.24998
          ],
          [
            72.96687,
            21.24955
          ],
          [
            72.96693,
            21.24942
          ],
          [
            72.96776,
            21.24759
          ],
          [
            72.96809,
            21.24684
          ],
          [
            72.96835,
            21.24615
          ],
          [
            72.96852,
            21.24538
          ],
          [
            72.96856,
            21.24499
          ],
          [
            72.9686,
            21.24281
          ],
          [
            72.96863,
            21.24112
          ],
          [
            72.96864,
            21.23687
          ],
          [
            72.96863,
            21.2358
          ],
          [
            72.96862,
            21.23453
          ],
          [
            72.96866,
            21.2334
          ],
          [
            72.96864,
            21.23297
          ],
          [
            72.96859,
            21.23243
          ],
          [
            72.96855,
            21.23014
          ],
          [
            72.96855,
            21.22944
          ],
          [
            72.96856,
            21.22627
          ],
          [
            72.96855,
            21.22369
          ],
          [
            72.96854,
            21.22067
          ],
          [
            72.96853,
            21.22035
          ],
          [
            72.96854,
            21.21761
          ],
          [
            72.96855,
            21.21616
          ],
          [
            72.96851,
            21.21556
          ],
          [
            72.96843,
            21.21489
          ],
          [
            72.96828,
            21.21393
          ],
          [
            72.96824,
            21.21345
          ],
          [
            72.96823,
            21.21281
          ],
          [
            72.96815,
            21.21219
          ],
          [
            72.96812,
            21.21192
          ],
          [
            72.96799,
            21.21126
          ],
          [
            72.96784,
            21.21022
          ],
          [
            72.96771,
            21.20944
          ],
          [
            72.96761,
            21.20865
          ],
          [
            72.96722,
            21.20612
          ],
          [
            72.96712,
            21.20528
          ],
          [
            72.96661,
            21.20182
          ],
          [
            72.9661,
            21.19821
          ],
          [
            72.96593,
            21.19716
          ],
          [
            72.96562,
            21.19508
          ],
          [
            72.96561,
            21.19476
          ],
          [
            72.96562,
            21.19445
          ],
          [
            72.96565,
            21.19421
          ],
          [
            72.96573,
            21.19386
          ],
          [
            72.96589,
            21.19331
          ],
          [
            72.96618,
            21.19258
          ],
          [
            72.96642,
            21.19178
          ],
          [
            72.9665,
            21.19142
          ],
          [
            72.96651,
            21.19115
          ],
          [
            72.96651,
            21.19079
          ],
          [
            72.96646,
            21.19049
          ],
          [
            72.96629,
            21.18972
          ],
          [
            72.96609,
            21.18887
          ],
          [
            72.96381,
            21.1798
          ],
          [
            72.96369,
            21.17916
          ],
          [
            72.96364,
            21.1783
          ],
          [
            72.96351,
            21.17592
          ],
          [
            72.96346,
            21.17507
          ],
          [
            72.96333,
            21.17407
          ],
          [
            72.96311,
            21.17279
          ],
          [
            72.96274,
            21.17088
          ],
          [
            72.96241,
            21.16916
          ],
          [
            72.9621,
            21.16746
          ],
          [
            72.96153,
            21.16421
          ],
          [
            72.96143,
            21.16334
          ],
          [
            72.96142,
            21.16308
          ],
          [
            72.96146,
            21.16236
          ],
          [
            72.96151,
            21.162
          ],
          [
            72.96161,
            21.16159
          ],
          [
            72.96184,
            21.16105
          ],
          [
            72.96199,
            21.16077
          ],
          [
            72.96281,
            21.1594
          ],
          [
            72.96335,
            21.15851
          ],
          [
            72.9635,
            21.15821
          ],
          [
            72.96362,
            21.15789
          ],
          [
            72.96371,
            21.15764
          ],
          [
            72.96376,
            21.15736
          ],
          [
            72.96394,
            21.15609
          ],
          [
            72.96402,
            21.15536
          ],
          [
            72.96426,
            21.15359
          ],
          [
            72.9643,
            21.15335
          ],
          [
            72.96444,
            21.15174
          ],
          [
            72.96474,
            21.14858
          ],
          [
            72.96482,
            21.14792
          ],
          [
            72.96483,
            21.14785
          ],
          [
            72.96505,
            21.14593
          ],
          [
            72.96506,
            21.14579
          ],
          [
            72.96506,
            21.14575
          ],
          [
            72.9653,
            21.14349
          ],
          [
            72.96533,
            21.14331
          ],
          [
            72.96545,
            21.14275
          ],
          [
            72.96556,
            21.1424
          ],
          [
            72.96576,
            21.14192
          ],
          [
            72.96596,
            21.14159
          ],
          [
            72.96603,
            21.14146
          ],
          [
            72.9668,
            21.14046
          ],
          [
            72.96714,
            21.13999
          ],
          [
            72.96735,
            21.13971
          ],
          [
            72.96753,
            21.13938
          ],
          [
            72.96765,
            21.13905
          ],
          [
            72.96782,
            21.13847
          ],
          [
            72.9682,
            21.13685
          ],
          [
            72.96883,
            21.13433
          ],
          [
            72.969,
            21.13365
          ],
          [
            72.96913,
            21.13331
          ],
          [
            72.96955,
            21.13229
          ],
          [
            72.97016,
            21.13086
          ],
          [
            72.97131,
            21.12818
          ],
          [
            72.97173,
            21.12693
          ],
          [
            72.97216,
            21.12578
          ],
          [
            72.97257,
            21.12477
          ],
          [
            72.97299,
            21.1237
          ],
          [
            72.97351,
            21.12249
          ],
          [
            72.97356,
            21.12236
          ],
          [
            72.97364,
            21.12217
          ],
          [
            72.9743,
            21.12054
          ],
          [
            72.97635,
            21.11562
          ],
          [
            72.9765,
            21.11513
          ],
          [
            72.97662,
            21.11455
          ],
          [
            72.97668,
            21.11407
          ],
          [
            72.97666,
            21.11368
          ],
          [
            72.97659,
            21.11301
          ],
          [
            72.97656,
            21.11257
          ],
          [
            72.97653,
            21.11127
          ],
          [
            72.97624,
            21.1084
          ],
          [
            72.97593,
            21.10571
          ],
          [
            72.97587,
            21.1051
          ],
          [
            72.97578,
            21.10401
          ],
          [
            72.97577,
            21.10384
          ],
          [
            72.9758,
            21.10339
          ],
          [
            72.97594,
            21.10246
          ],
          [
            72.97623,
            21.10102
          ],
          [
            72.97633,
            21.10037
          ],
          [
            72.9764,
            21.0999
          ],
          [
            72.97645,
            21.09922
          ],
          [
            72.97684,
            21.09622
          ],
          [
            72.97745,
            21.09115
          ],
          [
            72.9776,
            21.08973
          ],
          [
            72.97788,
            21.08785
          ],
          [
            72.9781,
            21.08626
          ],
          [
            72.97829,
            21.08431
          ],
          [
            72.97866,
            21.08191
          ],
          [
            72.97868,
            21.08175
          ],
          [
            72.97875,
            21.08108
          ],
          [
            72.97896,
            21.07862
          ],
          [
            72.9791,
            21.07762
          ],
          [
            72.97929,
            21.07693
          ],
          [
            72.9801,
            21.0739
          ],
          [
            72.98024,
            21.0733
          ],
          [
            72.98038,
            21.07263
          ],
          [
            72.98043,
            21.07241
          ],
          [
            72.98047,
            21.07204
          ],
          [
            72.98046,
            21.07158
          ],
          [
            72.98042,
            21.07056
          ],
          [
            72.98039,
            21.06994
          ],
          [
            72.98041,
            21.06936
          ],
          [
            72.98059,
            21.0675
          ],
          [
            72.98068,
            21.06647
          ],
          [
            72.98067,
            21.0658
          ],
          [
            72.98053,
            21.065
          ],
          [
            72.98048,
            21.06487
          ],
          [
            72.98018,
            21.06404
          ],
          [
            72.9793,
            21.06118
          ],
          [
            72.97922,
            21.06087
          ],
          [
            72.97839,
            21.05789
          ],
          [
            72.97834,
            21.05769
          ],
          [
            72.97783,
            21.05576
          ],
          [
            72.97776,
            21.0555
          ],
          [
            72.97773,
            21.05515
          ],
          [
            72.97773,
            21.05498
          ],
          [
            72.97775,
            21.0542
          ],
          [
            72.97782,
            21.05293
          ],
          [
            72.97776,
            21.05241
          ],
          [
            72.97761,
            21.05192
          ],
          [
            72.97726,
            21.05102
          ],
          [
            72.97714,
            21.05062
          ],
          [
            72.97709,
            21.05036
          ],
          [
            72.97702,
            21.04979
          ],
          [
            72.97665,
            21.04432
          ],
          [
            72.97659,
            21.04354
          ],
          [
            72.97653,
            21.04312
          ],
          [
            72.9764,
            21.04263
          ],
          [
            72.97634,
            21.04248
          ],
          [
            72.97522,
            21.04003
          ],
          [
            72.97497,
            21.03944
          ],
          [
            72.97471,
            21.03894
          ],
          [
            72.97441,
            21.03859
          ],
          [
            72.97407,
            21.03827
          ],
          [
            72.97386,
            21.03807
          ],
          [
            72.97162,
            21.03635
          ],
          [
            72.97132,
            21.03615
          ],
          [
            72.97087,
            21.03579
          ],
          [
            72.97051,
            21.03548
          ],
          [
            72.97025,
            21.03517
          ],
          [
            72.97012,
            21.03495
          ],
          [
            72.96997,
            21.03463
          ],
          [
            72.96986,
            21.03435
          ],
          [
            72.96981,
            21.03415
          ],
          [
            72.96975,
            21.03375
          ],
          [
            72.96976,
            21.03322
          ],
          [
            72.96983,
            21.03285
          ],
          [
            72.97132,
            21.02877
          ],
          [
            72.97143,
            21.02838
          ],
          [
            72.97151,
            21.02797
          ],
          [
            72.97153,
            21.02715
          ],
          [
            72.97146,
            21.02443
          ],
          [
            72.97148,
            21.02427
          ],
          [
            72.97194,
            21.02317
          ],
          [
            72.97209,
            21.02264
          ],
          [
            72.97212,
            21.02233
          ],
          [
            72.97212,
            21.02134
          ],
          [
            72.97216,
            21.01963
          ],
          [
            72.97231,
            21.01902
          ],
          [
            72.97305,
            21.01674
          ],
          [
            72.97318,
            21.01628
          ],
          [
            72.97323,
            21.01599
          ],
          [
            72.97328,
            21.01563
          ],
          [
            72.97329,
            21.01528
          ],
          [
            72.97318,
            21.01404
          ],
          [
            72.97317,
            21.01336
          ],
          [
            72.97318,
            21.01302
          ],
          [
            72.97329,
            21.00931
          ],
          [
            72.97341,
            21.0076
          ],
          [
            72.97344,
            21.00715
          ],
          [
            72.97348,
            21.00657
          ],
          [
            72.97349,
            21.00622
          ],
          [
            72.97347,
            21.00585
          ],
          [
            72.97343,
            21.0053
          ],
          [
            72.97337,
            21.00493
          ],
          [
            72.97312,
            21.00385
          ],
          [
            72.97285,
            21.003
          ],
          [
            72.97237,
            21.00194
          ],
          [
            72.97132,
            21.00002
          ],
          [
            72.97045,
            20.99843
          ],
          [
            72.97006,
            20.99753
          ],
          [
            72.9691,
            20.99431
          ],
          [
            72.96864,
            20.9926
          ],
          [
            72.96805,
            20.99045
          ],
          [
            72.96738,
            20.98743
          ],
          [
            72.96706,
            20.98621
          ],
          [
            72.96606,
            20.98141
          ],
          [
            72.96505,
            20.97636
          ],
          [
            72.96489,
            20.97556
          ],
          [
            72.96411,
            20.97064
          ],
          [
            72.96405,
            20.97034
          ],
          [
            72.96383,
            20.96907
          ],
          [
            72.96338,
            20.9662
          ],
          [
            72.96319,
            20.96463
          ],
          [
            72.96302,
            20.96327
          ],
          [
            72.96298,
            20.96247
          ],
          [
            72.96288,
            20.96157
          ],
          [
            72.96273,
            20.96054
          ],
          [
            72.96248,
            20.95937
          ],
          [
            72.96209,
            20.9583
          ],
          [
            72.96122,
            20.95544
          ],
          [
            72.96067,
            20.95388
          ],
          [
            72.96031,
            20.95267
          ],
          [
            72.96021,
            20.95236
          ],
          [
            72.95946,
            20.94973
          ],
          [
            72.95929,
            20.94917
          ],
          [
            72.95914,
            20.94863
          ],
          [
            72.9591,
            20.94837
          ],
          [
            72.95908,
            20.94818
          ],
          [
            72.9591,
            20.94798
          ],
          [
            72.95914,
            20.94779
          ],
          [
            72.9592,
            20.94761
          ],
          [
            72.95928,
            20.94746
          ],
          [
            72.95955,
            20.94711
          ],
          [
            72.95988,
            20.94686
          ],
          [
            72.96365,
            20.94472
          ],
          [
            72.96376,
            20.94466
          ],
          [
            72.96928,
            20.94146
          ],
          [
            72.9697,
            20.94116
          ],
          [
            72.97033,
            20.94067
          ],
          [
            72.97106,
            20.94003
          ],
          [
            72.97485,
            20.93651
          ],
          [
            72.97661,
            20.93488
          ],
          [
            72.97803,
            20.93355
          ],
          [
            72.97825,
            20.93331
          ],
          [
            72.97947,
            20.93213
          ],
          [
            72.97975,
            20.93191
          ],
          [
            72.98016,
            20.93164
          ],
          [
            72.98048,
            20.9315
          ],
          [
            72.98061,
            20.93144
          ],
          [
            72.98108,
            20.93129
          ],
          [
            72.98225,
            20.9309
          ],
          [
            72.98532,
            20.9299
          ],
          [
            72.98616,
            20.9296
          ],
          [
            72.98737,
            20.92909
          ],
          [
            72.99749,
            20.92434
          ],
          [
            73.00047,
            20.92291
          ],
          [
            73.00081,
            20.92275
          ],
          [
            73.00127,
            20.92259
          ],
          [
            73.00172,
            20.92244
          ],
          [
            73.00334,
            20.9221
          ],
          [
            73.00434,
            20.92177
          ],
          [
            73.00521,
            20.92148
          ],
          [
            73.00543,
            20.92141
          ],
          [
            73.00815,
            20.92105
          ],
          [
            73.00954,
            20.92083
          ],
          [
            73.00973,
            20.92077
          ],
          [
            73.01003,
            20.92067
          ],
          [
            73.01103,
            20.92022
          ],
          [
            73.01183,
            20.91975
          ],
          [
            73.01242,
            20.91941
          ],
          [
            73.01316,
            20.91901
          ],
          [
            73.01447,
            20.91845
          ],
          [
            73.01467,
            20.91835
          ],
          [
            73.0154,
            20.91796
          ],
          [
            73.01556,
            20.91787
          ],
          [
            73.01612,
            20.9175
          ],
          [
            73.01779,
            20.91652
          ],
          [
            73.01932,
            20.91563
          ],
          [
            73.02182,
            20.91414
          ],
          [
            73.02862,
            20.91007
          ],
          [
            73.02871,
            20.91002
          ],
          [
            73.03326,
            20.90733
          ],
          [
            73.03378,
            20.90702
          ],
          [
            73.03828,
            20.90435
          ],
          [
            73.0386,
            20.90414
          ],
          [
            73.03885,
            20.90394
          ],
          [
            73.03914,
            20.90367
          ],
          [
            73.04282,
            20.89874
          ],
          [
            73.04374,
            20.89752
          ],
          [
            73.04486,
            20.896
          ],
          [
            73.04531,
            20.8954
          ],
          [
            73.04578,
            20.89454
          ],
          [
            73.0463,
            20.89345
          ],
          [
            73.04663,
            20.8928
          ],
          [
            73.04689,
            20.89244
          ],
          [
            73.04809,
            20.89128
          ],
          [
            73.04826,
            20.8911
          ],
          [
            73.0485,
            20.89079
          ],
          [
            73.05029,
            20.88835
          ],
          [
            73.05069,
            20.8878
          ],
          [
            73.05193,
            20.88635
          ],
          [
            73.05251,
            20.88552
          ],
          [
            73.05297,
            20.88461
          ],
          [
            73.05346,
            20.88384
          ],
          [
            73.05358,
            20.88369
          ],
          [
            73.05433,
            20.88265
          ],
          [
            73.05453,
            20.88239
          ],
          [
            73.05515,
            20.88155
          ],
          [
            73.0553,
            20.88128
          ],
          [
            73.05569,
            20.88038
          ],
          [
            73.05588,
            20.87983
          ],
          [
            73.05601,
            20.87931
          ],
          [
            73.05632,
            20.87728
          ],
          [
            73.05649,
            20.87643
          ],
          [
            73.0566,
            20.876
          ],
          [
            73.05686,
            20.87543
          ],
          [
            73.05708,
            20.87504
          ],
          [
            73.05728,
            20.87476
          ],
          [
            73.05741,
            20.87461
          ],
          [
            73.05757,
            20.87443
          ],
          [
            73.05838,
            20.87366
          ],
          [
            73.06083,
            20.87142
          ],
          [
            73.0613,
            20.87095
          ],
          [
            73.06159,
            20.87065
          ],
          [
            73.06208,
            20.87002
          ],
          [
            73.06232,
            20.86959
          ],
          [
            73.06253,
            20.86905
          ],
          [
            73.06265,
            20.8687
          ],
          [
            73.06273,
            20.86842
          ],
          [
            73.06279,
            20.86812
          ],
          [
            73.06281,
            20.86785
          ],
          [
            73.06283,
            20.86746
          ],
          [
            73.06287,
            20.86664
          ],
          [
            73.06294,
            20.86481
          ],
          [
            73.06294,
            20.86355
          ],
          [
            73.06298,
            20.86226
          ],
          [
            73.06297,
            20.86141
          ],
          [
            73.06299,
            20.86047
          ],
          [
            73.06298,
            20.85888
          ],
          [
            73.063,
            20.85855
          ],
          [
            73.06301,
            20.85747
          ],
          [
            73.06301,
            20.85712
          ],
          [
            73.06305,
            20.85489
          ],
          [
            73.06318,
            20.85159
          ],
          [
            73.06316,
            20.85103
          ],
          [
            73.06309,
            20.85043
          ],
          [
            73.06298,
            20.84963
          ],
          [
            73.06296,
            20.84935
          ],
          [
            73.06298,
            20.84891
          ],
          [
            73.06334,
            20.84722
          ],
          [
            73.06433,
            20.84261
          ],
          [
            73.06555,
            20.83673
          ],
          [
            73.06646,
            20.83246
          ],
          [
            73.0665,
            20.83226
          ],
          [
            73.06712,
            20.82939
          ],
          [
            73.06736,
            20.82828
          ],
          [
            73.06766,
            20.8268
          ],
          [
            73.06771,
            20.82632
          ],
          [
            73.06773,
            20.82595
          ],
          [
            73.06772,
            20.82571
          ],
          [
            73.0677,
            20.82537
          ],
          [
            73.06764,
            20.82465
          ],
          [
            73.06763,
            20.82419
          ],
          [
            73.06766,
            20.82391
          ],
          [
            73.06771,
            20.82368
          ],
          [
            73.06786,
            20.82322
          ],
          [
            73.06822,
            20.82262
          ],
          [
            73.06867,
            20.82184
          ],
          [
            73.06906,
            20.82115
          ],
          [
            73.0692,
            20.82085
          ],
          [
            73.0693,
            20.82054
          ],
          [
            73.06934,
            20.82026
          ],
          [
            73.06942,
            20.8194
          ],
          [
            73.06951,
            20.81724
          ],
          [
            73.06957,
            20.81596
          ],
          [
            73.06965,
            20.81486
          ],
          [
            73.06976,
            20.81407
          ],
          [
            73.06994,
            20.8133
          ],
          [
            73.07033,
            20.81199
          ],
          [
            73.07083,
            20.8102
          ],
          [
            73.07096,
            20.80949
          ],
          [
            73.07112,
            20.80824
          ],
          [
            73.07135,
            20.80674
          ],
          [
            73.07147,
            20.8052
          ],
          [
            73.07149,
            20.80447
          ],
          [
            73.07146,
            20.80424
          ],
          [
            73.07137,
            20.8038
          ],
          [
            73.07103,
            20.80314
          ],
          [
            73.07062,
            20.80251
          ],
          [
            73.06947,
            20.80073
          ],
          [
            73.06862,
            20.79946
          ],
          [
            73.06724,
            20.7974
          ],
          [
            73.06668,
            20.79652
          ],
          [
            73.06653,
            20.79608
          ],
          [
            73.06638,
            20.79549
          ],
          [
            73.06594,
            20.79355
          ],
          [
            73.0657,
            20.79239
          ],
          [
            73.06541,
            20.79096
          ],
          [
            73.06525,
            20.79009
          ],
          [
            73.06499,
            20.78867
          ],
          [
            73.0645,
            20.78625
          ],
          [
            73.06411,
            20.78472
          ],
          [
            73.06368,
            20.78308
          ],
          [
            73.0628,
            20.77947
          ],
          [
            73.06197,
            20.77617
          ],
          [
            73.06172,
            20.7753
          ],
          [
            73.06084,
            20.77316
          ],
          [
            73.06064,
            20.77261
          ],
          [
            73.05931,
            20.76865
          ],
          [
            73.05885,
            20.76725
          ],
          [
            73.0585,
            20.76596
          ],
          [
            73.05818,
            20.76471
          ],
          [
            73.05778,
            20.76343
          ],
          [
            73.05724,
            20.76163
          ],
          [
            73.05695,
            20.7608
          ],
          [
            73.05677,
            20.76042
          ],
          [
            73.05622,
            20.75946
          ],
          [
            73.05481,
            20.75753
          ],
          [
            73.05372,
            20.75604
          ],
          [
            73.05273,
            20.75473
          ],
          [
            73.05199,
            20.75377
          ],
          [
            73.05039,
            20.75112
          ],
          [
            73.04987,
            20.75036
          ],
          [
            73.04767,
            20.74743
          ],
          [
            73.04718,
            20.74689
          ],
          [
            73.04677,
            20.74653
          ],
          [
            73.0465,
            20.74633
          ],
          [
            73.04634,
            20.74622
          ],
          [
            73.0458,
            20.7459
          ],
          [
            73.04489,
            20.74557
          ],
          [
            73.04185,
            20.74451
          ],
          [
            73.0409,
            20.74424
          ],
          [
            73.04052,
            20.74409
          ],
          [
            73.04,
            20.74386
          ],
          [
            73.03979,
            20.74375
          ],
          [
            73.0391,
            20.74339
          ],
          [
            73.03816,
            20.74276
          ],
          [
            73.03732,
            20.74202
          ],
          [
            73.03653,
            20.74112
          ],
          [
            73.03595,
            20.74031
          ],
          [
            73.03533,
            20.73924
          ],
          [
            73.03232,
            20.73395
          ],
          [
            73.03219,
            20.73368
          ],
          [
            73.03164,
            20.73249
          ],
          [
            73.03103,
            20.73112
          ],
          [
            73.03058,
            20.73008
          ],
          [
            73.02966,
            20.72793
          ],
          [
            73.02912,
            20.72677
          ],
          [
            73.02864,
            20.72565
          ],
          [
            73.02845,
            20.72529
          ],
          [
            73.02824,
            20.725
          ],
          [
            73.02805,
            20.72478
          ],
          [
            73.02765,
            20.72442
          ],
          [
            73.02721,
            20.72411
          ],
          [
            73.02551,
            20.72307
          ],
          [
            73.02458,
            20.7226
          ],
          [
            73.02397,
            20.72224
          ],
          [
            73.02333,
            20.72183
          ],
          [
            73.02288,
            20.72156
          ],
          [
            73.02214,
            20.721
          ],
          [
            73.02185,
            20.72069
          ],
          [
            73.02138,
            20.71991
          ],
          [
            73.01966,
            20.71646
          ],
          [
            73.01951,
            20.71622
          ],
          [
            73.01932,
            20.71599
          ],
          [
            73.01891,
            20.71564
          ],
          [
            73.01855,
            20.71542
          ],
          [
            73.01804,
            20.71522
          ],
          [
            73.01744,
            20.71504
          ],
          [
            73.01649,
            20.71474
          ],
          [
            73.01522,
            20.71432
          ],
          [
            73.01404,
            20.71381
          ],
          [
            73.01354,
            20.71356
          ],
          [
            73.01105,
            20.71232
          ],
          [
            73.01041,
            20.71203
          ],
          [
            73.01011,
            20.71195
          ],
          [
            73.00963,
            20.71188
          ],
          [
            73.00944,
            20.71187
          ],
          [
            73.00764,
            20.71193
          ],
          [
            73.007,
            20.71188
          ],
          [
            73.00636,
            20.71181
          ],
          [
            73.00575,
            20.71171
          ],
          [
            73.00479,
            20.71152
          ],
          [
            73.00444,
            20.71143
          ],
          [
            73.00407,
            20.71131
          ],
          [
            73.00155,
            20.71002
          ],
          [
            73.00094,
            20.70968
          ],
          [
            73.00048,
            20.7094
          ],
          [
            72.99854,
            20.70787
          ],
          [
            72.99802,
            20.70749
          ],
          [
            72.99756,
            20.70723
          ],
          [
            72.99585,
            20.70629
          ],
          [
            72.9892,
            20.70269
          ],
          [
            72.98887,
            20.70248
          ],
          [
            72.98871,
            20.70238
          ],
          [
            72.98842,
            20.70212
          ],
          [
            72.98804,
            20.70174
          ],
          [
            72.98775,
            20.70107
          ],
          [
            72.98757,
            20.70059
          ],
          [
            72.98731,
            20.70007
          ],
          [
            72.98715,
            20.69981
          ],
          [
            72.98689,
            20.69953
          ],
          [
            72.98646,
            20.69922
          ],
          [
            72.986,
            20.699
          ],
          [
            72.98426,
            20.69854
          ],
          [
            72.98403,
            20.69852
          ],
          [
            72.9833,
            20.69846
          ],
          [
            72.98311,
            20.69846
          ],
          [
            72.98212,
            20.69844
          ],
          [
            72.98161,
            20.69842
          ],
          [
            72.9809,
            20.6983
          ],
          [
            72.97972,
            20.69785
          ],
          [
            72.97795,
            20.69709
          ],
          [
            72.97746,
            20.69688
          ],
          [
            72.97707,
            20.69664
          ],
          [
            72.97664,
            20.69631
          ],
          [
            72.97545,
            20.69527
          ],
          [
            72.97128,
            20.69166
          ],
          [
            72.97026,
            20.69068
          ],
          [
            72.96892,
            20.68939
          ],
          [
            72.96432,
            20.68487
          ],
          [
            72.96407,
            20.68463
          ],
          [
            72.96366,
            20.68429
          ],
          [
            72.96305,
            20.68387
          ],
          [
            72.95874,
            20.68136
          ],
          [
            72.95819,
            20.68106
          ],
          [
            72.95665,
            20.68028
          ],
          [
            72.95459,
            20.67926
          ],
          [
            72.9538,
            20.67886
          ],
          [
            72.95367,
            20.67876
          ],
          [
            72.95336,
            20.67852
          ],
          [
            72.9529,
            20.67807
          ],
          [
            72.95156,
            20.67643
          ],
          [
            72.95126,
            20.67596
          ],
          [
            72.95108,
            20.67554
          ],
          [
            72.951,
            20.67509
          ],
          [
            72.95101,
            20.67471
          ],
          [
            72.95112,
            20.6738
          ],
          [
            72.95112,
            20.67338
          ],
          [
            72.9508,
            20.67161
          ],
          [
            72.95059,
            20.67074
          ],
          [
            72.95002,
            20.66838
          ],
          [
            72.94996,
            20.66808
          ],
          [
            72.94994,
            20.6677
          ],
          [
            72.94998,
            20.66723
          ],
          [
            72.95005,
            20.66697
          ],
          [
            72.95101,
            20.66415
          ],
          [
            72.9523,
            20.66037
          ],
          [
            72.95248,
            20.65973
          ],
          [
            72.95253,
            20.65928
          ],
          [
            72.95251,
            20.6586
          ],
          [
            72.95212,
            20.6572
          ],
          [
            72.95197,
            20.65671
          ],
          [
            72.95189,
            20.65627
          ],
          [
            72.95193,
            20.65542
          ],
          [
            72.95212,
            20.65488
          ],
          [
            72.95235,
            20.65452
          ],
          [
            72.9527,
            20.65412
          ],
          [
            72.95329,
            20.65365
          ],
          [
            72.95543,
            20.65211
          ],
          [
            72.95579,
            20.65173
          ],
          [
            72.95597,
            20.65148
          ],
          [
            72.95609,
            20.65125
          ],
          [
            72.95617,
            20.65107
          ],
          [
            72.9563,
            20.65065
          ],
          [
            72.95717,
            20.64687
          ],
          [
            72.95843,
            20.64159
          ],
          [
            72.95898,
            20.6395
          ],
          [
            72.96042,
            20.63532
          ],
          [
            72.96079,
            20.63413
          ],
          [
            72.9609,
            20.63358
          ],
          [
            72.96093,
            20.63283
          ],
          [
            72.96082,
            20.63219
          ],
          [
            72.95996,
            20.62919
          ],
          [
            72.95923,
            20.62687
          ],
          [
            72.95917,
            20.62646
          ],
          [
            72.95914,
            20.62586
          ],
          [
            72.95918,
            20.6253
          ],
          [
            72.9592,
            20.62503
          ],
          [
            72.95936,
            20.62424
          ],
          [
            72.95957,
            20.6234
          ],
          [
            72.95992,
            20.62177
          ],
          [
            72.96023,
            20.62043
          ],
          [
            72.96045,
            20.61936
          ],
          [
            72.96071,
            20.61777
          ],
          [
            72.96106,
            20.616
          ],
          [
            72.96117,
            20.61544
          ],
          [
            72.96215,
            20.61075
          ],
          [
            72.9623,
            20.60981
          ],
          [
            72.96231,
            20.60928
          ],
          [
            72.96223,
            20.60764
          ],
          [
            72.96207,
            20.60672
          ],
          [
            72.96158,
            20.60514
          ],
          [
            72.96128,
            20.60466
          ],
          [
            72.96099,
            20.60428
          ],
          [
            72.96079,
            20.6041
          ],
          [
            72.96041,
            20.60378
          ],
          [
            72.95773,
            20.60188
          ],
          [
            72.95577,
            20.60046
          ],
          [
            72.95465,
            20.59963
          ],
          [
            72.95278,
            20.59832
          ],
          [
            72.95235,
            20.59796
          ],
          [
            72.95226,
            20.59789
          ],
          [
            72.95188,
            20.59749
          ],
          [
            72.95139,
            20.59682
          ],
          [
            72.95104,
            20.59614
          ],
          [
            72.95088,
            20.59576
          ],
          [
            72.95079,
            20.59548
          ],
          [
            72.95072,
            20.59522
          ],
          [
            72.95064,
            20.59479
          ],
          [
            72.9506,
            20.5942
          ],
          [
            72.95065,
            20.59353
          ],
          [
            72.95076,
            20.59305
          ],
          [
            72.95148,
            20.59072
          ],
          [
            72.95248,
            20.58733
          ],
          [
            72.95302,
            20.58552
          ],
          [
            72.95377,
            20.5829
          ],
          [
            72.95406,
            20.58187
          ],
          [
            72.95431,
            20.58097
          ],
          [
            72.95548,
            20.57708
          ],
          [
            72.95575,
            20.57602
          ],
          [
            72.95581,
            20.57563
          ],
          [
            72.95584,
            20.57545
          ],
          [
            72.95586,
            20.57486
          ],
          [
            72.95565,
            20.57237
          ],
          [
            72.95561,
            20.57196
          ],
          [
            72.95537,
            20.56938
          ],
          [
            72.95502,
            20.56624
          ],
          [
            72.95454,
            20.56125
          ],
          [
            72.95453,
            20.56076
          ],
          [
            72.95457,
            20.56022
          ],
          [
            72.95466,
            20.55974
          ],
          [
            72.95554,
            20.55578
          ],
          [
            72.95581,
            20.55456
          ],
          [
            72.95716,
            20.54843
          ],
          [
            72.95741,
            20.54728
          ],
          [
            72.95797,
            20.54499
          ],
          [
            72.95821,
            20.54399
          ],
          [
            72.95848,
            20.54278
          ],
          [
            72.95872,
            20.54189
          ],
          [
            72.95883,
            20.54151
          ],
          [
            72.959,
            20.54103
          ],
          [
            72.95906,
            20.54092
          ],
          [
            72.95918,
            20.54069
          ],
          [
            72.9595,
            20.54023
          ],
          [
            72.96051,
            20.5389
          ],
          [
            72.96118,
            20.53802
          ],
          [
            72.96146,
            20.53746
          ],
          [
            72.96157,
            20.5372
          ],
          [
            72.96163,
            20.53692
          ],
          [
            72.96168,
            20.53659
          ],
          [
            72.96167,
            20.53612
          ],
          [
            72.96161,
            20.53583
          ],
          [
            72.96155,
            20.53554
          ],
          [
            72.96145,
            20.53522
          ],
          [
            72.95985,
            20.53261
          ],
          [
            72.95963,
            20.53228
          ],
          [
            72.95941,
            20.53182
          ],
          [
            72.95933,
            20.53162
          ],
          [
            72.95931,
            20.53147
          ],
          [
            72.95929,
            20.53128
          ],
          [
            72.95929,
            20.53121
          ],
          [
            72.95899,
            20.52639
          ],
          [
            72.95897,
            20.52616
          ],
          [
            72.95887,
            20.52494
          ],
          [
            72.95873,
            20.5244
          ],
          [
            72.95869,
            20.52429
          ],
          [
            72.95859,
            20.52395
          ],
          [
            72.95832,
            20.52338
          ],
          [
            72.95803,
            20.52293
          ],
          [
            72.95765,
            20.52246
          ],
          [
            72.95666,
            20.52138
          ],
          [
            72.95614,
            20.52094
          ],
          [
            72.95305,
            20.51873
          ],
          [
            72.95044,
            20.51692
          ],
          [
            72.95007,
            20.51668
          ],
          [
            72.94829,
            20.51552
          ],
          [
            72.9465,
            20.51433
          ],
          [
            72.94583,
            20.51385
          ],
          [
            72.94557,
            20.51361
          ],
          [
            72.94514,
            20.51304
          ],
          [
            72.94492,
            20.51262
          ],
          [
            72.94477,
            20.51228
          ],
          [
            72.94465,
            20.5119
          ],
          [
            72.94398,
            20.50992
          ],
          [
            72.9433,
            20.50795
          ],
          [
            72.94291,
            20.50668
          ],
          [
            72.94285,
            20.50628
          ],
          [
            72.94288,
            20.50596
          ],
          [
            72.94294,
            20.50566
          ],
          [
            72.94369,
            20.50326
          ],
          [
            72.94387,
            20.50269
          ],
          [
            72.94397,
            20.50232
          ],
          [
            72.944,
            20.50203
          ],
          [
            72.944,
            20.5015
          ],
          [
            72.94395,
            20.50112
          ],
          [
            72.94386,
            20.50079
          ],
          [
            72.94307,
            20.49853
          ],
          [
            72.94181,
            20.49483
          ],
          [
            72.94093,
            20.49219
          ],
          [
            72.94078,
            20.4918
          ],
          [
            72.9406,
            20.49148
          ],
          [
            72.9404,
            20.49114
          ],
          [
            72.94012,
            20.49082
          ],
          [
            72.9398,
            20.49051
          ],
          [
            72.93766,
            20.4889
          ],
          [
            72.93728,
            20.48853
          ],
          [
            72.93701,
            20.48817
          ],
          [
            72.93663,
            20.48748
          ],
          [
            72.9363,
            20.48685
          ],
          [
            72.93592,
            20.48593
          ],
          [
            72.93568,
            20.48514
          ],
          [
            72.93564,
            20.48502
          ],
          [
            72.93554,
            20.48422
          ],
          [
            72.93553,
            20.48359
          ],
          [
            72.93551,
            20.48177
          ],
          [
            72.93542,
            20.48139
          ],
          [
            72.93539,
            20.48129
          ],
          [
            72.93529,
            20.48102
          ],
          [
            72.93508,
            20.48063
          ],
          [
            72.93434,
            20.47964
          ],
          [
            72.92943,
            20.47359
          ],
          [
            72.92854,
            20.47248
          ],
          [
            72.92463,
            20.46775
          ],
          [
            72.92116,
            20.46362
          ],
          [
            72.92087,
            20.46318
          ],
          [
            72.9207,
            20.46285
          ],
          [
            72.92054,
            20.46251
          ],
          [
            72.92046,
            20.46224
          ],
          [
            72.92037,
            20.46179
          ],
          [
            72.92035,
            20.46149
          ],
          [
            72.92035,
            20.4612
          ],
          [
            72.92043,
            20.46013
          ],
          [
            72.92043,
            20.45984
          ],
          [
            72.92039,
            20.45946
          ],
          [
            72.9203,
            20.45877
          ],
          [
            72.91981,
            20.45512
          ],
          [
            72.91939,
            20.45207
          ],
          [
            72.91877,
            20.44818
          ],
          [
            72.91816,
            20.4427
          ],
          [
            72.91778,
            20.44018
          ],
          [
            72.91749,
            20.4373
          ],
          [
            72.91729,
            20.43499
          ],
          [
            72.91692,
            20.43239
          ],
          [
            72.91673,
            20.42986
          ],
          [
            72.91676,
            20.42934
          ],
          [
            72.91683,
            20.42892
          ],
          [
            72.91705,
            20.42831
          ],
          [
            72.91801,
            20.42582
          ],
          [
            72.91814,
            20.42539
          ],
          [
            72.91821,
            20.42478
          ],
          [
            72.91822,
            20.42468
          ],
          [
            72.9182,
            20.42424
          ],
          [
            72.91808,
            20.42382
          ],
          [
            72.91788,
            20.42329
          ],
          [
            72.91769,
            20.42296
          ],
          [
            72.91741,
            20.42255
          ],
          [
            72.91626,
            20.42115
          ],
          [
            72.91597,
            20.4208
          ],
          [
            72.91582,
            20.42053
          ],
          [
            72.9157,
            20.42028
          ],
          [
            72.91556,
            20.41984
          ],
          [
            72.91551,
            20.41952
          ],
          [
            72.91552,
            20.41927
          ],
          [
            72.91552,
            20.41915
          ],
          [
            72.91561,
            20.41864
          ],
          [
            72.91581,
            20.41818
          ],
          [
            72.91642,
            20.41713
          ],
          [
            72.91669,
            20.41656
          ],
          [
            72.91679,
            20.41614
          ],
          [
            72.91691,
            20.41534
          ],
          [
            72.91704,
            20.41356
          ],
          [
            72.91704,
            20.41278
          ],
          [
            72.91685,
            20.41005
          ],
          [
            72.91679,
            20.40968
          ],
          [
            72.91665,
            20.40923
          ],
          [
            72.91639,
            20.40856
          ],
          [
            72.91627,
            20.40825
          ],
          [
            72.91616,
            20.40787
          ],
          [
            72.91578,
            20.40555
          ],
          [
            72.91551,
            20.40462
          ],
          [
            72.91546,
            20.40445
          ],
          [
            72.91469,
            20.40182
          ],
          [
            72.91406,
            20.39973
          ],
          [
            72.9139,
            20.3993
          ],
          [
            72.91338,
            20.39787
          ],
          [
            72.91267,
            20.39517
          ],
          [
            72.91241,
            20.39439
          ],
          [
            72.91185,
            20.39267
          ],
          [
            72.91168,
            20.3917
          ],
          [
            72.9111,
            20.3879
          ],
          [
            72.91101,
            20.38713
          ],
          [
            72.91103,
            20.38669
          ],
          [
            72.91105,
            20.38663
          ],
          [
            72.91107,
            20.38648
          ],
          [
            72.9112,
            20.38614
          ],
          [
            72.91151,
            20.38561
          ],
          [
            72.91333,
            20.38297
          ],
          [
            72.91452,
            20.38123
          ],
          [
            72.91689,
            20.37785
          ],
          [
            72.91805,
            20.37619
          ],
          [
            72.91907,
            20.3748
          ],
          [
            72.9201,
            20.37326
          ],
          [
            72.92233,
            20.37006
          ],
          [
            72.92261,
            20.36969
          ],
          [
            72.92279,
            20.36936
          ],
          [
            72.92284,
            20.36923
          ],
          [
            72.92302,
            20.36869
          ],
          [
            72.92304,
            20.36842
          ],
          [
            72.92297,
            20.3678
          ],
          [
            72.9228,
            20.36715
          ],
          [
            72.92241,
            20.36635
          ],
          [
            72.92202,
            20.36549
          ],
          [
            72.92169,
            20.36494
          ],
          [
            72.9213,
            20.36439
          ],
          [
            72.92032,
            20.36334
          ],
          [
            72.92006,
            20.3631
          ],
          [
            72.91928,
            20.3623
          ],
          [
            72.9182,
            20.36121
          ],
          [
            72.91785,
            20.36086
          ],
          [
            72.91577,
            20.35876
          ],
          [
            72.91321,
            20.35605
          ],
          [
            72.91191,
            20.35459
          ],
          [
            72.91147,
            20.3541
          ],
          [
            72.9104,
            20.35299
          ],
          [
            72.90956,
            20.35204
          ],
          [
            72.90942,
            20.35186
          ],
          [
            72.90907,
            20.35134
          ],
          [
            72.90878,
            20.35066
          ],
          [
            72.90857,
            20.3495
          ],
          [
            72.90859,
            20.34921
          ],
          [
            72.90864,
            20.34865
          ],
          [
            72.90884,
            20.34808
          ],
          [
            72.91025,
            20.34422
          ],
          [
            72.91044,
            20.34367
          ],
          [
            72.9105,
            20.3432
          ],
          [
            72.91052,
            20.34267
          ],
          [
            72.91042,
            20.3423
          ],
          [
            72.9103,
            20.34194
          ],
          [
            72.91002,
            20.34147
          ],
          [
            72.90946,
            20.34087
          ],
          [
            72.90737,
            20.33879
          ],
          [
            72.90663,
            20.33814
          ],
          [
            72.90627,
            20.33771
          ],
          [
            72.90601,
            20.33718
          ],
          [
            72.90587,
            20.33659
          ],
          [
            72.90561,
            20.33331
          ],
          [
            72.90509,
            20.33092
          ],
          [
            72.90432,
            20.32754
          ],
          [
            72.90399,
            20.32554
          ],
          [
            72.90378,
            20.32431
          ],
          [
            72.9036,
            20.32328
          ],
          [
            72.9035,
            20.32266
          ],
          [
            72.90292,
            20.31923
          ],
          [
            72.90281,
            20.31861
          ],
          [
            72.90238,
            20.31566
          ],
          [
            72.90188,
            20.3123
          ],
          [
            72.90106,
            20.3067
          ],
          [
            72.90092,
            20.30575
          ],
          [
            72.90089,
            20.30557
          ],
          [
            72.90075,
            20.30342
          ],
          [
            72.9007,
            20.30238
          ],
          [
            72.90062,
            20.30125
          ],
          [
            72.90034,
            20.29818
          ],
          [
            72.9003,
            20.29687
          ],
          [
            72.90043,
            20.29434
          ],
          [
            72.90044,
            20.29362
          ],
          [
            72.90054,
            20.29179
          ],
          [
            72.90061,
            20.28999
          ],
          [
            72.90053,
            20.28929
          ],
          [
            72.90027,
            20.2886
          ],
          [
            72.89998,
            20.28807
          ],
          [
            72.89776,
            20.28549
          ],
          [
            72.89672,
            20.28427
          ],
          [
            72.8934,
            20.28041
          ],
          [
            72.8926,
            20.27948
          ],
          [
            72.89145,
            20.27814
          ],
          [
            72.88955,
            20.27589
          ],
          [
            72.88867,
            20.27465
          ],
          [
            72.88784,
            20.27328
          ],
          [
            72.88698,
            20.27188
          ],
          [
            72.8867,
            20.27142
          ],
          [
            72.88636,
            20.27077
          ],
          [
            72.88625,
            20.27054
          ],
          [
            72.88604,
            20.26982
          ],
          [
            72.88576,
            20.2684
          ],
          [
            72.88551,
            20.26687
          ],
          [
            72.88522,
            20.2651
          ],
          [
            72.88459,
            20.26146
          ],
          [
            72.88442,
            20.2603
          ],
          [
            72.88423,
            20.2581
          ],
          [
            72.88407,
            20.25624
          ],
          [
            72.88401,
            20.25553
          ],
          [
            72.8836,
            20.25132
          ],
          [
            72.88373,
            20.24841
          ],
          [
            72.88376,
            20.24776
          ],
          [
            72.88381,
            20.24648
          ],
          [
            72.88383,
            20.24617
          ],
          [
            72.88394,
            20.24374
          ],
          [
            72.88392,
            20.2428
          ],
          [
            72.88388,
            20.24201
          ],
          [
            72.88362,
            20.23909
          ],
          [
            72.88356,
            20.23808
          ],
          [
            72.88315,
            20.23184
          ],
          [
            72.88295,
            20.22968
          ],
          [
            72.88282,
            20.22836
          ],
          [
            72.88268,
            20.227
          ],
          [
            72.88252,
            20.2247
          ],
          [
            72.88251,
            20.22457
          ],
          [
            72.88246,
            20.22372
          ],
          [
            72.88233,
            20.22175
          ],
          [
            72.88226,
            20.22051
          ],
          [
            72.88224,
            20.22022
          ],
          [
            72.88216,
            20.21901
          ],
          [
            72.88199,
            20.21686
          ],
          [
            72.88181,
            20.21507
          ],
          [
            72.8818,
            20.21447
          ],
          [
            72.88183,
            20.21418
          ],
          [
            72.88189,
            20.21386
          ],
          [
            72.88207,
            20.21325
          ],
          [
            72.88225,
            20.21277
          ],
          [
            72.8824,
            20.21253
          ],
          [
            72.88263,
            20.21221
          ],
          [
            72.88327,
            20.21167
          ],
          [
            72.88358,
            20.21149
          ],
          [
            72.88401,
            20.21124
          ],
          [
            72.88465,
            20.2109
          ],
          [
            72.88547,
            20.21046
          ],
          [
            72.88636,
            20.20999
          ],
          [
            72.8885,
            20.20886
          ],
          [
            72.88884,
            20.20859
          ],
          [
            72.88908,
            20.2083
          ],
          [
            72.88918,
            20.20809
          ],
          [
            72.8892,
            20.20801
          ],
          [
            72.88929,
            20.2077
          ],
          [
            72.88935,
            20.20698
          ],
          [
            72.88939,
            20.20626
          ],
          [
            72.88936,
            20.20533
          ],
          [
            72.88917,
            20.20037
          ],
          [
            72.88915,
            20.19942
          ],
          [
            72.88916,
            20.19891
          ],
          [
            72.88931,
            20.19808
          ],
          [
            72.88956,
            20.19633
          ],
          [
            72.88974,
            20.19528
          ],
          [
            72.88994,
            20.1942
          ],
          [
            72.89035,
            20.19209
          ],
          [
            72.89084,
            20.18982
          ],
          [
            72.89102,
            20.18884
          ],
          [
            72.89142,
            20.18676
          ],
          [
            72.89174,
            20.18506
          ],
          [
            72.89184,
            20.18482
          ],
          [
            72.89195,
            20.18453
          ],
          [
            72.89229,
            20.18409
          ],
          [
            72.89343,
            20.18245
          ],
          [
            72.89431,
            20.18122
          ],
          [
            72.89672,
            20.17774
          ],
          [
            72.90021,
            20.17312
          ],
          [
            72.90106,
            20.17205
          ],
          [
            72.90116,
            20.17193
          ],
          [
            72.90381,
            20.16928
          ],
          [
            72.9055,
            20.16755
          ],
          [
            72.9058,
            20.16716
          ],
          [
            72.90612,
            20.16654
          ],
          [
            72.90715,
            20.16419
          ],
          [
            72.90813,
            20.1621
          ],
          [
            72.90843,
            20.16144
          ],
          [
            72.90874,
            20.16092
          ],
          [
            72.90938,
            20.1598
          ],
          [
            72.9098,
            20.15904
          ],
          [
            72.91003,
            20.15874
          ],
          [
            72.91051,
            20.15808
          ],
          [
            72.91178,
            20.15662
          ],
          [
            72.91292,
            20.15545
          ],
          [
            72.91359,
            20.15475
          ],
          [
            72.91408,
            20.15411
          ],
          [
            72.91438,
            20.15362
          ],
          [
            72.91495,
            20.15268
          ],
          [
            72.91537,
            20.15162
          ],
          [
            72.91564,
            20.15049
          ],
          [
            72.91585,
            20.14997
          ],
          [
            72.91676,
            20.14827
          ],
          [
            72.91694,
            20.14768
          ],
          [
            72.91697,
            20.14728
          ],
          [
            72.91693,
            20.14657
          ],
          [
            72.91676,
            20.1459
          ],
          [
            72.91658,
            20.14467
          ],
          [
            72.91653,
            20.14351
          ],
          [
            72.91651,
            20.14276
          ],
          [
            72.91658,
            20.14157
          ],
          [
            72.91666,
            20.14079
          ],
          [
            72.9168,
            20.14004
          ],
          [
            72.91718,
            20.13874
          ],
          [
            72.91751,
            20.1378
          ],
          [
            72.91761,
            20.13726
          ],
          [
            72.91764,
            20.13699
          ],
          [
            72.91772,
            20.13631
          ],
          [
            72.91771,
            20.13591
          ],
          [
            72.91762,
            20.1349
          ],
          [
            72.91751,
            20.13378
          ],
          [
            72.91725,
            20.13155
          ],
          [
            72.91713,
            20.13072
          ],
          [
            72.91704,
            20.12992
          ],
          [
            72.91697,
            20.12881
          ],
          [
            72.91696,
            20.12669
          ],
          [
            72.91695,
            20.12287
          ],
          [
            72.9169,
            20.12147
          ],
          [
            72.91686,
            20.11967
          ],
          [
            72.91683,
            20.11644
          ],
          [
            72.91679,
            20.11481
          ],
          [
            72.91679,
            20.11395
          ],
          [
            72.91679,
            20.11302
          ],
          [
            72.91676,
            20.11158
          ],
          [
            72.91671,
            20.11053
          ],
          [
            72.91666,
            20.11011
          ],
          [
            72.91649,
            20.10924
          ],
          [
            72.9162,
            20.10813
          ],
          [
            72.91599,
            20.10752
          ],
          [
            72.91573,
            20.10677
          ],
          [
            72.91525,
            20.10546
          ],
          [
            72.91497,
            20.10471
          ],
          [
            72.91457,
            20.10344
          ],
          [
            72.91414,
            20.1023
          ],
          [
            72.9135,
            20.10053
          ],
          [
            72.9125,
            20.09769
          ],
          [
            72.91234,
            20.09715
          ],
          [
            72.91225,
            20.09677
          ],
          [
            72.9122,
            20.0965
          ],
          [
            72.91212,
            20.09572
          ],
          [
            72.91215,
            20.0948
          ],
          [
            72.91236,
            20.09309
          ],
          [
            72.91255,
            20.09166
          ],
          [
            72.91267,
            20.09062
          ],
          [
            72.91288,
            20.089
          ],
          [
            72.91293,
            20.08823
          ],
          [
            72.91326,
            20.08568
          ],
          [
            72.91355,
            20.08392
          ],
          [
            72.9138,
            20.08168
          ],
          [
            72.91392,
            20.08074
          ],
          [
            72.91417,
            20.08049
          ],
          [
            72.91473,
            20.08
          ],
          [
            72.91515,
            20.07764
          ],
          [
            72.91522,
            20.07704
          ],
          [
            72.91564,
            20.07679
          ],
          [
            72.91586,
            20.07635
          ],
          [
            72.91586,
            20.07565
          ],
          [
            72.91583,
            20.0756
          ],
          [
            72.91579,
            20.07559
          ],
          [
            72.91573,
            20.07557
          ],
          [
            72.91567,
            20.07558
          ],
          [
            72.91562,
            20.0756
          ],
          [
            72.91561,
            20.07564
          ],
          [
            72.91568,
            20.07596
          ],
          [
            72.9157,
            20.0762
          ],
          [
            72.91568,
            20.07632
          ],
          [
            72.91559,
            20.07653
          ],
          [
            72.91535,
            20.07665
          ],
          [
            72.91521,
            20.07665
          ],
          [
            72.9151,
            20.07659
          ],
          [
            72.91466,
            20.07599
          ],
          [
            72.91456,
            20.07576
          ],
          [
            72.91455,
            20.07561
          ],
          [
            72.91486,
            20.07325
          ],
          [
            72.91639,
            20.06114
          ],
          [
            72.91672,
            20.0586
          ],
          [
            72.91719,
            20.05632
          ],
          [
            72.91776,
            20.05367
          ],
          [
            72.91788,
            20.05314
          ],
          [
            72.91803,
            20.05246
          ],
          [
            72.91855,
            20.04983
          ],
          [
            72.91936,
            20.04609
          ],
          [
            72.91972,
            20.04457
          ],
          [
            72.92159,
            20.03579
          ],
          [
            72.92213,
            20.03334
          ],
          [
            72.92256,
            20.0312
          ],
          [
            72.92293,
            20.02948
          ],
          [
            72.92304,
            20.02895
          ],
          [
            72.9232,
            20.02807
          ],
          [
            72.92355,
            20.02656
          ],
          [
            72.92367,
            20.02598
          ],
          [
            72.92378,
            20.02541
          ],
          [
            72.92449,
            20.02209
          ],
          [
            72.92499,
            20.01974
          ],
          [
            72.92506,
            20.01938
          ],
          [
            72.92566,
            20.01661
          ],
          [
            72.92619,
            20.01419
          ],
          [
            72.92635,
            20.01356
          ],
          [
            72.9278,
            20.00955
          ],
          [
            72.92867,
            20.00729
          ],
          [
            72.92915,
            20.00593
          ],
          [
            72.9293,
            20.00529
          ],
          [
            72.92937,
            20.00443
          ],
          [
            72.9293,
            20.00377
          ],
          [
            72.92914,
            20.00294
          ],
          [
            72.92831,
            19.999
          ],
          [
            72.9273,
            19.99424
          ],
          [
            72.92641,
            19.99042
          ],
          [
            72.92611,
            19.98892
          ],
          [
            72.926,
            19.98806
          ],
          [
            72.92609,
            19.98743
          ],
          [
            72.92624,
            19.98691
          ],
          [
            72.92734,
            19.98446
          ],
          [
            72.9279,
            19.98306
          ],
          [
            72.92833,
            19.98204
          ],
          [
            72.92881,
            19.98096
          ],
          [
            72.9295,
            19.97917
          ],
          [
            72.93015,
            19.9775
          ],
          [
            72.9304,
            19.97686
          ],
          [
            72.93122,
            19.97477
          ],
          [
            72.93145,
            19.97389
          ],
          [
            72.93155,
            19.97346
          ],
          [
            72.93187,
            19.96985
          ],
          [
            72.93211,
            19.96743
          ],
          [
            72.93234,
            19.96514
          ],
          [
            72.93273,
            19.96102
          ],
          [
            72.93341,
            19.95327
          ],
          [
            72.93359,
            19.95141
          ],
          [
            72.93374,
            19.9506
          ],
          [
            72.93422,
            19.94845
          ],
          [
            72.93451,
            19.94692
          ],
          [
            72.93477,
            19.94558
          ],
          [
            72.93562,
            19.94162
          ],
          [
            72.9357,
            19.94114
          ],
          [
            72.93572,
            19.94079
          ],
          [
            72.93572,
            19.94042
          ],
          [
            72.9357,
            19.94004
          ],
          [
            72.93561,
            19.93952
          ],
          [
            72.93535,
            19.93847
          ],
          [
            72.93513,
            19.93766
          ],
          [
            72.93463,
            19.93583
          ],
          [
            72.93442,
            19.93511
          ],
          [
            72.93411,
            19.93397
          ],
          [
            72.93401,
            19.93352
          ],
          [
            72.93397,
            19.93308
          ],
          [
            72.93394,
            19.93222
          ],
          [
            72.93396,
            19.93155
          ],
          [
            72.93411,
            19.93008
          ],
          [
            72.93451,
            19.92652
          ],
          [
            72.93469,
            19.92537
          ],
          [
            72.93529,
            19.92287
          ],
          [
            72.93558,
            19.92173
          ],
          [
            72.93584,
            19.921
          ],
          [
            72.9372,
            19.91775
          ],
          [
            72.93751,
            19.91699
          ],
          [
            72.93782,
            19.91625
          ],
          [
            72.9379,
            19.91608
          ],
          [
            72.93876,
            19.91401
          ],
          [
            72.93945,
            19.91239
          ],
          [
            72.9397,
            19.9118
          ],
          [
            72.94001,
            19.91106
          ],
          [
            72.94025,
            19.91042
          ],
          [
            72.94033,
            19.91006
          ],
          [
            72.94034,
            19.90985
          ],
          [
            72.94032,
            19.90974
          ],
          [
            72.93973,
            19.90771
          ],
          [
            72.93963,
            19.90726
          ],
          [
            72.93955,
            19.90686
          ],
          [
            72.93952,
            19.90648
          ],
          [
            72.93952,
            19.90597
          ],
          [
            72.9396,
            19.90529
          ],
          [
            72.93984,
            19.9043
          ],
          [
            72.9402,
            19.90283
          ],
          [
            72.94092,
            19.89988
          ],
          [
            72.94096,
            19.89951
          ],
          [
            72.94098,
            19.89927
          ],
          [
            72.94107,
            19.89705
          ],
          [
            72.94107,
            19.89647
          ],
          [
            72.94111,
            19.89598
          ],
          [
            72.94119,
            19.89554
          ],
          [
            72.94138,
            19.89476
          ],
          [
            72.94175,
            19.89362
          ],
          [
            72.94283,
            19.89047
          ],
          [
            72.94354,
            19.88812
          ],
          [
            72.94423,
            19.886
          ],
          [
            72.94495,
            19.88418
          ],
          [
            72.94501,
            19.88395
          ],
          [
            72.94509,
            19.88354
          ],
          [
            72.94508,
            19.88311
          ],
          [
            72.94501,
            19.8828
          ],
          [
            72.94489,
            19.88238
          ],
          [
            72.94464,
            19.88157
          ],
          [
            72.94459,
            19.88124
          ],
          [
            72.94456,
            19.88085
          ],
          [
            72.9446,
            19.88034
          ],
          [
            72.94483,
            19.87913
          ],
          [
            72.94484,
            19.87868
          ],
          [
            72.9448,
            19.87729
          ],
          [
            72.94465,
            19.8745
          ],
          [
            72.94467,
            19.87378
          ],
          [
            72.94473,
            19.87293
          ],
          [
            72.94524,
            19.87007
          ],
          [
            72.94541,
            19.86904
          ],
          [
            72.94579,
            19.86668
          ],
          [
            72.94595,
            19.86567
          ],
          [
            72.94604,
            19.86513
          ],
          [
            72.94612,
            19.86469
          ],
          [
            72.94623,
            19.86409
          ],
          [
            72.94624,
            19.86376
          ],
          [
            72.94625,
            19.86353
          ],
          [
            72.94618,
            19.8627
          ],
          [
            72.94611,
            19.86157
          ],
          [
            72.94605,
            19.85951
          ],
          [
            72.94612,
            19.85871
          ],
          [
            72.94645,
            19.85676
          ],
          [
            72.94664,
            19.85623
          ],
          [
            72.94745,
            19.85446
          ],
          [
            72.94766,
            19.85374
          ],
          [
            72.94783,
            19.85291
          ],
          [
            72.9479,
            19.85251
          ],
          [
            72.94799,
            19.85184
          ],
          [
            72.948,
            19.85162
          ],
          [
            72.94817,
            19.85074
          ],
          [
            72.94832,
            19.84933
          ],
          [
            72.94846,
            19.84752
          ],
          [
            72.94858,
            19.84665
          ],
          [
            72.94887,
            19.84551
          ],
          [
            72.94894,
            19.84526
          ],
          [
            72.95033,
            19.83978
          ],
          [
            72.95123,
            19.83607
          ],
          [
            72.95142,
            19.83511
          ],
          [
            72.9516,
            19.83358
          ],
          [
            72.9516,
            19.83282
          ],
          [
            72.95115,
            19.83139
          ],
          [
            72.95077,
            19.83026
          ],
          [
            72.95037,
            19.82903
          ],
          [
            72.94997,
            19.82788
          ],
          [
            72.94854,
            19.82532
          ],
          [
            72.94809,
            19.82473
          ],
          [
            72.94769,
            19.82432
          ],
          [
            72.94703,
            19.82389
          ],
          [
            72.94537,
            19.82278
          ],
          [
            72.94427,
            19.82192
          ],
          [
            72.94297,
            19.82089
          ],
          [
            72.94227,
            19.82029
          ],
          [
            72.94176,
            19.82004
          ],
          [
            72.94156,
            19.81999
          ],
          [
            72.94146,
            19.81997
          ],
          [
            72.94127,
            19.81997
          ],
          [
            72.93923,
            19.8203
          ],
          [
            72.93858,
            19.82024
          ],
          [
            72.93806,
            19.82011
          ],
          [
            72.93765,
            19.81992
          ],
          [
            72.93743,
            19.81977
          ],
          [
            72.9371,
            19.81946
          ],
          [
            72.93683,
            19.81918
          ],
          [
            72.93661,
            19.81885
          ],
          [
            72.9364,
            19.81825
          ],
          [
            72.93613,
            19.81665
          ],
          [
            72.93599,
            19.81631
          ],
          [
            72.93582,
            19.81597
          ],
          [
            72.93555,
            19.81565
          ],
          [
            72.93525,
            19.81532
          ],
          [
            72.93152,
            19.81226
          ],
          [
            72.93108,
            19.81207
          ],
          [
            72.93069,
            19.81195
          ],
          [
            72.93021,
            19.81177
          ],
          [
            72.92989,
            19.81159
          ],
          [
            72.92963,
            19.81126
          ],
          [
            72.92939,
            19.8109
          ],
          [
            72.92913,
            19.81038
          ],
          [
            72.92884,
            19.81001
          ],
          [
            72.92695,
            19.8081
          ],
          [
            72.92557,
            19.80658
          ],
          [
            72.92505,
            19.80608
          ],
          [
            72.92258,
            19.8043
          ],
          [
            72.92116,
            19.80299
          ],
          [
            72.919,
            19.79974
          ],
          [
            72.91859,
            19.79934
          ],
          [
            72.91801,
            19.79905
          ],
          [
            72.91724,
            19.79889
          ],
          [
            72.91555,
            19.79839
          ],
          [
            72.91515,
            19.79833
          ],
          [
            72.91382,
            19.79837
          ],
          [
            72.91338,
            19.79829
          ],
          [
            72.91306,
            19.79815
          ],
          [
            72.91262,
            19.79784
          ],
          [
            72.91225,
            19.79742
          ],
          [
            72.91212,
            19.79709
          ],
          [
            72.91206,
            19.79669
          ],
          [
            72.91232,
            19.7955
          ],
          [
            72.91233,
            19.79485
          ],
          [
            72.91206,
            19.79363
          ],
          [
            72.912,
            19.79258
          ],
          [
            72.91227,
            19.78833
          ],
          [
            72.9123,
            19.7878
          ],
          [
            72.91238,
            19.78712
          ],
          [
            72.91241,
            19.78687
          ],
          [
            72.91255,
            19.78604
          ],
          [
            72.91281,
            19.78474
          ],
          [
            72.9134,
            19.78312
          ],
          [
            72.91347,
            19.78289
          ],
          [
            72.91367,
            19.78222
          ],
          [
            72.91373,
            19.78169
          ],
          [
            72.91373,
            19.78138
          ],
          [
            72.91368,
            19.78069
          ],
          [
            72.91342,
            19.77732
          ],
          [
            72.91365,
            19.7737
          ],
          [
            72.91381,
            19.77272
          ],
          [
            72.91442,
            19.76889
          ],
          [
            72.9147,
            19.7668
          ],
          [
            72.91504,
            19.76534
          ],
          [
            72.91516,
            19.76479
          ],
          [
            72.9152,
            19.76436
          ],
          [
            72.91522,
            19.76414
          ],
          [
            72.91513,
            19.76275
          ],
          [
            72.91518,
            19.76181
          ],
          [
            72.91544,
            19.75925
          ],
          [
            72.91553,
            19.75837
          ],
          [
            72.9158,
            19.75576
          ],
          [
            72.9159,
            19.75477
          ],
          [
            72.91599,
            19.75385
          ],
          [
            72.91603,
            19.75341
          ],
          [
            72.91619,
            19.75184
          ],
          [
            72.91632,
            19.74995
          ],
          [
            72.91634,
            19.74897
          ],
          [
            72.91636,
            19.74797
          ],
          [
            72.91641,
            19.74533
          ],
          [
            72.91649,
            19.74377
          ],
          [
            72.91661,
            19.74143
          ],
          [
            72.91671,
            19.73986
          ],
          [
            72.91674,
            19.73964
          ],
          [
            72.9169,
            19.73869
          ],
          [
            72.91714,
            19.73787
          ],
          [
            72.91753,
            19.73706
          ],
          [
            72.91762,
            19.73693
          ],
          [
            72.91802,
            19.73638
          ],
          [
            72.92017,
            19.73416
          ],
          [
            72.92221,
            19.73216
          ],
          [
            72.92599,
            19.72905
          ],
          [
            72.92686,
            19.72839
          ],
          [
            72.92743,
            19.72783
          ],
          [
            72.9288,
            19.72605
          ],
          [
            72.92913,
            19.72561
          ],
          [
            72.92982,
            19.72465
          ],
          [
            72.9307,
            19.72352
          ],
          [
            72.9318,
            19.72211
          ],
          [
            72.93214,
            19.72178
          ],
          [
            72.93245,
            19.72151
          ],
          [
            72.93291,
            19.72118
          ],
          [
            72.93337,
            19.72082
          ],
          [
            72.93374,
            19.72051
          ],
          [
            72.93411,
            19.72008
          ],
          [
            72.93446,
            19.71959
          ],
          [
            72.93448,
            19.71956
          ],
          [
            72.93451,
            19.71951
          ],
          [
            72.93454,
            19.71947
          ],
          [
            72.93481,
            19.71905
          ],
          [
            72.93508,
            19.71857
          ],
          [
            72.93528,
            19.71815
          ],
          [
            72.93541,
            19.71772
          ],
          [
            72.93546,
            19.71732
          ],
          [
            72.93545,
            19.71695
          ],
          [
            72.9354,
            19.71645
          ],
          [
            72.93523,
            19.71602
          ],
          [
            72.93499,
            19.71554
          ],
          [
            72.93472,
            19.7152
          ],
          [
            72.93451,
            19.71498
          ],
          [
            72.93319,
            19.71387
          ],
          [
            72.93175,
            19.71273
          ],
          [
            72.92986,
            19.71118
          ],
          [
            72.92831,
            19.70999
          ],
          [
            72.9278,
            19.7096
          ],
          [
            72.9274,
            19.70933
          ],
          [
            72.92702,
            19.70915
          ],
          [
            72.92645,
            19.70893
          ],
          [
            72.925,
            19.7086
          ],
          [
            72.92276,
            19.7081
          ],
          [
            72.92076,
            19.70766
          ],
          [
            72.91967,
            19.70729
          ],
          [
            72.91884,
            19.70699
          ],
          [
            72.91826,
            19.70681
          ],
          [
            72.91789,
            19.70673
          ],
          [
            72.91741,
            19.70668
          ],
          [
            72.9158,
            19.70656
          ],
          [
            72.91534,
            19.7065
          ],
          [
            72.91429,
            19.7063
          ],
          [
            72.9126,
            19.70595
          ],
          [
            72.91227,
            19.70585
          ],
          [
            72.91178,
            19.70567
          ],
          [
            72.91146,
            19.70549
          ],
          [
            72.91107,
            19.70521
          ],
          [
            72.91067,
            19.70483
          ],
          [
            72.9105,
            19.70462
          ],
          [
            72.9103,
            19.70431
          ],
          [
            72.91017,
            19.70401
          ],
          [
            72.91005,
            19.70365
          ],
          [
            72.90997,
            19.70324
          ],
          [
            72.90994,
            19.70287
          ],
          [
            72.90962,
            19.69637
          ],
          [
            72.90964,
            19.69591
          ],
          [
            72.9097,
            19.69552
          ],
          [
            72.90981,
            19.69515
          ],
          [
            72.91006,
            19.69456
          ],
          [
            72.91021,
            19.69435
          ],
          [
            72.91037,
            19.69405
          ],
          [
            72.91052,
            19.69378
          ],
          [
            72.91071,
            19.69339
          ],
          [
            72.91084,
            19.69306
          ],
          [
            72.91093,
            19.6926
          ],
          [
            72.91094,
            19.69216
          ],
          [
            72.91091,
            19.69176
          ],
          [
            72.91081,
            19.69133
          ],
          [
            72.91035,
            19.6903
          ],
          [
            72.90979,
            19.68908
          ],
          [
            72.90957,
            19.68845
          ],
          [
            72.90945,
            19.68792
          ],
          [
            72.90932,
            19.68725
          ],
          [
            72.90923,
            19.68659
          ],
          [
            72.90899,
            19.68223
          ],
          [
            72.90894,
            19.68168
          ],
          [
            72.90877,
            19.68091
          ],
          [
            72.90863,
            19.68055
          ],
          [
            72.90845,
            19.68023
          ],
          [
            72.90817,
            19.67982
          ],
          [
            72.90757,
            19.67901
          ],
          [
            72.90676,
            19.67787
          ],
          [
            72.90656,
            19.67757
          ],
          [
            72.90628,
            19.67698
          ],
          [
            72.9062,
            19.67673
          ],
          [
            72.9061,
            19.6763
          ],
          [
            72.90607,
            19.67599
          ],
          [
            72.90606,
            19.67552
          ],
          [
            72.90611,
            19.67358
          ],
          [
            72.90618,
            19.67113
          ],
          [
            72.9062,
            19.67051
          ],
          [
            72.90622,
            19.66972
          ],
          [
            72.90631,
            19.66623
          ],
          [
            72.90636,
            19.66369
          ],
          [
            72.90648,
            19.65986
          ],
          [
            72.90659,
            19.65627
          ],
          [
            72.90666,
            19.65374
          ],
          [
            72.90671,
            19.65343
          ],
          [
            72.90679,
            19.65314
          ],
          [
            72.90689,
            19.65285
          ],
          [
            72.90702,
            19.65257
          ],
          [
            72.90724,
            19.65225
          ],
          [
            72.90748,
            19.65194
          ],
          [
            72.91067,
            19.64858
          ],
          [
            72.91173,
            19.64748
          ],
          [
            72.9141,
            19.64496
          ],
          [
            72.91463,
            19.64436
          ],
          [
            72.91482,
            19.6441
          ],
          [
            72.91498,
            19.64384
          ],
          [
            72.91511,
            19.6436
          ],
          [
            72.91523,
            19.6433
          ],
          [
            72.91536,
            19.64267
          ],
          [
            72.91541,
            19.6418
          ],
          [
            72.91529,
            19.63527
          ],
          [
            72.91523,
            19.63285
          ],
          [
            72.91522,
            19.63156
          ],
          [
            72.91519,
            19.63105
          ],
          [
            72.91514,
            19.63069
          ],
          [
            72.91505,
            19.63034
          ],
          [
            72.91492,
            19.63002
          ],
          [
            72.91485,
            19.62989
          ],
          [
            72.91473,
            19.62968
          ],
          [
            72.91448,
            19.62932
          ],
          [
            72.9141,
            19.62886
          ],
          [
            72.91368,
            19.62839
          ],
          [
            72.9125,
            19.62707
          ],
          [
            72.91186,
            19.62639
          ],
          [
            72.91107,
            19.62546
          ],
          [
            72.91073,
            19.62507
          ],
          [
            72.91053,
            19.62478
          ],
          [
            72.91031,
            19.6243
          ],
          [
            72.91018,
            19.62391
          ],
          [
            72.91014,
            19.62363
          ],
          [
            72.91013,
            19.62329
          ],
          [
            72.91016,
            19.623
          ],
          [
            72.91021,
            19.62271
          ],
          [
            72.9103,
            19.62248
          ],
          [
            72.91046,
            19.62213
          ],
          [
            72.91126,
            19.62093
          ],
          [
            72.91382,
            19.61715
          ],
          [
            72.91421,
            19.61658
          ],
          [
            72.91444,
            19.61618
          ],
          [
            72.91473,
            19.61554
          ],
          [
            72.91483,
            19.61525
          ],
          [
            72.91493,
            19.6149
          ],
          [
            72.91497,
            19.61449
          ],
          [
            72.91497,
            19.61241
          ],
          [
            72.91497,
            19.61161
          ],
          [
            72.91497,
            19.61005
          ],
          [
            72.91501,
            19.60603
          ],
          [
            72.915,
            19.60563
          ],
          [
            72.91497,
            19.60527
          ],
          [
            72.91488,
            19.60482
          ],
          [
            72.91477,
            19.6044
          ],
          [
            72.91436,
            19.60347
          ],
          [
            72.91372,
            19.60211
          ],
          [
            72.91316,
            19.60094
          ],
          [
            72.91306,
            19.60061
          ],
          [
            72.91299,
            19.60026
          ],
          [
            72.91298,
            19.59988
          ],
          [
            72.91302,
            19.59957
          ],
          [
            72.9131,
            19.59925
          ],
          [
            72.91331,
            19.59881
          ],
          [
            72.91388,
            19.59789
          ],
          [
            72.91408,
            19.59752
          ],
          [
            72.91421,
            19.59718
          ],
          [
            72.91426,
            19.59684
          ],
          [
            72.91423,
            19.59653
          ],
          [
            72.91418,
            19.5963
          ],
          [
            72.91404,
            19.59599
          ],
          [
            72.91374,
            19.59539
          ],
          [
            72.91314,
            19.59408
          ],
          [
            72.91297,
            19.59342
          ],
          [
            72.91283,
            19.59284
          ],
          [
            72.91276,
            19.5923
          ],
          [
            72.91278,
            19.59184
          ],
          [
            72.91285,
            19.59141
          ],
          [
            72.91293,
            19.5911
          ],
          [
            72.91311,
            19.59058
          ],
          [
            72.9139,
            19.58879
          ],
          [
            72.91404,
            19.58838
          ],
          [
            72.91421,
            19.58775
          ],
          [
            72.91546,
            19.58072
          ],
          [
            72.91558,
            19.57995
          ],
          [
            72.91571,
            19.57952
          ],
          [
            72.91586,
            19.57914
          ],
          [
            72.91667,
            19.57757
          ],
          [
            72.91699,
            19.57687
          ],
          [
            72.91715,
            19.57646
          ],
          [
            72.91725,
            19.57599
          ],
          [
            72.91726,
            19.57555
          ],
          [
            72.91723,
            19.57528
          ],
          [
            72.91722,
            19.57514
          ],
          [
            72.91697,
            19.57417
          ],
          [
            72.91585,
            19.57034
          ],
          [
            72.91525,
            19.56803
          ],
          [
            72.91432,
            19.56509
          ],
          [
            72.91407,
            19.56389
          ],
          [
            72.91395,
            19.56238
          ],
          [
            72.91395,
            19.56096
          ],
          [
            72.91381,
            19.55253
          ],
          [
            72.91382,
            19.55225
          ],
          [
            72.91393,
            19.5514
          ],
          [
            72.91403,
            19.55097
          ],
          [
            72.91425,
            19.55012
          ],
          [
            72.91483,
            19.548
          ],
          [
            72.91552,
            19.54553
          ],
          [
            72.91609,
            19.54334
          ],
          [
            72.91621,
            19.54296
          ],
          [
            72.91677,
            19.54092
          ],
          [
            72.91747,
            19.53823
          ],
          [
            72.91753,
            19.53766
          ],
          [
            72.91755,
            19.53724
          ],
          [
            72.91754,
            19.53694
          ],
          [
            72.91735,
            19.53504
          ],
          [
            72.91687,
            19.53075
          ],
          [
            72.91671,
            19.52921
          ],
          [
            72.91669,
            19.52876
          ],
          [
            72.91668,
            19.5283
          ],
          [
            72.91673,
            19.52672
          ],
          [
            72.91686,
            19.52317
          ],
          [
            72.91691,
            19.52256
          ],
          [
            72.91692,
            19.52242
          ],
          [
            72.91701,
            19.52046
          ],
          [
            72.91703,
            19.51953
          ],
          [
            72.91704,
            19.51571
          ],
          [
            72.91701,
            19.51484
          ],
          [
            72.91701,
            19.51423
          ],
          [
            72.91705,
            19.51377
          ],
          [
            72.91713,
            19.51346
          ],
          [
            72.91757,
            19.51203
          ],
          [
            72.91766,
            19.51163
          ],
          [
            72.91767,
            19.51141
          ],
          [
            72.91769,
            19.51116
          ],
          [
            72.91767,
            19.51061
          ],
          [
            72.91761,
            19.51004
          ],
          [
            72.91747,
            19.50881
          ],
          [
            72.91744,
            19.50837
          ],
          [
            72.91747,
            19.50797
          ],
          [
            72.91756,
            19.50738
          ],
          [
            72.91763,
            19.50681
          ],
          [
            72.91777,
            19.5058
          ],
          [
            72.91795,
            19.50483
          ],
          [
            72.91851,
            19.50228
          ],
          [
            72.91856,
            19.50177
          ],
          [
            72.91853,
            19.50132
          ],
          [
            72.91847,
            19.50107
          ],
          [
            72.91829,
            19.50049
          ],
          [
            72.91818,
            19.50027
          ],
          [
            72.91797,
            19.49995
          ],
          [
            72.91772,
            19.49966
          ],
          [
            72.91656,
            19.49837
          ],
          [
            72.91601,
            19.49785
          ],
          [
            72.91584,
            19.49773
          ],
          [
            72.9157,
            19.49763
          ],
          [
            72.91431,
            19.49677
          ],
          [
            72.91371,
            19.49642
          ],
          [
            72.91366,
            19.49638
          ],
          [
            72.91354,
            19.49632
          ],
          [
            72.91273,
            19.49588
          ],
          [
            72.91227,
            19.49565
          ],
          [
            72.91178,
            19.49549
          ],
          [
            72.9111,
            19.49537
          ],
          [
            72.91014,
            19.49512
          ],
          [
            72.90992,
            19.49505
          ],
          [
            72.90962,
            19.4949
          ],
          [
            72.90945,
            19.4948
          ],
          [
            72.90927,
            19.49468
          ],
          [
            72.90911,
            19.49453
          ],
          [
            72.90895,
            19.49435
          ],
          [
            72.90844,
            19.49363
          ],
          [
            72.90744,
            19.49221
          ],
          [
            72.90702,
            19.49167
          ],
          [
            72.90695,
            19.49153
          ],
          [
            72.90688,
            19.49141
          ],
          [
            72.90659,
            19.49102
          ],
          [
            72.90639,
            19.49072
          ],
          [
            72.90581,
            19.48977
          ],
          [
            72.9056,
            19.48953
          ],
          [
            72.9051,
            19.48908
          ],
          [
            72.90379,
            19.48798
          ],
          [
            72.9033,
            19.48757
          ],
          [
            72.9011,
            19.48572
          ],
          [
            72.90029,
            19.48495
          ],
          [
            72.89992,
            19.48458
          ],
          [
            72.8977,
            19.48186
          ],
          [
            72.89506,
            19.47864
          ],
          [
            72.89485,
            19.47831
          ],
          [
            72.89453,
            19.47775
          ],
          [
            72.89433,
            19.47723
          ],
          [
            72.89352,
            19.47469
          ],
          [
            72.89297,
            19.47304
          ],
          [
            72.89269,
            19.47244
          ],
          [
            72.89223,
            19.47175
          ],
          [
            72.89172,
            19.47108
          ],
          [
            72.89089,
            19.47015
          ],
          [
            72.89058,
            19.46981
          ],
          [
            72.88981,
            19.46909
          ],
          [
            72.88882,
            19.46826
          ],
          [
            72.88792,
            19.46734
          ],
          [
            72.88768,
            19.46691
          ],
          [
            72.88706,
            19.46566
          ],
          [
            72.88698,
            19.46536
          ],
          [
            72.88688,
            19.46492
          ],
          [
            72.88684,
            19.46459
          ],
          [
            72.88689,
            19.46317
          ],
          [
            72.88689,
            19.46256
          ],
          [
            72.88684,
            19.46231
          ],
          [
            72.8867,
            19.46188
          ],
          [
            72.88571,
            19.45991
          ],
          [
            72.88549,
            19.45929
          ],
          [
            72.8849,
            19.45674
          ],
          [
            72.88441,
            19.4548
          ],
          [
            72.88432,
            19.45416
          ],
          [
            72.8841,
            19.45302
          ],
          [
            72.88347,
            19.44969
          ],
          [
            72.88333,
            19.44903
          ],
          [
            72.88313,
            19.44827
          ],
          [
            72.88293,
            19.44738
          ],
          [
            72.88262,
            19.44662
          ],
          [
            72.88233,
            19.44615
          ],
          [
            72.88214,
            19.44586
          ],
          [
            72.88003,
            19.44261
          ],
          [
            72.87961,
            19.44195
          ],
          [
            72.87933,
            19.44148
          ],
          [
            72.87936,
            19.44135
          ],
          [
            72.87896,
            19.44065
          ],
          [
            72.87891,
            19.44052
          ],
          [
            72.87877,
            19.44029
          ],
          [
            72.87873,
            19.44022
          ],
          [
            72.87859,
            19.44001
          ],
          [
            72.8782,
            19.43924
          ],
          [
            72.87799,
            19.43882
          ],
          [
            72.87768,
            19.43823
          ],
          [
            72.87729,
            19.43746
          ],
          [
            72.87715,
            19.43742
          ],
          [
            72.87643,
            19.43605
          ],
          [
            72.87614,
            19.43548
          ],
          [
            72.87577,
            19.43482
          ],
          [
            72.87566,
            19.43463
          ],
          [
            72.87537,
            19.43424
          ],
          [
            72.87511,
            19.43391
          ],
          [
            72.87415,
            19.43297
          ],
          [
            72.87389,
            19.43272
          ],
          [
            72.8734,
            19.43226
          ],
          [
            72.87289,
            19.43169
          ],
          [
            72.87269,
            19.43144
          ],
          [
            72.87246,
            19.43106
          ],
          [
            72.87232,
            19.43066
          ],
          [
            72.87228,
            19.43039
          ],
          [
            72.87226,
            19.43006
          ],
          [
            72.87233,
            19.42949
          ],
          [
            72.87242,
            19.42918
          ],
          [
            72.8726,
            19.42878
          ],
          [
            72.87345,
            19.42724
          ],
          [
            72.87357,
            19.42706
          ],
          [
            72.87378,
            19.42674
          ],
          [
            72.87487,
            19.4249
          ],
          [
            72.87505,
            19.42457
          ],
          [
            72.87519,
            19.42426
          ],
          [
            72.87535,
            19.42382
          ],
          [
            72.87553,
            19.42313
          ],
          [
            72.87561,
            19.42268
          ],
          [
            72.87564,
            19.42232
          ],
          [
            72.87565,
            19.42181
          ],
          [
            72.87562,
            19.4213
          ],
          [
            72.87558,
            19.42094
          ],
          [
            72.8755,
            19.42051
          ],
          [
            72.87539,
            19.42013
          ],
          [
            72.87511,
            19.4192
          ],
          [
            72.87506,
            19.41902
          ],
          [
            72.87499,
            19.41873
          ],
          [
            72.87494,
            19.41838
          ],
          [
            72.87496,
            19.41792
          ],
          [
            72.87497,
            19.41772
          ],
          [
            72.87502,
            19.41747
          ],
          [
            72.87511,
            19.41713
          ],
          [
            72.87542,
            19.41629
          ],
          [
            72.87568,
            19.41566
          ],
          [
            72.876,
            19.41482
          ],
          [
            72.87634,
            19.41395
          ],
          [
            72.87651,
            19.41353
          ],
          [
            72.87668,
            19.41314
          ],
          [
            72.87676,
            19.41298
          ],
          [
            72.87713,
            19.41212
          ],
          [
            72.87768,
            19.41074
          ],
          [
            72.8779,
            19.41021
          ],
          [
            72.87824,
            19.40939
          ],
          [
            72.87838,
            19.40913
          ],
          [
            72.87854,
            19.40888
          ],
          [
            72.87877,
            19.4086
          ],
          [
            72.87904,
            19.40836
          ],
          [
            72.87939,
            19.4081
          ],
          [
            72.88026,
            19.40753
          ],
          [
            72.88054,
            19.40735
          ],
          [
            72.88129,
            19.40683
          ],
          [
            72.88156,
            19.40662
          ],
          [
            72.88175,
            19.40644
          ],
          [
            72.88192,
            19.40623
          ],
          [
            72.8821,
            19.40598
          ],
          [
            72.88222,
            19.40579
          ],
          [
            72.8824,
            19.4054
          ],
          [
            72.88251,
            19.40511
          ],
          [
            72.88297,
            19.40373
          ],
          [
            72.88335,
            19.40248
          ],
          [
            72.8836,
            19.40174
          ],
          [
            72.88374,
            19.4014
          ],
          [
            72.88382,
            19.40116
          ],
          [
            72.88418,
            19.40029
          ],
          [
            72.88438,
            19.39968
          ],
          [
            72.88468,
            19.399
          ],
          [
            72.88485,
            19.39869
          ],
          [
            72.88504,
            19.39846
          ],
          [
            72.88526,
            19.39821
          ],
          [
            72.88549,
            19.398
          ],
          [
            72.88676,
            19.3971
          ],
          [
            72.89128,
            19.39405
          ],
          [
            72.89167,
            19.39373
          ],
          [
            72.89201,
            19.3934
          ],
          [
            72.89632,
            19.38885
          ],
          [
            72.89692,
            19.38814
          ],
          [
            72.89733,
            19.38744
          ],
          [
            72.89752,
            19.38701
          ],
          [
            72.8976,
            19.38681
          ],
          [
            72.89772,
            19.38621
          ],
          [
            72.89772,
            19.38596
          ],
          [
            72.89773,
            19.38578
          ],
          [
            72.89773,
            19.38555
          ],
          [
            72.89771,
            19.38527
          ],
          [
            72.89758,
            19.38446
          ],
          [
            72.89749,
            19.38411
          ],
          [
            72.89737,
            19.3838
          ],
          [
            72.89728,
            19.3836
          ],
          [
            72.89704,
            19.38316
          ],
          [
            72.89686,
            19.38288
          ],
          [
            72.89657,
            19.38247
          ],
          [
            72.89606,
            19.38166
          ],
          [
            72.89588,
            19.38132
          ],
          [
            72.89579,
            19.38111
          ],
          [
            72.89569,
            19.38077
          ],
          [
            72.89566,
            19.38055
          ],
          [
            72.89563,
            19.37976
          ],
          [
            72.89563,
            19.37937
          ],
          [
            72.89563,
            19.37923
          ],
          [
            72.89564,
            19.37853
          ],
          [
            72.89565,
            19.37698
          ],
          [
            72.89567,
            19.37628
          ],
          [
            72.89565,
            19.37418
          ],
          [
            72.89567,
            19.37262
          ],
          [
            72.89566,
            19.37188
          ],
          [
            72.89566,
            19.37092
          ],
          [
            72.89561,
            19.37022
          ],
          [
            72.8955,
            19.36968
          ],
          [
            72.8954,
            19.36937
          ],
          [
            72.89485,
            19.36804
          ],
          [
            72.8948,
            19.3678
          ],
          [
            72.89464,
            19.36742
          ],
          [
            72.89409,
            19.36602
          ],
          [
            72.89361,
            19.3649
          ],
          [
            72.89334,
            19.36434
          ],
          [
            72.89305,
            19.36368
          ],
          [
            72.89294,
            19.36341
          ],
          [
            72.89288,
            19.36316
          ],
          [
            72.89284,
            19.36282
          ],
          [
            72.8928,
            19.36254
          ],
          [
            72.89276,
            19.36194
          ],
          [
            72.89284,
            19.35921
          ],
          [
            72.89287,
            19.35852
          ],
          [
            72.89288,
            19.35827
          ],
          [
            72.8929,
            19.35793
          ],
          [
            72.89293,
            19.35715
          ],
          [
            72.89303,
            19.35635
          ],
          [
            72.89313,
            19.35576
          ],
          [
            72.89335,
            19.35503
          ],
          [
            72.89389,
            19.3534
          ],
          [
            72.89405,
            19.35278
          ],
          [
            72.8941,
            19.3523
          ],
          [
            72.89404,
            19.35165
          ],
          [
            72.89399,
            19.35144
          ],
          [
            72.89396,
            19.3513
          ],
          [
            72.8934,
            19.34958
          ],
          [
            72.89328,
            19.3493
          ],
          [
            72.89235,
            19.34703
          ],
          [
            72.89196,
            19.34606
          ],
          [
            72.89179,
            19.34563
          ],
          [
            72.89166,
            19.34525
          ],
          [
            72.89158,
            19.34483
          ],
          [
            72.89156,
            19.34454
          ],
          [
            72.89158,
            19.3442
          ],
          [
            72.89161,
            19.34391
          ],
          [
            72.89191,
            19.3429
          ],
          [
            72.89233,
            19.34183
          ],
          [
            72.89248,
            19.34146
          ],
          [
            72.89297,
            19.34023
          ],
          [
            72.894,
            19.33755
          ],
          [
            72.89418,
            19.3372
          ],
          [
            72.89445,
            19.33681
          ],
          [
            72.895,
            19.33608
          ],
          [
            72.89525,
            19.33577
          ],
          [
            72.89547,
            19.33547
          ],
          [
            72.89563,
            19.3352
          ],
          [
            72.89579,
            19.33486
          ],
          [
            72.89591,
            19.33452
          ],
          [
            72.89598,
            19.33418
          ],
          [
            72.896,
            19.33381
          ],
          [
            72.89595,
            19.33337
          ],
          [
            72.89587,
            19.3329
          ],
          [
            72.89566,
            19.33225
          ],
          [
            72.89556,
            19.332
          ],
          [
            72.89549,
            19.33182
          ],
          [
            72.89386,
            19.32823
          ],
          [
            72.89358,
            19.32756
          ],
          [
            72.89353,
            19.32734
          ],
          [
            72.89349,
            19.32687
          ],
          [
            72.89349,
            19.32671
          ],
          [
            72.89352,
            19.32639
          ],
          [
            72.8936,
            19.32605
          ],
          [
            72.89373,
            19.32565
          ],
          [
            72.89418,
            19.32478
          ],
          [
            72.89499,
            19.32332
          ],
          [
            72.89527,
            19.32267
          ],
          [
            72.89544,
            19.32214
          ],
          [
            72.8957,
            19.32143
          ],
          [
            72.8959,
            19.32097
          ],
          [
            72.89603,
            19.32074
          ],
          [
            72.89625,
            19.32038
          ],
          [
            72.89678,
            19.31985
          ],
          [
            72.89724,
            19.31945
          ],
          [
            72.89795,
            19.31894
          ],
          [
            72.89856,
            19.31842
          ],
          [
            72.89879,
            19.31821
          ],
          [
            72.89918,
            19.31772
          ],
          [
            72.89938,
            19.31741
          ],
          [
            72.89947,
            19.31726
          ],
          [
            72.89955,
            19.31713
          ],
          [
            72.89974,
            19.31669
          ],
          [
            72.89977,
            19.31655
          ],
          [
            72.89984,
            19.31595
          ],
          [
            72.89985,
            19.31523
          ],
          [
            72.89975,
            19.31338
          ],
          [
            72.89976,
            19.31283
          ],
          [
            72.89979,
            19.31252
          ],
          [
            72.90048,
            19.30953
          ],
          [
            72.90076,
            19.30846
          ],
          [
            72.90088,
            19.30812
          ],
          [
            72.90111,
            19.30759
          ],
          [
            72.90145,
            19.30689
          ],
          [
            72.90392,
            19.30307
          ],
          [
            72.90537,
            19.30077
          ],
          [
            72.90574,
            19.30015
          ],
          [
            72.90592,
            19.29984
          ],
          [
            72.90623,
            19.29932
          ],
          [
            72.90638,
            19.2989
          ],
          [
            72.90642,
            19.29871
          ],
          [
            72.90649,
            19.29834
          ],
          [
            72.90651,
            19.29797
          ],
          [
            72.90649,
            19.29748
          ],
          [
            72.90636,
            19.297
          ],
          [
            72.90601,
            19.29593
          ],
          [
            72.90584,
            19.29539
          ],
          [
            72.90577,
            19.29517
          ],
          [
            72.9057,
            19.29483
          ],
          [
            72.90561,
            19.294
          ],
          [
            72.90559,
            19.29353
          ],
          [
            72.90557,
            19.29314
          ],
          [
            72.90551,
            19.29209
          ],
          [
            72.90502,
            19.28703
          ],
          [
            72.90502,
            19.28668
          ],
          [
            72.90494,
            19.2865
          ],
          [
            72.90484,
            19.28621
          ],
          [
            72.9047,
            19.28587
          ],
          [
            72.9045,
            19.28558
          ],
          [
            72.90411,
            19.28521
          ],
          [
            72.90388,
            19.28507
          ],
          [
            72.90363,
            19.2849
          ],
          [
            72.90335,
            19.28477
          ],
          [
            72.90277,
            19.28461
          ],
          [
            72.90224,
            19.28457
          ],
          [
            72.90178,
            19.28462
          ],
          [
            72.90117,
            19.28472
          ],
          [
            72.90032,
            19.28507
          ],
          [
            72.8996,
            19.28529
          ],
          [
            72.89897,
            19.28549
          ],
          [
            72.8979,
            19.28581
          ],
          [
            72.89766,
            19.28587
          ],
          [
            72.89742,
            19.28591
          ],
          [
            72.89716,
            19.28593
          ],
          [
            72.89595,
            19.28591
          ],
          [
            72.89572,
            19.28593
          ],
          [
            72.89551,
            19.28598
          ],
          [
            72.89534,
            19.28604
          ],
          [
            72.8941,
            19.28674
          ],
          [
            72.89377,
            19.28683
          ],
          [
            72.89324,
            19.2869
          ],
          [
            72.89307,
            19.28691
          ],
          [
            72.89288,
            19.2869
          ],
          [
            72.89264,
            19.28682
          ],
          [
            72.89252,
            19.28677
          ],
          [
            72.89244,
            19.28671
          ],
          [
            72.89238,
            19.28666
          ],
          [
            72.89231,
            19.28656
          ],
          [
            72.89224,
            19.28644
          ],
          [
            72.89218,
            19.28624
          ],
          [
            72.89226,
            19.2853
          ],
          [
            72.89225,
            19.28495
          ],
          [
            72.89221,
            19.28455
          ],
          [
            72.89172,
            19.28204
          ],
          [
            72.89113,
            19.27926
          ],
          [
            72.89103,
            19.27893
          ],
          [
            72.89085,
            19.27846
          ],
          [
            72.89071,
            19.27814
          ],
          [
            72.89056,
            19.2779
          ],
          [
            72.89051,
            19.27783
          ],
          [
            72.89036,
            19.27759
          ],
          [
            72.89024,
            19.27743
          ],
          [
            72.88975,
            19.27685
          ],
          [
            72.88901,
            19.27622
          ],
          [
            72.88848,
            19.27589
          ],
          [
            72.88834,
            19.27581
          ],
          [
            72.88773,
            19.27542
          ],
          [
            72.88381,
            19.27296
          ],
          [
            72.8828,
            19.27219
          ],
          [
            72.8791,
            19.26957
          ],
          [
            72.87859,
            19.26909
          ],
          [
            72.87772,
            19.26798
          ],
          [
            72.87731,
            19.26751
          ],
          [
            72.87695,
            19.26694
          ],
          [
            72.87684,
            19.26676
          ],
          [
            72.87638,
            19.26617
          ],
          [
            72.87518,
            19.26469
          ],
          [
            72.87466,
            19.26408
          ],
          [
            72.87455,
            19.26395
          ],
          [
            72.87405,
            19.26323
          ],
          [
            72.87383,
            19.26281
          ],
          [
            72.87354,
            19.26221
          ],
          [
            72.8732,
            19.26138
          ],
          [
            72.87318,
            19.26134
          ],
          [
            72.87299,
            19.26082
          ],
          [
            72.87204,
            19.25858
          ],
          [
            72.87163,
            19.25757
          ],
          [
            72.87129,
            19.25699
          ],
          [
            72.87112,
            19.25674
          ],
          [
            72.87097,
            19.25652
          ],
          [
            72.8704,
            19.25571
          ],
          [
            72.87025,
            19.25548
          ],
          [
            72.86964,
            19.25461
          ],
          [
            72.86955,
            19.25449
          ],
          [
            72.86948,
            19.25439
          ],
          [
            72.86808,
            19.25229
          ],
          [
            72.86794,
            19.2521
          ],
          [
            72.86676,
            19.25038
          ],
          [
            72.86659,
            19.25014
          ],
          [
            72.86575,
            19.24895
          ],
          [
            72.86542,
            19.24841
          ],
          [
            72.86507,
            19.24746
          ],
          [
            72.86498,
            19.24715
          ],
          [
            72.86492,
            19.24685
          ],
          [
            72.86489,
            19.2466
          ],
          [
            72.86458,
            19.24444
          ],
          [
            72.86454,
            19.24413
          ],
          [
            72.86423,
            19.24208
          ],
          [
            72.86359,
            19.23797
          ],
          [
            72.86338,
            19.2363
          ],
          [
            72.86332,
            19.23572
          ],
          [
            72.86333,
            19.23535
          ],
          [
            72.86342,
            19.23236
          ],
          [
            72.86341,
            19.22868
          ],
          [
            72.86342,
            19.2276
          ],
          [
            72.86344,
            19.22737
          ],
          [
            72.86356,
            19.22671
          ],
          [
            72.86367,
            19.2264
          ],
          [
            72.86402,
            19.22554
          ],
          [
            72.86415,
            19.22518
          ],
          [
            72.86423,
            19.22492
          ],
          [
            72.86429,
            19.22477
          ],
          [
            72.86474,
            19.2234
          ],
          [
            72.86552,
            19.22114
          ],
          [
            72.86569,
            19.2207
          ],
          [
            72.86613,
            19.21941
          ],
          [
            72.86638,
            19.21869
          ],
          [
            72.86664,
            19.21789
          ],
          [
            72.86694,
            19.21709
          ],
          [
            72.86705,
            19.21675
          ],
          [
            72.86731,
            19.21595
          ],
          [
            72.86734,
            19.21586
          ],
          [
            72.86766,
            19.21506
          ],
          [
            72.86802,
            19.21404
          ],
          [
            72.86821,
            19.21343
          ],
          [
            72.86832,
            19.21304
          ],
          [
            72.86843,
            19.21254
          ],
          [
            72.8685,
            19.21209
          ],
          [
            72.86849,
            19.21133
          ],
          [
            72.86849,
            19.21057
          ],
          [
            72.86836,
            19.20981
          ],
          [
            72.86826,
            19.2095
          ],
          [
            72.86814,
            19.20915
          ],
          [
            72.86803,
            19.20891
          ],
          [
            72.86775,
            19.20837
          ],
          [
            72.86753,
            19.208
          ],
          [
            72.86722,
            19.20756
          ],
          [
            72.86694,
            19.20721
          ],
          [
            72.86581,
            19.206
          ],
          [
            72.86367,
            19.20384
          ],
          [
            72.86351,
            19.20368
          ],
          [
            72.86306,
            19.20322
          ],
          [
            72.86274,
            19.2029
          ],
          [
            72.86193,
            19.20202
          ],
          [
            72.86178,
            19.20182
          ],
          [
            72.86167,
            19.20165
          ],
          [
            72.86145,
            19.20121
          ],
          [
            72.86134,
            19.2009
          ],
          [
            72.86117,
            19.20022
          ],
          [
            72.86115,
            19.20002
          ],
          [
            72.86104,
            19.19957
          ],
          [
            72.86094,
            19.1991
          ],
          [
            72.86053,
            19.1968
          ],
          [
            72.86025,
            19.19555
          ],
          [
            72.86003,
            19.19444
          ],
          [
            72.85989,
            19.19404
          ],
          [
            72.85965,
            19.19361
          ],
          [
            72.85946,
            19.19324
          ],
          [
            72.85857,
            19.19167
          ],
          [
            72.85848,
            19.19138
          ],
          [
            72.85844,
            19.19106
          ],
          [
            72.85843,
            19.18969
          ],
          [
            72.85843,
            19.18941
          ],
          [
            72.85843,
            19.18938
          ],
          [
            72.85843,
            19.18932
          ],
          [
            72.85843,
            19.18903
          ],
          [
            72.85843,
            19.18835
          ],
          [
            72.8585,
            19.18633
          ],
          [
            72.85851,
            19.18578
          ],
          [
            72.85851,
            19.18549
          ],
          [
            72.85852,
            19.18485
          ],
          [
            72.85849,
            19.18412
          ],
          [
            72.85847,
            19.18304
          ],
          [
            72.85849,
            19.18127
          ],
          [
            72.85855,
            19.18037
          ],
          [
            72.85857,
            19.17843
          ],
          [
            72.8586,
            19.17798
          ],
          [
            72.85869,
            19.17761
          ],
          [
            72.85871,
            19.17752
          ],
          [
            72.85878,
            19.17727
          ],
          [
            72.8588,
            19.17718
          ],
          [
            72.85894,
            19.17676
          ],
          [
            72.8592,
            19.17597
          ],
          [
            72.85942,
            19.17518
          ],
          [
            72.85948,
            19.17458
          ],
          [
            72.85948,
            19.17422
          ],
          [
            72.85921,
            19.17159
          ],
          [
            72.85914,
            19.17103
          ],
          [
            72.85905,
            19.17024
          ],
          [
            72.85889,
            19.16869
          ],
          [
            72.85851,
            19.16549
          ],
          [
            72.85818,
            19.16303
          ],
          [
            72.85792,
            19.16122
          ],
          [
            72.85773,
            19.15973
          ],
          [
            72.85761,
            19.15876
          ],
          [
            72.85718,
            19.15588
          ],
          [
            72.85698,
            19.15482
          ],
          [
            72.85686,
            19.15402
          ],
          [
            72.85676,
            19.15257
          ],
          [
            72.85656,
            19.15048
          ],
          [
            72.85647,
            19.14976
          ],
          [
            72.85641,
            19.14906
          ],
          [
            72.85622,
            19.1469
          ],
          [
            72.85606,
            19.14531
          ],
          [
            72.85598,
            19.14486
          ],
          [
            72.85587,
            19.14445
          ],
          [
            72.85509,
            19.142
          ],
          [
            72.85501,
            19.14179
          ],
          [
            72.85494,
            19.14145
          ],
          [
            72.85489,
            19.14108
          ],
          [
            72.85488,
            19.14046
          ],
          [
            72.85495,
            19.139
          ],
          [
            72.85502,
            19.13773
          ],
          [
            72.85506,
            19.13708
          ],
          [
            72.85507,
            19.1369
          ],
          [
            72.85517,
            19.135
          ],
          [
            72.85528,
            19.13188
          ],
          [
            72.85531,
            19.13102
          ],
          [
            72.85531,
            19.13088
          ],
          [
            72.85537,
            19.12914
          ],
          [
            72.85538,
            19.12786
          ],
          [
            72.85542,
            19.12729
          ],
          [
            72.85554,
            19.12668
          ],
          [
            72.85565,
            19.12642
          ],
          [
            72.85577,
            19.12621
          ],
          [
            72.85628,
            19.12548
          ],
          [
            72.85642,
            19.1252
          ],
          [
            72.85654,
            19.12499
          ],
          [
            72.8566,
            19.12477
          ],
          [
            72.85665,
            19.12448
          ],
          [
            72.8567,
            19.1238
          ],
          [
            72.85667,
            19.12353
          ],
          [
            72.85657,
            19.123
          ],
          [
            72.85642,
            19.1224
          ],
          [
            72.85586,
            19.12021
          ],
          [
            72.85557,
            19.11873
          ],
          [
            72.85542,
            19.11769
          ],
          [
            72.85524,
            19.11662
          ],
          [
            72.85484,
            19.1138
          ],
          [
            72.8541,
            19.11038
          ],
          [
            72.85354,
            19.10793
          ],
          [
            72.8535,
            19.10768
          ],
          [
            72.85349,
            19.10739
          ],
          [
            72.8535,
            19.10715
          ],
          [
            72.85365,
            19.10635
          ],
          [
            72.85372,
            19.10609
          ],
          [
            72.85408,
            19.10447
          ],
          [
            72.8543,
            19.10362
          ],
          [
            72.85434,
            19.1035
          ],
          [
            72.85442,
            19.10325
          ],
          [
            72.85449,
            19.10292
          ],
          [
            72.85463,
            19.10242
          ],
          [
            72.85473,
            19.10195
          ],
          [
            72.85477,
            19.1016
          ],
          [
            72.85477,
            19.10147
          ],
          [
            72.85476,
            19.10092
          ],
          [
            72.85474,
            19.10058
          ],
          [
            72.85414,
            19.09931
          ],
          [
            72.85392,
            19.09893
          ],
          [
            72.85347,
            19.09775
          ],
          [
            72.85275,
            19.09563
          ],
          [
            72.85257,
            19.09518
          ],
          [
            72.85236,
            19.09475
          ],
          [
            72.85205,
            19.09431
          ],
          [
            72.85173,
            19.09394
          ],
          [
            72.85133,
            19.09354
          ],
          [
            72.85094,
            19.09323
          ],
          [
            72.85051,
            19.09297
          ],
          [
            72.85043,
            19.09292
          ],
          [
            72.85027,
            19.09285
          ],
          [
            72.8499,
            19.09268
          ],
          [
            72.8494,
            19.09254
          ],
          [
            72.8488,
            19.09238
          ],
          [
            72.84704,
            19.09204
          ],
          [
            72.84666,
            19.09199
          ],
          [
            72.8461,
            19.09187
          ],
          [
            72.84569,
            19.09176
          ],
          [
            72.84537,
            19.09165
          ],
          [
            72.84514,
            19.09154
          ],
          [
            72.84479,
            19.09131
          ],
          [
            72.84441,
            19.09096
          ],
          [
            72.84412,
            19.0906
          ],
          [
            72.84394,
            19.09032
          ],
          [
            72.84375,
            19.08989
          ],
          [
            72.84368,
            19.08959
          ],
          [
            72.84365,
            19.08942
          ],
          [
            72.84363,
            19.08903
          ],
          [
            72.84366,
            19.0888
          ],
          [
            72.84372,
            19.08848
          ],
          [
            72.84381,
            19.08811
          ],
          [
            72.84392,
            19.08783
          ],
          [
            72.84413,
            19.0875
          ],
          [
            72.8446,
            19.08689
          ],
          [
            72.84541,
            19.08601
          ],
          [
            72.84564,
            19.08569
          ],
          [
            72.84577,
            19.08549
          ],
          [
            72.84593,
            19.08519
          ],
          [
            72.84605,
            19.08483
          ],
          [
            72.84616,
            19.08439
          ],
          [
            72.84628,
            19.08426
          ],
          [
            72.84644,
            19.08376
          ],
          [
            72.84652,
            19.08346
          ],
          [
            72.84665,
            19.08283
          ],
          [
            72.84692,
            19.08129
          ],
          [
            72.84703,
            19.08072
          ],
          [
            72.84706,
            19.08043
          ],
          [
            72.84707,
            19.08031
          ],
          [
            72.84708,
            19.08019
          ],
          [
            72.84699,
            19.07459
          ],
          [
            72.8471,
            19.07458
          ],
          [
            72.84715,
            19.07457
          ],
          [
            72.84778,
            19.07449
          ],
          [
            72.84883,
            19.07433
          ],
          [
            72.85098,
            19.07399
          ],
          [
            72.85131,
            19.07394
          ],
          [
            72.85175,
            19.07396
          ],
          [
            72.85251,
            19.0741
          ],
          [
            72.85298,
            19.0743
          ],
          [
            72.85312,
            19.07438
          ],
          [
            72.85453,
            19.07517
          ],
          [
            72.85486,
            19.07531
          ],
          [
            72.85504,
            19.07543
          ],
          [
            72.85528,
            19.07547
          ],
          [
            72.85538,
            19.07548
          ],
          [
            72.85565,
            19.07546
          ],
          [
            72.85663,
            19.07529
          ],
          [
            72.85685,
            19.07525
          ],
          [
            72.8573,
            19.07516
          ],
          [
            72.85741,
            19.07515
          ],
          [
            72.85981,
            19.07465
          ],
          [
            72.86017,
            19.07455
          ],
          [
            72.86053,
            19.07448
          ],
          [
            72.86064,
            19.07446
          ],
          [
            72.86065,
            19.07436
          ],
          [
            72.86072,
            19.07394
          ],
          [
            72.86109,
            19.07291
          ],
          [
            72.8614,
            19.07206
          ],
          [
            72.86154,
            19.07185
          ],
          [
            72.86174,
            19.07164
          ],
          [
            72.86196,
            19.07148
          ],
          [
            72.86225,
            19.07135
          ],
          [
            72.86247,
            19.07128
          ],
          [
            72.86291,
            19.07122
          ],
          [
            72.86307,
            19.07122
          ],
          [
            72.86349,
            19.0713
          ],
          [
            72.86432,
            19.07167
          ],
          [
            72.86474,
            19.07185
          ],
          [
            72.86559,
            19.07222
          ],
          [
            72.86666,
            19.07277
          ],
          [
            72.86752,
            19.07315
          ],
          [
            72.86787,
            19.07331
          ],
          [
            72.869,
            19.0738
          ],
          [
            72.86925,
            19.07382
          ],
          [
            72.86985,
            19.07408
          ],
          [
            72.87086,
            19.07452
          ],
          [
            72.871,
            19.07432
          ],
          [
            72.87154,
            19.07266
          ],
          [
            72.87159,
            19.07253
          ],
          [
            72.87187,
            19.07207
          ],
          [
            72.87192,
            19.07197
          ],
          [
            72.872,
            19.07174
          ],
          [
            72.8721,
            19.07146
          ],
          [
            72.87227,
            19.07131
          ],
          [
            72.87234,
            19.07127
          ],
          [
            72.8726,
            19.0712
          ],
          [
            72.87284,
            19.07118
          ],
          [
            72.87399,
            19.071
          ],
          [
            72.87425,
            19.07089
          ],
          [
            72.87443,
            19.07086
          ],
          [
            72.87515,
            19.07079
          ],
          [
            72.87523,
            19.07076
          ],
          [
            72.87536,
            19.07076
          ],
          [
            72.87546,
            19.07148
          ],
          [
            72.87572,
            19.07327
          ],
          [
            72.87576,
            19.07355
          ],
          [
            72.87588,
            19.07403
          ],
          [
            72.8762,
            19.07449
          ],
          [
            72.87666,
            19.07511
          ],
          [
            72.87727,
            19.07593
          ],
          [
            72.87745,
            19.07611
          ],
          [
            72.87753,
            19.07605
          ],
          [
            72.87767,
            19.07596
          ]
        ]
      },
      "properties": {
        "name": "Himachal to Maharashtra - Rerouted avoiding Minor road damage",
        "distance_km": 1799.4257,
        "duration_hours": 22.421833333333332,
        "risk_score": 0,
        "is_safe": true,
        "export_time": "2025-09-08T22:34:31.506740",
        "disaster_scenario": "Minor road damage",
        "affected_zones": 0,
        "original_risk": 25,
        "reroute_success": true,
        "route_type": "rerouted"
      }
    }
  ]
}