{
  "type": "FeatureCollection",
  "features": [
    {
      "type": "Feature",
      "geometry": {
        "type": "LineString",
        "coordinates": [
          [
            77.17343,
            31.10491
          ],
          [
            77.17325,
            31.10494
          ],
          [
            77.17267,
            31.10511
          ],
          [
            77.17266,
            31.10522
          ],
          [
            77.17258,
            31.10532
          ],
          [
            77.17254,
            31.10543
          ],
          [
            77.17259,
            31.10549
          ],
          [
            77.17249,
            31.10576
          ],
          [
            77.17224,
            31.10602
          ],
          [
            77.17207,
            31.10611
          ],
          [
            77.172,
            31.10619
          ],
          [
            77.17206,
            31.10621
          ],
          [
            77.17231,
            31.10616
          ],
          [
            77.17241,
            31.10617
          ],
          [
            77.17244,
            31.10636
          ],
          [
            77.17224,
            31.10644
          ],
          [
            77.17211,
            31.10654
          ],
          [
            77.17166,
            31.10705
          ],
          [
            77.17153,
            31.10714
          ],
          [
            77.17145,
            31.10717
          ],
          [
            77.17137,
            31.10717
          ],
          [
            77.17093,
            31.10709
          ],
          [
            77.17066,
            31.10712
          ],
          [
            77.17029,
            31.1072
          ],
          [
            77.16977,
            31.10734
          ],
          [
            77.16943,
            31.10733
          ],
          [
            77.16921,
            31.10739
          ],
          [
            77.16914,
            31.10743
          ],
          [
            77.16907,
            31.10753
          ],
          [
            77.16888,
            31.10786
          ],
          [
            77.16871,
            31.108
          ],
          [
            77.16851,
            31.10811
          ],
          [
            77.16837,
            31.10825
          ],
          [
            77.16829,
            31.10837
          ],
          [
            77.16828,
            31.10851
          ],
          [
            77.16832,
            31.10876
          ],
          [
            77.16831,
            31.1088
          ],
          [
            77.16827,
            31.10883
          ],
          [
            77.16816,
            31.10886
          ],
          [
            77.16802,
            31.10886
          ],
          [
            77.16759,
            31.10883
          ],
          [
            77.16751,
            31.10879
          ],
          [
            77.1673,
            31.10857
          ],
          [
            77.16722,
            31.10852
          ],
          [
            77.16715,
            31.1085
          ],
          [
            77.1671,
            31.10849
          ],
          [
            77.16698,
            31.10855
          ],
          [
            77.16676,
            31.10891
          ],
          [
            77.16667,
            31.109
          ],
          [
            77.16653,
            31.10907
          ],
          [
            77.16641,
            31.10909
          ],
          [
            77.16626,
            31.10909
          ],
          [
            77.1662,
            31.1091
          ],
          [
            77.1661,
            31.10917
          ],
          [
            77.16599,
            31.10955
          ],
          [
            77.16594,
            31.10959
          ],
          [
            77.16578,
            31.10964
          ],
          [
            77.16566,
            31.10963
          ],
          [
            77.16557,
            31.1096
          ],
          [
            77.16552,
            31.10955
          ],
          [
            77.16546,
            31.10943
          ],
          [
            77.1654,
            31.1093
          ],
          [
            77.16533,
            31.10925
          ],
          [
            77.16525,
            31.10925
          ],
          [
            77.16503,
            31.10929
          ],
          [
            77.16494,
            31.10927
          ],
          [
            77.16489,
            31.10923
          ],
          [
            77.16487,
            31.10914
          ],
          [
            77.16496,
            31.1086
          ],
          [
            77.165,
            31.10844
          ],
          [
            77.16504,
            31.10836
          ],
          [
            77.16526,
            31.10808
          ],
          [
            77.1653,
            31.108
          ],
          [
            77.16531,
            31.10794
          ],
          [
            77.1653,
            31.10727
          ],
          [
            77.16563,
            31.10642
          ],
          [
            77.16563,
            31.10638
          ],
          [
            77.1656,
            31.10633
          ],
          [
            77.1655,
            31.10628
          ],
          [
            77.16488,
            31.10617
          ],
          [
            77.16467,
            31.10607
          ],
          [
            77.16443,
            31.10589
          ],
          [
            77.164,
            31.10562
          ],
          [
            77.16394,
            31.10556
          ],
          [
            77.16389,
            31.10547
          ],
          [
            77.16381,
            31.10497
          ],
          [
            77.16383,
            31.10489
          ],
          [
            77.16382,
            31.10482
          ],
          [
            77.16378,
            31.10477
          ],
          [
            77.16319,
            31.1045
          ],
          [
            77.16314,
            31.10445
          ],
          [
            77.16308,
            31.10428
          ],
          [
            77.16299,
            31.10422
          ],
          [
            77.16269,
            31.10413
          ],
          [
            77.16207,
            31.10404
          ],
          [
            77.1618,
            31.10395
          ],
          [
            77.16119,
            31.10367
          ],
          [
            77.16113,
            31.10362
          ],
          [
            77.16105,
            31.10354
          ],
          [
            77.16101,
            31.10348
          ],
          [
            77.16088,
            31.10311
          ],
          [
            77.16084,
            31.10304
          ],
          [
            77.16072,
            31.10294
          ],
          [
            77.16064,
            31.10291
          ],
          [
            77.16044,
            31.10288
          ],
          [
            77.15974,
            31.10293
          ],
          [
            77.15931,
            31.10305
          ],
          [
            77.15884,
            31.10315
          ],
          [
            77.15841,
            31.10326
          ],
          [
            77.15803,
            31.10322
          ],
          [
            77.15763,
            31.10309
          ],
          [
            77.15736,
            31.10294
          ],
          [
            77.15723,
            31.1029
          ],
          [
            77.15686,
            31.10284
          ],
          [
            77.15628,
            31.10278
          ],
          [
            77.1559,
            31.10278
          ],
          [
            77.15576,
            31.10281
          ],
          [
            77.15549,
            31.10289
          ],
          [
            77.15539,
            31.1029
          ],
          [
            77.15521,
            31.10291
          ],
          [
            77.15505,
            31.10289
          ],
          [
            77.15499,
            31.10286
          ],
          [
            77.15471,
            31.10267
          ],
          [
            77.15458,
            31.10262
          ],
          [
            77.1545,
            31.10262
          ],
          [
            77.15432,
            31.10265
          ],
          [
            77.15362,
            31.10283
          ],
          [
            77.15345,
            31.10285
          ],
          [
            77.15328,
            31.10283
          ],
          [
            77.15294,
            31.10272
          ],
          [
            77.15266,
            31.10267
          ],
          [
            77.15256,
            31.10264
          ],
          [
            77.15244,
            31.10258
          ],
          [
            77.15239,
            31.10251
          ],
          [
            77.1524,
            31.10244
          ],
          [
            77.15249,
            31.10212
          ],
          [
            77.1525,
            31.10204
          ],
          [
            77.15249,
            31.10199
          ],
          [
            77.15237,
            31.10189
          ],
          [
            77.15209,
            31.10177
          ],
          [
            77.152,
            31.10173
          ],
          [
            77.15195,
            31.10168
          ],
          [
            77.15192,
            31.10159
          ],
          [
            77.15189,
            31.10133
          ],
          [
            77.1518,
            31.10121
          ],
          [
            77.15171,
            31.10115
          ],
          [
            77.15129,
            31.10099
          ],
          [
            77.15108,
            31.10091
          ],
          [
            77.15101,
            31.1009
          ],
          [
            77.15092,
            31.10092
          ],
          [
            77.15062,
            31.10106
          ],
          [
            77.15032,
            31.10108
          ],
          [
            77.15015,
            31.10111
          ],
          [
            77.15003,
            31.10117
          ],
          [
            77.14995,
            31.10123
          ],
          [
            77.14978,
            31.10154
          ],
          [
            77.14969,
            31.10163
          ],
          [
            77.14945,
            31.10176
          ],
          [
            77.14902,
            31.10187
          ],
          [
            77.14891,
            31.10188
          ],
          [
            77.1488,
            31.10185
          ],
          [
            77.14875,
            31.10181
          ],
          [
            77.1486,
            31.10153
          ],
          [
            77.1485,
            31.1014
          ],
          [
            77.14836,
            31.10135
          ],
          [
            77.14823,
            31.10133
          ],
          [
            77.14816,
            31.10134
          ],
          [
            77.14807,
            31.10138
          ],
          [
            77.14793,
            31.10147
          ],
          [
            77.14752,
            31.10175
          ],
          [
            77.14722,
            31.1019
          ],
          [
            77.14692,
            31.10197
          ],
          [
            77.14668,
            31.10198
          ],
          [
            77.1465,
            31.10196
          ],
          [
            77.14636,
            31.10191
          ],
          [
            77.14609,
            31.10174
          ],
          [
            77.14563,
            31.10137
          ],
          [
            77.14556,
            31.10135
          ],
          [
            77.14544,
            31.10135
          ],
          [
            77.1453,
            31.10142
          ],
          [
            77.14514,
            31.10155
          ],
          [
            77.14505,
            31.10157
          ],
          [
            77.1448,
            31.10158
          ],
          [
            77.14467,
            31.10163
          ],
          [
            77.14457,
            31.10171
          ],
          [
            77.1444,
            31.10195
          ],
          [
            77.14432,
            31.10202
          ],
          [
            77.14421,
            31.10209
          ],
          [
            77.14367,
            31.10227
          ],
          [
            77.14367,
            31.10225
          ],
          [
            77.14363,
            31.10222
          ],
          [
            77.1433,
            31.10212
          ],
          [
            77.14323,
            31.10208
          ],
          [
            77.14319,
            31.10204
          ],
          [
            77.14311,
            31.10185
          ],
          [
            77.14299,
            31.10173
          ],
          [
            77.14294,
            31.1017
          ],
          [
            77.14256,
            31.10167
          ],
          [
            77.14227,
            31.10154
          ],
          [
            77.14217,
            31.10145
          ],
          [
            77.14204,
            31.10122
          ],
          [
            77.14194,
            31.10101
          ],
          [
            77.14186,
            31.10067
          ],
          [
            77.14178,
            31.10049
          ],
          [
            77.14148,
            31.10027
          ],
          [
            77.14142,
            31.1002
          ],
          [
            77.1414,
            31.10013
          ],
          [
            77.14141,
            31.10006
          ],
          [
            77.14147,
            31.1
          ],
          [
            77.14155,
            31.09996
          ],
          [
            77.14193,
            31.09986
          ],
          [
            77.14214,
            31.0997
          ],
          [
            77.1422,
            31.09962
          ],
          [
            77.14224,
            31.09953
          ],
          [
            77.14227,
            31.0993
          ],
          [
            77.14228,
            31.09904
          ],
          [
            77.14224,
            31.09876
          ],
          [
            77.14216,
            31.0986
          ],
          [
            77.14203,
            31.09841
          ],
          [
            77.14192,
            31.09832
          ],
          [
            77.14176,
            31.09823
          ],
          [
            77.14152,
            31.09819
          ],
          [
            77.14122,
            31.09816
          ],
          [
            77.14099,
            31.09811
          ],
          [
            77.13978,
            31.09772
          ],
          [
            77.13974,
            31.09766
          ],
          [
            77.13975,
            31.09759
          ],
          [
            77.13987,
            31.09739
          ],
          [
            77.14,
            31.09727
          ],
          [
            77.14006,
            31.09712
          ],
          [
            77.14007,
            31.09702
          ],
          [
            77.14004,
            31.09697
          ],
          [
            77.13995,
            31.09692
          ],
          [
            77.13978,
            31.09688
          ],
          [
            77.13962,
            31.09689
          ],
          [
            77.13953,
            31.09689
          ],
          [
            77.13892,
            31.09711
          ],
          [
            77.13856,
            31.09727
          ],
          [
            77.13847,
            31.09728
          ],
          [
            77.13838,
            31.09727
          ],
          [
            77.13826,
            31.09716
          ],
          [
            77.13825,
            31.09708
          ],
          [
            77.13827,
            31.09697
          ],
          [
            77.13837,
            31.09684
          ],
          [
            77.13842,
            31.09666
          ],
          [
            77.13842,
            31.09648
          ],
          [
            77.13836,
            31.09631
          ],
          [
            77.13831,
            31.09623
          ],
          [
            77.13821,
            31.09615
          ],
          [
            77.13785,
            31.09598
          ],
          [
            77.1378,
            31.09591
          ],
          [
            77.13778,
            31.09583
          ],
          [
            77.13778,
            31.09575
          ],
          [
            77.13782,
            31.09568
          ],
          [
            77.13788,
            31.09561
          ],
          [
            77.13798,
            31.09554
          ],
          [
            77.13822,
            31.09547
          ],
          [
            77.13861,
            31.09537
          ],
          [
            77.13866,
            31.09532
          ],
          [
            77.13867,
            31.09485
          ],
          [
            77.13873,
            31.09475
          ],
          [
            77.13891,
            31.0946
          ],
          [
            77.13941,
            31.09433
          ],
          [
            77.13946,
            31.09428
          ],
          [
            77.13948,
            31.0942
          ],
          [
            77.13944,
            31.09411
          ],
          [
            77.1392,
            31.09396
          ],
          [
            77.13907,
            31.09393
          ],
          [
            77.13888,
            31.09391
          ],
          [
            77.13845,
            31.09394
          ],
          [
            77.13831,
            31.09397
          ],
          [
            77.13786,
            31.09411
          ],
          [
            77.13743,
            31.09428
          ],
          [
            77.13731,
            31.09432
          ],
          [
            77.13715,
            31.09433
          ],
          [
            77.13697,
            31.09429
          ],
          [
            77.13691,
            31.09425
          ],
          [
            77.13679,
            31.09381
          ],
          [
            77.13672,
            31.09366
          ],
          [
            77.13656,
            31.09346
          ],
          [
            77.13651,
            31.09337
          ],
          [
            77.13647,
            31.09299
          ],
          [
            77.1365,
            31.09286
          ],
          [
            77.13655,
            31.0928
          ],
          [
            77.13662,
            31.09277
          ],
          [
            77.13704,
            31.0927
          ],
          [
            77.13721,
            31.09269
          ],
          [
            77.13734,
            31.09265
          ],
          [
            77.13763,
            31.09247
          ],
          [
            77.13772,
            31.0924
          ],
          [
            77.13779,
            31.09225
          ],
          [
            77.13787,
            31.09193
          ],
          [
            77.13788,
            31.09184
          ],
          [
            77.13787,
            31.09174
          ],
          [
            77.13755,
            31.09138
          ],
          [
            77.13741,
            31.09124
          ],
          [
            77.13734,
            31.09114
          ],
          [
            77.13721,
            31.09081
          ],
          [
            77.13699,
            31.09052
          ],
          [
            77.13698,
            31.09042
          ],
          [
            77.13702,
            31.09037
          ],
          [
            77.13727,
            31.09026
          ],
          [
            77.13736,
            31.09011
          ],
          [
            77.1374,
            31.08995
          ],
          [
            77.13747,
            31.08989
          ],
          [
            77.13758,
            31.08987
          ],
          [
            77.1377,
            31.0899
          ],
          [
            77.13826,
            31.09011
          ],
          [
            77.13838,
            31.09013
          ],
          [
            77.13852,
            31.09013
          ],
          [
            77.13876,
            31.09008
          ],
          [
            77.13889,
            31.09002
          ],
          [
            77.13894,
            31.08994
          ],
          [
            77.13894,
            31.08985
          ],
          [
            77.13881,
            31.08968
          ],
          [
            77.13871,
            31.08957
          ],
          [
            77.13862,
            31.08945
          ],
          [
            77.13858,
            31.08936
          ],
          [
            77.1386,
            31.08928
          ],
          [
            77.13865,
            31.08921
          ],
          [
            77.13879,
            31.0891
          ],
          [
            77.13937,
            31.0889
          ],
          [
            77.13958,
            31.08867
          ],
          [
            77.13969,
            31.08861
          ],
          [
            77.13978,
            31.0886
          ],
          [
            77.13989,
            31.08862
          ],
          [
            77.14003,
            31.08859
          ],
          [
            77.14033,
            31.08844
          ],
          [
            77.14077,
            31.08824
          ],
          [
            77.14079,
            31.08819
          ],
          [
            77.14077,
            31.08758
          ],
          [
            77.14075,
            31.08747
          ],
          [
            77.14072,
            31.08741
          ],
          [
            77.14052,
            31.08723
          ],
          [
            77.1405,
            31.08718
          ],
          [
            77.14051,
            31.08712
          ],
          [
            77.14058,
            31.08699
          ],
          [
            77.14062,
            31.0869
          ],
          [
            77.14063,
            31.08672
          ],
          [
            77.14062,
            31.08665
          ],
          [
            77.14058,
            31.08658
          ],
          [
            77.14037,
            31.08634
          ],
          [
            77.14035,
            31.08623
          ],
          [
            77.14042,
            31.08591
          ],
          [
            77.1404,
            31.08581
          ],
          [
            77.14032,
            31.08571
          ],
          [
            77.14,
            31.08551
          ],
          [
            77.13991,
            31.08543
          ],
          [
            77.13983,
            31.08533
          ],
          [
            77.13976,
            31.08505
          ],
          [
            77.13972,
            31.08498
          ],
          [
            77.13964,
            31.08489
          ],
          [
            77.13948,
            31.08478
          ],
          [
            77.13942,
            31.08471
          ],
          [
            77.13929,
            31.08443
          ],
          [
            77.13923,
            31.08436
          ],
          [
            77.13863,
            31.08384
          ],
          [
            77.13832,
            31.08348
          ],
          [
            77.13819,
            31.08326
          ],
          [
            77.13814,
            31.08307
          ],
          [
            77.13815,
            31.08298
          ],
          [
            77.13819,
            31.08288
          ],
          [
            77.13836,
            31.08266
          ],
          [
            77.13842,
            31.08245
          ],
          [
            77.13846,
            31.08203
          ],
          [
            77.13853,
            31.0817
          ],
          [
            77.13859,
            31.08163
          ],
          [
            77.13889,
            31.08146
          ],
          [
            77.13898,
            31.08138
          ],
          [
            77.13902,
            31.08129
          ],
          [
            77.139,
            31.08116
          ],
          [
            77.13892,
            31.08104
          ],
          [
            77.13889,
            31.08093
          ],
          [
            77.13889,
            31.08071
          ],
          [
            77.13887,
            31.08064
          ],
          [
            77.13878,
            31.08051
          ],
          [
            77.1386,
            31.08034
          ],
          [
            77.13855,
            31.08021
          ],
          [
            77.13855,
            31.0801
          ],
          [
            77.13862,
            31.07999
          ],
          [
            77.13877,
            31.07981
          ],
          [
            77.13958,
            31.0787
          ],
          [
            77.13964,
            31.07858
          ],
          [
            77.13966,
            31.07848
          ],
          [
            77.13966,
            31.07831
          ],
          [
            77.1396,
            31.07775
          ],
          [
            77.13965,
            31.07736
          ],
          [
            77.13966,
            31.07725
          ],
          [
            77.13963,
            31.07704
          ],
          [
            77.13958,
            31.07693
          ],
          [
            77.13944,
            31.07677
          ],
          [
            77.13923,
            31.0766
          ],
          [
            77.13908,
            31.07645
          ],
          [
            77.13902,
            31.07632
          ],
          [
            77.139,
            31.07621
          ],
          [
            77.13899,
            31.07586
          ],
          [
            77.13902,
            31.0756
          ],
          [
            77.13902,
            31.0754
          ],
          [
            77.139,
            31.07522
          ],
          [
            77.13896,
            31.07506
          ],
          [
            77.13854,
            31.07432
          ],
          [
            77.13852,
            31.07394
          ],
          [
            77.13852,
            31.07381
          ],
          [
            77.13849,
            31.07369
          ],
          [
            77.13843,
            31.07361
          ],
          [
            77.13826,
            31.07353
          ],
          [
            77.13795,
            31.07344
          ],
          [
            77.13757,
            31.07337
          ],
          [
            77.13721,
            31.07334
          ],
          [
            77.13702,
            31.07327
          ],
          [
            77.13681,
            31.07312
          ],
          [
            77.13666,
            31.07305
          ],
          [
            77.13651,
            31.07303
          ],
          [
            77.13606,
            31.07306
          ],
          [
            77.13579,
            31.07305
          ],
          [
            77.13555,
            31.07298
          ],
          [
            77.13532,
            31.07286
          ],
          [
            77.13507,
            31.07264
          ],
          [
            77.13502,
            31.07255
          ],
          [
            77.135,
            31.07245
          ],
          [
            77.135,
            31.0721
          ],
          [
            77.13488,
            31.07176
          ],
          [
            77.13476,
            31.07151
          ],
          [
            77.13453,
            31.07131
          ],
          [
            77.13426,
            31.07119
          ],
          [
            77.13395,
            31.07116
          ],
          [
            77.13321,
            31.07118
          ],
          [
            77.13275,
            31.07121
          ],
          [
            77.13224,
            31.0713
          ],
          [
            77.13213,
            31.07129
          ],
          [
            77.13199,
            31.07124
          ],
          [
            77.13189,
            31.07115
          ],
          [
            77.1318,
            31.071
          ],
          [
            77.13166,
            31.07082
          ],
          [
            77.13157,
            31.07077
          ],
          [
            77.13147,
            31.07073
          ],
          [
            77.13094,
            31.07064
          ],
          [
            77.13067,
            31.07056
          ],
          [
            77.13061,
            31.07052
          ],
          [
            77.13056,
            31.07045
          ],
          [
            77.13053,
            31.07037
          ],
          [
            77.13052,
            31.07029
          ],
          [
            77.13058,
            31.07009
          ],
          [
            77.13074,
            31.06987
          ],
          [
            77.13112,
            31.06968
          ],
          [
            77.13129,
            31.06965
          ],
          [
            77.13143,
            31.06959
          ],
          [
            77.13151,
            31.06951
          ],
          [
            77.13169,
            31.06925
          ],
          [
            77.13181,
            31.06919
          ],
          [
            77.13248,
            31.06905
          ],
          [
            77.13254,
            31.06901
          ],
          [
            77.13261,
            31.06893
          ],
          [
            77.13264,
            31.06886
          ],
          [
            77.13265,
            31.06841
          ],
          [
            77.13268,
            31.06822
          ],
          [
            77.13281,
            31.06801
          ],
          [
            77.13302,
            31.06775
          ],
          [
            77.13319,
            31.06767
          ],
          [
            77.13337,
            31.06764
          ],
          [
            77.13349,
            31.06758
          ],
          [
            77.13354,
            31.06751
          ],
          [
            77.13356,
            31.06736
          ],
          [
            77.13345,
            31.06712
          ],
          [
            77.13347,
            31.06703
          ],
          [
            77.13368,
            31.06694
          ],
          [
            77.13373,
            31.06688
          ],
          [
            77.13375,
            31.06681
          ],
          [
            77.13375,
            31.06677
          ],
          [
            77.13371,
            31.0667
          ],
          [
            77.13363,
            31.0666
          ],
          [
            77.13335,
            31.06633
          ],
          [
            77.13311,
            31.06619
          ],
          [
            77.13245,
            31.06586
          ],
          [
            77.13229,
            31.06573
          ],
          [
            77.13213,
            31.06555
          ],
          [
            77.13208,
            31.06548
          ],
          [
            77.13205,
            31.06539
          ],
          [
            77.13206,
            31.06533
          ],
          [
            77.13213,
            31.06527
          ],
          [
            77.13258,
            31.06504
          ],
          [
            77.13284,
            31.06487
          ],
          [
            77.13307,
            31.06467
          ],
          [
            77.1331,
            31.06458
          ],
          [
            77.13308,
            31.06451
          ],
          [
            77.133,
            31.06439
          ],
          [
            77.13267,
            31.06409
          ],
          [
            77.13266,
            31.06403
          ],
          [
            77.1327,
            31.06388
          ],
          [
            77.1327,
            31.06383
          ],
          [
            77.13265,
            31.06375
          ],
          [
            77.13256,
            31.06364
          ],
          [
            77.13228,
            31.06343
          ],
          [
            77.13226,
            31.06338
          ],
          [
            77.13227,
            31.0633
          ],
          [
            77.13239,
            31.06309
          ],
          [
            77.13251,
            31.06273
          ],
          [
            77.13256,
            31.06245
          ],
          [
            77.13252,
            31.06225
          ],
          [
            77.13245,
            31.06212
          ],
          [
            77.13233,
            31.06197
          ],
          [
            77.13225,
            31.06178
          ],
          [
            77.1322,
            31.06153
          ],
          [
            77.13213,
            31.0614
          ],
          [
            77.13207,
            31.06132
          ],
          [
            77.13198,
            31.06125
          ],
          [
            77.13149,
            31.06102
          ],
          [
            77.1314,
            31.06097
          ],
          [
            77.13136,
            31.06091
          ],
          [
            77.13134,
            31.06085
          ],
          [
            77.13138,
            31.06057
          ],
          [
            77.13149,
            31.06014
          ],
          [
            77.13161,
            31.0599
          ],
          [
            77.13175,
            31.05976
          ],
          [
            77.13181,
            31.05967
          ],
          [
            77.13183,
            31.05959
          ],
          [
            77.13181,
            31.05903
          ],
          [
            77.13175,
            31.05872
          ],
          [
            77.13164,
            31.05847
          ],
          [
            77.13145,
            31.05812
          ],
          [
            77.13142,
            31.05798
          ],
          [
            77.13142,
            31.05786
          ],
          [
            77.13148,
            31.05773
          ],
          [
            77.13159,
            31.05766
          ],
          [
            77.13224,
            31.05741
          ],
          [
            77.13236,
            31.0574
          ],
          [
            77.13247,
            31.05741
          ],
          [
            77.13301,
            31.05758
          ],
          [
            77.13315,
            31.05759
          ],
          [
            77.13331,
            31.05756
          ],
          [
            77.13343,
            31.05749
          ],
          [
            77.13354,
            31.0574
          ],
          [
            77.13363,
            31.05724
          ],
          [
            77.13393,
            31.05685
          ],
          [
            77.13427,
            31.05638
          ],
          [
            77.13444,
            31.0562
          ],
          [
            77.13453,
            31.05606
          ],
          [
            77.13456,
            31.05595
          ],
          [
            77.13455,
            31.05582
          ],
          [
            77.13446,
            31.05532
          ],
          [
            77.1344,
            31.05515
          ],
          [
            77.13442,
            31.05506
          ],
          [
            77.13449,
            31.05497
          ],
          [
            77.13469,
            31.05484
          ],
          [
            77.1348,
            31.05471
          ],
          [
            77.13491,
            31.05436
          ],
          [
            77.13489,
            31.05414
          ],
          [
            77.1349,
            31.05402
          ],
          [
            77.13494,
            31.05392
          ],
          [
            77.13506,
            31.05383
          ],
          [
            77.13558,
            31.05339
          ],
          [
            77.13573,
            31.05321
          ],
          [
            77.13615,
            31.05303
          ],
          [
            77.13622,
            31.05295
          ],
          [
            77.13626,
            31.05286
          ],
          [
            77.13623,
            31.05277
          ],
          [
            77.13608,
            31.05258
          ],
          [
            77.13582,
            31.05231
          ],
          [
            77.13563,
            31.05215
          ],
          [
            77.13527,
            31.0519
          ],
          [
            77.13433,
            31.05099
          ],
          [
            77.13418,
            31.05083
          ],
          [
            77.13413,
            31.0507
          ],
          [
            77.13412,
            31.05056
          ],
          [
            77.13418,
            31.05034
          ],
          [
            77.13417,
            31.05007
          ],
          [
            77.13409,
            31.04995
          ],
          [
            77.13343,
            31.04933
          ],
          [
            77.13336,
            31.04921
          ],
          [
            77.13311,
            31.04856
          ],
          [
            77.13301,
            31.04838
          ],
          [
            77.13266,
            31.04804
          ],
          [
            77.13254,
            31.04786
          ],
          [
            77.13246,
            31.04737
          ],
          [
            77.1324,
            31.04728
          ],
          [
            77.13231,
            31.04718
          ],
          [
            77.13201,
            31.04699
          ],
          [
            77.13184,
            31.04683
          ],
          [
            77.13155,
            31.04647
          ],
          [
            77.13102,
            31.04596
          ],
          [
            77.1304,
            31.04525
          ],
          [
            77.13031,
            31.04518
          ],
          [
            77.12984,
            31.04492
          ],
          [
            77.12966,
            31.04479
          ],
          [
            77.12913,
            31.04433
          ],
          [
            77.12903,
            31.04429
          ],
          [
            77.12879,
            31.04422
          ],
          [
            77.12867,
            31.0442
          ],
          [
            77.12805,
            31.04402
          ],
          [
            77.12789,
            31.04396
          ],
          [
            77.1278,
            31.04388
          ],
          [
            77.12772,
            31.04372
          ],
          [
            77.12759,
            31.04341
          ],
          [
            77.12738,
            31.04231
          ],
          [
            77.12733,
            31.04218
          ],
          [
            77.12722,
            31.04206
          ],
          [
            77.12708,
            31.04196
          ],
          [
            77.1267,
            31.04175
          ],
          [
            77.12647,
            31.04164
          ],
          [
            77.12632,
            31.04153
          ],
          [
            77.12622,
            31.0414
          ],
          [
            77.12591,
            31.0409
          ],
          [
            77.12558,
            31.04053
          ],
          [
            77.12544,
            31.04031
          ],
          [
            77.12512,
            31.04003
          ],
          [
            77.12502,
            31.03996
          ],
          [
            77.12444,
            31.03972
          ],
          [
            77.12309,
            31.03937
          ],
          [
            77.12282,
            31.0393
          ],
          [
            77.12267,
            31.0393
          ],
          [
            77.12243,
            31.03933
          ],
          [
            77.12214,
            31.03946
          ],
          [
            77.12177,
            31.03969
          ],
          [
            77.12147,
            31.03983
          ],
          [
            77.12119,
            31.03989
          ],
          [
            77.12106,
            31.03987
          ],
          [
            77.121,
            31.03983
          ],
          [
            77.12093,
            31.03973
          ],
          [
            77.12073,
            31.03918
          ],
          [
            77.12049,
            31.03835
          ],
          [
            77.12049,
            31.03818
          ],
          [
            77.12051,
            31.03801
          ],
          [
            77.12056,
            31.03789
          ],
          [
            77.12064,
            31.03775
          ],
          [
            77.12086,
            31.03755
          ],
          [
            77.12107,
            31.03738
          ],
          [
            77.12117,
            31.03726
          ],
          [
            77.1214,
            31.0368
          ],
          [
            77.12145,
            31.03656
          ],
          [
            77.12141,
            31.03635
          ],
          [
            77.12131,
            31.03612
          ],
          [
            77.12101,
            31.03556
          ],
          [
            77.12094,
            31.03541
          ],
          [
            77.1209,
            31.0353
          ],
          [
            77.1209,
            31.03506
          ],
          [
            77.12088,
            31.03497
          ],
          [
            77.12078,
            31.03486
          ],
          [
            77.12009,
            31.03462
          ],
          [
            77.11995,
            31.03456
          ],
          [
            77.11981,
            31.03445
          ],
          [
            77.11971,
            31.03432
          ],
          [
            77.11967,
            31.03394
          ],
          [
            77.11959,
            31.03374
          ],
          [
            77.11955,
            31.0337
          ],
          [
            77.1195,
            31.03367
          ],
          [
            77.11945,
            31.03366
          ],
          [
            77.11912,
            31.03364
          ],
          [
            77.11895,
            31.03364
          ],
          [
            77.11879,
            31.03367
          ],
          [
            77.11833,
            31.03383
          ],
          [
            77.11819,
            31.03383
          ],
          [
            77.11811,
            31.03381
          ],
          [
            77.11806,
            31.03377
          ],
          [
            77.11778,
            31.0334
          ],
          [
            77.11757,
            31.0332
          ],
          [
            77.11684,
            31.03277
          ],
          [
            77.11658,
            31.03258
          ],
          [
            77.11631,
            31.0324
          ],
          [
            77.1162,
            31.03235
          ],
          [
            77.11607,
            31.03232
          ],
          [
            77.11562,
            31.0323
          ],
          [
            77.11551,
            31.03231
          ],
          [
            77.11539,
            31.03236
          ],
          [
            77.11493,
            31.03258
          ],
          [
            77.11481,
            31.03261
          ],
          [
            77.11475,
            31.03262
          ],
          [
            77.11439,
            31.03258
          ],
          [
            77.11431,
            31.03259
          ],
          [
            77.11406,
            31.03268
          ],
          [
            77.11388,
            31.03273
          ],
          [
            77.11321,
            31.03279
          ],
          [
            77.11254,
            31.033
          ],
          [
            77.11205,
            31.03325
          ],
          [
            77.11194,
            31.03328
          ],
          [
            77.11165,
            31.03326
          ],
          [
            77.11125,
            31.03322
          ],
          [
            77.11117,
            31.03322
          ],
          [
            77.11109,
            31.03325
          ],
          [
            77.11092,
            31.03339
          ],
          [
            77.11084,
            31.03343
          ],
          [
            77.11079,
            31.03344
          ],
          [
            77.1105,
            31.03346
          ],
          [
            77.11044,
            31.03348
          ],
          [
            77.11039,
            31.03353
          ],
          [
            77.1102,
            31.0338
          ],
          [
            77.11013,
            31.03386
          ],
          [
            77.10996,
            31.03395
          ],
          [
            77.10959,
            31.03404
          ],
          [
            77.10939,
            31.03402
          ],
          [
            77.10914,
            31.03397
          ],
          [
            77.10887,
            31.03389
          ],
          [
            77.10876,
            31.03383
          ],
          [
            77.10869,
            31.03377
          ],
          [
            77.10833,
            31.03326
          ],
          [
            77.10813,
            31.03309
          ],
          [
            77.10776,
            31.03295
          ],
          [
            77.10724,
            31.03282
          ],
          [
            77.10688,
            31.03267
          ],
          [
            77.10684,
            31.03261
          ],
          [
            77.10672,
            31.03238
          ],
          [
            77.10667,
            31.03199
          ],
          [
            77.10658,
            31.0317
          ],
          [
            77.10652,
            31.03162
          ],
          [
            77.10648,
            31.03159
          ],
          [
            77.10609,
            31.0315
          ],
          [
            77.10576,
            31.0313
          ],
          [
            77.10547,
            31.03111
          ],
          [
            77.1051,
            31.03094
          ],
          [
            77.10485,
            31.03087
          ],
          [
            77.10474,
            31.03085
          ],
          [
            77.10457,
            31.03086
          ],
          [
            77.10438,
            31.03093
          ],
          [
            77.10418,
            31.03104
          ],
          [
            77.1041,
            31.03105
          ],
          [
            77.10348,
            31.03082
          ],
          [
            77.10332,
            31.03074
          ],
          [
            77.10324,
            31.03066
          ],
          [
            77.10325,
            31.0306
          ],
          [
            77.10367,
            31.0302
          ],
          [
            77.10377,
            31.02999
          ],
          [
            77.10378,
            31.02981
          ],
          [
            77.10381,
            31.02976
          ],
          [
            77.10437,
            31.02939
          ],
          [
            77.10445,
            31.02928
          ],
          [
            77.10459,
            31.02903
          ],
          [
            77.10471,
            31.02894
          ],
          [
            77.10497,
            31.02877
          ],
          [
            77.10507,
            31.02868
          ],
          [
            77.10513,
            31.0286
          ],
          [
            77.10561,
            31.02781
          ],
          [
            77.10583,
            31.02765
          ],
          [
            77.10609,
            31.02751
          ],
          [
            77.10631,
            31.02741
          ],
          [
            77.10648,
            31.02725
          ],
          [
            77.10659,
            31.02687
          ],
          [
            77.10679,
            31.02663
          ],
          [
            77.10721,
            31.02646
          ],
          [
            77.10739,
            31.02634
          ],
          [
            77.10755,
            31.02613
          ],
          [
            77.10762,
            31.02586
          ],
          [
            77.1076,
            31.02575
          ],
          [
            77.10754,
            31.02566
          ],
          [
            77.10738,
            31.02555
          ],
          [
            77.10722,
            31.02554
          ],
          [
            77.10714,
            31.02555
          ],
          [
            77.10655,
            31.02575
          ],
          [
            77.10622,
            31.02572
          ],
          [
            77.10599,
            31.02558
          ],
          [
            77.10558,
            31.0251
          ],
          [
            77.10514,
            31.02454
          ],
          [
            77.1046,
            31.02405
          ],
          [
            77.10437,
            31.02375
          ],
          [
            77.1041,
            31.02333
          ],
          [
            77.10391,
            31.02298
          ],
          [
            77.10379,
            31.02269
          ],
          [
            77.1037,
            31.02254
          ],
          [
            77.10357,
            31.02244
          ],
          [
            77.1034,
            31.02238
          ],
          [
            77.10301,
            31.02233
          ],
          [
            77.10298,
            31.02231
          ],
          [
            77.10295,
            31.02224
          ],
          [
            77.10293,
            31.02211
          ],
          [
            77.10286,
            31.02196
          ],
          [
            77.10276,
            31.02188
          ],
          [
            77.10257,
            31.02176
          ],
          [
            77.10199,
            31.02147
          ],
          [
            77.10169,
            31.02138
          ],
          [
            77.10136,
            31.02133
          ],
          [
            77.10118,
            31.02127
          ],
          [
            77.10107,
            31.02121
          ],
          [
            77.10091,
            31.02106
          ],
          [
            77.10075,
            31.02087
          ],
          [
            77.10077,
            31.02071
          ],
          [
            77.10088,
            31.02057
          ],
          [
            77.10129,
            31.02042
          ],
          [
            77.10143,
            31.02031
          ],
          [
            77.10169,
            31.01996
          ],
          [
            77.10171,
            31.01984
          ],
          [
            77.10171,
            31.0197
          ],
          [
            77.10162,
            31.01955
          ],
          [
            77.10141,
            31.01932
          ],
          [
            77.10077,
            31.01884
          ],
          [
            77.1006,
            31.01863
          ],
          [
            77.10048,
            31.01798
          ],
          [
            77.10037,
            31.01779
          ],
          [
            77.09959,
            31.01744
          ],
          [
            77.09937,
            31.01722
          ],
          [
            77.09928,
            31.01692
          ],
          [
            77.09926,
            31.01676
          ],
          [
            77.09934,
            31.01655
          ],
          [
            77.09949,
            31.01642
          ],
          [
            77.09982,
            31.01618
          ],
          [
            77.10002,
            31.01608
          ],
          [
            77.10025,
            31.01592
          ],
          [
            77.10039,
            31.01586
          ],
          [
            77.10098,
            31.01579
          ],
          [
            77.10132,
            31.01577
          ],
          [
            77.10158,
            31.01569
          ],
          [
            77.1018,
            31.01553
          ],
          [
            77.10213,
            31.01508
          ],
          [
            77.10224,
            31.01488
          ],
          [
            77.10228,
            31.01461
          ],
          [
            77.10226,
            31.01442
          ],
          [
            77.1022,
            31.01421
          ],
          [
            77.10204,
            31.01391
          ],
          [
            77.10198,
            31.01371
          ],
          [
            77.10197,
            31.01334
          ],
          [
            77.10199,
            31.01302
          ],
          [
            77.10193,
            31.01277
          ],
          [
            77.1017,
            31.01246
          ],
          [
            77.10139,
            31.01218
          ],
          [
            77.10105,
            31.01183
          ],
          [
            77.10074,
            31.01146
          ],
          [
            77.10051,
            31.01089
          ],
          [
            77.10052,
            31.01073
          ],
          [
            77.10066,
            31.01033
          ],
          [
            77.10069,
            31.01015
          ],
          [
            77.10069,
            31.00993
          ],
          [
            77.10066,
            31.00976
          ],
          [
            77.10062,
            31.00965
          ],
          [
            77.10048,
            31.00947
          ],
          [
            77.1003,
            31.00936
          ],
          [
            77.09993,
            31.00921
          ],
          [
            77.09918,
            31.00873
          ],
          [
            77.09897,
            31.00863
          ],
          [
            77.0986,
            31.00857
          ],
          [
            77.09821,
            31.00857
          ],
          [
            77.09801,
            31.00851
          ],
          [
            77.09791,
            31.0084
          ],
          [
            77.09777,
            31.00808
          ],
          [
            77.0976,
            31.00771
          ],
          [
            77.09745,
            31.00748
          ],
          [
            77.09731,
            31.00734
          ],
          [
            77.09714,
            31.00727
          ],
          [
            77.09697,
            31.00726
          ],
          [
            77.09679,
            31.0073
          ],
          [
            77.09666,
            31.00742
          ],
          [
            77.0961,
            31.00779
          ],
          [
            77.09583,
            31.00803
          ],
          [
            77.09568,
            31.00809
          ],
          [
            77.09548,
            31.00826
          ],
          [
            77.09535,
            31.00828
          ],
          [
            77.09514,
            31.00823
          ],
          [
            77.09501,
            31.00815
          ],
          [
            77.09457,
            31.00791
          ],
          [
            77.09439,
            31.00784
          ],
          [
            77.09401,
            31.00782
          ],
          [
            77.09378,
            31.00789
          ],
          [
            77.09323,
            31.00828
          ],
          [
            77.09274,
            31.00858
          ],
          [
            77.09257,
            31.00862
          ],
          [
            77.09238,
            31.00863
          ],
          [
            77.09169,
            31.00847
          ],
          [
            77.09147,
            31.0084
          ],
          [
            77.09136,
            31.00837
          ],
          [
            77.09115,
            31.00825
          ],
          [
            77.09101,
            31.00808
          ],
          [
            77.09093,
            31.00787
          ],
          [
            77.09119,
            31.00742
          ],
          [
            77.09131,
            31.00709
          ],
          [
            77.09128,
            31.0068
          ],
          [
            77.09122,
            31.0065
          ],
          [
            77.09102,
            31.00629
          ],
          [
            77.09101,
            31.00622
          ],
          [
            77.09095,
            31.00608
          ],
          [
            77.09062,
            31.0058
          ],
          [
            77.09047,
            31.00572
          ],
          [
            77.09002,
            31.00553
          ],
          [
            77.08976,
            31.00545
          ],
          [
            77.0896,
            31.00528
          ],
          [
            77.08949,
            31.00467
          ],
          [
            77.08941,
            31.00454
          ],
          [
            77.08908,
            31.00422
          ],
          [
            77.08845,
            31.00373
          ],
          [
            77.08833,
            31.00352
          ],
          [
            77.08828,
            31.00331
          ],
          [
            77.08837,
            31.00313
          ],
          [
            77.08851,
            31.00306
          ],
          [
            77.0892,
            31.00284
          ],
          [
            77.08933,
            31.00273
          ],
          [
            77.08947,
            31.00256
          ],
          [
            77.08951,
            31.00232
          ],
          [
            77.08943,
            31.00206
          ],
          [
            77.08945,
            31.00191
          ],
          [
            77.08958,
            31.00175
          ],
          [
            77.08986,
            31.00154
          ],
          [
            77.09019,
            31.0014
          ],
          [
            77.09046,
            31.00123
          ],
          [
            77.09089,
            31.00079
          ],
          [
            77.09159,
            31.00027
          ],
          [
            77.09167,
            31.0001
          ],
          [
            77.09161,
            30.9999
          ],
          [
            77.09141,
            30.99966
          ],
          [
            77.09073,
            30.99904
          ],
          [
            77.09049,
            30.99875
          ],
          [
            77.08972,
            30.99814
          ],
          [
            77.08947,
            30.99795
          ],
          [
            77.08928,
            30.9977
          ],
          [
            77.08924,
            30.9975
          ],
          [
            77.08928,
            30.99727
          ],
          [
            77.0894,
            30.99713
          ],
          [
            77.0896,
            30.99708
          ],
          [
            77.09112,
            30.99697
          ],
          [
            77.09148,
            30.99687
          ],
          [
            77.09281,
            30.99641
          ],
          [
            77.09333,
            30.9962
          ],
          [
            77.09355,
            30.99602
          ],
          [
            77.0936,
            30.99589
          ],
          [
            77.09362,
            30.99572
          ],
          [
            77.09358,
            30.9956
          ],
          [
            77.09308,
            30.99484
          ],
          [
            77.09281,
            30.99447
          ],
          [
            77.09262,
            30.99431
          ],
          [
            77.09215,
            30.99399
          ],
          [
            77.09195,
            30.99382
          ],
          [
            77.09182,
            30.99355
          ],
          [
            77.09179,
            30.99331
          ],
          [
            77.09179,
            30.99296
          ],
          [
            77.09198,
            30.99245
          ],
          [
            77.09205,
            30.9922
          ],
          [
            77.09203,
            30.99206
          ],
          [
            77.0918,
            30.99164
          ],
          [
            77.09177,
            30.99152
          ],
          [
            77.09175,
            30.99147
          ],
          [
            77.09176,
            30.99132
          ],
          [
            77.09189,
            30.99108
          ],
          [
            77.09208,
            30.99097
          ],
          [
            77.09226,
            30.99094
          ],
          [
            77.09245,
            30.99096
          ],
          [
            77.09264,
            30.991
          ],
          [
            77.09277,
            30.991
          ],
          [
            77.09323,
            30.9911
          ],
          [
            77.09358,
            30.9912
          ],
          [
            77.09373,
            30.9912
          ],
          [
            77.09385,
            30.99116
          ],
          [
            77.09404,
            30.991
          ],
          [
            77.09419,
            30.99083
          ],
          [
            77.09427,
            30.99081
          ],
          [
            77.09441,
            30.99036
          ],
          [
            77.0945,
            30.99023
          ],
          [
            77.09465,
            30.9901
          ],
          [
            77.09478,
            30.99002
          ],
          [
            77.09501,
            30.98995
          ],
          [
            77.09522,
            30.98992
          ],
          [
            77.09549,
            30.98994
          ],
          [
            77.09571,
            30.98993
          ],
          [
            77.09591,
            30.98987
          ],
          [
            77.09607,
            30.98977
          ],
          [
            77.09619,
            30.98959
          ],
          [
            77.09623,
            30.98941
          ],
          [
            77.09622,
            30.98925
          ],
          [
            77.09612,
            30.98912
          ],
          [
            77.09588,
            30.98861
          ],
          [
            77.0959,
            30.98844
          ],
          [
            77.09597,
            30.9883
          ],
          [
            77.09609,
            30.98819
          ],
          [
            77.09626,
            30.98809
          ],
          [
            77.09664,
            30.98804
          ],
          [
            77.09701,
            30.98806
          ],
          [
            77.09738,
            30.98814
          ],
          [
            77.09785,
            30.98833
          ],
          [
            77.09855,
            30.98866
          ],
          [
            77.09971,
            30.989
          ],
          [
            77.10007,
            30.98914
          ],
          [
            77.10019,
            30.98921
          ],
          [
            77.10053,
            30.9896
          ],
          [
            77.10077,
            30.9898
          ],
          [
            77.10107,
            30.9898
          ],
          [
            77.10135,
            30.98974
          ],
          [
            77.10181,
            30.98942
          ],
          [
            77.10189,
            30.98923
          ],
          [
            77.10199,
            30.98883
          ],
          [
            77.10198,
            30.98833
          ],
          [
            77.10191,
            30.98792
          ],
          [
            77.10202,
            30.98776
          ],
          [
            77.10206,
            30.98765
          ],
          [
            77.10221,
            30.98747
          ],
          [
            77.10249,
            30.98727
          ],
          [
            77.10306,
            30.98697
          ],
          [
            77.10318,
            30.98684
          ],
          [
            77.10322,
            30.98671
          ],
          [
            77.10319,
            30.98652
          ],
          [
            77.10312,
            30.98631
          ],
          [
            77.10302,
            30.98615
          ],
          [
            77.10288,
            30.98582
          ],
          [
            77.10285,
            30.98568
          ],
          [
            77.10285,
            30.98547
          ],
          [
            77.10293,
            30.98532
          ],
          [
            77.10307,
            30.98519
          ],
          [
            77.10326,
            30.98505
          ],
          [
            77.10419,
            30.98454
          ],
          [
            77.10486,
            30.98418
          ],
          [
            77.10493,
            30.98416
          ],
          [
            77.10509,
            30.98411
          ],
          [
            77.10533,
            30.98407
          ],
          [
            77.1055,
            30.98412
          ],
          [
            77.10599,
            30.98438
          ],
          [
            77.10622,
            30.9844
          ],
          [
            77.10648,
            30.98441
          ],
          [
            77.10677,
            30.98434
          ],
          [
            77.1071,
            30.98415
          ],
          [
            77.10725,
            30.98396
          ],
          [
            77.10733,
            30.98376
          ],
          [
            77.10745,
            30.98324
          ],
          [
            77.10741,
            30.98312
          ],
          [
            77.10745,
            30.9829
          ],
          [
            77.10739,
            30.98268
          ],
          [
            77.10663,
            30.98148
          ],
          [
            77.10651,
            30.98121
          ],
          [
            77.10651,
            30.98103
          ],
          [
            77.10664,
            30.98084
          ],
          [
            77.10688,
            30.9807
          ],
          [
            77.10717,
            30.98068
          ],
          [
            77.10752,
            30.98083
          ],
          [
            77.1078,
            30.98097
          ],
          [
            77.10804,
            30.98103
          ],
          [
            77.10824,
            30.98114
          ],
          [
            77.10854,
            30.98143
          ],
          [
            77.10879,
            30.98159
          ],
          [
            77.10898,
            30.98165
          ],
          [
            77.10916,
            30.98172
          ],
          [
            77.10929,
            30.98171
          ],
          [
            77.10945,
            30.98163
          ],
          [
            77.10957,
            30.98153
          ],
          [
            77.10963,
            30.98143
          ],
          [
            77.10965,
            30.9813
          ],
          [
            77.10965,
            30.9807
          ],
          [
            77.10966,
            30.9805
          ],
          [
            77.10968,
            30.98041
          ],
          [
            77.10973,
            30.98029
          ],
          [
            77.10984,
            30.98015
          ],
          [
            77.10994,
            30.98005
          ],
          [
            77.11007,
            30.97998
          ],
          [
            77.11022,
            30.97996
          ],
          [
            77.1104,
            30.97998
          ],
          [
            77.1112,
            30.98036
          ],
          [
            77.11133,
            30.98039
          ],
          [
            77.11148,
            30.98041
          ],
          [
            77.11167,
            30.9804
          ],
          [
            77.11183,
            30.98034
          ],
          [
            77.11197,
            30.98026
          ],
          [
            77.11214,
            30.9801
          ],
          [
            77.11228,
            30.97984
          ],
          [
            77.11234,
            30.97961
          ],
          [
            77.11234,
            30.97941
          ],
          [
            77.1123,
            30.9793
          ],
          [
            77.11159,
            30.9782
          ],
          [
            77.11147,
            30.9781
          ],
          [
            77.11127,
            30.97799
          ],
          [
            77.11054,
            30.97767
          ],
          [
            77.11038,
            30.97759
          ],
          [
            77.11028,
            30.97752
          ],
          [
            77.11023,
            30.97742
          ],
          [
            77.11007,
            30.97694
          ],
          [
            77.11,
            30.97684
          ],
          [
            77.10986,
            30.97676
          ],
          [
            77.10971,
            30.97661
          ],
          [
            77.10959,
            30.97638
          ],
          [
            77.10944,
            30.97588
          ],
          [
            77.10937,
            30.97574
          ],
          [
            77.10911,
            30.97552
          ],
          [
            77.1088,
            30.97535
          ],
          [
            77.1087,
            30.97524
          ],
          [
            77.10866,
            30.97514
          ],
          [
            77.10866,
            30.975
          ],
          [
            77.1088,
            30.97442
          ],
          [
            77.10888,
            30.97426
          ],
          [
            77.10897,
            30.97418
          ],
          [
            77.10908,
            30.97413
          ],
          [
            77.10926,
            30.97409
          ],
          [
            77.11037,
            30.97408
          ],
          [
            77.11068,
            30.97405
          ],
          [
            77.1112,
            30.97383
          ],
          [
            77.11137,
            30.97371
          ],
          [
            77.11144,
            30.97348
          ],
          [
            77.11147,
            30.97339
          ],
          [
            77.11146,
            30.97326
          ],
          [
            77.11143,
            30.97318
          ],
          [
            77.11135,
            30.97308
          ],
          [
            77.11124,
            30.97304
          ],
          [
            77.11104,
            30.97299
          ],
          [
            77.11083,
            30.97302
          ],
          [
            77.11072,
            30.97302
          ],
          [
            77.11061,
            30.97299
          ],
          [
            77.11044,
            30.9729
          ],
          [
            77.10991,
            30.97245
          ],
          [
            77.10983,
            30.97234
          ],
          [
            77.10976,
            30.97203
          ],
          [
            77.10975,
            30.97173
          ],
          [
            77.10971,
            30.97152
          ],
          [
            77.10956,
            30.97134
          ],
          [
            77.10933,
            30.97127
          ],
          [
            77.10893,
            30.97128
          ],
          [
            77.10864,
            30.9712
          ],
          [
            77.1083,
            30.97089
          ],
          [
            77.10793,
            30.97076
          ],
          [
            77.10778,
            30.97069
          ],
          [
            77.10769,
            30.97053
          ],
          [
            77.10759,
            30.97013
          ],
          [
            77.1073,
            30.96976
          ],
          [
            77.10716,
            30.96967
          ],
          [
            77.10699,
            30.96966
          ],
          [
            77.10633,
            30.96979
          ],
          [
            77.10616,
            30.9697
          ],
          [
            77.10566,
            30.96931
          ],
          [
            77.10543,
            30.96916
          ],
          [
            77.10536,
            30.96905
          ],
          [
            77.10532,
            30.96891
          ],
          [
            77.10533,
            30.96876
          ],
          [
            77.10544,
            30.96862
          ],
          [
            77.10557,
            30.96856
          ],
          [
            77.10597,
            30.96855
          ],
          [
            77.10613,
            30.96842
          ],
          [
            77.10634,
            30.96814
          ],
          [
            77.10646,
            30.96803
          ],
          [
            77.10739,
            30.96755
          ],
          [
            77.10752,
            30.96744
          ],
          [
            77.10758,
            30.96732
          ],
          [
            77.10766,
            30.96702
          ],
          [
            77.10778,
            30.96689
          ],
          [
            77.10782,
            30.96658
          ],
          [
            77.10777,
            30.96635
          ],
          [
            77.10762,
            30.96611
          ],
          [
            77.10759,
            30.96596
          ],
          [
            77.10759,
            30.96573
          ],
          [
            77.10751,
            30.96553
          ],
          [
            77.10736,
            30.96538
          ],
          [
            77.10732,
            30.96511
          ],
          [
            77.10747,
            30.96378
          ],
          [
            77.10753,
            30.96361
          ],
          [
            77.10763,
            30.96348
          ],
          [
            77.10779,
            30.96338
          ],
          [
            77.10797,
            30.96332
          ],
          [
            77.10824,
            30.96329
          ],
          [
            77.1086,
            30.96334
          ],
          [
            77.10882,
            30.96335
          ],
          [
            77.10895,
            30.96332
          ],
          [
            77.1091,
            30.96326
          ],
          [
            77.10922,
            30.96315
          ],
          [
            77.1093,
            30.96305
          ],
          [
            77.10948,
            30.96247
          ],
          [
            77.10967,
            30.96218
          ],
          [
            77.10997,
            30.96197
          ],
          [
            77.1105,
            30.96185
          ],
          [
            77.11122,
            30.9618
          ],
          [
            77.11172,
            30.96172
          ],
          [
            77.11247,
            30.96134
          ],
          [
            77.11288,
            30.96128
          ],
          [
            77.11315,
            30.96129
          ],
          [
            77.11338,
            30.96123
          ],
          [
            77.11357,
            30.96111
          ],
          [
            77.11362,
            30.96098
          ],
          [
            77.1136,
            30.96083
          ],
          [
            77.11354,
            30.96072
          ],
          [
            77.11343,
            30.96065
          ],
          [
            77.1131,
            30.96057
          ],
          [
            77.11284,
            30.96036
          ],
          [
            77.11269,
            30.95997
          ],
          [
            77.11257,
            30.95975
          ],
          [
            77.11239,
            30.95966
          ],
          [
            77.11203,
            30.95962
          ],
          [
            77.11181,
            30.95955
          ],
          [
            77.11165,
            30.95941
          ],
          [
            77.11149,
            30.95921
          ],
          [
            77.11135,
            30.95856
          ],
          [
            77.11128,
            30.95833
          ],
          [
            77.11105,
            30.95815
          ],
          [
            77.11069,
            30.95799
          ],
          [
            77.11034,
            30.95787
          ],
          [
            77.11023,
            30.95778
          ],
          [
            77.11023,
            30.95763
          ],
          [
            77.11027,
            30.95751
          ],
          [
            77.11052,
            30.95731
          ],
          [
            77.11122,
            30.95704
          ],
          [
            77.11239,
            30.95687
          ],
          [
            77.11261,
            30.9568
          ],
          [
            77.11273,
            30.95664
          ],
          [
            77.11321,
            30.95549
          ],
          [
            77.11332,
            30.95493
          ],
          [
            77.11336,
            30.95482
          ],
          [
            77.11345,
            30.95477
          ],
          [
            77.11356,
            30.95475
          ],
          [
            77.11367,
            30.95478
          ],
          [
            77.11413,
            30.95525
          ],
          [
            77.11462,
            30.95589
          ],
          [
            77.11473,
            30.95641
          ],
          [
            77.11515,
            30.95682
          ],
          [
            77.11538,
            30.95694
          ],
          [
            77.11551,
            30.95696
          ],
          [
            77.11568,
            30.9569
          ],
          [
            77.11611,
            30.95658
          ],
          [
            77.11635,
            30.95648
          ],
          [
            77.11664,
            30.95645
          ],
          [
            77.11711,
            30.9566
          ],
          [
            77.11749,
            30.95692
          ],
          [
            77.11785,
            30.95698
          ],
          [
            77.11825,
            30.95691
          ],
          [
            77.11907,
            30.95665
          ],
          [
            77.11942,
            30.95647
          ],
          [
            77.1204,
            30.95559
          ],
          [
            77.1206,
            30.95535
          ],
          [
            77.12063,
            30.95528
          ],
          [
            77.12063,
            30.9552
          ],
          [
            77.12052,
            30.95473
          ],
          [
            77.12055,
            30.95438
          ],
          [
            77.12047,
            30.95404
          ],
          [
            77.1206,
            30.95377
          ],
          [
            77.12082,
            30.95356
          ],
          [
            77.1211,
            30.95341
          ],
          [
            77.12152,
            30.95336
          ],
          [
            77.12253,
            30.95312
          ],
          [
            77.12264,
            30.95298
          ],
          [
            77.12264,
            30.95276
          ],
          [
            77.12255,
            30.95258
          ],
          [
            77.12227,
            30.95242
          ],
          [
            77.12212,
            30.95219
          ],
          [
            77.12209,
            30.95189
          ],
          [
            77.12185,
            30.9515
          ],
          [
            77.12183,
            30.9514
          ],
          [
            77.12186,
            30.95136
          ],
          [
            77.1219,
            30.95132
          ],
          [
            77.12198,
            30.95129
          ],
          [
            77.12209,
            30.95129
          ],
          [
            77.12226,
            30.95134
          ],
          [
            77.1228,
            30.95157
          ],
          [
            77.1231,
            30.95164
          ],
          [
            77.12339,
            30.95154
          ],
          [
            77.12366,
            30.95136
          ],
          [
            77.12384,
            30.95117
          ],
          [
            77.12391,
            30.95094
          ],
          [
            77.12382,
            30.95077
          ],
          [
            77.12369,
            30.95043
          ],
          [
            77.12372,
            30.95017
          ],
          [
            77.12363,
            30.94992
          ],
          [
            77.12332,
            30.94974
          ],
          [
            77.12268,
            30.94955
          ],
          [
            77.12253,
            30.94937
          ],
          [
            77.12254,
            30.94919
          ],
          [
            77.1227,
            30.94898
          ],
          [
            77.12339,
            30.94834
          ],
          [
            77.12405,
            30.94805
          ],
          [
            77.12428,
            30.94791
          ],
          [
            77.12435,
            30.94777
          ],
          [
            77.12438,
            30.94743
          ],
          [
            77.12448,
            30.94709
          ],
          [
            77.12448,
            30.94677
          ],
          [
            77.12444,
            30.9466
          ],
          [
            77.12444,
            30.94647
          ],
          [
            77.12454,
            30.94634
          ],
          [
            77.1247,
            30.94626
          ],
          [
            77.12495,
            30.94625
          ],
          [
            77.1261,
            30.94681
          ],
          [
            77.12627,
            30.94695
          ],
          [
            77.12646,
            30.94707
          ],
          [
            77.1267,
            30.94708
          ],
          [
            77.1269,
            30.94701
          ],
          [
            77.12699,
            30.9469
          ],
          [
            77.12698,
            30.94644
          ],
          [
            77.12716,
            30.94614
          ],
          [
            77.12756,
            30.94572
          ],
          [
            77.1276,
            30.94557
          ],
          [
            77.12758,
            30.9454
          ],
          [
            77.12713,
            30.94481
          ],
          [
            77.12698,
            30.94447
          ],
          [
            77.12675,
            30.9442
          ],
          [
            77.12672,
            30.94404
          ],
          [
            77.12676,
            30.94387
          ],
          [
            77.12701,
            30.94353
          ],
          [
            77.12723,
            30.9433
          ],
          [
            77.12747,
            30.94317
          ],
          [
            77.12859,
            30.94291
          ],
          [
            77.12906,
            30.94263
          ],
          [
            77.12956,
            30.94229
          ],
          [
            77.13017,
            30.94206
          ],
          [
            77.13136,
            30.94146
          ],
          [
            77.13165,
            30.94122
          ],
          [
            77.13172,
            30.94105
          ],
          [
            77.13176,
            30.94072
          ],
          [
            77.1318,
            30.94064
          ],
          [
            77.13187,
            30.94055
          ],
          [
            77.13196,
            30.94049
          ],
          [
            77.13207,
            30.9404
          ],
          [
            77.1322,
            30.94032
          ],
          [
            77.1322,
            30.94014
          ],
          [
            77.13199,
            30.93962
          ],
          [
            77.132,
            30.93946
          ],
          [
            77.13264,
            30.93896
          ],
          [
            77.13283,
            30.93864
          ],
          [
            77.13293,
            30.93832
          ],
          [
            77.13288,
            30.93808
          ],
          [
            77.13279,
            30.93789
          ],
          [
            77.13256,
            30.93763
          ],
          [
            77.13175,
            30.93713
          ],
          [
            77.13158,
            30.93697
          ],
          [
            77.1315,
            30.93678
          ],
          [
            77.13157,
            30.93656
          ],
          [
            77.13186,
            30.93639
          ],
          [
            77.13227,
            30.93624
          ],
          [
            77.13264,
            30.93625
          ],
          [
            77.13295,
            30.93615
          ],
          [
            77.1331,
            30.93601
          ],
          [
            77.13318,
            30.93582
          ],
          [
            77.13317,
            30.93545
          ],
          [
            77.13284,
            30.93466
          ],
          [
            77.13268,
            30.93433
          ],
          [
            77.1326,
            30.93405
          ],
          [
            77.13262,
            30.93394
          ],
          [
            77.13272,
            30.93375
          ],
          [
            77.13274,
            30.93362
          ],
          [
            77.13274,
            30.93351
          ],
          [
            77.13264,
            30.93343
          ],
          [
            77.13249,
            30.93339
          ],
          [
            77.13223,
            30.93337
          ],
          [
            77.13176,
            30.93326
          ],
          [
            77.13126,
            30.93294
          ],
          [
            77.1311,
            30.93274
          ],
          [
            77.13106,
            30.93255
          ],
          [
            77.13107,
            30.93238
          ],
          [
            77.13121,
            30.932
          ],
          [
            77.13121,
            30.93181
          ],
          [
            77.13112,
            30.93168
          ],
          [
            77.13096,
            30.93162
          ],
          [
            77.13018,
            30.93161
          ],
          [
            77.12986,
            30.93153
          ],
          [
            77.12923,
            30.93104
          ],
          [
            77.12853,
            30.93087
          ],
          [
            77.12754,
            30.93078
          ],
          [
            77.12718,
            30.93067
          ],
          [
            77.12697,
            30.93046
          ],
          [
            77.12688,
            30.93019
          ],
          [
            77.12706,
            30.92983
          ],
          [
            77.1273,
            30.92944
          ],
          [
            77.12732,
            30.92916
          ],
          [
            77.12742,
            30.92882
          ],
          [
            77.12757,
            30.92846
          ],
          [
            77.12756,
            30.92816
          ],
          [
            77.12751,
            30.92801
          ],
          [
            77.12744,
            30.92792
          ],
          [
            77.12729,
            30.9279
          ],
          [
            77.12711,
            30.92793
          ],
          [
            77.12669,
            30.9281
          ],
          [
            77.12633,
            30.92832
          ],
          [
            77.12497,
            30.9288
          ],
          [
            77.12475,
            30.92882
          ],
          [
            77.12456,
            30.92878
          ],
          [
            77.12441,
            30.92863
          ],
          [
            77.1244,
            30.92845
          ],
          [
            77.12442,
            30.92808
          ],
          [
            77.12439,
            30.92791
          ],
          [
            77.12418,
            30.92772
          ],
          [
            77.1238,
            30.92739
          ],
          [
            77.12362,
            30.92714
          ],
          [
            77.12352,
            30.92695
          ],
          [
            77.12345,
            30.92658
          ],
          [
            77.12336,
            30.92644
          ],
          [
            77.1232,
            30.92632
          ],
          [
            77.12291,
            30.92619
          ],
          [
            77.12273,
            30.92615
          ],
          [
            77.12254,
            30.92622
          ],
          [
            77.12235,
            30.92636
          ],
          [
            77.12217,
            30.92668
          ],
          [
            77.12144,
            30.9272
          ],
          [
            77.12065,
            30.92749
          ],
          [
            77.11896,
            30.92833
          ],
          [
            77.11872,
            30.9284
          ],
          [
            77.11855,
            30.92839
          ],
          [
            77.1184,
            30.9283
          ],
          [
            77.11828,
            30.9281
          ],
          [
            77.11827,
            30.92792
          ],
          [
            77.11816,
            30.92778
          ],
          [
            77.11793,
            30.92767
          ],
          [
            77.11754,
            30.92771
          ],
          [
            77.11729,
            30.92777
          ],
          [
            77.11708,
            30.92796
          ],
          [
            77.11653,
            30.92834
          ],
          [
            77.11637,
            30.92842
          ],
          [
            77.11586,
            30.92851
          ],
          [
            77.1157,
            30.92857
          ],
          [
            77.11536,
            30.92884
          ],
          [
            77.11517,
            30.92889
          ],
          [
            77.1149,
            30.92885
          ],
          [
            77.1147,
            30.92869
          ],
          [
            77.11453,
            30.92846
          ],
          [
            77.11446,
            30.92824
          ],
          [
            77.11443,
            30.92764
          ],
          [
            77.11434,
            30.92745
          ],
          [
            77.11415,
            30.92733
          ],
          [
            77.11289,
            30.92684
          ],
          [
            77.11266,
            30.92664
          ],
          [
            77.11254,
            30.9261
          ],
          [
            77.11256,
            30.92572
          ],
          [
            77.11252,
            30.9254
          ],
          [
            77.11242,
            30.9252
          ],
          [
            77.11237,
            30.9249
          ],
          [
            77.1124,
            30.92412
          ],
          [
            77.1124,
            30.92333
          ],
          [
            77.11235,
            30.92318
          ],
          [
            77.11216,
            30.92303
          ],
          [
            77.11201,
            30.92296
          ],
          [
            77.11181,
            30.92292
          ],
          [
            77.11168,
            30.92292
          ],
          [
            77.11151,
            30.923
          ],
          [
            77.11078,
            30.9238
          ],
          [
            77.1103,
            30.92416
          ],
          [
            77.10976,
            30.92445
          ],
          [
            77.10917,
            30.92457
          ],
          [
            77.10859,
            30.92476
          ],
          [
            77.10795,
            30.92523
          ],
          [
            77.10736,
            30.92553
          ],
          [
            77.10712,
            30.92553
          ],
          [
            77.10689,
            30.92543
          ],
          [
            77.1067,
            30.92527
          ],
          [
            77.10637,
            30.92457
          ],
          [
            77.10605,
            30.92398
          ],
          [
            77.10536,
            30.92329
          ],
          [
            77.10458,
            30.9227
          ],
          [
            77.10397,
            30.92248
          ],
          [
            77.10334,
            30.92247
          ],
          [
            77.10279,
            30.92255
          ],
          [
            77.10245,
            30.92264
          ],
          [
            77.10213,
            30.92284
          ],
          [
            77.1014,
            30.92318
          ],
          [
            77.09921,
            30.92375
          ],
          [
            77.09901,
            30.92374
          ],
          [
            77.09892,
            30.92368
          ],
          [
            77.09896,
            30.92367
          ],
          [
            77.099,
            30.92363
          ],
          [
            77.09902,
            30.92358
          ],
          [
            77.09899,
            30.92353
          ],
          [
            77.09889,
            30.92346
          ],
          [
            77.09868,
            30.92336
          ],
          [
            77.09859,
            30.92337
          ],
          [
            77.09848,
            30.92339
          ],
          [
            77.098,
            30.92314
          ],
          [
            77.09757,
            30.92317
          ],
          [
            77.09743,
            30.92322
          ],
          [
            77.09721,
            30.92326
          ],
          [
            77.09705,
            30.92323
          ],
          [
            77.09687,
            30.92316
          ],
          [
            77.09675,
            30.92307
          ],
          [
            77.09668,
            30.92281
          ],
          [
            77.09665,
            30.92268
          ],
          [
            77.09647,
            30.92249
          ],
          [
            77.09608,
            30.92235
          ],
          [
            77.09576,
            30.92231
          ],
          [
            77.09557,
            30.92225
          ],
          [
            77.0954,
            30.92203
          ],
          [
            77.09536,
            30.92188
          ],
          [
            77.09537,
            30.92165
          ],
          [
            77.09551,
            30.92106
          ],
          [
            77.0957,
            30.92063
          ],
          [
            77.09585,
            30.92036
          ],
          [
            77.09584,
            30.92008
          ],
          [
            77.09572,
            30.91984
          ],
          [
            77.09538,
            30.9194
          ],
          [
            77.09516,
            30.91907
          ],
          [
            77.09488,
            30.91877
          ],
          [
            77.09427,
            30.91842
          ],
          [
            77.0935,
            30.91793
          ],
          [
            77.09282,
            30.91729
          ],
          [
            77.09202,
            30.91668
          ],
          [
            77.09134,
            30.91604
          ],
          [
            77.09106,
            30.91587
          ],
          [
            77.09027,
            30.91564
          ],
          [
            77.0899,
            30.91551
          ],
          [
            77.08961,
            30.91547
          ],
          [
            77.08912,
            30.91551
          ],
          [
            77.0886,
            30.91551
          ],
          [
            77.08836,
            30.91546
          ],
          [
            77.08823,
            30.91531
          ],
          [
            77.08821,
            30.9152
          ],
          [
            77.08826,
            30.91507
          ],
          [
            77.08839,
            30.91496
          ],
          [
            77.08857,
            30.91488
          ],
          [
            77.08988,
            30.91472
          ],
          [
            77.09079,
            30.91448
          ],
          [
            77.09162,
            30.9141
          ],
          [
            77.09181,
            30.91395
          ],
          [
            77.092,
            30.91344
          ],
          [
            77.09209,
            30.9133
          ],
          [
            77.09221,
            30.91325
          ],
          [
            77.09301,
            30.91315
          ],
          [
            77.09367,
            30.91304
          ],
          [
            77.094,
            30.91304
          ],
          [
            77.09417,
            30.91311
          ],
          [
            77.09447,
            30.9132
          ],
          [
            77.0947,
            30.91322
          ],
          [
            77.09481,
            30.91312
          ],
          [
            77.09492,
            30.91298
          ],
          [
            77.09499,
            30.91265
          ],
          [
            77.09514,
            30.91246
          ],
          [
            77.09537,
            30.91236
          ],
          [
            77.0957,
            30.91234
          ],
          [
            77.09586,
            30.91237
          ],
          [
            77.09606,
            30.91246
          ],
          [
            77.0968,
            30.91283
          ],
          [
            77.09717,
            30.91294
          ],
          [
            77.09738,
            30.91288
          ],
          [
            77.09755,
            30.91277
          ],
          [
            77.09761,
            30.91262
          ],
          [
            77.0976,
            30.91244
          ],
          [
            77.09766,
            30.91228
          ],
          [
            77.09778,
            30.91212
          ],
          [
            77.09794,
            30.912
          ],
          [
            77.09815,
            30.91188
          ],
          [
            77.09832,
            30.91171
          ],
          [
            77.09834,
            30.91155
          ],
          [
            77.09832,
            30.91144
          ],
          [
            77.09824,
            30.91132
          ],
          [
            77.09805,
            30.9112
          ],
          [
            77.09787,
            30.91104
          ],
          [
            77.09778,
            30.91087
          ],
          [
            77.09774,
            30.91058
          ],
          [
            77.09764,
            30.91044
          ],
          [
            77.09752,
            30.91036
          ],
          [
            77.0973,
            30.91031
          ],
          [
            77.09631,
            30.91028
          ],
          [
            77.09614,
            30.91021
          ],
          [
            77.096,
            30.91007
          ],
          [
            77.09595,
            30.90998
          ],
          [
            77.09589,
            30.90988
          ],
          [
            77.09574,
            30.90974
          ],
          [
            77.09562,
            30.90968
          ],
          [
            77.09548,
            30.90969
          ],
          [
            77.09535,
            30.90974
          ],
          [
            77.09481,
            30.91032
          ],
          [
            77.09459,
            30.91053
          ],
          [
            77.09406,
            30.91077
          ],
          [
            77.0938,
            30.91081
          ],
          [
            77.09361,
            30.91077
          ],
          [
            77.09341,
            30.91063
          ],
          [
            77.09334,
            30.91049
          ],
          [
            77.09333,
            30.91035
          ],
          [
            77.09338,
            30.9101
          ],
          [
            77.09341,
            30.90966
          ],
          [
            77.09345,
            30.90955
          ],
          [
            77.09356,
            30.90936
          ],
          [
            77.09365,
            30.90888
          ],
          [
            77.09364,
            30.90851
          ],
          [
            77.09357,
            30.90833
          ],
          [
            77.09345,
            30.90818
          ],
          [
            77.09317,
            30.90783
          ],
          [
            77.09287,
            30.90726
          ],
          [
            77.09271,
            30.90682
          ],
          [
            77.0927,
            30.90651
          ],
          [
            77.09265,
            30.9063
          ],
          [
            77.09253,
            30.90619
          ],
          [
            77.09174,
            30.90596
          ],
          [
            77.09149,
            30.90586
          ],
          [
            77.09127,
            30.90575
          ],
          [
            77.091,
            30.90569
          ],
          [
            77.09086,
            30.90571
          ],
          [
            77.09071,
            30.90576
          ],
          [
            77.09031,
            30.906
          ],
          [
            77.08994,
            30.90607
          ],
          [
            77.08976,
            30.90607
          ],
          [
            77.08957,
            30.90602
          ],
          [
            77.08948,
            30.90598
          ],
          [
            77.08936,
            30.90587
          ],
          [
            77.08933,
            30.90579
          ],
          [
            77.08928,
            30.9055
          ],
          [
            77.08928,
            30.90541
          ],
          [
            77.08929,
            30.9053
          ],
          [
            77.08933,
            30.90523
          ],
          [
            77.08951,
            30.90502
          ],
          [
            77.08966,
            30.90488
          ],
          [
            77.08972,
            30.90479
          ],
          [
            77.08976,
            30.90466
          ],
          [
            77.08975,
            30.90453
          ],
          [
            77.08957,
            30.90404
          ],
          [
            77.08957,
            30.90392
          ],
          [
            77.08966,
            30.90385
          ],
          [
            77.08977,
            30.90379
          ],
          [
            77.09004,
            30.90373
          ],
          [
            77.09039,
            30.90356
          ],
          [
            77.09053,
            30.90344
          ],
          [
            77.09059,
            30.90331
          ],
          [
            77.09057,
            30.90315
          ],
          [
            77.09047,
            30.90302
          ],
          [
            77.09028,
            30.90297
          ],
          [
            77.08979,
            30.90283
          ],
          [
            77.08962,
            30.90271
          ],
          [
            77.08953,
            30.90259
          ],
          [
            77.08948,
            30.90242
          ],
          [
            77.08947,
            30.90224
          ],
          [
            77.0899,
            30.90191
          ],
          [
            77.09018,
            30.90154
          ],
          [
            77.09051,
            30.90139
          ],
          [
            77.09089,
            30.90132
          ],
          [
            77.09149,
            30.90104
          ],
          [
            77.0916,
            30.90092
          ],
          [
            77.09166,
            30.90078
          ],
          [
            77.09159,
            30.90066
          ],
          [
            77.0915,
            30.90062
          ],
          [
            77.09077,
            30.90053
          ],
          [
            77.09045,
            30.90037
          ],
          [
            77.09005,
            30.90007
          ],
          [
            77.08981,
            30.89982
          ],
          [
            77.08973,
            30.89965
          ],
          [
            77.08975,
            30.89948
          ],
          [
            77.08989,
            30.89933
          ],
          [
            77.09048,
            30.8989
          ],
          [
            77.09063,
            30.89849
          ],
          [
            77.09041,
            30.8977
          ],
          [
            77.09046,
            30.8975
          ],
          [
            77.09063,
            30.89739
          ],
          [
            77.0913,
            30.89713
          ],
          [
            77.09158,
            30.89691
          ],
          [
            77.09298,
            30.89534
          ],
          [
            77.093,
            30.89499
          ],
          [
            77.09287,
            30.89455
          ],
          [
            77.09267,
            30.89414
          ],
          [
            77.09249,
            30.89309
          ],
          [
            77.0924,
            30.89269
          ],
          [
            77.09202,
            30.89225
          ],
          [
            77.09188,
            30.89207
          ],
          [
            77.09168,
            30.89156
          ],
          [
            77.09154,
            30.89131
          ],
          [
            77.09131,
            30.89114
          ],
          [
            77.09104,
            30.891
          ],
          [
            77.09014,
            30.89091
          ],
          [
            77.08973,
            30.89078
          ],
          [
            77.08931,
            30.89066
          ],
          [
            77.08855,
            30.89054
          ],
          [
            77.08727,
            30.89049
          ],
          [
            77.08714,
            30.89041
          ],
          [
            77.08704,
            30.89031
          ],
          [
            77.08694,
            30.89017
          ],
          [
            77.08672,
            30.88997
          ],
          [
            77.08654,
            30.88994
          ],
          [
            77.0859,
            30.88989
          ],
          [
            77.08559,
            30.88977
          ],
          [
            77.08536,
            30.88964
          ],
          [
            77.08499,
            30.88952
          ],
          [
            77.08465,
            30.88952
          ],
          [
            77.08422,
            30.88946
          ],
          [
            77.08418,
            30.88939
          ],
          [
            77.08419,
            30.88917
          ],
          [
            77.08484,
            30.88876
          ],
          [
            77.08605,
            30.88837
          ],
          [
            77.08634,
            30.88817
          ],
          [
            77.08656,
            30.88773
          ],
          [
            77.08673,
            30.88757
          ],
          [
            77.08705,
            30.88733
          ],
          [
            77.08739,
            30.88736
          ],
          [
            77.08775,
            30.8877
          ],
          [
            77.08802,
            30.88802
          ],
          [
            77.08823,
            30.88803
          ],
          [
            77.08844,
            30.88799
          ],
          [
            77.08863,
            30.88787
          ],
          [
            77.08907,
            30.88737
          ],
          [
            77.08976,
            30.88689
          ],
          [
            77.0899,
            30.88645
          ],
          [
            77.08991,
            30.88634
          ],
          [
            77.08979,
            30.88597
          ],
          [
            77.08978,
            30.88585
          ],
          [
            77.08982,
            30.88572
          ],
          [
            77.08995,
            30.88564
          ],
          [
            77.09155,
            30.88524
          ],
          [
            77.09171,
            30.88513
          ],
          [
            77.09183,
            30.88494
          ],
          [
            77.09184,
            30.88481
          ],
          [
            77.09178,
            30.88439
          ],
          [
            77.09172,
            30.88415
          ],
          [
            77.09155,
            30.88277
          ],
          [
            77.09157,
            30.88262
          ],
          [
            77.09163,
            30.88248
          ],
          [
            77.09184,
            30.88228
          ],
          [
            77.0925,
            30.88205
          ],
          [
            77.09272,
            30.882
          ],
          [
            77.09334,
            30.88198
          ],
          [
            77.09363,
            30.88194
          ],
          [
            77.09373,
            30.88189
          ],
          [
            77.0938,
            30.88176
          ],
          [
            77.09382,
            30.88158
          ],
          [
            77.09374,
            30.8814
          ],
          [
            77.09343,
            30.8812
          ],
          [
            77.09317,
            30.88113
          ],
          [
            77.09285,
            30.88126
          ],
          [
            77.09235,
            30.88157
          ],
          [
            77.09205,
            30.88179
          ],
          [
            77.09165,
            30.88198
          ],
          [
            77.09121,
            30.88222
          ],
          [
            77.09114,
            30.88231
          ],
          [
            77.0911,
            30.8824
          ],
          [
            77.0911,
            30.88255
          ],
          [
            77.09114,
            30.88268
          ],
          [
            77.09119,
            30.88291
          ],
          [
            77.09114,
            30.88305
          ],
          [
            77.09096,
            30.88336
          ],
          [
            77.09088,
            30.88363
          ],
          [
            77.09084,
            30.88392
          ],
          [
            77.09078,
            30.8841
          ],
          [
            77.09063,
            30.88427
          ],
          [
            77.09046,
            30.88438
          ],
          [
            77.08974,
            30.88461
          ],
          [
            77.0893,
            30.88467
          ],
          [
            77.08886,
            30.88456
          ],
          [
            77.08859,
            30.88454
          ],
          [
            77.08849,
            30.88472
          ],
          [
            77.08848,
            30.88489
          ],
          [
            77.08834,
            30.88505
          ],
          [
            77.08806,
            30.88532
          ],
          [
            77.08792,
            30.88561
          ],
          [
            77.08785,
            30.88573
          ],
          [
            77.08767,
            30.88587
          ],
          [
            77.08738,
            30.88592
          ],
          [
            77.08656,
            30.88591
          ],
          [
            77.08558,
            30.88617
          ],
          [
            77.08512,
            30.88609
          ],
          [
            77.08465,
            30.88594
          ],
          [
            77.07651,
            30.88229
          ],
          [
            77.07582,
            30.88194
          ],
          [
            77.07476,
            30.88194
          ],
          [
            77.07439,
            30.88193
          ],
          [
            77.07425,
            30.88197
          ],
          [
            77.07416,
            30.88204
          ],
          [
            77.07409,
            30.88217
          ],
          [
            77.07412,
            30.8828
          ],
          [
            77.07409,
            30.88288
          ],
          [
            77.07396,
            30.88307
          ],
          [
            77.07363,
            30.88327
          ],
          [
            77.07336,
            30.88339
          ],
          [
            77.07323,
            30.88356
          ],
          [
            77.07316,
            30.88376
          ],
          [
            77.07314,
            30.88385
          ],
          [
            77.07316,
            30.88395
          ],
          [
            77.07344,
            30.88444
          ],
          [
            77.07346,
            30.88455
          ],
          [
            77.07343,
            30.88469
          ],
          [
            77.07324,
            30.88489
          ],
          [
            77.07305,
            30.88505
          ],
          [
            77.07301,
            30.88516
          ],
          [
            77.07303,
            30.88534
          ],
          [
            77.07311,
            30.88547
          ],
          [
            77.07323,
            30.88575
          ],
          [
            77.07327,
            30.88587
          ],
          [
            77.07328,
            30.88598
          ],
          [
            77.07322,
            30.88612
          ],
          [
            77.0728,
            30.88632
          ],
          [
            77.07261,
            30.88644
          ],
          [
            77.07232,
            30.88678
          ],
          [
            77.0722,
            30.8869
          ],
          [
            77.07198,
            30.88699
          ],
          [
            77.07156,
            30.88707
          ],
          [
            77.07137,
            30.88708
          ],
          [
            77.07122,
            30.88707
          ],
          [
            77.07092,
            30.88698
          ],
          [
            77.07055,
            30.88679
          ],
          [
            77.07048,
            30.88675
          ],
          [
            77.07025,
            30.88652
          ],
          [
            77.07001,
            30.88613
          ],
          [
            77.06978,
            30.88603
          ],
          [
            77.06956,
            30.88605
          ],
          [
            77.06942,
            30.88613
          ],
          [
            77.06915,
            30.88649
          ],
          [
            77.06904,
            30.88667
          ],
          [
            77.06901,
            30.88681
          ],
          [
            77.06902,
            30.88695
          ],
          [
            77.06922,
            30.88745
          ],
          [
            77.06944,
            30.88796
          ],
          [
            77.06944,
            30.88824
          ],
          [
            77.06935,
            30.8884
          ],
          [
            77.06919,
            30.88851
          ],
          [
            77.06898,
            30.88862
          ],
          [
            77.06859,
            30.88877
          ],
          [
            77.06806,
            30.8892
          ],
          [
            77.06755,
            30.88945
          ],
          [
            77.06736,
            30.88952
          ],
          [
            77.06719,
            30.88951
          ],
          [
            77.06704,
            30.88945
          ],
          [
            77.06693,
            30.88938
          ],
          [
            77.06686,
            30.88929
          ],
          [
            77.0668,
            30.88915
          ],
          [
            77.06681,
            30.88872
          ],
          [
            77.06679,
            30.88848
          ],
          [
            77.06663,
            30.88826
          ],
          [
            77.06645,
            30.88812
          ],
          [
            77.06623,
            30.88805
          ],
          [
            77.06567,
            30.88801
          ],
          [
            77.06536,
            30.88796
          ],
          [
            77.06479,
            30.8879
          ],
          [
            77.06451,
            30.88792
          ],
          [
            77.06394,
            30.88791
          ],
          [
            77.06369,
            30.88796
          ],
          [
            77.06269,
            30.88869
          ],
          [
            77.06253,
            30.88875
          ],
          [
            77.06241,
            30.88875
          ],
          [
            77.06228,
            30.88872
          ],
          [
            77.06219,
            30.88868
          ],
          [
            77.06209,
            30.88863
          ],
          [
            77.06189,
            30.88841
          ],
          [
            77.06168,
            30.88827
          ],
          [
            77.06151,
            30.88819
          ],
          [
            77.06132,
            30.88816
          ],
          [
            77.06114,
            30.88822
          ],
          [
            77.06103,
            30.88834
          ],
          [
            77.06086,
            30.88858
          ],
          [
            77.06047,
            30.88897
          ],
          [
            77.06029,
            30.88922
          ],
          [
            77.06006,
            30.88948
          ],
          [
            77.05982,
            30.88955
          ],
          [
            77.05962,
            30.88952
          ],
          [
            77.05943,
            30.88943
          ],
          [
            77.05932,
            30.88937
          ],
          [
            77.05921,
            30.88923
          ],
          [
            77.0591,
            30.88903
          ],
          [
            77.05903,
            30.88896
          ],
          [
            77.05893,
            30.8889
          ],
          [
            77.05875,
            30.88882
          ],
          [
            77.05843,
            30.88872
          ],
          [
            77.05821,
            30.88859
          ],
          [
            77.05809,
            30.88839
          ],
          [
            77.05788,
            30.88819
          ],
          [
            77.05759,
            30.88808
          ],
          [
            77.05735,
            30.88803
          ],
          [
            77.05664,
            30.88781
          ],
          [
            77.05643,
            30.88777
          ],
          [
            77.05601,
            30.88779
          ],
          [
            77.05576,
            30.88788
          ],
          [
            77.05563,
            30.88798
          ],
          [
            77.05548,
            30.88816
          ],
          [
            77.05522,
            30.88859
          ],
          [
            77.05514,
            30.8887
          ],
          [
            77.05498,
            30.88889
          ],
          [
            77.05486,
            30.88898
          ],
          [
            77.05468,
            30.88907
          ],
          [
            77.05433,
            30.88921
          ],
          [
            77.05415,
            30.88921
          ],
          [
            77.05392,
            30.88915
          ],
          [
            77.05375,
            30.88913
          ],
          [
            77.05361,
            30.88918
          ],
          [
            77.05301,
            30.88952
          ],
          [
            77.05261,
            30.88972
          ],
          [
            77.05245,
            30.88991
          ],
          [
            77.05231,
            30.89003
          ],
          [
            77.05223,
            30.89013
          ],
          [
            77.05204,
            30.8902
          ],
          [
            77.05163,
            30.89006
          ],
          [
            77.05136,
            30.89
          ],
          [
            77.05112,
            30.88997
          ],
          [
            77.05091,
            30.89003
          ],
          [
            77.05054,
            30.89041
          ],
          [
            77.05045,
            30.89052
          ],
          [
            77.05031,
            30.89079
          ],
          [
            77.05025,
            30.89101
          ],
          [
            77.05008,
            30.89136
          ],
          [
            77.04998,
            30.89154
          ],
          [
            77.04982,
            30.89166
          ],
          [
            77.04962,
            30.89173
          ],
          [
            77.04912,
            30.89182
          ],
          [
            77.04896,
            30.89189
          ],
          [
            77.04877,
            30.89204
          ],
          [
            77.04855,
            30.89233
          ],
          [
            77.04842,
            30.8924
          ],
          [
            77.04821,
            30.89242
          ],
          [
            77.04797,
            30.89242
          ],
          [
            77.04719,
            30.89286
          ],
          [
            77.04618,
            30.89336
          ],
          [
            77.04596,
            30.89341
          ],
          [
            77.04579,
            30.89338
          ],
          [
            77.04567,
            30.89331
          ],
          [
            77.04559,
            30.89318
          ],
          [
            77.04555,
            30.89301
          ],
          [
            77.04561,
            30.89285
          ],
          [
            77.04596,
            30.89254
          ],
          [
            77.04611,
            30.89237
          ],
          [
            77.04622,
            30.89214
          ],
          [
            77.0462,
            30.89192
          ],
          [
            77.04589,
            30.89135
          ],
          [
            77.04538,
            30.89051
          ],
          [
            77.04496,
            30.8897
          ],
          [
            77.04478,
            30.88954
          ],
          [
            77.04467,
            30.88949
          ],
          [
            77.04433,
            30.88944
          ],
          [
            77.04397,
            30.88949
          ],
          [
            77.04362,
            30.88946
          ],
          [
            77.04332,
            30.88954
          ],
          [
            77.04295,
            30.88986
          ],
          [
            77.04272,
            30.88992
          ],
          [
            77.04206,
            30.89
          ],
          [
            77.04192,
            30.89017
          ],
          [
            77.04186,
            30.89034
          ],
          [
            77.04181,
            30.89065
          ],
          [
            77.0417,
            30.89086
          ],
          [
            77.04122,
            30.89149
          ],
          [
            77.04066,
            30.89215
          ],
          [
            77.04043,
            30.89244
          ],
          [
            77.04033,
            30.89262
          ],
          [
            77.04021,
            30.89277
          ],
          [
            77.04006,
            30.89285
          ],
          [
            77.03989,
            30.89281
          ],
          [
            77.03967,
            30.89263
          ],
          [
            77.03943,
            30.89251
          ],
          [
            77.03902,
            30.89247
          ],
          [
            77.03843,
            30.89265
          ],
          [
            77.03815,
            30.89307
          ],
          [
            77.03804,
            30.89331
          ],
          [
            77.03789,
            30.89348
          ],
          [
            77.03758,
            30.89353
          ],
          [
            77.03726,
            30.89356
          ],
          [
            77.03682,
            30.89357
          ],
          [
            77.03635,
            30.89363
          ],
          [
            77.0361,
            30.8938
          ],
          [
            77.03588,
            30.89399
          ],
          [
            77.0357,
            30.89408
          ],
          [
            77.03498,
            30.89429
          ],
          [
            77.03478,
            30.89429
          ],
          [
            77.03461,
            30.89428
          ],
          [
            77.03422,
            30.89432
          ],
          [
            77.03397,
            30.89439
          ],
          [
            77.03368,
            30.89456
          ],
          [
            77.03351,
            30.89471
          ],
          [
            77.03315,
            30.89514
          ],
          [
            77.0329,
            30.89537
          ],
          [
            77.03237,
            30.89579
          ],
          [
            77.03184,
            30.89614
          ],
          [
            77.0317,
            30.89625
          ],
          [
            77.03131,
            30.89671
          ],
          [
            77.03112,
            30.89683
          ],
          [
            77.03035,
            30.89706
          ],
          [
            77.03017,
            30.89716
          ],
          [
            77.03005,
            30.89731
          ],
          [
            77.02994,
            30.89755
          ],
          [
            77.02987,
            30.89767
          ],
          [
            77.02937,
            30.89823
          ],
          [
            77.029,
            30.89869
          ],
          [
            77.02885,
            30.89881
          ],
          [
            77.02834,
            30.89905
          ],
          [
            77.02819,
            30.89907
          ],
          [
            77.02784,
            30.89901
          ],
          [
            77.02758,
            30.89893
          ],
          [
            77.02741,
            30.89891
          ],
          [
            77.02711,
            30.89892
          ],
          [
            77.02695,
            30.89896
          ],
          [
            77.02682,
            30.89902
          ],
          [
            77.02584,
            30.89972
          ],
          [
            77.02539,
            30.89997
          ],
          [
            77.02519,
            30.90001
          ],
          [
            77.02492,
            30.89999
          ],
          [
            77.02476,
            30.89994
          ],
          [
            77.02453,
            30.89983
          ],
          [
            77.02423,
            30.8997
          ],
          [
            77.02389,
            30.89971
          ],
          [
            77.02343,
            30.89975
          ],
          [
            77.02322,
            30.89974
          ],
          [
            77.02307,
            30.89967
          ],
          [
            77.02281,
            30.8994
          ],
          [
            77.02263,
            30.8993
          ],
          [
            77.02244,
            30.89925
          ],
          [
            77.02221,
            30.89922
          ],
          [
            77.02198,
            30.89924
          ],
          [
            77.02149,
            30.89929
          ],
          [
            77.02122,
            30.89935
          ],
          [
            77.02102,
            30.89942
          ],
          [
            77.02057,
            30.8997
          ],
          [
            77.02038,
            30.89986
          ],
          [
            77.01935,
            30.90065
          ],
          [
            77.01916,
            30.90083
          ],
          [
            77.01894,
            30.90106
          ],
          [
            77.0188,
            30.90134
          ],
          [
            77.01848,
            30.90169
          ],
          [
            77.01813,
            30.90212
          ],
          [
            77.018,
            30.90222
          ],
          [
            77.01787,
            30.90228
          ],
          [
            77.01774,
            30.90231
          ],
          [
            77.01763,
            30.9023
          ],
          [
            77.01751,
            30.90226
          ],
          [
            77.01737,
            30.90217
          ],
          [
            77.01724,
            30.90205
          ],
          [
            77.01707,
            30.902
          ],
          [
            77.01684,
            30.902
          ],
          [
            77.0165,
            30.90205
          ],
          [
            77.01632,
            30.90204
          ],
          [
            77.01602,
            30.90199
          ],
          [
            77.01587,
            30.90194
          ],
          [
            77.01575,
            30.90188
          ],
          [
            77.01564,
            30.90183
          ],
          [
            77.01547,
            30.90172
          ],
          [
            77.01501,
            30.90133
          ],
          [
            77.01495,
            30.90123
          ],
          [
            77.01492,
            30.90102
          ],
          [
            77.01492,
            30.90092
          ],
          [
            77.01499,
            30.90075
          ],
          [
            77.01506,
            30.90051
          ],
          [
            77.01507,
            30.90032
          ],
          [
            77.01498,
            30.89983
          ],
          [
            77.01499,
            30.89962
          ],
          [
            77.01518,
            30.899
          ],
          [
            77.01532,
            30.89863
          ],
          [
            77.01537,
            30.89846
          ],
          [
            77.01537,
            30.8983
          ],
          [
            77.01535,
            30.89783
          ],
          [
            77.01539,
            30.89739
          ],
          [
            77.01546,
            30.89709
          ],
          [
            77.01555,
            30.8964
          ],
          [
            77.01559,
            30.89622
          ],
          [
            77.01558,
            30.89598
          ],
          [
            77.0155,
            30.89591
          ],
          [
            77.01538,
            30.89585
          ],
          [
            77.01521,
            30.89587
          ],
          [
            77.01508,
            30.89597
          ],
          [
            77.01503,
            30.89611
          ],
          [
            77.01496,
            30.8965
          ],
          [
            77.01495,
            30.89681
          ],
          [
            77.01489,
            30.89695
          ],
          [
            77.01461,
            30.89725
          ],
          [
            77.01453,
            30.89743
          ],
          [
            77.01443,
            30.89782
          ],
          [
            77.01437,
            30.89795
          ],
          [
            77.01424,
            30.89811
          ],
          [
            77.01371,
            30.89855
          ],
          [
            77.01358,
            30.89859
          ],
          [
            77.01342,
            30.89859
          ],
          [
            77.01288,
            30.89858
          ],
          [
            77.01247,
            30.89854
          ],
          [
            77.01241,
            30.89849
          ],
          [
            77.01207,
            30.89814
          ],
          [
            77.01189,
            30.89805
          ],
          [
            77.01171,
            30.89805
          ],
          [
            77.01144,
            30.8981
          ],
          [
            77.01116,
            30.89812
          ],
          [
            77.01106,
            30.89809
          ],
          [
            77.0109,
            30.89802
          ],
          [
            77.01085,
            30.89798
          ],
          [
            77.0107,
            30.89779
          ],
          [
            77.01065,
            30.89765
          ],
          [
            77.01063,
            30.89672
          ],
          [
            77.01061,
            30.89657
          ],
          [
            77.01057,
            30.89644
          ],
          [
            77.0104,
            30.89635
          ],
          [
            77.00994,
            30.89631
          ],
          [
            77.00971,
            30.89624
          ],
          [
            77.00957,
            30.89611
          ],
          [
            77.00926,
            30.89579
          ],
          [
            77.00913,
            30.89567
          ],
          [
            77.00897,
            30.89562
          ],
          [
            77.0088,
            30.89565
          ],
          [
            77.0086,
            30.89577
          ],
          [
            77.0084,
            30.89581
          ],
          [
            77.00798,
            30.89587
          ],
          [
            77.00753,
            30.89597
          ],
          [
            77.0074,
            30.89605
          ],
          [
            77.0073,
            30.89615
          ],
          [
            77.00726,
            30.89631
          ],
          [
            77.00728,
            30.89646
          ],
          [
            77.00745,
            30.89675
          ],
          [
            77.00747,
            30.89683
          ],
          [
            77.00747,
            30.89692
          ],
          [
            77.00745,
            30.89701
          ],
          [
            77.00736,
            30.89712
          ],
          [
            77.00725,
            30.8972
          ],
          [
            77.00706,
            30.89729
          ],
          [
            77.00689,
            30.89736
          ],
          [
            77.00677,
            30.89745
          ],
          [
            77.00666,
            30.89758
          ],
          [
            77.00659,
            30.89772
          ],
          [
            77.00646,
            30.89791
          ],
          [
            77.00619,
            30.89813
          ],
          [
            77.00567,
            30.89846
          ],
          [
            77.0055,
            30.89861
          ],
          [
            77.00539,
            30.89884
          ],
          [
            77.00526,
            30.89923
          ],
          [
            77.00519,
            30.89931
          ],
          [
            77.00509,
            30.89939
          ],
          [
            77.00486,
            30.89945
          ],
          [
            77.00469,
            30.89942
          ],
          [
            77.00456,
            30.89935
          ],
          [
            77.00448,
            30.89926
          ],
          [
            77.0044,
            30.89908
          ],
          [
            77.00428,
            30.89862
          ],
          [
            77.00415,
            30.89851
          ],
          [
            77.00382,
            30.89845
          ],
          [
            77.00371,
            30.89839
          ],
          [
            77.00366,
            30.89832
          ],
          [
            77.00364,
            30.89825
          ],
          [
            77.00367,
            30.89811
          ],
          [
            77.00375,
            30.898
          ],
          [
            77.00397,
            30.89785
          ],
          [
            77.00411,
            30.89773
          ],
          [
            77.00419,
            30.89761
          ],
          [
            77.00423,
            30.89744
          ],
          [
            77.00425,
            30.89655
          ],
          [
            77.0042,
            30.89639
          ],
          [
            77.00407,
            30.89627
          ],
          [
            77.0039,
            30.89621
          ],
          [
            77.00369,
            30.89616
          ],
          [
            77.00357,
            30.89608
          ],
          [
            77.00346,
            30.89597
          ],
          [
            77.00342,
            30.89586
          ],
          [
            77.00344,
            30.89563
          ],
          [
            77.00364,
            30.89531
          ],
          [
            77.00372,
            30.89514
          ],
          [
            77.00369,
            30.89496
          ],
          [
            77.00364,
            30.89487
          ],
          [
            77.00336,
            30.89456
          ],
          [
            77.00328,
            30.89442
          ],
          [
            77.00322,
            30.89426
          ],
          [
            77.00322,
            30.8941
          ],
          [
            77.00323,
            30.89398
          ],
          [
            77.00329,
            30.89384
          ],
          [
            77.00346,
            30.89358
          ],
          [
            77.00374,
            30.89326
          ],
          [
            77.00398,
            30.893
          ],
          [
            77.00434,
            30.89271
          ],
          [
            77.00446,
            30.89258
          ],
          [
            77.00502,
            30.89165
          ],
          [
            77.00551,
            30.89102
          ],
          [
            77.00579,
            30.89052
          ],
          [
            77.00601,
            30.89007
          ],
          [
            77.0061,
            30.88982
          ],
          [
            77.00623,
            30.88925
          ],
          [
            77.00603,
            30.88784
          ],
          [
            77.00603,
            30.88765
          ],
          [
            77.00608,
            30.88753
          ],
          [
            77.00625,
            30.88719
          ],
          [
            77.0065,
            30.8868
          ],
          [
            77.00656,
            30.88667
          ],
          [
            77.00655,
            30.88654
          ],
          [
            77.00645,
            30.88642
          ],
          [
            77.00632,
            30.88634
          ],
          [
            77.00543,
            30.88629
          ],
          [
            77.00521,
            30.8863
          ],
          [
            77.00501,
            30.88637
          ],
          [
            77.00484,
            30.88654
          ],
          [
            77.00441,
            30.88718
          ],
          [
            77.00426,
            30.88734
          ],
          [
            77.00398,
            30.88749
          ],
          [
            77.00321,
            30.8876
          ],
          [
            77.00292,
            30.88759
          ],
          [
            77.00238,
            30.8874
          ],
          [
            77.00217,
            30.88734
          ],
          [
            77.002,
            30.88735
          ],
          [
            77.00184,
            30.88741
          ],
          [
            77.00172,
            30.8875
          ],
          [
            77.00166,
            30.88762
          ],
          [
            77.00158,
            30.88785
          ],
          [
            77.00151,
            30.8882
          ],
          [
            77.00137,
            30.88865
          ],
          [
            77.0013,
            30.88874
          ],
          [
            77.00111,
            30.88883
          ],
          [
            77.00096,
            30.88882
          ],
          [
            77.00027,
            30.88849
          ],
          [
            77.00003,
            30.88842
          ],
          [
            76.99985,
            30.8884
          ],
          [
            76.99969,
            30.88847
          ],
          [
            76.99963,
            30.88862
          ],
          [
            76.99957,
            30.889
          ],
          [
            76.99952,
            30.88912
          ],
          [
            76.99937,
            30.88931
          ],
          [
            76.99916,
            30.88946
          ],
          [
            76.99907,
            30.88959
          ],
          [
            76.99903,
            30.88971
          ],
          [
            76.99902,
            30.88994
          ],
          [
            76.99904,
            30.89008
          ],
          [
            76.99902,
            30.89018
          ],
          [
            76.999,
            30.89021
          ],
          [
            76.99849,
            30.89046
          ],
          [
            76.99776,
            30.89106
          ],
          [
            76.99766,
            30.89111
          ],
          [
            76.99755,
            30.89111
          ],
          [
            76.99748,
            30.89108
          ],
          [
            76.99742,
            30.89099
          ],
          [
            76.99741,
            30.89087
          ],
          [
            76.99751,
            30.89037
          ],
          [
            76.99759,
            30.88987
          ],
          [
            76.99767,
            30.88966
          ],
          [
            76.99777,
            30.88945
          ],
          [
            76.99777,
            30.88935
          ],
          [
            76.99772,
            30.88923
          ],
          [
            76.99758,
            30.88912
          ],
          [
            76.99751,
            30.88904
          ],
          [
            76.99746,
            30.88886
          ],
          [
            76.99754,
            30.88871
          ],
          [
            76.99768,
            30.88858
          ],
          [
            76.99776,
            30.88849
          ],
          [
            76.9978,
            30.88836
          ],
          [
            76.9978,
            30.88821
          ],
          [
            76.99766,
            30.88776
          ],
          [
            76.99763,
            30.88758
          ],
          [
            76.99765,
            30.88744
          ],
          [
            76.9977,
            30.88729
          ],
          [
            76.99802,
            30.88697
          ],
          [
            76.99823,
            30.88678
          ],
          [
            76.99875,
            30.88642
          ],
          [
            76.99884,
            30.88629
          ],
          [
            76.99889,
            30.88615
          ],
          [
            76.99892,
            30.88593
          ],
          [
            76.99888,
            30.88548
          ],
          [
            76.99888,
            30.88528
          ],
          [
            76.9989,
            30.88519
          ],
          [
            76.99894,
            30.88513
          ],
          [
            76.99926,
            30.88474
          ],
          [
            76.99956,
            30.88441
          ],
          [
            76.99973,
            30.88427
          ],
          [
            76.99985,
            30.8842
          ],
          [
            77.0,
            30.88416
          ],
          [
            77.00027,
            30.88411
          ],
          [
            77.00049,
            30.88404
          ],
          [
            77.00065,
            30.88392
          ],
          [
            77.00076,
            30.88376
          ],
          [
            77.00086,
            30.88353
          ],
          [
            77.00087,
            30.88339
          ],
          [
            77.00086,
            30.88323
          ],
          [
            77.00041,
            30.88273
          ],
          [
            77.00036,
            30.88263
          ],
          [
            77.00037,
            30.88251
          ],
          [
            77.00056,
            30.88211
          ],
          [
            77.00056,
            30.88184
          ],
          [
            77.00061,
            30.8817
          ],
          [
            77.00066,
            30.88164
          ],
          [
            77.00115,
            30.88124
          ],
          [
            77.00126,
            30.88102
          ],
          [
            77.0013,
            30.88053
          ],
          [
            77.00135,
            30.88046
          ],
          [
            77.00143,
            30.88035
          ],
          [
            77.00201,
            30.87984
          ],
          [
            77.00208,
            30.87975
          ],
          [
            77.00214,
            30.87961
          ],
          [
            77.00215,
            30.87943
          ],
          [
            77.00212,
            30.87927
          ],
          [
            77.002,
            30.87909
          ],
          [
            77.00192,
            30.87902
          ],
          [
            77.00182,
            30.8789
          ],
          [
            77.00178,
            30.87872
          ],
          [
            77.00179,
            30.87858
          ],
          [
            77.00182,
            30.87845
          ],
          [
            77.00193,
            30.87832
          ],
          [
            77.00215,
            30.87818
          ],
          [
            77.00256,
            30.87801
          ],
          [
            77.0027,
            30.87793
          ],
          [
            77.00278,
            30.87784
          ],
          [
            77.00282,
            30.87773
          ],
          [
            77.00281,
            30.87758
          ],
          [
            77.00271,
            30.87743
          ],
          [
            77.00254,
            30.87732
          ],
          [
            77.00239,
            30.87724
          ],
          [
            77.00228,
            30.87712
          ],
          [
            77.00224,
            30.877
          ],
          [
            77.00225,
            30.87672
          ],
          [
            77.0023,
            30.87642
          ],
          [
            77.00237,
            30.8762
          ],
          [
            77.00246,
            30.87608
          ],
          [
            77.00261,
            30.87599
          ],
          [
            77.0028,
            30.87591
          ],
          [
            77.00293,
            30.87585
          ],
          [
            77.00298,
            30.87579
          ],
          [
            77.00304,
            30.87571
          ],
          [
            77.00308,
            30.8756
          ],
          [
            77.00312,
            30.87533
          ],
          [
            77.00313,
            30.87512
          ],
          [
            77.00309,
            30.87497
          ],
          [
            77.00304,
            30.87484
          ],
          [
            77.00292,
            30.87469
          ],
          [
            77.00269,
            30.8742
          ],
          [
            77.00261,
            30.87412
          ],
          [
            77.00247,
            30.87406
          ],
          [
            77.00229,
            30.87407
          ],
          [
            77.00213,
            30.87419
          ],
          [
            77.0019,
            30.87445
          ],
          [
            77.00178,
            30.87462
          ],
          [
            77.0016,
            30.87484
          ],
          [
            77.0014,
            30.87503
          ],
          [
            77.00126,
            30.87508
          ],
          [
            77.00103,
            30.87505
          ],
          [
            77.0009,
            30.87497
          ],
          [
            77.00076,
            30.87483
          ],
          [
            77.0007,
            30.87479
          ],
          [
            77.00055,
            30.87474
          ],
          [
            77.00038,
            30.87475
          ],
          [
            77.00026,
            30.8748
          ],
          [
            76.99976,
            30.87539
          ],
          [
            76.99958,
            30.87554
          ],
          [
            76.99934,
            30.8757
          ],
          [
            76.99908,
            30.87582
          ],
          [
            76.99842,
            30.876
          ],
          [
            76.99823,
            30.87603
          ],
          [
            76.99809,
            30.87603
          ],
          [
            76.99792,
            30.87598
          ],
          [
            76.99772,
            30.87591
          ],
          [
            76.99747,
            30.87586
          ],
          [
            76.99722,
            30.87588
          ],
          [
            76.99672,
            30.87603
          ],
          [
            76.99634,
            30.87617
          ],
          [
            76.99569,
            30.87655
          ],
          [
            76.99558,
            30.87664
          ],
          [
            76.99541,
            30.87693
          ],
          [
            76.99534,
            30.87701
          ],
          [
            76.99523,
            30.8771
          ],
          [
            76.99474,
            30.87734
          ],
          [
            76.9946,
            30.87742
          ],
          [
            76.99447,
            30.87747
          ],
          [
            76.99428,
            30.87742
          ],
          [
            76.99422,
            30.87738
          ],
          [
            76.99418,
            30.87732
          ],
          [
            76.99413,
            30.87719
          ],
          [
            76.99414,
            30.87682
          ],
          [
            76.99411,
            30.87594
          ],
          [
            76.99414,
            30.87577
          ],
          [
            76.99419,
            30.87563
          ],
          [
            76.99446,
            30.87519
          ],
          [
            76.99459,
            30.87502
          ],
          [
            76.99469,
            30.87492
          ],
          [
            76.99483,
            30.87485
          ],
          [
            76.99545,
            30.87468
          ],
          [
            76.9958,
            30.87461
          ],
          [
            76.99644,
            30.87453
          ],
          [
            76.99683,
            30.87444
          ],
          [
            76.99699,
            30.87433
          ],
          [
            76.99708,
            30.87418
          ],
          [
            76.99712,
            30.87395
          ],
          [
            76.99711,
            30.87377
          ],
          [
            76.99708,
            30.87363
          ],
          [
            76.99708,
            30.87355
          ],
          [
            76.99712,
            30.87345
          ],
          [
            76.99724,
            30.87324
          ],
          [
            76.99726,
            30.87309
          ],
          [
            76.99725,
            30.87295
          ],
          [
            76.9971,
            30.87278
          ],
          [
            76.99606,
            30.87204
          ],
          [
            76.99582,
            30.87184
          ],
          [
            76.99575,
            30.87176
          ],
          [
            76.99574,
            30.87169
          ],
          [
            76.99576,
            30.87158
          ],
          [
            76.9958,
            30.87154
          ],
          [
            76.99598,
            30.87148
          ],
          [
            76.99648,
            30.87149
          ],
          [
            76.99677,
            30.87147
          ],
          [
            76.99738,
            30.87128
          ],
          [
            76.99783,
            30.8713
          ],
          [
            76.99824,
            30.87139
          ],
          [
            76.99838,
            30.87138
          ],
          [
            76.99851,
            30.87134
          ],
          [
            76.99863,
            30.87126
          ],
          [
            76.99872,
            30.87115
          ],
          [
            76.99876,
            30.87104
          ],
          [
            76.99876,
            30.87092
          ],
          [
            76.99871,
            30.87078
          ],
          [
            76.99849,
            30.87059
          ],
          [
            76.99832,
            30.87039
          ],
          [
            76.99823,
            30.87001
          ],
          [
            76.99823,
            30.86979
          ],
          [
            76.99825,
            30.8697
          ],
          [
            76.9984,
            30.86952
          ],
          [
            76.99853,
            30.86944
          ],
          [
            76.99879,
            30.86924
          ],
          [
            76.99912,
            30.86865
          ],
          [
            76.99916,
            30.8685
          ],
          [
            76.99906,
            30.86815
          ],
          [
            76.99916,
            30.86766
          ],
          [
            76.99916,
            30.86749
          ],
          [
            76.99913,
            30.86734
          ],
          [
            76.99894,
            30.86714
          ],
          [
            76.99881,
            30.86704
          ],
          [
            76.99877,
            30.86698
          ],
          [
            76.99866,
            30.86678
          ],
          [
            76.99862,
            30.86666
          ],
          [
            76.99853,
            30.86648
          ],
          [
            76.99842,
            30.86634
          ],
          [
            76.99827,
            30.86623
          ],
          [
            76.99805,
            30.86617
          ],
          [
            76.99731,
            30.86609
          ],
          [
            76.99717,
            30.86604
          ],
          [
            76.99712,
            30.86597
          ],
          [
            76.99713,
            30.86587
          ],
          [
            76.99718,
            30.86581
          ],
          [
            76.9973,
            30.86573
          ],
          [
            76.998,
            30.8653
          ],
          [
            76.99831,
            30.86516
          ],
          [
            76.99853,
            30.86508
          ],
          [
            76.99958,
            30.86463
          ],
          [
            76.99973,
            30.86461
          ],
          [
            76.99985,
            30.86462
          ],
          [
            76.99993,
            30.86465
          ],
          [
            77.00005,
            30.86472
          ],
          [
            77.00035,
            30.86502
          ],
          [
            77.00057,
            30.8651
          ],
          [
            77.00076,
            30.86512
          ],
          [
            77.00093,
            30.86507
          ],
          [
            77.00106,
            30.86502
          ],
          [
            77.0014,
            30.86471
          ],
          [
            77.00163,
            30.86447
          ],
          [
            77.00172,
            30.86433
          ],
          [
            77.00177,
            30.86422
          ],
          [
            77.0018,
            30.86406
          ],
          [
            77.00175,
            30.86389
          ],
          [
            77.00166,
            30.86373
          ],
          [
            77.00152,
            30.86362
          ],
          [
            77.00089,
            30.86326
          ],
          [
            77.00072,
            30.86312
          ],
          [
            77.00033,
            30.86266
          ],
          [
            77.00012,
            30.86247
          ],
          [
            76.99992,
            30.86232
          ],
          [
            76.99937,
            30.86218
          ],
          [
            76.99921,
            30.86212
          ],
          [
            76.99914,
            30.862
          ],
          [
            76.99913,
            30.8619
          ],
          [
            76.99915,
            30.86185
          ],
          [
            76.99934,
            30.86163
          ],
          [
            76.99973,
            30.86126
          ],
          [
            76.9999,
            30.86113
          ],
          [
            77.00026,
            30.8609
          ],
          [
            77.0009,
            30.86056
          ],
          [
            77.00108,
            30.86045
          ],
          [
            77.00117,
            30.86032
          ],
          [
            77.00122,
            30.86016
          ],
          [
            77.00119,
            30.85993
          ],
          [
            77.00109,
            30.85979
          ],
          [
            77.00096,
            30.85969
          ],
          [
            77.00082,
            30.85964
          ],
          [
            77.0007,
            30.85956
          ],
          [
            77.00065,
            30.8595
          ],
          [
            77.00062,
            30.85936
          ],
          [
            77.00063,
            30.85922
          ],
          [
            77.00085,
            30.85885
          ],
          [
            77.00097,
            30.85868
          ],
          [
            77.00103,
            30.85845
          ],
          [
            77.001,
            30.85828
          ],
          [
            77.00092,
            30.85814
          ],
          [
            77.00068,
            30.858
          ],
          [
            77.00014,
            30.85783
          ],
          [
            77.00004,
            30.85776
          ],
          [
            76.99999,
            30.85763
          ],
          [
            76.99997,
            30.85754
          ],
          [
            76.99998,
            30.85747
          ],
          [
            77.00007,
            30.85734
          ],
          [
            77.00034,
            30.85713
          ],
          [
            77.00051,
            30.85694
          ],
          [
            77.00059,
            30.85682
          ],
          [
            77.00073,
            30.85668
          ],
          [
            77.00086,
            30.85661
          ],
          [
            77.00128,
            30.85651
          ],
          [
            77.00147,
            30.8564
          ],
          [
            77.00157,
            30.8563
          ],
          [
            77.00162,
            30.85621
          ],
          [
            77.00164,
            30.85607
          ],
          [
            77.00162,
            30.85588
          ],
          [
            77.00161,
            30.85545
          ],
          [
            77.00171,
            30.85477
          ],
          [
            77.00177,
            30.85457
          ],
          [
            77.00187,
            30.85436
          ],
          [
            77.00238,
            30.85371
          ],
          [
            77.00245,
            30.85359
          ],
          [
            77.00249,
            30.85341
          ],
          [
            77.00248,
            30.85329
          ],
          [
            77.00239,
            30.85305
          ],
          [
            77.00226,
            30.85293
          ],
          [
            77.00215,
            30.85286
          ],
          [
            77.00188,
            30.85271
          ],
          [
            77.00164,
            30.85263
          ],
          [
            77.00146,
            30.8526
          ],
          [
            77.00107,
            30.85258
          ],
          [
            77.00089,
            30.8526
          ],
          [
            77.00075,
            30.85264
          ],
          [
            77.00045,
            30.8528
          ],
          [
            77.00023,
            30.85286
          ],
          [
            77.00004,
            30.85289
          ],
          [
            76.99964,
            30.85286
          ],
          [
            76.99928,
            30.85274
          ],
          [
            76.99863,
            30.85231
          ],
          [
            76.99831,
            30.85207
          ],
          [
            76.99817,
            30.85194
          ],
          [
            76.99804,
            30.85174
          ],
          [
            76.9978,
            30.85126
          ],
          [
            76.99757,
            30.85087
          ],
          [
            76.99746,
            30.85077
          ],
          [
            76.99735,
            30.85069
          ],
          [
            76.99716,
            30.85061
          ],
          [
            76.9969,
            30.85056
          ],
          [
            76.99673,
            30.85056
          ],
          [
            76.99659,
            30.85059
          ],
          [
            76.99645,
            30.85065
          ],
          [
            76.99623,
            30.85078
          ],
          [
            76.99592,
            30.85102
          ],
          [
            76.99569,
            30.85114
          ],
          [
            76.9954,
            30.85125
          ],
          [
            76.99503,
            30.85137
          ],
          [
            76.99484,
            30.8514
          ],
          [
            76.99471,
            30.85135
          ],
          [
            76.99462,
            30.85128
          ],
          [
            76.99457,
            30.85118
          ],
          [
            76.99457,
            30.85107
          ],
          [
            76.99468,
            30.85091
          ],
          [
            76.9948,
            30.85078
          ],
          [
            76.99487,
            30.85066
          ],
          [
            76.99492,
            30.85038
          ],
          [
            76.99494,
            30.84988
          ],
          [
            76.99491,
            30.84972
          ],
          [
            76.99482,
            30.84945
          ],
          [
            76.99472,
            30.84895
          ],
          [
            76.99467,
            30.84883
          ],
          [
            76.9946,
            30.84872
          ],
          [
            76.99449,
            30.84863
          ],
          [
            76.99437,
            30.84855
          ],
          [
            76.99396,
            30.84841
          ],
          [
            76.99356,
            30.84829
          ],
          [
            76.99333,
            30.84817
          ],
          [
            76.99323,
            30.84804
          ],
          [
            76.9932,
            30.84795
          ],
          [
            76.9932,
            30.8478
          ],
          [
            76.99325,
            30.84771
          ],
          [
            76.99337,
            30.84765
          ],
          [
            76.99418,
            30.84738
          ],
          [
            76.99434,
            30.84732
          ],
          [
            76.99446,
            30.84723
          ],
          [
            76.99475,
            30.84683
          ],
          [
            76.99518,
            30.8465
          ],
          [
            76.9953,
            30.84626
          ],
          [
            76.99532,
            30.84613
          ],
          [
            76.99529,
            30.84598
          ],
          [
            76.99518,
            30.84578
          ],
          [
            76.99498,
            30.84549
          ],
          [
            76.99469,
            30.84525
          ],
          [
            76.9944,
            30.84494
          ],
          [
            76.99405,
            30.84462
          ],
          [
            76.99362,
            30.84418
          ],
          [
            76.99326,
            30.84394
          ],
          [
            76.99276,
            30.84369
          ],
          [
            76.99255,
            30.84365
          ],
          [
            76.99236,
            30.84366
          ],
          [
            76.99213,
            30.84374
          ],
          [
            76.99193,
            30.84384
          ],
          [
            76.99173,
            30.84389
          ],
          [
            76.99156,
            30.84387
          ],
          [
            76.99143,
            30.8438
          ],
          [
            76.99138,
            30.84368
          ],
          [
            76.99135,
            30.84356
          ],
          [
            76.99142,
            30.84339
          ],
          [
            76.99184,
            30.84284
          ],
          [
            76.99204,
            30.84264
          ],
          [
            76.99217,
            30.84249
          ],
          [
            76.9923,
            30.84237
          ],
          [
            76.99245,
            30.84231
          ],
          [
            76.9929,
            30.84217
          ],
          [
            76.99301,
            30.84208
          ],
          [
            76.99305,
            30.84192
          ],
          [
            76.99304,
            30.84181
          ],
          [
            76.99289,
            30.84162
          ],
          [
            76.9923,
            30.84099
          ],
          [
            76.99212,
            30.84083
          ],
          [
            76.99194,
            30.84073
          ],
          [
            76.99179,
            30.84068
          ],
          [
            76.99156,
            30.84065
          ],
          [
            76.99142,
            30.84064
          ],
          [
            76.99046,
            30.84077
          ],
          [
            76.99021,
            30.84077
          ],
          [
            76.99004,
            30.84072
          ],
          [
            76.9899,
            30.84065
          ],
          [
            76.98978,
            30.84056
          ],
          [
            76.98955,
            30.84031
          ],
          [
            76.98926,
            30.84004
          ],
          [
            76.98901,
            30.83978
          ],
          [
            76.98894,
            30.83966
          ],
          [
            76.9889,
            30.83951
          ],
          [
            76.98893,
            30.83938
          ],
          [
            76.98899,
            30.83924
          ],
          [
            76.98919,
            30.83877
          ],
          [
            76.98918,
            30.83866
          ],
          [
            76.9891,
            30.83854
          ],
          [
            76.98891,
            30.83841
          ],
          [
            76.98866,
            30.83827
          ],
          [
            76.98848,
            30.83814
          ],
          [
            76.98841,
            30.83803
          ],
          [
            76.9884,
            30.83788
          ],
          [
            76.98843,
            30.83767
          ],
          [
            76.98867,
            30.83678
          ],
          [
            76.98867,
            30.83664
          ],
          [
            76.98864,
            30.83652
          ],
          [
            76.98857,
            30.83642
          ],
          [
            76.98842,
            30.83631
          ],
          [
            76.9882,
            30.8362
          ],
          [
            76.98798,
            30.83611
          ],
          [
            76.98782,
            30.83609
          ],
          [
            76.98764,
            30.83608
          ],
          [
            76.98749,
            30.83612
          ],
          [
            76.98735,
            30.83624
          ],
          [
            76.98723,
            30.83644
          ],
          [
            76.98711,
            30.83656
          ],
          [
            76.9869,
            30.83664
          ],
          [
            76.98677,
            30.83664
          ],
          [
            76.98664,
            30.8366
          ],
          [
            76.98657,
            30.83655
          ],
          [
            76.98572,
            30.8355
          ],
          [
            76.98528,
            30.83517
          ],
          [
            76.98508,
            30.83504
          ],
          [
            76.98492,
            30.83499
          ],
          [
            76.98477,
            30.83499
          ],
          [
            76.98464,
            30.83502
          ],
          [
            76.98451,
            30.8351
          ],
          [
            76.98429,
            30.8354
          ],
          [
            76.98414,
            30.83555
          ],
          [
            76.98348,
            30.83591
          ],
          [
            76.98323,
            30.83602
          ],
          [
            76.98251,
            30.83627
          ],
          [
            76.98239,
            30.83629
          ],
          [
            76.98226,
            30.83628
          ],
          [
            76.98216,
            30.83624
          ],
          [
            76.98206,
            30.83618
          ],
          [
            76.98188,
            30.83599
          ],
          [
            76.9818,
            30.83596
          ],
          [
            76.98172,
            30.83594
          ],
          [
            76.98148,
            30.83595
          ],
          [
            76.98082,
            30.83607
          ],
          [
            76.98056,
            30.83609
          ],
          [
            76.98033,
            30.8361
          ],
          [
            76.97973,
            30.83608
          ],
          [
            76.97926,
            30.83614
          ],
          [
            76.97927,
            30.83621
          ],
          [
            76.97927,
            30.83626
          ],
          [
            76.97922,
            30.83631
          ],
          [
            76.97891,
            30.83647
          ],
          [
            76.97857,
            30.83664
          ],
          [
            76.97832,
            30.8367
          ],
          [
            76.97807,
            30.83668
          ],
          [
            76.97787,
            30.83663
          ],
          [
            76.9777,
            30.83654
          ],
          [
            76.97734,
            30.83639
          ],
          [
            76.97669,
            30.83631
          ],
          [
            76.97648,
            30.83633
          ],
          [
            76.97631,
            30.83644
          ],
          [
            76.97606,
            30.83673
          ],
          [
            76.97595,
            30.8369
          ],
          [
            76.97571,
            30.83708
          ],
          [
            76.97536,
            30.83721
          ],
          [
            76.97479,
            30.83733
          ],
          [
            76.9746,
            30.8374
          ],
          [
            76.97435,
            30.83779
          ],
          [
            76.97432,
            30.83793
          ],
          [
            76.97436,
            30.83808
          ],
          [
            76.9745,
            30.83823
          ],
          [
            76.97472,
            30.83852
          ],
          [
            76.97472,
            30.83866
          ],
          [
            76.97471,
            30.83872
          ],
          [
            76.97467,
            30.83878
          ],
          [
            76.97455,
            30.83885
          ],
          [
            76.97429,
            30.83892
          ],
          [
            76.97405,
            30.83897
          ],
          [
            76.97388,
            30.83897
          ],
          [
            76.97346,
            30.83881
          ],
          [
            76.97318,
            30.83856
          ],
          [
            76.97301,
            30.83847
          ],
          [
            76.9729,
            30.83844
          ],
          [
            76.97244,
            30.83841
          ],
          [
            76.97213,
            30.83842
          ],
          [
            76.97167,
            30.83852
          ],
          [
            76.97156,
            30.8386
          ],
          [
            76.97138,
            30.83867
          ],
          [
            76.97127,
            30.83867
          ],
          [
            76.97114,
            30.8386
          ],
          [
            76.97082,
            30.83792
          ],
          [
            76.97073,
            30.83784
          ],
          [
            76.9706,
            30.8378
          ],
          [
            76.97032,
            30.83791
          ],
          [
            76.97023,
            30.83797
          ],
          [
            76.97004,
            30.83808
          ],
          [
            76.96997,
            30.83808
          ],
          [
            76.96985,
            30.83804
          ],
          [
            76.96969,
            30.83785
          ],
          [
            76.96964,
            30.83746
          ],
          [
            76.96961,
            30.83733
          ],
          [
            76.96953,
            30.8372
          ],
          [
            76.96941,
            30.83712
          ],
          [
            76.96904,
            30.83702
          ],
          [
            76.96866,
            30.83692
          ],
          [
            76.96837,
            30.83694
          ],
          [
            76.96827,
            30.83699
          ],
          [
            76.96777,
            30.83746
          ],
          [
            76.96767,
            30.83763
          ],
          [
            76.9673,
            30.83845
          ],
          [
            76.96726,
            30.83861
          ],
          [
            76.96726,
            30.83873
          ],
          [
            76.9673,
            30.8389
          ],
          [
            76.96745,
            30.83931
          ],
          [
            76.96743,
            30.83942
          ],
          [
            76.96739,
            30.83947
          ],
          [
            76.96733,
            30.83951
          ],
          [
            76.96726,
            30.83953
          ],
          [
            76.96718,
            30.83953
          ],
          [
            76.96714,
            30.83952
          ],
          [
            76.96696,
            30.83938
          ],
          [
            76.96664,
            30.83906
          ],
          [
            76.96651,
            30.83889
          ],
          [
            76.96618,
            30.83841
          ],
          [
            76.96611,
            30.83827
          ],
          [
            76.96609,
            30.83804
          ],
          [
            76.9661,
            30.83791
          ],
          [
            76.96617,
            30.83762
          ],
          [
            76.96618,
            30.83747
          ],
          [
            76.96615,
            30.83731
          ],
          [
            76.96605,
            30.83718
          ],
          [
            76.96592,
            30.83707
          ],
          [
            76.96569,
            30.83694
          ],
          [
            76.96549,
            30.83687
          ],
          [
            76.9653,
            30.83687
          ],
          [
            76.96504,
            30.83694
          ],
          [
            76.96488,
            30.83698
          ],
          [
            76.96427,
            30.83716
          ],
          [
            76.96413,
            30.83724
          ],
          [
            76.96397,
            30.83738
          ],
          [
            76.96386,
            30.83749
          ],
          [
            76.96384,
            30.83765
          ],
          [
            76.96386,
            30.83771
          ],
          [
            76.96402,
            30.83787
          ],
          [
            76.96408,
            30.83804
          ],
          [
            76.96404,
            30.83817
          ],
          [
            76.96394,
            30.83827
          ],
          [
            76.96379,
            30.83834
          ],
          [
            76.96363,
            30.83834
          ],
          [
            76.96321,
            30.83823
          ],
          [
            76.963,
            30.83823
          ],
          [
            76.96281,
            30.83827
          ],
          [
            76.96255,
            30.83838
          ],
          [
            76.96207,
            30.83864
          ],
          [
            76.9619,
            30.83877
          ],
          [
            76.96183,
            30.83892
          ],
          [
            76.96181,
            30.83906
          ],
          [
            76.96184,
            30.83925
          ],
          [
            76.96183,
            30.83935
          ],
          [
            76.96175,
            30.83943
          ],
          [
            76.96162,
            30.83948
          ],
          [
            76.96082,
            30.83945
          ],
          [
            76.96052,
            30.83947
          ],
          [
            76.96031,
            30.83955
          ],
          [
            76.95996,
            30.83981
          ],
          [
            76.95974,
            30.83997
          ],
          [
            76.95951,
            30.84021
          ],
          [
            76.95934,
            30.84043
          ],
          [
            76.95918,
            30.84061
          ],
          [
            76.95898,
            30.84066
          ],
          [
            76.95845,
            30.84057
          ],
          [
            76.95813,
            30.84067
          ],
          [
            76.95775,
            30.84088
          ],
          [
            76.95749,
            30.84098
          ],
          [
            76.95719,
            30.84102
          ],
          [
            76.95688,
            30.84094
          ],
          [
            76.95638,
            30.84072
          ],
          [
            76.95585,
            30.84038
          ],
          [
            76.95494,
            30.83982
          ],
          [
            76.95449,
            30.83962
          ],
          [
            76.95374,
            30.83949
          ],
          [
            76.95353,
            30.83947
          ],
          [
            76.95333,
            30.83951
          ],
          [
            76.95313,
            30.83967
          ],
          [
            76.95292,
            30.8398
          ],
          [
            76.95249,
            30.83996
          ],
          [
            76.95222,
            30.84013
          ],
          [
            76.95209,
            30.84035
          ],
          [
            76.95202,
            30.84051
          ],
          [
            76.95184,
            30.84072
          ],
          [
            76.95166,
            30.84088
          ],
          [
            76.95159,
            30.84097
          ],
          [
            76.95154,
            30.84105
          ],
          [
            76.95147,
            30.84107
          ],
          [
            76.95137,
            30.84106
          ],
          [
            76.95128,
            30.84103
          ],
          [
            76.95108,
            30.84108
          ],
          [
            76.95055,
            30.84135
          ],
          [
            76.95036,
            30.84141
          ],
          [
            76.95016,
            30.84141
          ],
          [
            76.94999,
            30.84133
          ],
          [
            76.94972,
            30.84096
          ],
          [
            76.94959,
            30.84086
          ],
          [
            76.94944,
            30.84081
          ],
          [
            76.94926,
            30.84081
          ],
          [
            76.94917,
            30.84086
          ],
          [
            76.94905,
            30.84099
          ],
          [
            76.9489,
            30.84111
          ],
          [
            76.9487,
            30.84117
          ],
          [
            76.94845,
            30.8412
          ],
          [
            76.94826,
            30.84114
          ],
          [
            76.94809,
            30.84104
          ],
          [
            76.94792,
            30.84086
          ],
          [
            76.94773,
            30.84076
          ],
          [
            76.94746,
            30.84068
          ],
          [
            76.94689,
            30.84058
          ],
          [
            76.94664,
            30.84059
          ],
          [
            76.94634,
            30.84063
          ],
          [
            76.94584,
            30.84074
          ],
          [
            76.94567,
            30.84075
          ],
          [
            76.94548,
            30.84073
          ],
          [
            76.94504,
            30.84051
          ],
          [
            76.9448,
            30.84033
          ],
          [
            76.94458,
            30.83997
          ],
          [
            76.94431,
            30.83971
          ],
          [
            76.9441,
            30.83962
          ],
          [
            76.94369,
            30.8395
          ],
          [
            76.94316,
            30.83932
          ],
          [
            76.94293,
            30.8392
          ],
          [
            76.94271,
            30.83903
          ],
          [
            76.94261,
            30.83889
          ],
          [
            76.94248,
            30.83878
          ],
          [
            76.94237,
            30.83872
          ],
          [
            76.942,
            30.8388
          ],
          [
            76.94179,
            30.83878
          ],
          [
            76.94155,
            30.83871
          ],
          [
            76.94137,
            30.83875
          ],
          [
            76.94108,
            30.83892
          ],
          [
            76.9409,
            30.83897
          ],
          [
            76.94073,
            30.83891
          ],
          [
            76.94004,
            30.83803
          ],
          [
            76.9392,
            30.83687
          ],
          [
            76.93871,
            30.83624
          ],
          [
            76.93848,
            30.83599
          ],
          [
            76.93632,
            30.83398
          ],
          [
            76.93585,
            30.83355
          ],
          [
            76.93569,
            30.8334
          ],
          [
            76.93548,
            30.83322
          ],
          [
            76.93527,
            30.83301
          ],
          [
            76.9352,
            30.83294
          ],
          [
            76.93246,
            30.83036
          ],
          [
            76.93121,
            30.82919
          ],
          [
            76.93109,
            30.82908
          ],
          [
            76.93104,
            30.82904
          ],
          [
            76.93008,
            30.82815
          ],
          [
            76.92972,
            30.82791
          ],
          [
            76.92716,
            30.82677
          ],
          [
            76.92572,
            30.82609
          ],
          [
            76.92526,
            30.82583
          ],
          [
            76.92516,
            30.82573
          ],
          [
            76.92446,
            30.82508
          ],
          [
            76.92406,
            30.82452
          ],
          [
            76.92383,
            30.82414
          ],
          [
            76.9237,
            30.82386
          ],
          [
            76.92365,
            30.82377
          ],
          [
            76.92351,
            30.82335
          ],
          [
            76.92322,
            30.82225
          ],
          [
            76.92294,
            30.82172
          ],
          [
            76.92283,
            30.82156
          ],
          [
            76.92219,
            30.82057
          ],
          [
            76.92174,
            30.81987
          ],
          [
            76.92133,
            30.81919
          ],
          [
            76.92119,
            30.81894
          ],
          [
            76.92117,
            30.81889
          ],
          [
            76.92025,
            30.81731
          ],
          [
            76.92019,
            30.81721
          ],
          [
            76.91992,
            30.81684
          ],
          [
            76.91937,
            30.8161
          ],
          [
            76.919,
            30.8156
          ],
          [
            76.91894,
            30.8155
          ],
          [
            76.91889,
            30.81541
          ],
          [
            76.91872,
            30.81512
          ],
          [
            76.91865,
            30.81498
          ],
          [
            76.91841,
            30.81442
          ],
          [
            76.91818,
            30.8138
          ],
          [
            76.91776,
            30.81297
          ],
          [
            76.91765,
            30.81277
          ],
          [
            76.91758,
            30.8126
          ],
          [
            76.91752,
            30.81226
          ],
          [
            76.91728,
            30.81097
          ],
          [
            76.91711,
            30.81014
          ],
          [
            76.91696,
            30.80943
          ],
          [
            76.91664,
            30.80795
          ],
          [
            76.91657,
            30.80761
          ],
          [
            76.91635,
            30.80641
          ],
          [
            76.91617,
            30.80561
          ],
          [
            76.91604,
            30.80516
          ],
          [
            76.91565,
            30.80412
          ],
          [
            76.91548,
            30.80374
          ],
          [
            76.91485,
            30.80265
          ],
          [
            76.91475,
            30.8022
          ],
          [
            76.91473,
            30.80187
          ],
          [
            76.91478,
            30.79971
          ],
          [
            76.9148,
            30.79951
          ],
          [
            76.91483,
            30.79946
          ],
          [
            76.91488,
            30.79936
          ],
          [
            76.91494,
            30.79928
          ],
          [
            76.91507,
            30.79913
          ],
          [
            76.91586,
            30.7983
          ],
          [
            76.91595,
            30.79818
          ],
          [
            76.91617,
            30.79782
          ],
          [
            76.91643,
            30.79745
          ],
          [
            76.9165,
            30.79729
          ],
          [
            76.91655,
            30.79714
          ],
          [
            76.91662,
            30.79677
          ],
          [
            76.91659,
            30.79658
          ],
          [
            76.91651,
            30.79637
          ],
          [
            76.91614,
            30.79564
          ],
          [
            76.91609,
            30.79548
          ],
          [
            76.91605,
            30.79495
          ],
          [
            76.91602,
            30.79467
          ],
          [
            76.91578,
            30.794
          ],
          [
            76.91555,
            30.79351
          ],
          [
            76.91511,
            30.79286
          ],
          [
            76.91508,
            30.79271
          ],
          [
            76.91509,
            30.79232
          ],
          [
            76.91516,
            30.79215
          ],
          [
            76.91546,
            30.79123
          ],
          [
            76.91553,
            30.79109
          ],
          [
            76.9157,
            30.79062
          ],
          [
            76.91574,
            30.79061
          ],
          [
            76.91578,
            30.79058
          ],
          [
            76.91581,
            30.7905
          ],
          [
            76.91578,
            30.79042
          ],
          [
            76.91574,
            30.79039
          ],
          [
            76.9157,
            30.79025
          ],
          [
            76.91571,
            30.79013
          ],
          [
            76.91574,
            30.79002
          ],
          [
            76.91583,
            30.7899
          ],
          [
            76.91598,
            30.78982
          ],
          [
            76.91614,
            30.78972
          ],
          [
            76.91516,
            30.78818
          ],
          [
            76.91239,
            30.78336
          ],
          [
            76.90824,
            30.77527
          ],
          [
            76.90778,
            30.77412
          ],
          [
            76.90774,
            30.77395
          ],
          [
            76.90688,
            30.77045
          ],
          [
            76.9055,
            30.76473
          ],
          [
            76.90499,
            30.76265
          ],
          [
            76.90463,
            30.76114
          ],
          [
            76.90461,
            30.76083
          ],
          [
            76.90463,
            30.76052
          ],
          [
            76.90477,
            30.75974
          ],
          [
            76.9048,
            30.7593
          ],
          [
            76.9048,
            30.75875
          ],
          [
            76.90488,
            30.75695
          ],
          [
            76.90488,
            30.75645
          ],
          [
            76.90488,
            30.75568
          ],
          [
            76.90449,
            30.74857
          ],
          [
            76.90429,
            30.74767
          ],
          [
            76.90408,
            30.74695
          ],
          [
            76.90379,
            30.74625
          ],
          [
            76.90331,
            30.74538
          ],
          [
            76.90285,
            30.74458
          ],
          [
            76.90273,
            30.74438
          ],
          [
            76.90269,
            30.74432
          ],
          [
            76.90265,
            30.74427
          ],
          [
            76.90252,
            30.74408
          ],
          [
            76.90242,
            30.74393
          ],
          [
            76.90168,
            30.74308
          ],
          [
            76.90045,
            30.74167
          ],
          [
            76.89993,
            30.74107
          ],
          [
            76.8992,
            30.74015
          ],
          [
            76.89811,
            30.73878
          ],
          [
            76.89687,
            30.73732
          ],
          [
            76.89602,
            30.73633
          ],
          [
            76.8959,
            30.73594
          ],
          [
            76.89442,
            30.73353
          ],
          [
            76.89402,
            30.73297
          ],
          [
            76.89381,
            30.73274
          ],
          [
            76.89349,
            30.73237
          ],
          [
            76.89163,
            30.7304
          ],
          [
            76.89058,
            30.7291
          ],
          [
            76.89018,
            30.72859
          ],
          [
            76.88919,
            30.72731
          ],
          [
            76.8885,
            30.72641
          ],
          [
            76.88705,
            30.72467
          ],
          [
            76.88639,
            30.72395
          ],
          [
            76.88461,
            30.72208
          ],
          [
            76.8838,
            30.72121
          ],
          [
            76.88344,
            30.7208
          ],
          [
            76.8831,
            30.72036
          ],
          [
            76.88166,
            30.71851
          ],
          [
            76.88093,
            30.71771
          ],
          [
            76.879,
            30.7156
          ],
          [
            76.87742,
            30.71362
          ],
          [
            76.87618,
            30.71213
          ],
          [
            76.87595,
            30.71183
          ],
          [
            76.87545,
            30.71083
          ],
          [
            76.87463,
            30.70897
          ],
          [
            76.87413,
            30.70788
          ],
          [
            76.8735,
            30.70653
          ],
          [
            76.87304,
            30.70558
          ],
          [
            76.87261,
            30.70456
          ],
          [
            76.87222,
            30.7036
          ],
          [
            76.87194,
            30.70288
          ],
          [
            76.87175,
            30.70232
          ],
          [
            76.87172,
            30.70191
          ],
          [
            76.87174,
            30.70151
          ],
          [
            76.87177,
            30.70077
          ],
          [
            76.87185,
            30.70011
          ],
          [
            76.87191,
            30.69975
          ],
          [
            76.87192,
            30.69965
          ],
          [
            76.87192,
            30.69937
          ],
          [
            76.87191,
            30.69912
          ],
          [
            76.87181,
            30.69856
          ],
          [
            76.87163,
            30.69774
          ],
          [
            76.87144,
            30.69726
          ],
          [
            76.87132,
            30.69704
          ],
          [
            76.87092,
            30.69626
          ],
          [
            76.86859,
            30.69225
          ],
          [
            76.86811,
            30.69135
          ],
          [
            76.8673,
            30.68995
          ],
          [
            76.86725,
            30.68988
          ],
          [
            76.86691,
            30.68927
          ],
          [
            76.86679,
            30.68905
          ],
          [
            76.86654,
            30.68859
          ],
          [
            76.86631,
            30.68818
          ],
          [
            76.86476,
            30.68541
          ],
          [
            76.86451,
            30.68494
          ],
          [
            76.86438,
            30.68466
          ],
          [
            76.86433,
            30.68458
          ],
          [
            76.86416,
            30.68425
          ],
          [
            76.86343,
            30.68292
          ],
          [
            76.86307,
            30.6823
          ],
          [
            76.8629,
            30.682
          ],
          [
            76.86244,
            30.68127
          ],
          [
            76.86213,
            30.68079
          ],
          [
            76.86174,
            30.68023
          ],
          [
            76.85991,
            30.67774
          ],
          [
            76.85982,
            30.67763
          ],
          [
            76.8594,
            30.67713
          ],
          [
            76.85799,
            30.6756
          ],
          [
            76.85711,
            30.67475
          ],
          [
            76.85676,
            30.67444
          ],
          [
            76.85617,
            30.67393
          ],
          [
            76.85588,
            30.67367
          ],
          [
            76.85489,
            30.67277
          ],
          [
            76.85377,
            30.67172
          ],
          [
            76.85367,
            30.67164
          ],
          [
            76.85164,
            30.66987
          ],
          [
            76.84966,
            30.66811
          ],
          [
            76.8483,
            30.66689
          ],
          [
            76.84745,
            30.66615
          ],
          [
            76.84738,
            30.6662
          ],
          [
            76.84658,
            30.66551
          ],
          [
            76.84616,
            30.66511
          ],
          [
            76.84573,
            30.66471
          ],
          [
            76.84535,
            30.66438
          ],
          [
            76.84491,
            30.66409
          ],
          [
            76.84459,
            30.66392
          ],
          [
            76.84428,
            30.66378
          ],
          [
            76.84385,
            30.66364
          ],
          [
            76.84359,
            30.66357
          ],
          [
            76.84133,
            30.66307
          ],
          [
            76.83871,
            30.66253
          ],
          [
            76.83492,
            30.66165
          ],
          [
            76.83482,
            30.66163
          ],
          [
            76.82939,
            30.66041
          ],
          [
            76.82787,
            30.66012
          ],
          [
            76.82774,
            30.66009
          ],
          [
            76.82683,
            30.65988
          ],
          [
            76.82556,
            30.65957
          ],
          [
            76.8247,
            30.65936
          ],
          [
            76.82407,
            30.65922
          ],
          [
            76.82362,
            30.65912
          ],
          [
            76.82306,
            30.65903
          ],
          [
            76.82272,
            30.65895
          ],
          [
            76.82236,
            30.65884
          ],
          [
            76.82194,
            30.6587
          ],
          [
            76.82158,
            30.65856
          ],
          [
            76.82134,
            30.65842
          ],
          [
            76.82103,
            30.65815
          ],
          [
            76.82094,
            30.65796
          ],
          [
            76.82093,
            30.65767
          ],
          [
            76.8224,
            30.64396
          ],
          [
            76.82269,
            30.64099
          ],
          [
            76.82277,
            30.64015
          ],
          [
            76.82278,
            30.64011
          ],
          [
            76.82315,
            30.63622
          ],
          [
            76.8233,
            30.63465
          ],
          [
            76.82355,
            30.63209
          ],
          [
            76.8237,
            30.6304
          ],
          [
            76.82373,
            30.63007
          ],
          [
            76.82423,
            30.62472
          ],
          [
            76.82428,
            30.62416
          ],
          [
            76.82429,
            30.62405
          ],
          [
            76.82459,
            30.62075
          ],
          [
            76.82467,
            30.6204
          ],
          [
            76.82479,
            30.62005
          ],
          [
            76.82492,
            30.61978
          ],
          [
            76.82505,
            30.61956
          ],
          [
            76.82527,
            30.6193
          ],
          [
            76.82739,
            30.61709
          ],
          [
            76.82747,
            30.61701
          ],
          [
            76.82978,
            30.61453
          ],
          [
            76.83028,
            30.61399
          ],
          [
            76.83245,
            30.61177
          ],
          [
            76.8325,
            30.61172
          ],
          [
            76.836,
            30.6081
          ],
          [
            76.83785,
            30.60618
          ],
          [
            76.84237,
            30.60152
          ],
          [
            76.84452,
            30.59928
          ],
          [
            76.84586,
            30.59786
          ],
          [
            76.84611,
            30.59757
          ],
          [
            76.84636,
            30.59722
          ],
          [
            76.84653,
            30.59687
          ],
          [
            76.84662,
            30.59664
          ],
          [
            76.84674,
            30.59619
          ],
          [
            76.84676,
            30.59593
          ],
          [
            76.84672,
            30.59386
          ],
          [
            76.84673,
            30.59299
          ],
          [
            76.84671,
            30.59266
          ],
          [
            76.84671,
            30.59254
          ],
          [
            76.84672,
            30.59213
          ],
          [
            76.84675,
            30.59165
          ],
          [
            76.84714,
            30.5883
          ],
          [
            76.84711,
            30.58796
          ],
          [
            76.84704,
            30.5877
          ],
          [
            76.84694,
            30.58749
          ],
          [
            76.84678,
            30.58727
          ],
          [
            76.84655,
            30.58704
          ],
          [
            76.84581,
            30.58647
          ],
          [
            76.84557,
            30.58624
          ],
          [
            76.84535,
            30.58598
          ],
          [
            76.84511,
            30.58561
          ],
          [
            76.84421,
            30.58416
          ],
          [
            76.84279,
            30.58182
          ],
          [
            76.84274,
            30.58175
          ],
          [
            76.8407,
            30.57855
          ],
          [
            76.83938,
            30.57639
          ],
          [
            76.83928,
            30.57623
          ],
          [
            76.839,
            30.5758
          ],
          [
            76.83569,
            30.57135
          ],
          [
            76.83558,
            30.57122
          ],
          [
            76.83324,
            30.56807
          ],
          [
            76.83243,
            30.56695
          ],
          [
            76.83211,
            30.56653
          ],
          [
            76.83019,
            30.56396
          ],
          [
            76.82932,
            30.56274
          ],
          [
            76.82903,
            30.56224
          ],
          [
            76.82897,
            30.56217
          ],
          [
            76.82748,
            30.55894
          ],
          [
            76.82574,
            30.55505
          ],
          [
            76.82532,
            30.55416
          ],
          [
            76.82485,
            30.55317
          ],
          [
            76.82208,
            30.54696
          ],
          [
            76.82052,
            30.54356
          ],
          [
            76.8198,
            30.54198
          ],
          [
            76.81818,
            30.53841
          ],
          [
            76.81388,
            30.52914
          ],
          [
            76.81229,
            30.52552
          ],
          [
            76.81214,
            30.52518
          ],
          [
            76.81073,
            30.52202
          ],
          [
            76.81019,
            30.52083
          ],
          [
            76.80872,
            30.5176
          ],
          [
            76.80689,
            30.51344
          ],
          [
            76.80548,
            30.51024
          ],
          [
            76.80478,
            30.50866
          ],
          [
            76.8041,
            30.50714
          ],
          [
            76.80398,
            30.50684
          ],
          [
            76.80384,
            30.50634
          ],
          [
            76.80377,
            30.50589
          ],
          [
            76.80372,
            30.50495
          ],
          [
            76.80362,
            30.50214
          ],
          [
            76.80359,
            30.50141
          ],
          [
            76.80359,
            30.50133
          ],
          [
            76.80355,
            30.49936
          ],
          [
            76.80354,
            30.49913
          ],
          [
            76.80352,
            30.49807
          ],
          [
            76.80351,
            30.49739
          ],
          [
            76.80347,
            30.49596
          ],
          [
            76.8034,
            30.49567
          ],
          [
            76.80327,
            30.49529
          ],
          [
            76.80288,
            30.49453
          ],
          [
            76.80278,
            30.49435
          ],
          [
            76.80239,
            30.49361
          ],
          [
            76.80197,
            30.49287
          ],
          [
            76.79941,
            30.48836
          ],
          [
            76.7992,
            30.48796
          ],
          [
            76.79905,
            30.48761
          ],
          [
            76.7989,
            30.48719
          ],
          [
            76.79848,
            30.48513
          ],
          [
            76.79834,
            30.4847
          ],
          [
            76.79819,
            30.48431
          ],
          [
            76.79792,
            30.4837
          ],
          [
            76.79691,
            30.48131
          ],
          [
            76.79628,
            30.47984
          ],
          [
            76.79593,
            30.47897
          ],
          [
            76.79546,
            30.47786
          ],
          [
            76.79393,
            30.47426
          ],
          [
            76.79392,
            30.47424
          ],
          [
            76.79378,
            30.47392
          ],
          [
            76.79309,
            30.47233
          ],
          [
            76.79091,
            30.46727
          ],
          [
            76.79036,
            30.46594
          ],
          [
            76.79022,
            30.46562
          ],
          [
            76.78988,
            30.46478
          ],
          [
            76.78861,
            30.46171
          ],
          [
            76.78692,
            30.4576
          ],
          [
            76.78631,
            30.45618
          ],
          [
            76.78582,
            30.45503
          ],
          [
            76.78474,
            30.45248
          ],
          [
            76.78457,
            30.45206
          ],
          [
            76.78431,
            30.45145
          ],
          [
            76.78406,
            30.45088
          ],
          [
            76.78131,
            30.44459
          ],
          [
            76.78111,
            30.44401
          ],
          [
            76.78104,
            30.44374
          ],
          [
            76.78089,
            30.44296
          ],
          [
            76.78084,
            30.44267
          ],
          [
            76.78042,
            30.44051
          ],
          [
            76.78035,
            30.44007
          ],
          [
            76.7803,
            30.43984
          ],
          [
            76.77919,
            30.43429
          ],
          [
            76.77886,
            30.43269
          ],
          [
            76.7787,
            30.43193
          ],
          [
            76.77838,
            30.43024
          ],
          [
            76.77833,
            30.42989
          ],
          [
            76.77829,
            30.42947
          ],
          [
            76.77828,
            30.42911
          ],
          [
            76.77836,
            30.42841
          ],
          [
            76.77846,
            30.42796
          ],
          [
            76.77859,
            30.42754
          ],
          [
            76.77939,
            30.42543
          ],
          [
            76.77966,
            30.42475
          ],
          [
            76.77989,
            30.4241
          ],
          [
            76.78015,
            30.42342
          ],
          [
            76.78094,
            30.42128
          ],
          [
            76.78112,
            30.42081
          ],
          [
            76.78218,
            30.418
          ],
          [
            76.78224,
            30.41784
          ],
          [
            76.78233,
            30.41758
          ],
          [
            76.78241,
            30.41734
          ],
          [
            76.78247,
            30.41716
          ],
          [
            76.7826,
            30.41679
          ],
          [
            76.78283,
            30.41609
          ],
          [
            76.78291,
            30.4158
          ],
          [
            76.783,
            30.41549
          ],
          [
            76.78368,
            30.41352
          ],
          [
            76.78372,
            30.41339
          ],
          [
            76.78345,
            30.41338
          ],
          [
            76.78302,
            30.41334
          ],
          [
            76.78235,
            30.41329
          ],
          [
            76.78107,
            30.41322
          ],
          [
            76.77881,
            30.4131
          ],
          [
            76.77731,
            30.41309
          ],
          [
            76.77586,
            30.41314
          ],
          [
            76.77526,
            30.41311
          ],
          [
            76.77307,
            30.41289
          ],
          [
            76.77279,
            30.41285
          ],
          [
            76.7725,
            30.41279
          ],
          [
            76.77212,
            30.41269
          ],
          [
            76.77168,
            30.41252
          ],
          [
            76.77132,
            30.41236
          ],
          [
            76.76898,
            30.41121
          ],
          [
            76.76624,
            30.40995
          ],
          [
            76.76583,
            30.40977
          ],
          [
            76.76509,
            30.40949
          ],
          [
            76.76463,
            30.40936
          ],
          [
            76.76421,
            30.40927
          ],
          [
            76.76379,
            30.40921
          ],
          [
            76.76316,
            30.40915
          ],
          [
            76.76031,
            30.40898
          ],
          [
            76.75928,
            30.40891
          ],
          [
            76.7587,
            30.40886
          ],
          [
            76.7563,
            30.4086
          ],
          [
            76.75515,
            30.40853
          ],
          [
            76.75429,
            30.40851
          ],
          [
            76.74961,
            30.4085
          ],
          [
            76.74929,
            30.40847
          ],
          [
            76.74871,
            30.40839
          ],
          [
            76.74842,
            30.40832
          ],
          [
            76.74818,
            30.40823
          ],
          [
            76.74772,
            30.40801
          ],
          [
            76.74727,
            30.40771
          ],
          [
            76.74662,
            30.40721
          ],
          [
            76.74455,
            30.40567
          ],
          [
            76.74277,
            30.40432
          ],
          [
            76.74204,
            30.40373
          ],
          [
            76.74142,
            30.40313
          ],
          [
            76.7412,
            30.40291
          ],
          [
            76.74109,
            30.40279
          ],
          [
            76.74067,
            30.40225
          ],
          [
            76.7404,
            30.40184
          ],
          [
            76.74015,
            30.4014
          ],
          [
            76.73954,
            30.40007
          ],
          [
            76.73947,
            30.39992
          ],
          [
            76.73896,
            30.39876
          ],
          [
            76.73887,
            30.39855
          ],
          [
            76.73794,
            30.39635
          ],
          [
            76.73788,
            30.39622
          ],
          [
            76.73764,
            30.39574
          ],
          [
            76.7374,
            30.39531
          ],
          [
            76.73705,
            30.39472
          ],
          [
            76.73674,
            30.39417
          ],
          [
            76.73655,
            30.39374
          ],
          [
            76.73579,
            30.39155
          ],
          [
            76.73523,
            30.39006
          ],
          [
            76.73517,
            30.38987
          ],
          [
            76.73504,
            30.38923
          ],
          [
            76.73498,
            30.38865
          ],
          [
            76.73495,
            30.38655
          ],
          [
            76.73487,
            30.38147
          ],
          [
            76.73487,
            30.38128
          ],
          [
            76.73482,
            30.37789
          ],
          [
            76.73482,
            30.3777
          ],
          [
            76.73478,
            30.37526
          ],
          [
            76.7347,
            30.37317
          ],
          [
            76.73465,
            30.36897
          ],
          [
            76.73458,
            30.36797
          ],
          [
            76.73439,
            30.36625
          ],
          [
            76.7343,
            30.36537
          ],
          [
            76.73408,
            30.36381
          ],
          [
            76.7339,
            30.36231
          ],
          [
            76.73378,
            30.36141
          ],
          [
            76.73365,
            30.36045
          ],
          [
            76.73346,
            30.35927
          ],
          [
            76.73293,
            30.35675
          ],
          [
            76.73245,
            30.35466
          ],
          [
            76.73158,
            30.35109
          ],
          [
            76.73134,
            30.35002
          ],
          [
            76.73052,
            30.34753
          ],
          [
            76.72986,
            30.34556
          ],
          [
            76.7298,
            30.3454
          ],
          [
            76.72917,
            30.34352
          ],
          [
            76.72904,
            30.3431
          ],
          [
            76.72895,
            30.34264
          ],
          [
            76.72891,
            30.34238
          ],
          [
            76.72891,
            30.34194
          ],
          [
            76.72892,
            30.34165
          ],
          [
            76.72898,
            30.3413
          ],
          [
            76.72918,
            30.34047
          ],
          [
            76.72938,
            30.33968
          ],
          [
            76.72945,
            30.33936
          ],
          [
            76.7295,
            30.33902
          ],
          [
            76.72951,
            30.33874
          ],
          [
            76.7295,
            30.33843
          ],
          [
            76.72948,
            30.33827
          ],
          [
            76.72941,
            30.33795
          ],
          [
            76.7293,
            30.33765
          ],
          [
            76.72905,
            30.33714
          ],
          [
            76.72788,
            30.33524
          ],
          [
            76.72758,
            30.33473
          ],
          [
            76.72676,
            30.3332
          ],
          [
            76.72369,
            30.3274
          ],
          [
            76.72362,
            30.32726
          ],
          [
            76.72309,
            30.32624
          ],
          [
            76.72294,
            30.32595
          ],
          [
            76.72276,
            30.32554
          ],
          [
            76.72264,
            30.32518
          ],
          [
            76.72254,
            30.3248
          ],
          [
            76.72245,
            30.32421
          ],
          [
            76.72242,
            30.32396
          ],
          [
            76.72239,
            30.32378
          ],
          [
            76.72208,
            30.32118
          ],
          [
            76.72201,
            30.32059
          ],
          [
            76.72197,
            30.31944
          ],
          [
            76.72196,
            30.31879
          ],
          [
            76.72179,
            30.31011
          ],
          [
            76.72179,
            30.30979
          ],
          [
            76.72181,
            30.30943
          ],
          [
            76.72187,
            30.30902
          ],
          [
            76.722,
            30.30858
          ],
          [
            76.72214,
            30.3082
          ],
          [
            76.72243,
            30.30742
          ],
          [
            76.72256,
            30.30696
          ],
          [
            76.72257,
            30.30689
          ],
          [
            76.72263,
            30.30648
          ],
          [
            76.72264,
            30.30615
          ],
          [
            76.7226,
            30.30561
          ],
          [
            76.72253,
            30.3053
          ],
          [
            76.72243,
            30.30499
          ],
          [
            76.72232,
            30.30463
          ],
          [
            76.72181,
            30.30312
          ],
          [
            76.72085,
            30.30033
          ],
          [
            76.71954,
            30.29648
          ],
          [
            76.71841,
            30.29325
          ],
          [
            76.7178,
            30.29152
          ],
          [
            76.71695,
            30.28903
          ],
          [
            76.7169,
            30.28887
          ],
          [
            76.71674,
            30.28822
          ],
          [
            76.71673,
            30.28783
          ],
          [
            76.71675,
            30.28754
          ],
          [
            76.71679,
            30.28729
          ],
          [
            76.71686,
            30.28703
          ],
          [
            76.71697,
            30.28675
          ],
          [
            76.71713,
            30.28643
          ],
          [
            76.71744,
            30.28587
          ],
          [
            76.71795,
            30.28494
          ],
          [
            76.71834,
            30.28421
          ],
          [
            76.71844,
            30.28397
          ],
          [
            76.71852,
            30.28373
          ],
          [
            76.71857,
            30.28347
          ],
          [
            76.71861,
            30.28318
          ],
          [
            76.71863,
            30.28265
          ],
          [
            76.71857,
            30.28027
          ],
          [
            76.71855,
            30.27966
          ],
          [
            76.71852,
            30.27912
          ],
          [
            76.71849,
            30.27882
          ],
          [
            76.71841,
            30.27846
          ],
          [
            76.71828,
            30.27808
          ],
          [
            76.71817,
            30.27785
          ],
          [
            76.71794,
            30.27747
          ],
          [
            76.71772,
            30.27719
          ],
          [
            76.71744,
            30.27688
          ],
          [
            76.71542,
            30.27491
          ],
          [
            76.71517,
            30.27465
          ],
          [
            76.71508,
            30.27455
          ],
          [
            76.71485,
            30.27427
          ],
          [
            76.71456,
            30.27378
          ],
          [
            76.71449,
            30.27363
          ],
          [
            76.71436,
            30.27327
          ],
          [
            76.71426,
            30.27276
          ],
          [
            76.71246,
            30.25986
          ],
          [
            76.71244,
            30.25968
          ],
          [
            76.71167,
            30.25436
          ],
          [
            76.71133,
            30.25215
          ],
          [
            76.71093,
            30.25036
          ],
          [
            76.71019,
            30.24754
          ],
          [
            76.70973,
            30.24574
          ],
          [
            76.70933,
            30.24418
          ],
          [
            76.70922,
            30.24363
          ],
          [
            76.70891,
            30.24222
          ],
          [
            76.70864,
            30.24106
          ],
          [
            76.70812,
            30.23897
          ],
          [
            76.70809,
            30.23882
          ],
          [
            76.70785,
            30.23785
          ],
          [
            76.7073,
            30.23583
          ],
          [
            76.70706,
            30.23486
          ],
          [
            76.70695,
            30.23445
          ],
          [
            76.70685,
            30.23388
          ],
          [
            76.70681,
            30.23352
          ],
          [
            76.7068,
            30.233
          ],
          [
            76.70687,
            30.23192
          ],
          [
            76.70723,
            30.22783
          ],
          [
            76.70725,
            30.22744
          ],
          [
            76.70723,
            30.22701
          ],
          [
            76.70712,
            30.22633
          ],
          [
            76.70637,
            30.22238
          ],
          [
            76.70631,
            30.22209
          ],
          [
            76.70615,
            30.22117
          ],
          [
            76.70612,
            30.22076
          ],
          [
            76.70613,
            30.22034
          ],
          [
            76.70622,
            30.21985
          ],
          [
            76.70652,
            30.21885
          ],
          [
            76.70703,
            30.2172
          ],
          [
            76.7071,
            30.21698
          ],
          [
            76.70748,
            30.21565
          ],
          [
            76.70793,
            30.21416
          ],
          [
            76.70797,
            30.21395
          ],
          [
            76.70799,
            30.2137
          ],
          [
            76.70795,
            30.21344
          ],
          [
            76.70788,
            30.21321
          ],
          [
            76.70776,
            30.21297
          ],
          [
            76.70764,
            30.2128
          ],
          [
            76.70743,
            30.21259
          ],
          [
            76.70705,
            30.21231
          ],
          [
            76.70585,
            30.2115
          ],
          [
            76.70526,
            30.21104
          ],
          [
            76.7046,
            30.21044
          ],
          [
            76.70352,
            30.20942
          ],
          [
            76.70323,
            30.20911
          ],
          [
            76.70299,
            30.2088
          ],
          [
            76.70277,
            30.20848
          ],
          [
            76.70252,
            30.20798
          ],
          [
            76.70239,
            30.20761
          ],
          [
            76.70231,
            30.20728
          ],
          [
            76.70226,
            30.20695
          ],
          [
            76.70225,
            30.20673
          ],
          [
            76.70229,
            30.20619
          ],
          [
            76.70236,
            30.20579
          ],
          [
            76.70246,
            30.20544
          ],
          [
            76.70277,
            30.20461
          ],
          [
            76.70403,
            30.2013
          ],
          [
            76.70428,
            30.20068
          ],
          [
            76.70538,
            30.19832
          ],
          [
            76.70549,
            30.19806
          ],
          [
            76.70565,
            30.19767
          ],
          [
            76.70574,
            30.19733
          ],
          [
            76.70581,
            30.19701
          ],
          [
            76.70584,
            30.19685
          ],
          [
            76.70587,
            30.19657
          ],
          [
            76.7059,
            30.196
          ],
          [
            76.7059,
            30.19587
          ],
          [
            76.70589,
            30.19512
          ],
          [
            76.70587,
            30.19472
          ],
          [
            76.70577,
            30.19396
          ],
          [
            76.70551,
            30.19292
          ],
          [
            76.70516,
            30.19209
          ],
          [
            76.70495,
            30.19162
          ],
          [
            76.70448,
            30.19073
          ],
          [
            76.70418,
            30.19022
          ],
          [
            76.70376,
            30.18942
          ],
          [
            76.70195,
            30.18575
          ],
          [
            76.69844,
            30.17872
          ],
          [
            76.69763,
            30.17713
          ],
          [
            76.69748,
            30.17683
          ],
          [
            76.6973,
            30.17648
          ],
          [
            76.69601,
            30.17397
          ],
          [
            76.69502,
            30.17203
          ],
          [
            76.69488,
            30.17175
          ],
          [
            76.69405,
            30.16994
          ],
          [
            76.69376,
            30.16931
          ],
          [
            76.69357,
            30.1689
          ],
          [
            76.69165,
            30.16509
          ],
          [
            76.69051,
            30.16279
          ],
          [
            76.68823,
            30.15812
          ],
          [
            76.68767,
            30.15696
          ],
          [
            76.68732,
            30.15625
          ],
          [
            76.68636,
            30.1543
          ],
          [
            76.68557,
            30.15269
          ],
          [
            76.68543,
            30.1524
          ],
          [
            76.68512,
            30.15175
          ],
          [
            76.68494,
            30.15139
          ],
          [
            76.68423,
            30.14996
          ],
          [
            76.68394,
            30.14938
          ],
          [
            76.68351,
            30.1485
          ],
          [
            76.68321,
            30.14791
          ],
          [
            76.68308,
            30.14765
          ],
          [
            76.68288,
            30.14724
          ],
          [
            76.68151,
            30.14455
          ],
          [
            76.68133,
            30.14419
          ],
          [
            76.68038,
            30.14232
          ],
          [
            76.67942,
            30.14024
          ],
          [
            76.67923,
            30.13971
          ],
          [
            76.67908,
            30.13911
          ],
          [
            76.679,
            30.13852
          ],
          [
            76.67899,
            30.1383
          ],
          [
            76.67898,
            30.13785
          ],
          [
            76.67897,
            30.13696
          ],
          [
            76.679,
            30.13432
          ],
          [
            76.679,
            30.13412
          ],
          [
            76.679,
            30.13158
          ],
          [
            76.67904,
            30.13069
          ],
          [
            76.6791,
            30.13021
          ],
          [
            76.67943,
            30.12765
          ],
          [
            76.67945,
            30.12723
          ],
          [
            76.67941,
            30.1258
          ],
          [
            76.67938,
            30.12435
          ],
          [
            76.67938,
            30.12422
          ],
          [
            76.67938,
            30.12091
          ],
          [
            76.67937,
            30.11983
          ],
          [
            76.67931,
            30.11443
          ],
          [
            76.67931,
            30.11418
          ],
          [
            76.6793,
            30.11331
          ],
          [
            76.67927,
            30.11294
          ],
          [
            76.67922,
            30.11253
          ],
          [
            76.67914,
            30.11212
          ],
          [
            76.679,
            30.1116
          ],
          [
            76.67884,
            30.11114
          ],
          [
            76.67863,
            30.11066
          ],
          [
            76.67834,
            30.11013
          ],
          [
            76.67801,
            30.10966
          ],
          [
            76.67771,
            30.10928
          ],
          [
            76.6774,
            30.10894
          ],
          [
            76.67706,
            30.10863
          ],
          [
            76.67693,
            30.10851
          ],
          [
            76.67653,
            30.1082
          ],
          [
            76.67608,
            30.10788
          ],
          [
            76.67558,
            30.10759
          ],
          [
            76.6753,
            30.10745
          ],
          [
            76.67481,
            30.10722
          ],
          [
            76.67454,
            30.10712
          ],
          [
            76.67396,
            30.10693
          ],
          [
            76.67325,
            30.10674
          ],
          [
            76.6722,
            30.10648
          ],
          [
            76.67199,
            30.10643
          ],
          [
            76.67154,
            30.1063
          ],
          [
            76.67113,
            30.10615
          ],
          [
            76.67075,
            30.10598
          ],
          [
            76.67036,
            30.10578
          ],
          [
            76.66994,
            30.10552
          ],
          [
            76.6696,
            30.10527
          ],
          [
            76.66919,
            30.10493
          ],
          [
            76.66908,
            30.10481
          ],
          [
            76.66896,
            30.10468
          ],
          [
            76.66871,
            30.1044
          ],
          [
            76.66832,
            30.10387
          ],
          [
            76.66802,
            30.10334
          ],
          [
            76.66788,
            30.103
          ],
          [
            76.66782,
            30.10283
          ],
          [
            76.66769,
            30.10241
          ],
          [
            76.66762,
            30.10204
          ],
          [
            76.66757,
            30.10171
          ],
          [
            76.66755,
            30.10131
          ],
          [
            76.66755,
            30.10116
          ],
          [
            76.66753,
            30.09998
          ],
          [
            76.66751,
            30.09853
          ],
          [
            76.6675,
            30.09838
          ],
          [
            76.66748,
            30.09672
          ],
          [
            76.66747,
            30.09599
          ],
          [
            76.66747,
            30.09583
          ],
          [
            76.66745,
            30.09439
          ],
          [
            76.66744,
            30.09365
          ],
          [
            76.66744,
            30.09349
          ],
          [
            76.66742,
            30.09201
          ],
          [
            76.66742,
            30.09184
          ],
          [
            76.66741,
            30.09125
          ],
          [
            76.66739,
            30.08958
          ],
          [
            76.66739,
            30.08943
          ],
          [
            76.66737,
            30.08807
          ],
          [
            76.66733,
            30.08463
          ],
          [
            76.66733,
            30.08447
          ],
          [
            76.66733,
            30.08421
          ],
          [
            76.6673,
            30.08154
          ],
          [
            76.6673,
            30.08097
          ],
          [
            76.66732,
            30.08075
          ],
          [
            76.6674,
            30.08036
          ],
          [
            76.66746,
            30.08019
          ],
          [
            76.66761,
            30.07987
          ],
          [
            76.66787,
            30.07945
          ],
          [
            76.66797,
            30.0793
          ],
          [
            76.66912,
            30.07756
          ],
          [
            76.66935,
            30.07711
          ],
          [
            76.66953,
            30.07662
          ],
          [
            76.66963,
            30.07616
          ],
          [
            76.66967,
            30.07572
          ],
          [
            76.66968,
            30.07519
          ],
          [
            76.66974,
            30.07356
          ],
          [
            76.66974,
            30.07351
          ],
          [
            76.66972,
            30.07301
          ],
          [
            76.66966,
            30.07261
          ],
          [
            76.66953,
            30.07222
          ],
          [
            76.66945,
            30.07203
          ],
          [
            76.66924,
            30.07163
          ],
          [
            76.66911,
            30.07145
          ],
          [
            76.66884,
            30.07115
          ],
          [
            76.66857,
            30.07091
          ],
          [
            76.66819,
            30.07062
          ],
          [
            76.66805,
            30.07052
          ],
          [
            76.66165,
            30.06584
          ],
          [
            76.65824,
            30.06332
          ],
          [
            76.65726,
            30.06261
          ],
          [
            76.65629,
            30.06189
          ],
          [
            76.65436,
            30.06054
          ],
          [
            76.6524,
            30.05918
          ],
          [
            76.65192,
            30.05884
          ],
          [
            76.65171,
            30.05869
          ],
          [
            76.65145,
            30.05851
          ],
          [
            76.6514,
            30.05848
          ],
          [
            76.65124,
            30.05837
          ],
          [
            76.65095,
            30.05815
          ],
          [
            76.65059,
            30.05791
          ],
          [
            76.65039,
            30.05771
          ],
          [
            76.65022,
            30.0575
          ],
          [
            76.65012,
            30.05733
          ],
          [
            76.64998,
            30.057
          ],
          [
            76.64994,
            30.05676
          ],
          [
            76.64992,
            30.0566
          ],
          [
            76.64995,
            30.05614
          ],
          [
            76.64997,
            30.05579
          ],
          [
            76.65003,
            30.0549
          ],
          [
            76.65055,
            30.04852
          ],
          [
            76.65056,
            30.04843
          ],
          [
            76.65072,
            30.04658
          ],
          [
            76.651,
            30.04316
          ],
          [
            76.65101,
            30.04292
          ],
          [
            76.65104,
            30.04185
          ],
          [
            76.65094,
            30.03606
          ],
          [
            76.65093,
            30.0359
          ],
          [
            76.65089,
            30.03442
          ],
          [
            76.65089,
            30.03142
          ],
          [
            76.6508,
            30.02718
          ],
          [
            76.65071,
            30.02521
          ],
          [
            76.6507,
            30.02499
          ],
          [
            76.65067,
            30.02334
          ],
          [
            76.65066,
            30.02315
          ],
          [
            76.65067,
            30.02118
          ],
          [
            76.65058,
            30.01752
          ],
          [
            76.65058,
            30.01735
          ],
          [
            76.65047,
            30.01422
          ],
          [
            76.65047,
            30.01408
          ],
          [
            76.65042,
            30.01057
          ],
          [
            76.6503,
            30.00675
          ],
          [
            76.65022,
            30.00328
          ],
          [
            76.65022,
            30.00314
          ],
          [
            76.65009,
            29.99751
          ],
          [
            76.65,
            29.99528
          ],
          [
            76.64993,
            29.99428
          ],
          [
            76.64949,
            29.98924
          ],
          [
            76.64947,
            29.98904
          ],
          [
            76.64929,
            29.98689
          ],
          [
            76.64927,
            29.98671
          ],
          [
            76.64913,
            29.98487
          ],
          [
            76.64879,
            29.98111
          ],
          [
            76.64877,
            29.98083
          ],
          [
            76.64806,
            29.97279
          ],
          [
            76.6479,
            29.97083
          ],
          [
            76.64786,
            29.97007
          ],
          [
            76.64785,
            29.96977
          ],
          [
            76.64783,
            29.96775
          ],
          [
            76.64785,
            29.96624
          ],
          [
            76.64785,
            29.96549
          ],
          [
            76.64786,
            29.96527
          ],
          [
            76.64787,
            29.96421
          ],
          [
            76.64787,
            29.96405
          ],
          [
            76.64795,
            29.95988
          ],
          [
            76.64795,
            29.95967
          ],
          [
            76.64797,
            29.9569
          ],
          [
            76.64801,
            29.95497
          ],
          [
            76.64801,
            29.95485
          ],
          [
            76.64805,
            29.95249
          ],
          [
            76.64805,
            29.95211
          ],
          [
            76.6481,
            29.94899
          ],
          [
            76.6481,
            29.94878
          ],
          [
            76.64817,
            29.94403
          ],
          [
            76.64817,
            29.94387
          ],
          [
            76.64823,
            29.93975
          ],
          [
            76.64823,
            29.93961
          ],
          [
            76.64834,
            29.93233
          ],
          [
            76.64834,
            29.93219
          ],
          [
            76.64838,
            29.92911
          ],
          [
            76.64836,
            29.92833
          ],
          [
            76.64832,
            29.92715
          ],
          [
            76.64803,
            29.92235
          ],
          [
            76.64802,
            29.92216
          ],
          [
            76.64786,
            29.9196
          ],
          [
            76.64785,
            29.91942
          ],
          [
            76.64746,
            29.91315
          ],
          [
            76.64744,
            29.9124
          ],
          [
            76.64744,
            29.91174
          ],
          [
            76.64745,
            29.91107
          ],
          [
            76.64745,
            29.91039
          ],
          [
            76.64741,
            29.90956
          ],
          [
            76.6474,
            29.9094
          ],
          [
            76.64737,
            29.90898
          ],
          [
            76.64726,
            29.90811
          ],
          [
            76.6471,
            29.90678
          ],
          [
            76.647,
            29.90589
          ],
          [
            76.64675,
            29.90176
          ],
          [
            76.64674,
            29.9016
          ],
          [
            76.64623,
            29.89332
          ],
          [
            76.64615,
            29.89227
          ],
          [
            76.64606,
            29.89048
          ],
          [
            76.64604,
            29.89022
          ],
          [
            76.64585,
            29.88721
          ],
          [
            76.64584,
            29.88702
          ],
          [
            76.64554,
            29.88225
          ],
          [
            76.64544,
            29.88086
          ],
          [
            76.64538,
            29.88039
          ],
          [
            76.64536,
            29.88022
          ],
          [
            76.64531,
            29.87972
          ],
          [
            76.64505,
            29.87812
          ],
          [
            76.64502,
            29.87796
          ],
          [
            76.64388,
            29.87258
          ],
          [
            76.64311,
            29.869
          ],
          [
            76.64298,
            29.86841
          ],
          [
            76.64259,
            29.86652
          ],
          [
            76.64256,
            29.8664
          ],
          [
            76.64204,
            29.86391
          ],
          [
            76.64184,
            29.86295
          ],
          [
            76.6417,
            29.86231
          ],
          [
            76.64166,
            29.86214
          ],
          [
            76.64154,
            29.86157
          ],
          [
            76.64148,
            29.86128
          ],
          [
            76.64118,
            29.8599
          ],
          [
            76.64105,
            29.85934
          ],
          [
            76.64063,
            29.85738
          ],
          [
            76.64038,
            29.85623
          ],
          [
            76.64015,
            29.85511
          ],
          [
            76.63994,
            29.85429
          ],
          [
            76.6399,
            29.85415
          ],
          [
            76.63949,
            29.85295
          ],
          [
            76.63927,
            29.85236
          ],
          [
            76.63893,
            29.85157
          ],
          [
            76.63824,
            29.85015
          ],
          [
            76.63752,
            29.84877
          ],
          [
            76.63739,
            29.84854
          ],
          [
            76.62391,
            29.82298
          ],
          [
            76.62384,
            29.82284
          ],
          [
            76.62137,
            29.81813
          ],
          [
            76.62085,
            29.81713
          ],
          [
            76.61785,
            29.81091
          ],
          [
            76.61778,
            29.81075
          ],
          [
            76.61598,
            29.80702
          ],
          [
            76.60975,
            29.79405
          ],
          [
            76.60949,
            29.7935
          ],
          [
            76.60232,
            29.77859
          ],
          [
            76.60118,
            29.77622
          ],
          [
            76.601,
            29.77583
          ],
          [
            76.59985,
            29.77344
          ],
          [
            76.59942,
            29.77254
          ],
          [
            76.59928,
            29.77225
          ],
          [
            76.59854,
            29.77071
          ],
          [
            76.59837,
            29.77038
          ],
          [
            76.59474,
            29.76282
          ],
          [
            76.59385,
            29.76094
          ],
          [
            76.59299,
            29.75899
          ],
          [
            76.59191,
            29.75659
          ],
          [
            76.59005,
            29.75238
          ],
          [
            76.58997,
            29.7522
          ],
          [
            76.58645,
            29.74432
          ],
          [
            76.58355,
            29.73775
          ],
          [
            76.58343,
            29.73749
          ],
          [
            76.58317,
            29.73688
          ],
          [
            76.58208,
            29.73457
          ],
          [
            76.5795,
            29.72879
          ],
          [
            76.57883,
            29.72711
          ],
          [
            76.57845,
            29.72598
          ],
          [
            76.57796,
            29.72427
          ],
          [
            76.5757,
            29.71626
          ],
          [
            76.57448,
            29.71198
          ],
          [
            76.57439,
            29.71167
          ],
          [
            76.57186,
            29.70248
          ],
          [
            76.56942,
            29.69407
          ],
          [
            76.56936,
            29.69381
          ],
          [
            76.56834,
            29.68968
          ],
          [
            76.56784,
            29.68719
          ],
          [
            76.56616,
            29.67952
          ],
          [
            76.566,
            29.6788
          ],
          [
            76.5655,
            29.67644
          ],
          [
            76.56382,
            29.66877
          ],
          [
            76.5632,
            29.66633
          ],
          [
            76.56302,
            29.66548
          ],
          [
            76.56227,
            29.66238
          ],
          [
            76.56069,
            29.65599
          ],
          [
            76.56064,
            29.6558
          ],
          [
            76.55675,
            29.63983
          ],
          [
            76.55643,
            29.63798
          ],
          [
            76.55602,
            29.63462
          ],
          [
            76.55555,
            29.63194
          ],
          [
            76.55548,
            29.63147
          ],
          [
            76.5546,
            29.62455
          ],
          [
            76.55407,
            29.6223
          ],
          [
            76.5532,
            29.6192
          ],
          [
            76.55283,
            29.61762
          ],
          [
            76.55171,
            29.61308
          ],
          [
            76.55162,
            29.61266
          ],
          [
            76.55107,
            29.61009
          ],
          [
            76.55082,
            29.60896
          ],
          [
            76.54904,
            29.60111
          ],
          [
            76.54867,
            29.59926
          ],
          [
            76.54844,
            29.59635
          ],
          [
            76.54679,
            29.58023
          ],
          [
            76.54659,
            29.57858
          ],
          [
            76.54627,
            29.57709
          ],
          [
            76.54572,
            29.57551
          ],
          [
            76.54453,
            29.57293
          ],
          [
            76.54161,
            29.56721
          ],
          [
            76.53923,
            29.56246
          ],
          [
            76.53777,
            29.55947
          ],
          [
            76.53684,
            29.55763
          ],
          [
            76.53636,
            29.55659
          ],
          [
            76.53606,
            29.55589
          ],
          [
            76.53592,
            29.55553
          ],
          [
            76.53532,
            29.55407
          ],
          [
            76.53452,
            29.55194
          ],
          [
            76.5344,
            29.55161
          ],
          [
            76.53304,
            29.54785
          ],
          [
            76.53268,
            29.54685
          ],
          [
            76.53193,
            29.54499
          ],
          [
            76.52961,
            29.53826
          ],
          [
            76.52612,
            29.527
          ],
          [
            76.52514,
            29.52424
          ],
          [
            76.52172,
            29.51365
          ],
          [
            76.52036,
            29.50962
          ],
          [
            76.51957,
            29.50743
          ],
          [
            76.51777,
            29.5021
          ],
          [
            76.5164,
            29.49794
          ],
          [
            76.5154,
            29.49491
          ],
          [
            76.51499,
            29.49348
          ],
          [
            76.514,
            29.49046
          ],
          [
            76.51384,
            29.4899
          ],
          [
            76.51368,
            29.48935
          ],
          [
            76.51351,
            29.48865
          ],
          [
            76.51249,
            29.48537
          ],
          [
            76.51236,
            29.48492
          ],
          [
            76.51144,
            29.48166
          ],
          [
            76.51127,
            29.48105
          ],
          [
            76.51106,
            29.4803
          ],
          [
            76.5098,
            29.47577
          ],
          [
            76.50666,
            29.46531
          ],
          [
            76.5066,
            29.46513
          ],
          [
            76.50393,
            29.45599
          ],
          [
            76.50212,
            29.44977
          ],
          [
            76.50177,
            29.44848
          ],
          [
            76.50056,
            29.44446
          ],
          [
            76.49984,
            29.44213
          ],
          [
            76.49978,
            29.44192
          ],
          [
            76.49885,
            29.43886
          ],
          [
            76.4988,
            29.43872
          ],
          [
            76.49619,
            29.43019
          ],
          [
            76.49538,
            29.42723
          ],
          [
            76.49371,
            29.4201
          ],
          [
            76.49283,
            29.41645
          ],
          [
            76.49135,
            29.41012
          ],
          [
            76.49132,
            29.40999
          ],
          [
            76.49016,
            29.40507
          ],
          [
            76.48952,
            29.40233
          ],
          [
            76.48852,
            29.39795
          ],
          [
            76.48788,
            29.39531
          ],
          [
            76.48669,
            29.39039
          ],
          [
            76.48594,
            29.38719
          ],
          [
            76.48554,
            29.38559
          ],
          [
            76.48388,
            29.37846
          ],
          [
            76.48367,
            29.37756
          ],
          [
            76.48278,
            29.37358
          ],
          [
            76.48206,
            29.37061
          ],
          [
            76.48197,
            29.37021
          ],
          [
            76.48188,
            29.36987
          ],
          [
            76.48149,
            29.36821
          ],
          [
            76.48133,
            29.36752
          ],
          [
            76.48115,
            29.36676
          ],
          [
            76.48068,
            29.36467
          ],
          [
            76.48052,
            29.36371
          ],
          [
            76.48044,
            29.36305
          ],
          [
            76.48032,
            29.36106
          ],
          [
            76.48015,
            29.35742
          ],
          [
            76.47989,
            29.35011
          ],
          [
            76.47984,
            29.34858
          ],
          [
            76.47929,
            29.33427
          ],
          [
            76.47929,
            29.33402
          ],
          [
            76.47923,
            29.33229
          ],
          [
            76.47901,
            29.32704
          ],
          [
            76.47892,
            29.32603
          ],
          [
            76.4789,
            29.32586
          ],
          [
            76.47853,
            29.3222
          ],
          [
            76.478,
            29.31756
          ],
          [
            76.47767,
            29.31449
          ],
          [
            76.47765,
            29.31431
          ],
          [
            76.47597,
            29.29786
          ],
          [
            76.47594,
            29.29758
          ],
          [
            76.4757,
            29.29605
          ],
          [
            76.47441,
            29.28985
          ],
          [
            76.47438,
            29.28973
          ],
          [
            76.47341,
            29.28505
          ],
          [
            76.47331,
            29.28459
          ],
          [
            76.47327,
            29.28435
          ],
          [
            76.47324,
            29.2842
          ],
          [
            76.4727,
            29.28165
          ],
          [
            76.47264,
            29.28138
          ],
          [
            76.47223,
            29.27943
          ],
          [
            76.47205,
            29.27857
          ],
          [
            76.472,
            29.27834
          ],
          [
            76.47189,
            29.27785
          ],
          [
            76.4718,
            29.27739
          ],
          [
            76.47081,
            29.27262
          ],
          [
            76.4706,
            29.27174
          ],
          [
            76.46777,
            29.25776
          ],
          [
            76.46772,
            29.25744
          ],
          [
            76.46729,
            29.25504
          ],
          [
            76.46694,
            29.25285
          ],
          [
            76.46659,
            29.2505
          ],
          [
            76.46555,
            29.24244
          ],
          [
            76.46552,
            29.2422
          ],
          [
            76.46517,
            29.23959
          ],
          [
            76.46469,
            29.23584
          ],
          [
            76.46467,
            29.23567
          ],
          [
            76.46423,
            29.23217
          ],
          [
            76.46409,
            29.23102
          ],
          [
            76.46404,
            29.23062
          ],
          [
            76.4616,
            29.21169
          ],
          [
            76.46157,
            29.21152
          ],
          [
            76.46111,
            29.20791
          ],
          [
            76.46033,
            29.2015
          ],
          [
            76.45986,
            29.19812
          ],
          [
            76.45966,
            29.19651
          ],
          [
            76.45897,
            29.19097
          ],
          [
            76.4583,
            29.18598
          ],
          [
            76.45791,
            29.18239
          ],
          [
            76.45765,
            29.18018
          ],
          [
            76.45732,
            29.17776
          ],
          [
            76.45707,
            29.17543
          ],
          [
            76.45704,
            29.1752
          ],
          [
            76.45589,
            29.16585
          ],
          [
            76.45563,
            29.16348
          ],
          [
            76.45502,
            29.15939
          ],
          [
            76.45499,
            29.15921
          ],
          [
            76.45233,
            29.14387
          ],
          [
            76.4523,
            29.1437
          ],
          [
            76.44955,
            29.12782
          ],
          [
            76.44934,
            29.12676
          ],
          [
            76.44912,
            29.12574
          ],
          [
            76.44878,
            29.12465
          ],
          [
            76.4483,
            29.12348
          ],
          [
            76.44671,
            29.12068
          ],
          [
            76.44449,
            29.11791
          ],
          [
            76.4416,
            29.11453
          ],
          [
            76.44022,
            29.11287
          ],
          [
            76.43551,
            29.10735
          ],
          [
            76.43194,
            29.1031
          ],
          [
            76.43129,
            29.1023
          ],
          [
            76.42713,
            29.09742
          ],
          [
            76.42686,
            29.09711
          ],
          [
            76.42657,
            29.09677
          ],
          [
            76.42543,
            29.09543
          ],
          [
            76.42537,
            29.09536
          ],
          [
            76.42495,
            29.09487
          ],
          [
            76.42431,
            29.09411
          ],
          [
            76.42402,
            29.09377
          ],
          [
            76.42045,
            29.08956
          ],
          [
            76.41989,
            29.08888
          ],
          [
            76.4168,
            29.08529
          ],
          [
            76.41407,
            29.08208
          ],
          [
            76.41339,
            29.08118
          ],
          [
            76.41248,
            29.07984
          ],
          [
            76.4122,
            29.07938
          ],
          [
            76.41152,
            29.07812
          ],
          [
            76.41105,
            29.07712
          ],
          [
            76.41054,
            29.07572
          ],
          [
            76.41015,
            29.07429
          ],
          [
            76.40924,
            29.06983
          ],
          [
            76.40856,
            29.06631
          ],
          [
            76.40824,
            29.0643
          ],
          [
            76.40756,
            29.06053
          ],
          [
            76.40695,
            29.05785
          ],
          [
            76.40533,
            29.04926
          ],
          [
            76.40483,
            29.04677
          ],
          [
            76.40459,
            29.04563
          ],
          [
            76.4044,
            29.04477
          ],
          [
            76.4041,
            29.04356
          ],
          [
            76.40316,
            29.03985
          ],
          [
            76.40066,
            29.03026
          ],
          [
            76.39954,
            29.02597
          ],
          [
            76.39929,
            29.025
          ],
          [
            76.39914,
            29.02441
          ],
          [
            76.39725,
            29.01712
          ],
          [
            76.39669,
            29.01528
          ],
          [
            76.39648,
            29.01464
          ],
          [
            76.39608,
            29.01359
          ],
          [
            76.39562,
            29.01248
          ],
          [
            76.39466,
            29.01035
          ],
          [
            76.39361,
            29.00801
          ],
          [
            76.39335,
            29.00739
          ],
          [
            76.39331,
            29.00729
          ],
          [
            76.39268,
            29.0058
          ],
          [
            76.39262,
            29.00568
          ],
          [
            76.39208,
            29.00448
          ],
          [
            76.39118,
            29.00251
          ],
          [
            76.39112,
            29.00237
          ],
          [
            76.39063,
            29.00128
          ],
          [
            76.39057,
            29.00115
          ],
          [
            76.38794,
            28.99544
          ],
          [
            76.38786,
            28.99526
          ],
          [
            76.38406,
            28.98698
          ],
          [
            76.38399,
            28.98683
          ],
          [
            76.38076,
            28.97983
          ],
          [
            76.37926,
            28.97653
          ],
          [
            76.3792,
            28.9764
          ],
          [
            76.37833,
            28.9745
          ],
          [
            76.37808,
            28.97386
          ],
          [
            76.37771,
            28.97279
          ],
          [
            76.37766,
            28.97263
          ],
          [
            76.37744,
            28.97184
          ],
          [
            76.37724,
            28.97094
          ],
          [
            76.37709,
            28.97005
          ],
          [
            76.37699,
            28.96936
          ],
          [
            76.37671,
            28.96568
          ],
          [
            76.37669,
            28.96549
          ],
          [
            76.37633,
            28.9608
          ],
          [
            76.37632,
            28.96065
          ],
          [
            76.37606,
            28.95745
          ],
          [
            76.37605,
            28.95729
          ],
          [
            76.37539,
            28.94857
          ],
          [
            76.37537,
            28.94842
          ],
          [
            76.37531,
            28.94757
          ],
          [
            76.3753,
            28.94742
          ],
          [
            76.37522,
            28.94642
          ],
          [
            76.37516,
            28.94561
          ],
          [
            76.37489,
            28.94219
          ],
          [
            76.37488,
            28.94207
          ],
          [
            76.37425,
            28.93393
          ],
          [
            76.37423,
            28.93363
          ],
          [
            76.37415,
            28.93267
          ],
          [
            76.37411,
            28.93209
          ],
          [
            76.37387,
            28.92899
          ],
          [
            76.37384,
            28.92864
          ],
          [
            76.37382,
            28.92833
          ],
          [
            76.37374,
            28.92742
          ],
          [
            76.37352,
            28.92583
          ],
          [
            76.37345,
            28.92546
          ],
          [
            76.37334,
            28.92489
          ],
          [
            76.37299,
            28.92341
          ],
          [
            76.37263,
            28.92194
          ],
          [
            76.3726,
            28.92179
          ],
          [
            76.37097,
            28.91483
          ],
          [
            76.3708,
            28.91407
          ],
          [
            76.36989,
            28.91031
          ],
          [
            76.3698,
            28.90992
          ],
          [
            76.36913,
            28.90722
          ],
          [
            76.36893,
            28.9065
          ],
          [
            76.36837,
            28.90465
          ],
          [
            76.36832,
            28.9045
          ],
          [
            76.36734,
            28.90142
          ],
          [
            76.3673,
            28.9013
          ],
          [
            76.36622,
            28.89798
          ],
          [
            76.36506,
            28.8943
          ],
          [
            76.36496,
            28.89397
          ],
          [
            76.36283,
            28.8874
          ],
          [
            76.36279,
            28.88725
          ],
          [
            76.36195,
            28.88463
          ],
          [
            76.36175,
            28.88389
          ],
          [
            76.36135,
            28.8823
          ],
          [
            76.36084,
            28.88017
          ],
          [
            76.36079,
            28.87995
          ],
          [
            76.35946,
            28.87439
          ],
          [
            76.35805,
            28.86862
          ],
          [
            76.35635,
            28.86192
          ],
          [
            76.35426,
            28.85305
          ],
          [
            76.35334,
            28.84933
          ],
          [
            76.3533,
            28.84917
          ],
          [
            76.35078,
            28.839
          ],
          [
            76.35035,
            28.83707
          ],
          [
            76.34953,
            28.83311
          ],
          [
            76.3493,
            28.83208
          ],
          [
            76.34897,
            28.83063
          ],
          [
            76.34844,
            28.8282
          ],
          [
            76.34818,
            28.82671
          ],
          [
            76.34813,
            28.82636
          ],
          [
            76.34803,
            28.82535
          ],
          [
            76.34799,
            28.82436
          ],
          [
            76.34798,
            28.82367
          ],
          [
            76.34802,
            28.82264
          ],
          [
            76.3481,
            28.82182
          ],
          [
            76.34862,
            28.81857
          ],
          [
            76.34868,
            28.81817
          ],
          [
            76.34948,
            28.81301
          ],
          [
            76.35052,
            28.80672
          ],
          [
            76.35088,
            28.80463
          ],
          [
            76.35171,
            28.80041
          ],
          [
            76.35176,
            28.80014
          ],
          [
            76.35181,
            28.79988
          ],
          [
            76.35296,
            28.79285
          ],
          [
            76.35325,
            28.79099
          ],
          [
            76.35333,
            28.79019
          ],
          [
            76.35339,
            28.78886
          ],
          [
            76.35338,
            28.78804
          ],
          [
            76.35334,
            28.78725
          ],
          [
            76.35333,
            28.78708
          ],
          [
            76.35326,
            28.78627
          ],
          [
            76.35234,
            28.77947
          ],
          [
            76.35202,
            28.77701
          ],
          [
            76.352,
            28.77686
          ],
          [
            76.35158,
            28.77382
          ],
          [
            76.35157,
            28.77369
          ],
          [
            76.34967,
            28.75958
          ],
          [
            76.34964,
            28.75936
          ],
          [
            76.34926,
            28.75652
          ],
          [
            76.34881,
            28.75326
          ],
          [
            76.34861,
            28.75208
          ],
          [
            76.34838,
            28.75089
          ],
          [
            76.34753,
            28.74729
          ],
          [
            76.34633,
            28.74239
          ],
          [
            76.34629,
            28.74223
          ],
          [
            76.34255,
            28.72696
          ],
          [
            76.34244,
            28.7265
          ],
          [
            76.34177,
            28.72373
          ],
          [
            76.34172,
            28.7235
          ],
          [
            76.3411,
            28.72096
          ],
          [
            76.34097,
            28.72041
          ],
          [
            76.34085,
            28.71993
          ],
          [
            76.3408,
            28.71973
          ],
          [
            76.3398,
            28.71575
          ],
          [
            76.33949,
            28.71469
          ],
          [
            76.3392,
            28.7138
          ],
          [
            76.33832,
            28.71126
          ],
          [
            76.3377,
            28.70952
          ],
          [
            76.33764,
            28.70934
          ],
          [
            76.33097,
            28.69041
          ],
          [
            76.3296,
            28.68648
          ],
          [
            76.32956,
            28.68636
          ],
          [
            76.32702,
            28.67913
          ],
          [
            76.32695,
            28.67894
          ],
          [
            76.32429,
            28.67137
          ],
          [
            76.32424,
            28.67123
          ],
          [
            76.32142,
            28.66335
          ],
          [
            76.32137,
            28.6632
          ],
          [
            76.32128,
            28.66294
          ],
          [
            76.31628,
            28.64863
          ],
          [
            76.31557,
            28.64657
          ],
          [
            76.3126,
            28.63813
          ],
          [
            76.31245,
            28.63769
          ],
          [
            76.31016,
            28.6312
          ],
          [
            76.3092,
            28.62827
          ],
          [
            76.30851,
            28.62599
          ],
          [
            76.30798,
            28.62398
          ],
          [
            76.30795,
            28.62384
          ],
          [
            76.30608,
            28.61666
          ],
          [
            76.30481,
            28.6118
          ],
          [
            76.3044,
            28.61026
          ],
          [
            76.30338,
            28.60649
          ],
          [
            76.30327,
            28.60609
          ],
          [
            76.30256,
            28.60336
          ],
          [
            76.30242,
            28.60282
          ],
          [
            76.30232,
            28.60244
          ],
          [
            76.30191,
            28.60078
          ],
          [
            76.29993,
            28.59308
          ],
          [
            76.29885,
            28.58895
          ],
          [
            76.29794,
            28.58566
          ],
          [
            76.29738,
            28.58351
          ],
          [
            76.29717,
            28.58268
          ],
          [
            76.29711,
            28.58247
          ],
          [
            76.29703,
            28.58215
          ],
          [
            76.29688,
            28.58164
          ],
          [
            76.29636,
            28.58002
          ],
          [
            76.2959,
            28.57889
          ],
          [
            76.29541,
            28.57783
          ],
          [
            76.2949,
            28.57689
          ],
          [
            76.29275,
            28.57339
          ],
          [
            76.28927,
            28.56778
          ],
          [
            76.2892,
            28.56767
          ],
          [
            76.28762,
            28.56509
          ],
          [
            76.28446,
            28.56003
          ],
          [
            76.28197,
            28.55595
          ],
          [
            76.27925,
            28.55158
          ],
          [
            76.27808,
            28.54967
          ],
          [
            76.27559,
            28.54569
          ],
          [
            76.27545,
            28.54547
          ],
          [
            76.27484,
            28.5445
          ],
          [
            76.27435,
            28.54357
          ],
          [
            76.27396,
            28.54277
          ],
          [
            76.27216,
            28.53855
          ],
          [
            76.27083,
            28.53527
          ],
          [
            76.27017,
            28.53371
          ],
          [
            76.26957,
            28.53227
          ],
          [
            76.26705,
            28.52605
          ],
          [
            76.26699,
            28.52589
          ],
          [
            76.26601,
            28.52353
          ],
          [
            76.26078,
            28.51097
          ],
          [
            76.26023,
            28.50961
          ],
          [
            76.25985,
            28.5086
          ],
          [
            76.25946,
            28.50743
          ],
          [
            76.25902,
            28.50597
          ],
          [
            76.25604,
            28.49559
          ],
          [
            76.2558,
            28.49479
          ],
          [
            76.2547,
            28.49096
          ],
          [
            76.25421,
            28.4892
          ],
          [
            76.2525,
            28.48341
          ],
          [
            76.25221,
            28.48236
          ],
          [
            76.25203,
            28.48161
          ],
          [
            76.25191,
            28.48099
          ],
          [
            76.25173,
            28.47988
          ],
          [
            76.25158,
            28.47865
          ],
          [
            76.25147,
            28.47705
          ],
          [
            76.2512,
            28.47366
          ],
          [
            76.25056,
            28.4648
          ],
          [
            76.25028,
            28.46107
          ],
          [
            76.24935,
            28.44835
          ],
          [
            76.24931,
            28.44786
          ],
          [
            76.24822,
            28.43336
          ],
          [
            76.2476,
            28.4247
          ],
          [
            76.24758,
            28.42451
          ],
          [
            76.24753,
            28.42396
          ],
          [
            76.24751,
            28.42365
          ],
          [
            76.24702,
            28.41722
          ],
          [
            76.24687,
            28.41481
          ],
          [
            76.24557,
            28.39754
          ],
          [
            76.24555,
            28.39737
          ],
          [
            76.24541,
            28.39553
          ],
          [
            76.2454,
            28.39534
          ],
          [
            76.24525,
            28.39325
          ],
          [
            76.24431,
            28.38063
          ],
          [
            76.24426,
            28.38003
          ],
          [
            76.24417,
            28.37916
          ],
          [
            76.24402,
            28.37831
          ],
          [
            76.24378,
            28.37723
          ],
          [
            76.24358,
            28.37654
          ],
          [
            76.24083,
            28.36783
          ],
          [
            76.24077,
            28.36764
          ],
          [
            76.23891,
            28.36178
          ],
          [
            76.23712,
            28.35607
          ],
          [
            76.23514,
            28.34989
          ],
          [
            76.23509,
            28.34972
          ],
          [
            76.23464,
            28.34829
          ],
          [
            76.23459,
            28.34809
          ],
          [
            76.23124,
            28.33753
          ],
          [
            76.23112,
            28.33713
          ],
          [
            76.23048,
            28.33509
          ],
          [
            76.23041,
            28.33488
          ],
          [
            76.22967,
            28.33256
          ],
          [
            76.2293,
            28.33128
          ],
          [
            76.22872,
            28.32873
          ],
          [
            76.22787,
            28.32465
          ],
          [
            76.22782,
            28.32446
          ],
          [
            76.22676,
            28.31945
          ],
          [
            76.22673,
            28.31927
          ],
          [
            76.22472,
            28.30976
          ],
          [
            76.22425,
            28.30757
          ],
          [
            76.22372,
            28.30492
          ],
          [
            76.22365,
            28.30457
          ],
          [
            76.2233,
            28.30283
          ],
          [
            76.22271,
            28.30009
          ],
          [
            76.22262,
            28.29968
          ],
          [
            76.22241,
            28.29863
          ],
          [
            76.22206,
            28.29715
          ],
          [
            76.22183,
            28.29641
          ],
          [
            76.22159,
            28.29566
          ],
          [
            76.22124,
            28.2947
          ],
          [
            76.22112,
            28.29441
          ],
          [
            76.22104,
            28.29422
          ],
          [
            76.22042,
            28.29278
          ],
          [
            76.21937,
            28.29043
          ],
          [
            76.21931,
            28.2903
          ],
          [
            76.21809,
            28.28766
          ],
          [
            76.21735,
            28.28597
          ],
          [
            76.21665,
            28.28445
          ],
          [
            76.21601,
            28.28296
          ],
          [
            76.21596,
            28.28285
          ],
          [
            76.2141,
            28.27874
          ],
          [
            76.21401,
            28.27854
          ],
          [
            76.21286,
            28.27624
          ],
          [
            76.2128,
            28.27612
          ],
          [
            76.21229,
            28.27507
          ],
          [
            76.2115,
            28.27356
          ],
          [
            76.21088,
            28.27225
          ],
          [
            76.20839,
            28.26723
          ],
          [
            76.20833,
            28.2671
          ],
          [
            76.20402,
            28.25841
          ],
          [
            76.20394,
            28.25825
          ],
          [
            76.20222,
            28.25478
          ],
          [
            76.20218,
            28.25469
          ],
          [
            76.2018,
            28.25394
          ],
          [
            76.20172,
            28.25376
          ],
          [
            76.20126,
            28.25272
          ],
          [
            76.20096,
            28.25192
          ],
          [
            76.20076,
            28.25133
          ],
          [
            76.20047,
            28.25034
          ],
          [
            76.20029,
            28.24958
          ],
          [
            76.19999,
            28.24804
          ],
          [
            76.19959,
            28.24557
          ],
          [
            76.19936,
            28.24433
          ],
          [
            76.1993,
            28.24399
          ],
          [
            76.19878,
            28.24121
          ],
          [
            76.19868,
            28.24063
          ],
          [
            76.19777,
            28.23555
          ],
          [
            76.19773,
            28.23535
          ],
          [
            76.19699,
            28.23093
          ],
          [
            76.19615,
            28.22619
          ],
          [
            76.19492,
            28.21902
          ],
          [
            76.19459,
            28.2172
          ],
          [
            76.1944,
            28.21602
          ],
          [
            76.19359,
            28.21127
          ],
          [
            76.19356,
            28.21108
          ],
          [
            76.19281,
            28.20664
          ],
          [
            76.19278,
            28.20648
          ],
          [
            76.19166,
            28.20001
          ],
          [
            76.19162,
            28.19978
          ],
          [
            76.19158,
            28.19951
          ],
          [
            76.19016,
            28.19115
          ],
          [
            76.19013,
            28.19099
          ],
          [
            76.1891,
            28.18489
          ],
          [
            76.18892,
            28.18379
          ],
          [
            76.18814,
            28.17939
          ],
          [
            76.18707,
            28.17305
          ],
          [
            76.18704,
            28.17287
          ],
          [
            76.18613,
            28.16754
          ],
          [
            76.18595,
            28.16619
          ],
          [
            76.18581,
            28.16464
          ],
          [
            76.18579,
            28.16445
          ],
          [
            76.18551,
            28.16021
          ],
          [
            76.18528,
            28.15644
          ],
          [
            76.18527,
            28.15626
          ],
          [
            76.1852,
            28.15525
          ],
          [
            76.18519,
            28.15502
          ],
          [
            76.18517,
            28.15477
          ],
          [
            76.18494,
            28.15092
          ],
          [
            76.18493,
            28.15078
          ],
          [
            76.18457,
            28.14542
          ],
          [
            76.18442,
            28.14389
          ],
          [
            76.18412,
            28.14164
          ],
          [
            76.18399,
            28.1409
          ],
          [
            76.18382,
            28.14011
          ],
          [
            76.18379,
            28.13995
          ],
          [
            76.18374,
            28.13972
          ],
          [
            76.18371,
            28.13955
          ],
          [
            76.18364,
            28.13922
          ],
          [
            76.18257,
            28.13483
          ],
          [
            76.1817,
            28.1313
          ],
          [
            76.18098,
            28.12829
          ],
          [
            76.18094,
            28.1281
          ],
          [
            76.18063,
            28.12681
          ],
          [
            76.18027,
            28.12499
          ],
          [
            76.17993,
            28.12263
          ],
          [
            76.17969,
            28.12154
          ],
          [
            76.17961,
            28.12123
          ],
          [
            76.17958,
            28.12111
          ],
          [
            76.17949,
            28.12076
          ],
          [
            76.17921,
            28.11987
          ],
          [
            76.17858,
            28.1182
          ],
          [
            76.17834,
            28.11742
          ],
          [
            76.17771,
            28.11494
          ],
          [
            76.17758,
            28.11447
          ],
          [
            76.17743,
            28.11404
          ],
          [
            76.17737,
            28.11386
          ],
          [
            76.17724,
            28.11346
          ],
          [
            76.1768,
            28.11241
          ],
          [
            76.17613,
            28.11106
          ],
          [
            76.1752,
            28.10943
          ],
          [
            76.17418,
            28.10797
          ],
          [
            76.17311,
            28.10664
          ],
          [
            76.17213,
            28.1056
          ],
          [
            76.17139,
            28.10489
          ],
          [
            76.17029,
            28.10394
          ],
          [
            76.16901,
            28.10294
          ],
          [
            76.16643,
            28.10117
          ],
          [
            76.16628,
            28.10106
          ],
          [
            76.16078,
            28.09727
          ],
          [
            76.16065,
            28.09718
          ],
          [
            76.15869,
            28.09582
          ],
          [
            76.15141,
            28.0908
          ],
          [
            76.15127,
            28.0907
          ],
          [
            76.14981,
            28.0897
          ],
          [
            76.14867,
            28.08876
          ],
          [
            76.14781,
            28.08802
          ],
          [
            76.14701,
            28.08745
          ],
          [
            76.14686,
            28.08731
          ],
          [
            76.14671,
            28.08712
          ],
          [
            76.14661,
            28.08693
          ],
          [
            76.14657,
            28.08682
          ],
          [
            76.14652,
            28.08662
          ],
          [
            76.14651,
            28.08641
          ],
          [
            76.14654,
            28.08619
          ],
          [
            76.14667,
            28.0858
          ],
          [
            76.14677,
            28.08546
          ],
          [
            76.14749,
            28.08467
          ],
          [
            76.15033,
            28.0814
          ],
          [
            76.15396,
            28.07715
          ],
          [
            76.15601,
            28.07483
          ],
          [
            76.15712,
            28.07349
          ],
          [
            76.1575,
            28.07306
          ],
          [
            76.15862,
            28.07174
          ],
          [
            76.15891,
            28.07133
          ],
          [
            76.15918,
            28.07089
          ],
          [
            76.15941,
            28.07044
          ],
          [
            76.15965,
            28.06981
          ],
          [
            76.15984,
            28.06912
          ],
          [
            76.15996,
            28.06844
          ],
          [
            76.16005,
            28.06748
          ],
          [
            76.16008,
            28.06663
          ],
          [
            76.16013,
            28.06545
          ],
          [
            76.16038,
            28.06168
          ],
          [
            76.1607,
            28.06022
          ],
          [
            76.16099,
            28.05921
          ],
          [
            76.16138,
            28.05805
          ],
          [
            76.1629,
            28.05316
          ],
          [
            76.16333,
            28.05172
          ],
          [
            76.16336,
            28.0516
          ],
          [
            76.16362,
            28.05073
          ],
          [
            76.16382,
            28.04984
          ],
          [
            76.16395,
            28.04909
          ],
          [
            76.16404,
            28.04834
          ],
          [
            76.1641,
            28.04733
          ],
          [
            76.16411,
            28.04637
          ],
          [
            76.164,
            28.04494
          ],
          [
            76.16325,
            28.04075
          ],
          [
            76.16319,
            28.04047
          ],
          [
            76.16268,
            28.03815
          ],
          [
            76.16246,
            28.03663
          ],
          [
            76.16233,
            28.03516
          ],
          [
            76.16211,
            28.03138
          ],
          [
            76.162,
            28.02903
          ],
          [
            76.16192,
            28.02837
          ],
          [
            76.16152,
            28.02706
          ],
          [
            76.16093,
            28.02601
          ],
          [
            76.16059,
            28.02553
          ],
          [
            76.1605,
            28.0254
          ],
          [
            76.16013,
            28.02495
          ],
          [
            76.15926,
            28.02416
          ],
          [
            76.15854,
            28.02364
          ],
          [
            76.15758,
            28.02311
          ],
          [
            76.15372,
            28.02131
          ],
          [
            76.15361,
            28.02123
          ],
          [
            76.15266,
            28.02068
          ],
          [
            76.15175,
            28.02009
          ],
          [
            76.14992,
            28.01865
          ],
          [
            76.14951,
            28.01827
          ],
          [
            76.14755,
            28.01612
          ],
          [
            76.14439,
            28.01245
          ],
          [
            76.13963,
            28.00699
          ],
          [
            76.13738,
            28.00441
          ],
          [
            76.13692,
            28.00384
          ],
          [
            76.1365,
            28.00325
          ],
          [
            76.13619,
            28.00267
          ],
          [
            76.13595,
            28.00209
          ],
          [
            76.13578,
            28.00159
          ],
          [
            76.13559,
            28.00071
          ],
          [
            76.13552,
            27.99974
          ],
          [
            76.13559,
            27.99893
          ],
          [
            76.13583,
            27.99797
          ],
          [
            76.13631,
            27.99671
          ],
          [
            76.13638,
            27.99654
          ],
          [
            76.13804,
            27.99264
          ],
          [
            76.13839,
            27.9917
          ],
          [
            76.1387,
            27.9905
          ],
          [
            76.13887,
            27.98957
          ],
          [
            76.13901,
            27.98803
          ],
          [
            76.13901,
            27.98703
          ],
          [
            76.13895,
            27.98628
          ],
          [
            76.13892,
            27.98595
          ],
          [
            76.13882,
            27.98545
          ],
          [
            76.13867,
            27.98483
          ],
          [
            76.13837,
            27.98371
          ],
          [
            76.1381,
            27.98295
          ],
          [
            76.13765,
            27.98156
          ],
          [
            76.13724,
            27.9801
          ],
          [
            76.13706,
            27.97928
          ],
          [
            76.13674,
            27.97768
          ],
          [
            76.13659,
            27.97696
          ],
          [
            76.13537,
            27.96978
          ],
          [
            76.13478,
            27.96628
          ],
          [
            76.1342,
            27.96286
          ],
          [
            76.13246,
            27.95296
          ],
          [
            76.13203,
            27.95019
          ],
          [
            76.13134,
            27.94612
          ],
          [
            76.13125,
            27.94569
          ],
          [
            76.1312,
            27.94548
          ],
          [
            76.13099,
            27.94472
          ],
          [
            76.12994,
            27.94135
          ],
          [
            76.12811,
            27.93535
          ],
          [
            76.12736,
            27.93263
          ],
          [
            76.12637,
            27.92995
          ],
          [
            76.12585,
            27.92828
          ],
          [
            76.12536,
            27.92684
          ],
          [
            76.12357,
            27.92127
          ],
          [
            76.12253,
            27.91803
          ],
          [
            76.12201,
            27.91624
          ],
          [
            76.12075,
            27.9123
          ],
          [
            76.12015,
            27.91019
          ],
          [
            76.12006,
            27.90917
          ],
          [
            76.12006,
            27.9083
          ],
          [
            76.12017,
            27.90749
          ],
          [
            76.1203,
            27.90703
          ],
          [
            76.12053,
            27.90636
          ],
          [
            76.12086,
            27.90567
          ],
          [
            76.12129,
            27.905
          ],
          [
            76.12188,
            27.90429
          ],
          [
            76.124,
            27.90158
          ],
          [
            76.12519,
            27.90011
          ],
          [
            76.12534,
            27.89992
          ],
          [
            76.12567,
            27.89951
          ],
          [
            76.12783,
            27.89682
          ],
          [
            76.12858,
            27.89579
          ],
          [
            76.12888,
            27.89531
          ],
          [
            76.12922,
            27.89445
          ],
          [
            76.12927,
            27.89417
          ],
          [
            76.12932,
            27.89336
          ],
          [
            76.12922,
            27.89268
          ],
          [
            76.12893,
            27.89174
          ],
          [
            76.12823,
            27.88965
          ],
          [
            76.12763,
            27.88801
          ],
          [
            76.12723,
            27.88679
          ],
          [
            76.12681,
            27.88563
          ],
          [
            76.12663,
            27.88504
          ],
          [
            76.12649,
            27.8847
          ],
          [
            76.12621,
            27.88394
          ],
          [
            76.12596,
            27.88343
          ],
          [
            76.12553,
            27.88287
          ],
          [
            76.12505,
            27.88241
          ],
          [
            76.12428,
            27.88198
          ],
          [
            76.12332,
            27.88162
          ],
          [
            76.12195,
            27.88125
          ],
          [
            76.12086,
            27.88088
          ],
          [
            76.12034,
            27.88065
          ],
          [
            76.11971,
            27.88028
          ],
          [
            76.1193,
            27.87998
          ],
          [
            76.11876,
            27.87948
          ],
          [
            76.11844,
            27.87913
          ],
          [
            76.1181,
            27.87859
          ],
          [
            76.11793,
            27.8783
          ],
          [
            76.11756,
            27.87748
          ],
          [
            76.11742,
            27.87699
          ],
          [
            76.11735,
            27.87664
          ],
          [
            76.1173,
            27.87611
          ],
          [
            76.1173,
            27.8758
          ],
          [
            76.11732,
            27.87538
          ],
          [
            76.11742,
            27.8746
          ],
          [
            76.1183,
            27.86919
          ],
          [
            76.11887,
            27.86589
          ],
          [
            76.11905,
            27.86462
          ],
          [
            76.1192,
            27.86392
          ],
          [
            76.11941,
            27.86321
          ],
          [
            76.11975,
            27.86243
          ],
          [
            76.11997,
            27.862
          ],
          [
            76.12019,
            27.86162
          ],
          [
            76.12054,
            27.86117
          ],
          [
            76.12111,
            27.86053
          ],
          [
            76.12216,
            27.85964
          ],
          [
            76.1257,
            27.85704
          ],
          [
            76.12913,
            27.85445
          ],
          [
            76.12935,
            27.85429
          ],
          [
            76.13722,
            27.84847
          ],
          [
            76.14016,
            27.84624
          ],
          [
            76.14052,
            27.84596
          ],
          [
            76.14641,
            27.84157
          ],
          [
            76.14663,
            27.8414
          ],
          [
            76.14771,
            27.84058
          ],
          [
            76.14794,
            27.84041
          ],
          [
            76.15296,
            27.83661
          ],
          [
            76.15313,
            27.83647
          ],
          [
            76.15415,
            27.83562
          ],
          [
            76.15489,
            27.83493
          ],
          [
            76.1648,
            27.82544
          ],
          [
            76.16525,
            27.82504
          ],
          [
            76.16662,
            27.82375
          ],
          [
            76.16859,
            27.82187
          ],
          [
            76.17011,
            27.82042
          ],
          [
            76.17029,
            27.82025
          ],
          [
            76.178,
            27.81299
          ],
          [
            76.18332,
            27.80789
          ],
          [
            76.18399,
            27.80719
          ],
          [
            76.18471,
            27.80641
          ],
          [
            76.18598,
            27.80494
          ],
          [
            76.18614,
            27.80474
          ],
          [
            76.18749,
            27.80308
          ],
          [
            76.1886,
            27.80162
          ],
          [
            76.18904,
            27.80116
          ],
          [
            76.18948,
            27.80076
          ],
          [
            76.18993,
            27.8004
          ],
          [
            76.19032,
            27.80012
          ],
          [
            76.19091,
            27.79977
          ],
          [
            76.19514,
            27.79781
          ],
          [
            76.19603,
            27.79738
          ],
          [
            76.19752,
            27.79665
          ],
          [
            76.19798,
            27.79647
          ],
          [
            76.19867,
            27.79624
          ],
          [
            76.20059,
            27.79586
          ],
          [
            76.20165,
            27.79564
          ],
          [
            76.2024,
            27.79547
          ],
          [
            76.20339,
            27.79513
          ],
          [
            76.20757,
            27.79337
          ],
          [
            76.20799,
            27.7932
          ],
          [
            76.22013,
            27.78811
          ],
          [
            76.22021,
            27.78808
          ],
          [
            76.22106,
            27.78771
          ],
          [
            76.22699,
            27.78523
          ],
          [
            76.22754,
            27.78508
          ],
          [
            76.22794,
            27.78502
          ],
          [
            76.22869,
            27.78498
          ],
          [
            76.22902,
            27.78492
          ],
          [
            76.22923,
            27.78486
          ],
          [
            76.22944,
            27.78471
          ],
          [
            76.22961,
            27.78455
          ],
          [
            76.22975,
            27.78424
          ],
          [
            76.2298,
            27.78402
          ],
          [
            76.22982,
            27.7837
          ],
          [
            76.22989,
            27.78299
          ],
          [
            76.22995,
            27.7826
          ],
          [
            76.23006,
            27.78212
          ],
          [
            76.2302,
            27.7817
          ],
          [
            76.23041,
            27.78127
          ],
          [
            76.23093,
            27.78024
          ],
          [
            76.23105,
            27.77992
          ],
          [
            76.2311,
            27.77966
          ],
          [
            76.23113,
            27.77935
          ],
          [
            76.23111,
            27.77908
          ],
          [
            76.23098,
            27.77859
          ],
          [
            76.23078,
            27.77815
          ],
          [
            76.23053,
            27.7778
          ],
          [
            76.23002,
            27.77723
          ],
          [
            76.22949,
            27.77675
          ],
          [
            76.22923,
            27.77601
          ],
          [
            76.22895,
            27.77527
          ],
          [
            76.22882,
            27.7753
          ],
          [
            76.22812,
            27.77344
          ],
          [
            76.22655,
            27.76918
          ],
          [
            76.2262,
            27.7682
          ],
          [
            76.22592,
            27.76744
          ],
          [
            76.22503,
            27.76504
          ],
          [
            76.22416,
            27.76267
          ],
          [
            76.22385,
            27.76183
          ],
          [
            76.2236,
            27.76118
          ],
          [
            76.22226,
            27.75758
          ],
          [
            76.22079,
            27.75364
          ],
          [
            76.21921,
            27.74939
          ],
          [
            76.21729,
            27.74409
          ],
          [
            76.21642,
            27.74183
          ],
          [
            76.21633,
            27.7416
          ],
          [
            76.2157,
            27.73984
          ],
          [
            76.21515,
            27.7384
          ],
          [
            76.21442,
            27.7365
          ],
          [
            76.21316,
            27.73319
          ],
          [
            76.21234,
            27.73132
          ],
          [
            76.21173,
            27.72997
          ],
          [
            76.21117,
            27.72878
          ],
          [
            76.20957,
            27.72524
          ],
          [
            76.20693,
            27.7195
          ],
          [
            76.2067,
            27.71895
          ],
          [
            76.206,
            27.71749
          ],
          [
            76.20568,
            27.71687
          ],
          [
            76.20552,
            27.7166
          ],
          [
            76.20531,
            27.71628
          ],
          [
            76.20512,
            27.71603
          ],
          [
            76.20448,
            27.71533
          ],
          [
            76.20404,
            27.71492
          ],
          [
            76.20289,
            27.71404
          ],
          [
            76.20206,
            27.71343
          ],
          [
            76.20172,
            27.71317
          ],
          [
            76.19944,
            27.71144
          ],
          [
            76.19878,
            27.71093
          ],
          [
            76.19782,
            27.71024
          ],
          [
            76.1969,
            27.70955
          ],
          [
            76.19662,
            27.7093
          ],
          [
            76.19601,
            27.70872
          ],
          [
            76.19584,
            27.70853
          ],
          [
            76.19545,
            27.70799
          ],
          [
            76.19515,
            27.70755
          ],
          [
            76.19462,
            27.70652
          ],
          [
            76.19427,
            27.70575
          ],
          [
            76.19388,
            27.70496
          ],
          [
            76.19305,
            27.70347
          ],
          [
            76.19292,
            27.70324
          ],
          [
            76.1914,
            27.70061
          ],
          [
            76.19079,
            27.69955
          ],
          [
            76.18929,
            27.69701
          ],
          [
            76.18776,
            27.69436
          ],
          [
            76.18694,
            27.693
          ],
          [
            76.1861,
            27.6915
          ],
          [
            76.18426,
            27.68835
          ],
          [
            76.18399,
            27.68798
          ],
          [
            76.18361,
            27.68754
          ],
          [
            76.18321,
            27.68714
          ],
          [
            76.18284,
            27.6868
          ],
          [
            76.18244,
            27.68649
          ],
          [
            76.17882,
            27.68402
          ],
          [
            76.1768,
            27.68266
          ],
          [
            76.17558,
            27.68182
          ],
          [
            76.17388,
            27.68068
          ],
          [
            76.17327,
            27.68026
          ],
          [
            76.17263,
            27.67977
          ],
          [
            76.17088,
            27.67834
          ],
          [
            76.16915,
            27.67686
          ],
          [
            76.16549,
            27.67381
          ],
          [
            76.16482,
            27.67325
          ],
          [
            76.16382,
            27.67244
          ],
          [
            76.16208,
            27.67095
          ],
          [
            76.16066,
            27.66973
          ],
          [
            76.15982,
            27.66899
          ],
          [
            76.15967,
            27.66886
          ],
          [
            76.15845,
            27.66777
          ],
          [
            76.15782,
            27.66718
          ],
          [
            76.15639,
            27.66591
          ],
          [
            76.15582,
            27.66541
          ],
          [
            76.15145,
            27.66149
          ],
          [
            76.15074,
            27.66085
          ],
          [
            76.14956,
            27.65981
          ],
          [
            76.14857,
            27.65893
          ],
          [
            76.14702,
            27.65754
          ],
          [
            76.14604,
            27.65667
          ],
          [
            76.14533,
            27.65604
          ],
          [
            76.143,
            27.65395
          ],
          [
            76.14166,
            27.65274
          ],
          [
            76.14113,
            27.65227
          ],
          [
            76.13846,
            27.64995
          ],
          [
            76.1383,
            27.64982
          ],
          [
            76.13524,
            27.64726
          ],
          [
            76.13394,
            27.64616
          ],
          [
            76.12973,
            27.64265
          ],
          [
            76.12792,
            27.64111
          ],
          [
            76.12638,
            27.63984
          ],
          [
            76.12599,
            27.63952
          ],
          [
            76.12545,
            27.63901
          ],
          [
            76.12465,
            27.63814
          ],
          [
            76.1235,
            27.6369
          ],
          [
            76.12344,
            27.63684
          ],
          [
            76.12288,
            27.63625
          ],
          [
            76.12252,
            27.63589
          ],
          [
            76.1214,
            27.6347
          ],
          [
            76.12003,
            27.63327
          ],
          [
            76.11958,
            27.6328
          ],
          [
            76.11797,
            27.63105
          ],
          [
            76.11617,
            27.62917
          ],
          [
            76.11603,
            27.62902
          ],
          [
            76.11323,
            27.62608
          ],
          [
            76.11211,
            27.62488
          ],
          [
            76.10936,
            27.62192
          ],
          [
            76.10878,
            27.62138
          ],
          [
            76.10807,
            27.62082
          ],
          [
            76.10555,
            27.61894
          ],
          [
            76.10499,
            27.61841
          ],
          [
            76.10319,
            27.61659
          ],
          [
            76.10231,
            27.61574
          ],
          [
            76.10098,
            27.61444
          ],
          [
            76.10039,
            27.61384
          ],
          [
            76.09999,
            27.61338
          ],
          [
            76.09944,
            27.61264
          ],
          [
            76.09809,
            27.6104
          ],
          [
            76.09722,
            27.60895
          ],
          [
            76.09614,
            27.60711
          ],
          [
            76.09436,
            27.6041
          ],
          [
            76.09423,
            27.60387
          ],
          [
            76.09397,
            27.60348
          ],
          [
            76.09385,
            27.60332
          ],
          [
            76.09353,
            27.60296
          ],
          [
            76.09299,
            27.60251
          ],
          [
            76.09105,
            27.60129
          ],
          [
            76.08167,
            27.59544
          ],
          [
            76.08125,
            27.59518
          ],
          [
            76.07932,
            27.59399
          ],
          [
            76.07901,
            27.59376
          ],
          [
            76.07867,
            27.59347
          ],
          [
            76.07846,
            27.59325
          ],
          [
            76.07823,
            27.59293
          ],
          [
            76.07806,
            27.59267
          ],
          [
            76.07791,
            27.59232
          ],
          [
            76.07766,
            27.59156
          ],
          [
            76.07757,
            27.59126
          ],
          [
            76.07745,
            27.5909
          ],
          [
            76.07706,
            27.58936
          ],
          [
            76.07627,
            27.58621
          ],
          [
            76.07578,
            27.58403
          ],
          [
            76.07573,
            27.58383
          ],
          [
            76.07534,
            27.58205
          ],
          [
            76.07522,
            27.58156
          ],
          [
            76.07467,
            27.57934
          ],
          [
            76.07449,
            27.57865
          ],
          [
            76.07444,
            27.57836
          ],
          [
            76.07398,
            27.57496
          ],
          [
            76.07388,
            27.57409
          ],
          [
            76.07362,
            27.57226
          ],
          [
            76.07343,
            27.57084
          ],
          [
            76.07323,
            27.56924
          ],
          [
            76.07322,
            27.569
          ],
          [
            76.07323,
            27.56873
          ],
          [
            76.07329,
            27.5683
          ],
          [
            76.07339,
            27.56777
          ],
          [
            76.07387,
            27.56579
          ],
          [
            76.07394,
            27.56552
          ],
          [
            76.07447,
            27.56341
          ],
          [
            76.07507,
            27.56088
          ],
          [
            76.0753,
            27.55984
          ],
          [
            76.07533,
            27.55961
          ],
          [
            76.07538,
            27.55888
          ],
          [
            76.07529,
            27.55769
          ],
          [
            76.07516,
            27.55653
          ],
          [
            76.07494,
            27.5546
          ],
          [
            76.07486,
            27.55401
          ],
          [
            76.07467,
            27.55243
          ],
          [
            76.07454,
            27.55102
          ],
          [
            76.07435,
            27.54979
          ],
          [
            76.07428,
            27.54953
          ],
          [
            76.07415,
            27.54916
          ],
          [
            76.0732,
            27.54695
          ],
          [
            76.07296,
            27.54641
          ],
          [
            76.07268,
            27.54577
          ],
          [
            76.07025,
            27.5402
          ],
          [
            76.06992,
            27.53945
          ],
          [
            76.06812,
            27.53534
          ],
          [
            76.06733,
            27.53339
          ],
          [
            76.06679,
            27.53219
          ],
          [
            76.06675,
            27.53209
          ],
          [
            76.06618,
            27.53085
          ],
          [
            76.06571,
            27.52966
          ],
          [
            76.06518,
            27.52842
          ],
          [
            76.06421,
            27.52614
          ],
          [
            76.06405,
            27.52579
          ],
          [
            76.06386,
            27.52526
          ],
          [
            76.06378,
            27.52496
          ],
          [
            76.06374,
            27.5247
          ],
          [
            76.06371,
            27.52436
          ],
          [
            76.06379,
            27.52154
          ],
          [
            76.06384,
            27.51934
          ],
          [
            76.0639,
            27.51659
          ],
          [
            76.06384,
            27.51605
          ],
          [
            76.06365,
            27.51516
          ],
          [
            76.06347,
            27.51464
          ],
          [
            76.06181,
            27.51068
          ],
          [
            76.06162,
            27.51023
          ],
          [
            76.05904,
            27.504
          ],
          [
            76.05845,
            27.50263
          ],
          [
            76.05667,
            27.49833
          ],
          [
            76.05657,
            27.49811
          ],
          [
            76.05524,
            27.49493
          ],
          [
            76.05333,
            27.49036
          ],
          [
            76.05268,
            27.48927
          ],
          [
            76.05246,
            27.48889
          ],
          [
            76.0521,
            27.48826
          ],
          [
            76.05184,
            27.4878
          ],
          [
            76.0515,
            27.48706
          ],
          [
            76.05138,
            27.48675
          ],
          [
            76.05121,
            27.48616
          ],
          [
            76.05104,
            27.48553
          ],
          [
            76.05099,
            27.48526
          ],
          [
            76.05087,
            27.48468
          ],
          [
            76.05077,
            27.48433
          ],
          [
            76.05051,
            27.48361
          ],
          [
            76.05012,
            27.48263
          ],
          [
            76.0492,
            27.48035
          ],
          [
            76.04814,
            27.47768
          ],
          [
            76.04788,
            27.47701
          ],
          [
            76.0468,
            27.47427
          ],
          [
            76.04584,
            27.4719
          ],
          [
            76.04443,
            27.46836
          ],
          [
            76.04393,
            27.4671
          ],
          [
            76.04372,
            27.46659
          ],
          [
            76.04348,
            27.46594
          ],
          [
            76.04297,
            27.46456
          ],
          [
            76.04271,
            27.46392
          ],
          [
            76.04249,
            27.46346
          ],
          [
            76.04215,
            27.46288
          ],
          [
            76.04183,
            27.46248
          ],
          [
            76.0414,
            27.46205
          ],
          [
            76.0412,
            27.46187
          ],
          [
            76.04073,
            27.46152
          ],
          [
            76.03806,
            27.45959
          ],
          [
            76.03299,
            27.45595
          ],
          [
            76.03229,
            27.45544
          ],
          [
            76.03194,
            27.45523
          ],
          [
            76.03123,
            27.45489
          ],
          [
            76.03081,
            27.45473
          ],
          [
            76.03055,
            27.45465
          ],
          [
            76.03012,
            27.45454
          ],
          [
            76.02926,
            27.45436
          ],
          [
            76.02702,
            27.45391
          ],
          [
            76.02516,
            27.45351
          ],
          [
            76.02419,
            27.45326
          ],
          [
            76.0225,
            27.45279
          ],
          [
            76.02116,
            27.45238
          ],
          [
            76.02063,
            27.45216
          ],
          [
            76.02037,
            27.45202
          ],
          [
            76.02007,
            27.45181
          ],
          [
            76.01979,
            27.45155
          ],
          [
            76.0195,
            27.45123
          ],
          [
            76.01932,
            27.45099
          ],
          [
            76.01921,
            27.45079
          ],
          [
            76.0191,
            27.45055
          ],
          [
            76.01895,
            27.45015
          ],
          [
            76.01886,
            27.44968
          ],
          [
            76.01887,
            27.44922
          ],
          [
            76.01908,
            27.44774
          ],
          [
            76.01915,
            27.44722
          ],
          [
            76.01941,
            27.44551
          ],
          [
            76.01962,
            27.44431
          ],
          [
            76.01984,
            27.443
          ],
          [
            76.02005,
            27.44143
          ],
          [
            76.02009,
            27.44085
          ],
          [
            76.02009,
            27.44043
          ],
          [
            76.02003,
            27.43994
          ],
          [
            76.01997,
            27.43958
          ],
          [
            76.01989,
            27.4393
          ],
          [
            76.01966,
            27.43865
          ],
          [
            76.01944,
            27.4382
          ],
          [
            76.01912,
            27.43774
          ],
          [
            76.01726,
            27.43559
          ],
          [
            76.01712,
            27.43542
          ],
          [
            76.01508,
            27.43298
          ],
          [
            76.01457,
            27.43244
          ],
          [
            76.01407,
            27.43183
          ],
          [
            76.0133,
            27.43095
          ],
          [
            76.00974,
            27.42682
          ],
          [
            76.00913,
            27.42615
          ],
          [
            76.00811,
            27.42499
          ],
          [
            76.00782,
            27.42466
          ],
          [
            76.00744,
            27.4242
          ],
          [
            76.0068,
            27.42343
          ],
          [
            76.00336,
            27.41942
          ],
          [
            76.00194,
            27.41784
          ],
          [
            76.00157,
            27.4175
          ],
          [
            75.99838,
            27.41497
          ],
          [
            75.99803,
            27.41467
          ],
          [
            75.99782,
            27.41444
          ],
          [
            75.99745,
            27.41404
          ],
          [
            75.99724,
            27.41377
          ],
          [
            75.99691,
            27.4133
          ],
          [
            75.99617,
            27.41216
          ],
          [
            75.99581,
            27.41165
          ],
          [
            75.99574,
            27.41155
          ],
          [
            75.99559,
            27.41132
          ],
          [
            75.99491,
            27.41018
          ],
          [
            75.99451,
            27.40957
          ],
          [
            75.99347,
            27.40799
          ],
          [
            75.99282,
            27.40705
          ],
          [
            75.99263,
            27.40682
          ],
          [
            75.99215,
            27.40625
          ],
          [
            75.99175,
            27.40585
          ],
          [
            75.99089,
            27.40512
          ],
          [
            75.98832,
            27.40321
          ],
          [
            75.98576,
            27.40131
          ],
          [
            75.98558,
            27.40117
          ],
          [
            75.985,
            27.40078
          ],
          [
            75.98443,
            27.40047
          ],
          [
            75.98419,
            27.40036
          ],
          [
            75.98314,
            27.40003
          ],
          [
            75.98175,
            27.39954
          ],
          [
            75.9808,
            27.39926
          ],
          [
            75.97979,
            27.39902
          ],
          [
            75.97709,
            27.39837
          ],
          [
            75.97616,
            27.39814
          ],
          [
            75.97518,
            27.39789
          ],
          [
            75.97507,
            27.39786
          ],
          [
            75.97487,
            27.3978
          ],
          [
            75.97457,
            27.39768
          ],
          [
            75.97175,
            27.39634
          ],
          [
            75.97143,
            27.39616
          ],
          [
            75.97117,
            27.39598
          ],
          [
            75.97089,
            27.39571
          ],
          [
            75.97066,
            27.39546
          ],
          [
            75.97049,
            27.39523
          ],
          [
            75.97015,
            27.39472
          ],
          [
            75.9685,
            27.39228
          ],
          [
            75.9682,
            27.39178
          ],
          [
            75.96798,
            27.39134
          ],
          [
            75.96784,
            27.39096
          ],
          [
            75.96733,
            27.38996
          ],
          [
            75.96693,
            27.38913
          ],
          [
            75.96679,
            27.38894
          ],
          [
            75.96665,
            27.3888
          ],
          [
            75.96658,
            27.38872
          ],
          [
            75.96622,
            27.3881
          ],
          [
            75.96573,
            27.38721
          ],
          [
            75.96276,
            27.38149
          ],
          [
            75.96191,
            27.37981
          ],
          [
            75.96155,
            27.37907
          ],
          [
            75.96113,
            27.37815
          ],
          [
            75.95951,
            27.37499
          ],
          [
            75.95874,
            27.37355
          ],
          [
            75.95679,
            27.36971
          ],
          [
            75.95646,
            27.36882
          ],
          [
            75.95496,
            27.36202
          ],
          [
            75.95467,
            27.36034
          ],
          [
            75.95445,
            27.35874
          ],
          [
            75.95443,
            27.3586
          ],
          [
            75.95433,
            27.35788
          ],
          [
            75.95426,
            27.35722
          ],
          [
            75.9543,
            27.35662
          ],
          [
            75.95441,
            27.3562
          ],
          [
            75.95457,
            27.35569
          ],
          [
            75.95476,
            27.35506
          ],
          [
            75.95498,
            27.35423
          ],
          [
            75.95502,
            27.35376
          ],
          [
            75.95502,
            27.35328
          ],
          [
            75.95502,
            27.35159
          ],
          [
            75.95502,
            27.35084
          ],
          [
            75.95509,
            27.35034
          ],
          [
            75.95527,
            27.34959
          ],
          [
            75.95592,
            27.34736
          ],
          [
            75.95634,
            27.34598
          ],
          [
            75.95644,
            27.34549
          ],
          [
            75.95646,
            27.34492
          ],
          [
            75.9564,
            27.34435
          ],
          [
            75.95618,
            27.34361
          ],
          [
            75.95459,
            27.34054
          ],
          [
            75.95405,
            27.33951
          ],
          [
            75.9539,
            27.33922
          ],
          [
            75.9534,
            27.33799
          ],
          [
            75.95301,
            27.3356
          ],
          [
            75.95278,
            27.33412
          ],
          [
            75.95198,
            27.32815
          ],
          [
            75.95187,
            27.32732
          ],
          [
            75.95161,
            27.32443
          ],
          [
            75.95157,
            27.32392
          ],
          [
            75.95155,
            27.32353
          ],
          [
            75.95151,
            27.32211
          ],
          [
            75.95156,
            27.32139
          ],
          [
            75.95174,
            27.32
          ],
          [
            75.95185,
            27.31938
          ],
          [
            75.95197,
            27.31862
          ],
          [
            75.95213,
            27.31757
          ],
          [
            75.95218,
            27.31729
          ],
          [
            75.95226,
            27.31631
          ],
          [
            75.95227,
            27.31548
          ],
          [
            75.95218,
            27.31456
          ],
          [
            75.95203,
            27.31336
          ],
          [
            75.95201,
            27.31321
          ],
          [
            75.95181,
            27.31168
          ],
          [
            75.95173,
            27.31105
          ],
          [
            75.95172,
            27.3104
          ],
          [
            75.95176,
            27.30987
          ],
          [
            75.95178,
            27.30978
          ],
          [
            75.95189,
            27.30926
          ],
          [
            75.95204,
            27.30878
          ],
          [
            75.95229,
            27.3082
          ],
          [
            75.95236,
            27.30803
          ],
          [
            75.95356,
            27.30564
          ],
          [
            75.95402,
            27.3046
          ],
          [
            75.95429,
            27.30406
          ],
          [
            75.95472,
            27.30333
          ],
          [
            75.95588,
            27.30144
          ],
          [
            75.95701,
            27.2997
          ],
          [
            75.95718,
            27.29944
          ],
          [
            75.95793,
            27.29821
          ],
          [
            75.9606,
            27.29401
          ],
          [
            75.96138,
            27.29276
          ],
          [
            75.96176,
            27.29218
          ],
          [
            75.96199,
            27.29173
          ],
          [
            75.96215,
            27.2913
          ],
          [
            75.96226,
            27.29089
          ],
          [
            75.96234,
            27.29045
          ],
          [
            75.96235,
            27.29003
          ],
          [
            75.9623,
            27.28951
          ],
          [
            75.96222,
            27.28908
          ],
          [
            75.96211,
            27.28864
          ],
          [
            75.96198,
            27.28821
          ],
          [
            75.96179,
            27.28785
          ],
          [
            75.96153,
            27.28746
          ],
          [
            75.96127,
            27.28714
          ],
          [
            75.96094,
            27.28683
          ],
          [
            75.96034,
            27.28637
          ],
          [
            75.96001,
            27.28618
          ],
          [
            75.95847,
            27.28541
          ],
          [
            75.95776,
            27.28506
          ],
          [
            75.95761,
            27.28498
          ],
          [
            75.95653,
            27.2844
          ],
          [
            75.95592,
            27.28396
          ],
          [
            75.95548,
            27.28353
          ],
          [
            75.95484,
            27.28269
          ],
          [
            75.95381,
            27.28116
          ],
          [
            75.9533,
            27.28057
          ],
          [
            75.95286,
            27.28016
          ],
          [
            75.95247,
            27.27985
          ],
          [
            75.95181,
            27.27949
          ],
          [
            75.9506,
            27.27899
          ],
          [
            75.94955,
            27.27858
          ],
          [
            75.94915,
            27.27834
          ],
          [
            75.94884,
            27.2781
          ],
          [
            75.94853,
            27.27782
          ],
          [
            75.94822,
            27.27746
          ],
          [
            75.94789,
            27.277
          ],
          [
            75.9477,
            27.27658
          ],
          [
            75.94762,
            27.27634
          ],
          [
            75.94752,
            27.27581
          ],
          [
            75.9475,
            27.27526
          ],
          [
            75.94757,
            27.27479
          ],
          [
            75.94842,
            27.27225
          ],
          [
            75.94969,
            27.26845
          ],
          [
            75.94997,
            27.26764
          ],
          [
            75.95086,
            27.26477
          ],
          [
            75.9511,
            27.26398
          ],
          [
            75.95118,
            27.26363
          ],
          [
            75.95128,
            27.26297
          ],
          [
            75.9513,
            27.26287
          ],
          [
            75.9513,
            27.2624
          ],
          [
            75.95131,
            27.26192
          ],
          [
            75.95121,
            27.25969
          ],
          [
            75.95121,
            27.25805
          ],
          [
            75.95119,
            27.25725
          ],
          [
            75.95121,
            27.25661
          ],
          [
            75.95129,
            27.25573
          ],
          [
            75.95129,
            27.25517
          ],
          [
            75.95112,
            27.25355
          ],
          [
            75.95097,
            27.25189
          ],
          [
            75.95097,
            27.2498
          ],
          [
            75.95102,
            27.24902
          ],
          [
            75.95117,
            27.24653
          ],
          [
            75.95113,
            27.24572
          ],
          [
            75.95084,
            27.24434
          ],
          [
            75.95061,
            27.24338
          ],
          [
            75.95038,
            27.24272
          ],
          [
            75.94995,
            27.24171
          ],
          [
            75.94979,
            27.24076
          ],
          [
            75.94954,
            27.23946
          ],
          [
            75.94895,
            27.23567
          ],
          [
            75.94871,
            27.23408
          ],
          [
            75.94849,
            27.23249
          ],
          [
            75.94832,
            27.23106
          ],
          [
            75.9482,
            27.22865
          ],
          [
            75.94812,
            27.22736
          ],
          [
            75.94809,
            27.22693
          ],
          [
            75.94807,
            27.22674
          ],
          [
            75.94806,
            27.22653
          ],
          [
            75.94802,
            27.22525
          ],
          [
            75.94794,
            27.22455
          ],
          [
            75.94785,
            27.22408
          ],
          [
            75.94682,
            27.22116
          ],
          [
            75.9467,
            27.22079
          ],
          [
            75.94664,
            27.22034
          ],
          [
            75.94664,
            27.21987
          ],
          [
            75.94669,
            27.2195
          ],
          [
            75.94678,
            27.21915
          ],
          [
            75.94687,
            27.2189
          ],
          [
            75.94708,
            27.21847
          ],
          [
            75.94878,
            27.21547
          ],
          [
            75.94896,
            27.21508
          ],
          [
            75.94915,
            27.21461
          ],
          [
            75.94923,
            27.21432
          ],
          [
            75.9493,
            27.214
          ],
          [
            75.94973,
            27.21058
          ],
          [
            75.94986,
            27.20977
          ],
          [
            75.95012,
            27.20859
          ],
          [
            75.95048,
            27.20715
          ],
          [
            75.95081,
            27.20555
          ],
          [
            75.9514,
            27.20343
          ],
          [
            75.9517,
            27.20262
          ],
          [
            75.95193,
            27.2021
          ],
          [
            75.95232,
            27.20132
          ],
          [
            75.95272,
            27.20061
          ],
          [
            75.95325,
            27.19975
          ],
          [
            75.95372,
            27.19896
          ],
          [
            75.95442,
            27.19774
          ],
          [
            75.95461,
            27.19733
          ],
          [
            75.95487,
            27.19671
          ],
          [
            75.95521,
            27.19559
          ],
          [
            75.95565,
            27.19373
          ],
          [
            75.95568,
            27.19363
          ],
          [
            75.95569,
            27.19356
          ],
          [
            75.95667,
            27.18933
          ],
          [
            75.95736,
            27.18623
          ],
          [
            75.95813,
            27.18294
          ],
          [
            75.95897,
            27.17987
          ],
          [
            75.95947,
            27.1781
          ],
          [
            75.95963,
            27.17765
          ],
          [
            75.95981,
            27.17734
          ],
          [
            75.96006,
            27.17695
          ],
          [
            75.9604,
            27.17657
          ],
          [
            75.96101,
            27.17585
          ],
          [
            75.9612,
            27.1755
          ],
          [
            75.96135,
            27.17507
          ],
          [
            75.9614,
            27.17477
          ],
          [
            75.96139,
            27.17446
          ],
          [
            75.96134,
            27.17414
          ],
          [
            75.9605,
            27.1708
          ],
          [
            75.96041,
            27.17027
          ],
          [
            75.96039,
            27.16991
          ],
          [
            75.9604,
            27.16899
          ],
          [
            75.96043,
            27.16811
          ],
          [
            75.96059,
            27.16377
          ],
          [
            75.96057,
            27.16303
          ],
          [
            75.96056,
            27.16271
          ],
          [
            75.9605,
            27.16178
          ],
          [
            75.96021,
            27.15828
          ],
          [
            75.96014,
            27.15734
          ],
          [
            75.96014,
            27.15643
          ],
          [
            75.96025,
            27.15515
          ],
          [
            75.96046,
            27.15351
          ],
          [
            75.96079,
            27.15126
          ],
          [
            75.96086,
            27.15044
          ],
          [
            75.96117,
            27.14859
          ],
          [
            75.96157,
            27.14573
          ],
          [
            75.96172,
            27.14472
          ],
          [
            75.96235,
            27.14176
          ],
          [
            75.96242,
            27.14132
          ],
          [
            75.96246,
            27.14083
          ],
          [
            75.96238,
            27.13977
          ],
          [
            75.96235,
            27.13952
          ],
          [
            75.9623,
            27.13886
          ],
          [
            75.96223,
            27.1381
          ],
          [
            75.96212,
            27.13683
          ],
          [
            75.96207,
            27.13623
          ],
          [
            75.96205,
            27.13597
          ],
          [
            75.96194,
            27.13485
          ],
          [
            75.96188,
            27.13417
          ],
          [
            75.9618,
            27.13373
          ],
          [
            75.96156,
            27.13298
          ],
          [
            75.96086,
            27.13089
          ],
          [
            75.96076,
            27.13054
          ],
          [
            75.9607,
            27.13003
          ],
          [
            75.96068,
            27.12965
          ],
          [
            75.96071,
            27.12904
          ],
          [
            75.96074,
            27.12884
          ],
          [
            75.96089,
            27.12788
          ],
          [
            75.96094,
            27.12758
          ],
          [
            75.96097,
            27.12716
          ],
          [
            75.96095,
            27.12667
          ],
          [
            75.96092,
            27.12631
          ],
          [
            75.9609,
            27.12599
          ],
          [
            75.96087,
            27.12557
          ],
          [
            75.96076,
            27.12363
          ],
          [
            75.96075,
            27.12348
          ],
          [
            75.96071,
            27.12227
          ],
          [
            75.96071,
            27.12112
          ],
          [
            75.96072,
            27.11973
          ],
          [
            75.96076,
            27.11834
          ],
          [
            75.96071,
            27.11761
          ],
          [
            75.96066,
            27.1171
          ],
          [
            75.9605,
            27.11634
          ],
          [
            75.96029,
            27.11557
          ],
          [
            75.95989,
            27.1144
          ],
          [
            75.95964,
            27.11374
          ],
          [
            75.95941,
            27.11314
          ],
          [
            75.95907,
            27.11213
          ],
          [
            75.95892,
            27.11148
          ],
          [
            75.95885,
            27.11107
          ],
          [
            75.95852,
            27.10933
          ],
          [
            75.95782,
            27.10581
          ],
          [
            75.95766,
            27.10517
          ],
          [
            75.95745,
            27.10466
          ],
          [
            75.9571,
            27.10391
          ],
          [
            75.95272,
            27.09505
          ],
          [
            75.95235,
            27.09424
          ],
          [
            75.95197,
            27.09326
          ],
          [
            75.95135,
            27.0918
          ],
          [
            75.95103,
            27.09114
          ],
          [
            75.95086,
            27.09088
          ],
          [
            75.95058,
            27.09056
          ],
          [
            75.9501,
            27.09015
          ],
          [
            75.94976,
            27.08993
          ],
          [
            75.94835,
            27.08919
          ],
          [
            75.94488,
            27.08744
          ],
          [
            75.94435,
            27.08716
          ],
          [
            75.94407,
            27.08699
          ],
          [
            75.94386,
            27.08683
          ],
          [
            75.94363,
            27.08662
          ],
          [
            75.94343,
            27.08639
          ],
          [
            75.94317,
            27.08605
          ],
          [
            75.94291,
            27.08562
          ],
          [
            75.94258,
            27.08497
          ],
          [
            75.9408,
            27.08133
          ],
          [
            75.93923,
            27.07801
          ],
          [
            75.93839,
            27.07617
          ],
          [
            75.938,
            27.07522
          ],
          [
            75.93747,
            27.07419
          ],
          [
            75.93724,
            27.07362
          ],
          [
            75.93707,
            27.0733
          ],
          [
            75.93684,
            27.07301
          ],
          [
            75.93663,
            27.07279
          ],
          [
            75.93604,
            27.07234
          ],
          [
            75.93548,
            27.07196
          ],
          [
            75.93514,
            27.07173
          ],
          [
            75.93257,
            27.06971
          ],
          [
            75.93165,
            27.06894
          ],
          [
            75.9289,
            27.06647
          ],
          [
            75.92806,
            27.06569
          ],
          [
            75.92124,
            27.05965
          ],
          [
            75.92087,
            27.05933
          ],
          [
            75.91986,
            27.05853
          ],
          [
            75.91926,
            27.05804
          ],
          [
            75.91839,
            27.05737
          ],
          [
            75.91563,
            27.05516
          ],
          [
            75.91379,
            27.05376
          ],
          [
            75.91269,
            27.05309
          ],
          [
            75.91133,
            27.05229
          ],
          [
            75.90735,
            27.04994
          ],
          [
            75.90598,
            27.04889
          ],
          [
            75.90438,
            27.04783
          ],
          [
            75.90273,
            27.04672
          ],
          [
            75.90191,
            27.04615
          ],
          [
            75.8976,
            27.04291
          ],
          [
            75.89758,
            27.0429
          ],
          [
            75.89747,
            27.04282
          ],
          [
            75.89615,
            27.04185
          ],
          [
            75.89493,
            27.04093
          ],
          [
            75.89486,
            27.04088
          ],
          [
            75.8932,
            27.03965
          ],
          [
            75.89232,
            27.039
          ],
          [
            75.89181,
            27.0386
          ],
          [
            75.89155,
            27.03837
          ],
          [
            75.89128,
            27.03809
          ],
          [
            75.8895,
            27.036
          ],
          [
            75.88818,
            27.03437
          ],
          [
            75.88784,
            27.03396
          ],
          [
            75.8876,
            27.03367
          ],
          [
            75.88664,
            27.03246
          ],
          [
            75.88494,
            27.03041
          ],
          [
            75.88386,
            27.02906
          ],
          [
            75.88366,
            27.02877
          ],
          [
            75.88346,
            27.02837
          ],
          [
            75.88328,
            27.02801
          ],
          [
            75.8832,
            27.02776
          ],
          [
            75.88305,
            27.02718
          ],
          [
            75.88288,
            27.02664
          ],
          [
            75.88258,
            27.02552
          ],
          [
            75.88191,
            27.0232
          ],
          [
            75.88056,
            27.01823
          ],
          [
            75.87991,
            27.01591
          ],
          [
            75.87971,
            27.01518
          ],
          [
            75.87959,
            27.01475
          ],
          [
            75.87938,
            27.01404
          ],
          [
            75.87868,
            27.01198
          ],
          [
            75.87835,
            27.01096
          ],
          [
            75.87826,
            27.0105
          ],
          [
            75.87821,
            27.01017
          ],
          [
            75.87819,
            27.0095
          ],
          [
            75.87812,
            27.00874
          ],
          [
            75.87806,
            27.00771
          ],
          [
            75.87798,
            27.00707
          ],
          [
            75.87796,
            27.007
          ],
          [
            75.87791,
            27.00681
          ],
          [
            75.87776,
            27.00646
          ],
          [
            75.8775,
            27.00595
          ],
          [
            75.8773,
            27.0055
          ],
          [
            75.87715,
            27.00514
          ],
          [
            75.877,
            27.00464
          ],
          [
            75.87669,
            27.00341
          ],
          [
            75.87651,
            27.00253
          ],
          [
            75.8764,
            27.00181
          ],
          [
            75.8763,
            27.00117
          ],
          [
            75.87627,
            27.00058
          ],
          [
            75.87628,
            27.00035
          ],
          [
            75.87635,
            26.99899
          ],
          [
            75.87636,
            26.99839
          ],
          [
            75.87637,
            26.99823
          ],
          [
            75.87642,
            26.99642
          ],
          [
            75.87639,
            26.99602
          ],
          [
            75.876,
            26.99458
          ],
          [
            75.87597,
            26.99446
          ],
          [
            75.87569,
            26.9932
          ],
          [
            75.87552,
            26.99248
          ],
          [
            75.87519,
            26.99113
          ],
          [
            75.87516,
            26.99082
          ],
          [
            75.87515,
            26.99033
          ],
          [
            75.8755,
            26.98796
          ],
          [
            75.87567,
            26.98679
          ],
          [
            75.87572,
            26.9861
          ],
          [
            75.87568,
            26.98538
          ],
          [
            75.87564,
            26.98469
          ],
          [
            75.87555,
            26.98384
          ],
          [
            75.87541,
            26.98327
          ],
          [
            75.87531,
            26.98299
          ],
          [
            75.87513,
            26.98257
          ],
          [
            75.87412,
            26.98048
          ],
          [
            75.87344,
            26.97914
          ],
          [
            75.87321,
            26.9787
          ],
          [
            75.87226,
            26.97682
          ],
          [
            75.87201,
            26.97616
          ],
          [
            75.87187,
            26.97541
          ],
          [
            75.87184,
            26.97517
          ],
          [
            75.87173,
            26.97406
          ],
          [
            75.87167,
            26.97355
          ],
          [
            75.87144,
            26.97129
          ],
          [
            75.87119,
            26.96862
          ],
          [
            75.87107,
            26.96761
          ],
          [
            75.87098,
            26.96702
          ],
          [
            75.8709,
            26.96668
          ],
          [
            75.87074,
            26.96616
          ],
          [
            75.87035,
            26.96528
          ],
          [
            75.87007,
            26.96479
          ],
          [
            75.86963,
            26.96415
          ],
          [
            75.86915,
            26.96348
          ],
          [
            75.86811,
            26.96202
          ],
          [
            75.86752,
            26.96116
          ],
          [
            75.86738,
            26.96093
          ],
          [
            75.86718,
            26.96067
          ],
          [
            75.86678,
            26.96009
          ],
          [
            75.86667,
            26.95984
          ],
          [
            75.86657,
            26.95952
          ],
          [
            75.86645,
            26.95909
          ],
          [
            75.86585,
            26.95662
          ],
          [
            75.86574,
            26.95619
          ],
          [
            75.8657,
            26.95601
          ],
          [
            75.86556,
            26.95541
          ],
          [
            75.86541,
            26.95489
          ],
          [
            75.86531,
            26.9546
          ],
          [
            75.86516,
            26.95424
          ],
          [
            75.8648,
            26.95361
          ],
          [
            75.86459,
            26.95327
          ],
          [
            75.86452,
            26.95319
          ],
          [
            75.86437,
            26.953
          ],
          [
            75.8642,
            26.9528
          ],
          [
            75.86403,
            26.95264
          ],
          [
            75.86349,
            26.95217
          ],
          [
            75.86316,
            26.95191
          ],
          [
            75.86238,
            26.95129
          ],
          [
            75.86205,
            26.95106
          ],
          [
            75.86166,
            26.95077
          ],
          [
            75.86116,
            26.95048
          ],
          [
            75.86098,
            26.95042
          ],
          [
            75.86076,
            26.95036
          ],
          [
            75.86052,
            26.95032
          ],
          [
            75.86015,
            26.95027
          ],
          [
            75.85704,
            26.94995
          ],
          [
            75.85647,
            26.94987
          ],
          [
            75.85615,
            26.94981
          ],
          [
            75.85589,
            26.94974
          ],
          [
            75.85568,
            26.94965
          ],
          [
            75.85554,
            26.94958
          ],
          [
            75.8551,
            26.94929
          ],
          [
            75.85177,
            26.94697
          ],
          [
            75.85107,
            26.94647
          ],
          [
            75.85047,
            26.946
          ],
          [
            75.8504,
            26.94591
          ],
          [
            75.85027,
            26.94561
          ],
          [
            75.8502,
            26.94536
          ],
          [
            75.85016,
            26.94511
          ],
          [
            75.85015,
            26.945
          ],
          [
            75.85003,
            26.94426
          ],
          [
            75.84994,
            26.94395
          ],
          [
            75.84982,
            26.94362
          ],
          [
            75.84952,
            26.94301
          ],
          [
            75.84921,
            26.94232
          ],
          [
            75.84891,
            26.94161
          ],
          [
            75.84884,
            26.94147
          ],
          [
            75.84867,
            26.94116
          ],
          [
            75.84854,
            26.9409
          ],
          [
            75.84843,
            26.94074
          ],
          [
            75.84813,
            26.94035
          ],
          [
            75.84708,
            26.93899
          ],
          [
            75.84693,
            26.93877
          ],
          [
            75.84684,
            26.93861
          ],
          [
            75.84672,
            26.93826
          ],
          [
            75.84655,
            26.93763
          ],
          [
            75.84653,
            26.93754
          ],
          [
            75.8464,
            26.93693
          ],
          [
            75.84629,
            26.93622
          ],
          [
            75.84619,
            26.93573
          ],
          [
            75.84611,
            26.93537
          ],
          [
            75.84607,
            26.93515
          ],
          [
            75.84603,
            26.93497
          ],
          [
            75.84599,
            26.93466
          ],
          [
            75.84593,
            26.93441
          ],
          [
            75.84591,
            26.93428
          ],
          [
            75.84586,
            26.9341
          ],
          [
            75.84571,
            26.93331
          ],
          [
            75.8456,
            26.93276
          ],
          [
            75.84544,
            26.93199
          ],
          [
            75.84527,
            26.9312
          ],
          [
            75.8452,
            26.93092
          ],
          [
            75.84515,
            26.93064
          ],
          [
            75.84495,
            26.92958
          ],
          [
            75.84494,
            26.92953
          ],
          [
            75.84492,
            26.92926
          ],
          [
            75.84492,
            26.92898
          ],
          [
            75.84495,
            26.9287
          ],
          [
            75.84507,
            26.92793
          ],
          [
            75.8451,
            26.92777
          ],
          [
            75.84512,
            26.92764
          ],
          [
            75.84513,
            26.92759
          ],
          [
            75.84522,
            26.92708
          ],
          [
            75.8453,
            26.9266
          ],
          [
            75.84539,
            26.92602
          ],
          [
            75.84546,
            26.92537
          ],
          [
            75.84553,
            26.92463
          ],
          [
            75.84558,
            26.92403
          ],
          [
            75.84563,
            26.92375
          ],
          [
            75.84571,
            26.92351
          ],
          [
            75.84586,
            26.92313
          ],
          [
            75.84605,
            26.92279
          ],
          [
            75.84715,
            26.92141
          ],
          [
            75.84845,
            26.91984
          ],
          [
            75.84883,
            26.91923
          ],
          [
            75.84885,
            26.91917
          ],
          [
            75.84892,
            26.91899
          ],
          [
            75.84895,
            26.91881
          ],
          [
            75.849,
            26.91858
          ],
          [
            75.84901,
            26.9183
          ],
          [
            75.84901,
            26.91822
          ],
          [
            75.84896,
            26.91779
          ],
          [
            75.84888,
            26.91745
          ],
          [
            75.84852,
            26.91584
          ],
          [
            75.84826,
            26.91482
          ],
          [
            75.84809,
            26.91407
          ],
          [
            75.84796,
            26.91345
          ],
          [
            75.84765,
            26.91208
          ],
          [
            75.84741,
            26.91102
          ],
          [
            75.84713,
            26.90975
          ],
          [
            75.84697,
            26.90892
          ],
          [
            75.84674,
            26.90783
          ],
          [
            75.84658,
            26.90726
          ],
          [
            75.84639,
            26.90684
          ],
          [
            75.84627,
            26.90662
          ],
          [
            75.84621,
            26.90655
          ],
          [
            75.8462,
            26.90647
          ],
          [
            75.84605,
            26.90626
          ],
          [
            75.84473,
            26.90448
          ],
          [
            75.84394,
            26.90351
          ],
          [
            75.84374,
            26.90317
          ],
          [
            75.84364,
            26.90287
          ],
          [
            75.8436,
            26.9026
          ],
          [
            75.84359,
            26.90176
          ],
          [
            75.84361,
            26.90157
          ],
          [
            75.84365,
            26.90144
          ],
          [
            75.8437,
            26.90136
          ],
          [
            75.84383,
            26.90125
          ],
          [
            75.84399,
            26.90111
          ],
          [
            75.8441,
            26.90107
          ],
          [
            75.84413,
            26.90104
          ],
          [
            75.84419,
            26.90098
          ],
          [
            75.84423,
            26.90088
          ],
          [
            75.84422,
            26.90077
          ],
          [
            75.84417,
            26.90067
          ],
          [
            75.84408,
            26.90059
          ],
          [
            75.84396,
            26.90055
          ],
          [
            75.84371,
            26.90042
          ],
          [
            75.84366,
            26.90036
          ],
          [
            75.84364,
            26.9003
          ],
          [
            75.84362,
            26.89976
          ],
          [
            75.84361,
            26.89913
          ],
          [
            75.84356,
            26.899
          ],
          [
            75.84346,
            26.89811
          ],
          [
            75.84348,
            26.89776
          ],
          [
            75.84347,
            26.89705
          ],
          [
            75.84345,
            26.89671
          ],
          [
            75.84345,
            26.89662
          ],
          [
            75.84346,
            26.8962
          ],
          [
            75.84346,
            26.89614
          ],
          [
            75.84347,
            26.89576
          ],
          [
            75.84343,
            26.89494
          ],
          [
            75.84333,
            26.89422
          ],
          [
            75.84319,
            26.89376
          ],
          [
            75.8431,
            26.89356
          ],
          [
            75.84291,
            26.89331
          ],
          [
            75.84222,
            26.89248
          ],
          [
            75.8418,
            26.89201
          ],
          [
            75.84148,
            26.89168
          ],
          [
            75.84129,
            26.89149
          ],
          [
            75.84086,
            26.89104
          ],
          [
            75.84077,
            26.89094
          ],
          [
            75.8405,
            26.89066
          ],
          [
            75.84016,
            26.89032
          ],
          [
            75.83983,
            26.88998
          ],
          [
            75.8398,
            26.88994
          ],
          [
            75.83953,
            26.88967
          ],
          [
            75.83949,
            26.88963
          ],
          [
            75.83926,
            26.88937
          ],
          [
            75.83871,
            26.8888
          ],
          [
            75.83853,
            26.88861
          ],
          [
            75.83823,
            26.88831
          ],
          [
            75.83785,
            26.88788
          ],
          [
            75.8376,
            26.88762
          ],
          [
            75.83729,
            26.88726
          ],
          [
            75.83685,
            26.88683
          ],
          [
            75.83591,
            26.88587
          ],
          [
            75.83499,
            26.88494
          ],
          [
            75.83475,
            26.88471
          ],
          [
            75.83449,
            26.88446
          ],
          [
            75.83444,
            26.88441
          ],
          [
            75.83414,
            26.8841
          ],
          [
            75.83405,
            26.88401
          ],
          [
            75.83382,
            26.88377
          ],
          [
            75.83349,
            26.88342
          ],
          [
            75.83323,
            26.88308
          ],
          [
            75.83319,
            26.88303
          ],
          [
            75.83273,
            26.88248
          ],
          [
            75.83254,
            26.88229
          ],
          [
            75.83234,
            26.88204
          ],
          [
            75.83207,
            26.88177
          ],
          [
            75.83169,
            26.88151
          ],
          [
            75.82816,
            26.87966
          ],
          [
            75.82415,
            26.87747
          ],
          [
            75.82344,
            26.87708
          ],
          [
            75.82212,
            26.87634
          ],
          [
            75.82153,
            26.87612
          ],
          [
            75.82088,
            26.87592
          ],
          [
            75.82045,
            26.87581
          ],
          [
            75.82053,
            26.87531
          ],
          [
            75.82057,
            26.87514
          ],
          [
            75.82071,
            26.87451
          ],
          [
            75.82093,
            26.87358
          ],
          [
            75.82133,
            26.87195
          ],
          [
            75.82139,
            26.8717
          ],
          [
            75.82167,
            26.8709
          ],
          [
            75.82183,
            26.87044
          ],
          [
            75.82203,
            26.86985
          ],
          [
            75.82213,
            26.8695
          ],
          [
            75.82238,
            26.86812
          ],
          [
            75.82251,
            26.86651
          ],
          [
            75.82253,
            26.86636
          ],
          [
            75.82243,
            26.86635
          ],
          [
            75.82213,
            26.86631
          ],
          [
            75.82175,
            26.86626
          ],
          [
            75.82067,
            26.86613
          ],
          [
            75.8193,
            26.86592
          ],
          [
            75.81867,
            26.86585
          ],
          [
            75.81836,
            26.86581
          ],
          [
            75.81776,
            26.86577
          ],
          [
            75.81731,
            26.86583
          ],
          [
            75.81677,
            26.86592
          ],
          [
            75.81243,
            26.86684
          ],
          [
            75.81204,
            26.86692
          ],
          [
            75.80854,
            26.86767
          ],
          [
            75.8084,
            26.8677
          ],
          [
            75.80822,
            26.86769
          ],
          [
            75.80807,
            26.86772
          ],
          [
            75.8077,
            26.86776
          ],
          [
            75.80729,
            26.86779
          ],
          [
            75.80574,
            26.86789
          ],
          [
            75.80521,
            26.86782
          ],
          [
            75.80412,
            26.86752
          ],
          [
            75.80344,
            26.86722
          ],
          [
            75.80321,
            26.86709
          ],
          [
            75.80234,
            26.86653
          ],
          [
            75.80089,
            26.86542
          ],
          [
            75.80052,
            26.86507
          ],
          [
            75.80024,
            26.86469
          ],
          [
            75.79965,
            26.86364
          ],
          [
            75.79919,
            26.8629
          ],
          [
            75.7991,
            26.86281
          ],
          [
            75.79904,
            26.86273
          ],
          [
            75.79882,
            26.86256
          ],
          [
            75.79849,
            26.86237
          ],
          [
            75.79821,
            26.86225
          ],
          [
            75.79805,
            26.86221
          ],
          [
            75.79787,
            26.86218
          ],
          [
            75.79767,
            26.86217
          ],
          [
            75.79608,
            26.86234
          ],
          [
            75.79606,
            26.86205
          ],
          [
            75.79601,
            26.86167
          ],
          [
            75.79594,
            26.8612
          ],
          [
            75.79579,
            26.86005
          ],
          [
            75.79573,
            26.85968
          ],
          [
            75.79557,
            26.8587
          ],
          [
            75.7955,
            26.85858
          ],
          [
            75.79543,
            26.85806
          ],
          [
            75.79536,
            26.8577
          ],
          [
            75.79532,
            26.85725
          ],
          [
            75.79525,
            26.85678
          ],
          [
            75.79495,
            26.85484
          ],
          [
            75.79486,
            26.85428
          ],
          [
            75.79475,
            26.8534
          ],
          [
            75.79475,
            26.85333
          ],
          [
            75.79459,
            26.85222
          ],
          [
            75.79413,
            26.8503
          ],
          [
            75.79404,
            26.84984
          ],
          [
            75.79392,
            26.84899
          ],
          [
            75.79386,
            26.84832
          ],
          [
            75.79361,
            26.84461
          ],
          [
            75.79362,
            26.84367
          ],
          [
            75.79366,
            26.84284
          ],
          [
            75.79366,
            26.84268
          ],
          [
            75.79369,
            26.84199
          ],
          [
            75.79377,
            26.84144
          ],
          [
            75.79381,
            26.84093
          ],
          [
            75.79381,
            26.8408
          ],
          [
            75.79383,
            26.84028
          ],
          [
            75.79385,
            26.83928
          ],
          [
            75.79388,
            26.83873
          ],
          [
            75.79389,
            26.83865
          ],
          [
            75.7939,
            26.83822
          ],
          [
            75.79391,
            26.83694
          ],
          [
            75.79389,
            26.83617
          ],
          [
            75.79389,
            26.83609
          ],
          [
            75.79387,
            26.83542
          ],
          [
            75.79387,
            26.83443
          ],
          [
            75.79397,
            26.83295
          ],
          [
            75.79401,
            26.83249
          ],
          [
            75.79408,
            26.83137
          ],
          [
            75.79414,
            26.83037
          ],
          [
            75.79418,
            26.82961
          ],
          [
            75.79419,
            26.82948
          ],
          [
            75.79422,
            26.82877
          ],
          [
            75.79431,
            26.82683
          ],
          [
            75.79435,
            26.82657
          ],
          [
            75.79456,
            26.82566
          ],
          [
            75.79471,
            26.825
          ],
          [
            75.79498,
            26.82399
          ],
          [
            75.79539,
            26.8223
          ],
          [
            75.79555,
            26.82152
          ],
          [
            75.79565,
            26.82139
          ],
          [
            75.79576,
            26.82097
          ],
          [
            75.79579,
            26.82084
          ],
          [
            75.79589,
            26.82059
          ],
          [
            75.79609,
            26.82021
          ],
          [
            75.7965,
            26.81968
          ],
          [
            75.7971,
            26.81895
          ],
          [
            75.79715,
            26.81889
          ],
          [
            75.79782,
            26.81804
          ],
          [
            75.79833,
            26.81741
          ],
          [
            75.79878,
            26.81683
          ],
          [
            75.79891,
            26.81666
          ],
          [
            75.79918,
            26.8163
          ],
          [
            75.79916,
            26.81619
          ],
          [
            75.79941,
            26.81584
          ],
          [
            75.7998,
            26.81531
          ],
          [
            75.80016,
            26.81481
          ],
          [
            75.80099,
            26.81367
          ],
          [
            75.80127,
            26.81328
          ],
          [
            75.80164,
            26.81275
          ],
          [
            75.80189,
            26.81239
          ],
          [
            75.80214,
            26.81206
          ],
          [
            75.80306,
            26.81083
          ],
          [
            75.80379,
            26.80985
          ],
          [
            75.80425,
            26.80925
          ],
          [
            75.80446,
            26.80895
          ],
          [
            75.8067,
            26.80601
          ],
          [
            75.80848,
            26.80367
          ],
          [
            75.80856,
            26.80357
          ],
          [
            75.80871,
            26.80335
          ],
          [
            75.81017,
            26.80147
          ],
          [
            75.81071,
            26.80075
          ],
          [
            75.81191,
            26.79918
          ],
          [
            75.81231,
            26.79868
          ],
          [
            75.81302,
            26.79773
          ],
          [
            75.81378,
            26.79677
          ],
          [
            75.8139,
            26.79662
          ],
          [
            75.81451,
            26.79573
          ],
          [
            75.81481,
            26.79532
          ],
          [
            75.81521,
            26.79484
          ],
          [
            75.81593,
            26.79389
          ],
          [
            75.81644,
            26.79319
          ],
          [
            75.8173,
            26.79201
          ],
          [
            75.81801,
            26.79112
          ],
          [
            75.81878,
            26.79005
          ],
          [
            75.81947,
            26.78914
          ],
          [
            75.81975,
            26.78878
          ],
          [
            75.82001,
            26.78844
          ],
          [
            75.82058,
            26.7877
          ],
          [
            75.82073,
            26.78751
          ],
          [
            75.82227,
            26.78547
          ],
          [
            75.82239,
            26.78533
          ],
          [
            75.82247,
            26.78522
          ],
          [
            75.82275,
            26.78483
          ],
          [
            75.82343,
            26.78396
          ],
          [
            75.82375,
            26.78355
          ],
          [
            75.82436,
            26.78273
          ],
          [
            75.82516,
            26.78166
          ],
          [
            75.82668,
            26.77963
          ],
          [
            75.82673,
            26.77957
          ],
          [
            75.82678,
            26.77951
          ],
          [
            75.82691,
            26.77934
          ],
          [
            75.82694,
            26.7793
          ],
          [
            75.82714,
            26.77906
          ],
          [
            75.82803,
            26.77795
          ],
          [
            75.82936,
            26.77628
          ],
          [
            75.83026,
            26.77503
          ],
          [
            75.83053,
            26.77458
          ],
          [
            75.83105,
            26.77365
          ],
          [
            75.83125,
            26.77336
          ],
          [
            75.83138,
            26.7732
          ],
          [
            75.8318,
            26.77275
          ],
          [
            75.83258,
            26.77197
          ],
          [
            75.83279,
            26.77176
          ],
          [
            75.83367,
            26.77095
          ],
          [
            75.83399,
            26.77062
          ],
          [
            75.83459,
            26.76993
          ],
          [
            75.8352,
            26.76913
          ],
          [
            75.83541,
            26.76885
          ],
          [
            75.83574,
            26.76843
          ],
          [
            75.83617,
            26.76795
          ],
          [
            75.83641,
            26.76771
          ],
          [
            75.83824,
            26.76599
          ],
          [
            75.83902,
            26.76528
          ],
          [
            75.84017,
            26.76419
          ],
          [
            75.84221,
            26.76203
          ],
          [
            75.84417,
            26.75996
          ],
          [
            75.84827,
            26.75575
          ],
          [
            75.84998,
            26.754
          ],
          [
            75.85014,
            26.75383
          ],
          [
            75.85028,
            26.7537
          ],
          [
            75.85382,
            26.75009
          ],
          [
            75.8558,
            26.74806
          ],
          [
            75.85748,
            26.74643
          ],
          [
            75.86298,
            26.74078
          ],
          [
            75.86371,
            26.74004
          ],
          [
            75.86453,
            26.73918
          ],
          [
            75.8661,
            26.73756
          ],
          [
            75.8663,
            26.73735
          ],
          [
            75.8683,
            26.73525
          ],
          [
            75.86905,
            26.73448
          ],
          [
            75.87178,
            26.73163
          ],
          [
            75.87219,
            26.73121
          ],
          [
            75.87336,
            26.73
          ],
          [
            75.87433,
            26.72897
          ],
          [
            75.87472,
            26.72855
          ],
          [
            75.87489,
            26.72832
          ],
          [
            75.87503,
            26.72812
          ],
          [
            75.8753,
            26.72761
          ],
          [
            75.87539,
            26.72739
          ],
          [
            75.87549,
            26.72707
          ],
          [
            75.87557,
            26.72685
          ],
          [
            75.87564,
            26.72626
          ],
          [
            75.87566,
            26.72587
          ],
          [
            75.87557,
            26.72516
          ],
          [
            75.87543,
            26.72454
          ],
          [
            75.8754,
            26.72427
          ],
          [
            75.87539,
            26.72377
          ],
          [
            75.87545,
            26.72338
          ],
          [
            75.87553,
            26.72314
          ],
          [
            75.87577,
            26.72258
          ],
          [
            75.87587,
            26.72238
          ],
          [
            75.87604,
            26.72209
          ],
          [
            75.87624,
            26.72183
          ],
          [
            75.87645,
            26.72159
          ],
          [
            75.87668,
            26.72138
          ],
          [
            75.87694,
            26.72118
          ],
          [
            75.87728,
            26.72097
          ],
          [
            75.87761,
            26.72078
          ],
          [
            75.87793,
            26.72066
          ],
          [
            75.8784,
            26.72052
          ],
          [
            75.8798,
            26.7202
          ],
          [
            75.8807,
            26.72001
          ],
          [
            75.88163,
            26.71978
          ],
          [
            75.88246,
            26.71947
          ],
          [
            75.88277,
            26.71931
          ],
          [
            75.88305,
            26.71914
          ],
          [
            75.88328,
            26.71898
          ],
          [
            75.88354,
            26.71876
          ],
          [
            75.88414,
            26.71816
          ],
          [
            75.88433,
            26.71795
          ],
          [
            75.88443,
            26.71785
          ],
          [
            75.88473,
            26.71754
          ],
          [
            75.88561,
            26.71668
          ],
          [
            75.88604,
            26.71628
          ],
          [
            75.88665,
            26.71577
          ],
          [
            75.8882,
            26.71439
          ],
          [
            75.88884,
            26.71382
          ],
          [
            75.88904,
            26.71362
          ],
          [
            75.88912,
            26.71353
          ],
          [
            75.88936,
            26.71328
          ],
          [
            75.88968,
            26.71282
          ],
          [
            75.88986,
            26.7125
          ],
          [
            75.88998,
            26.71221
          ],
          [
            75.89007,
            26.71197
          ],
          [
            75.89012,
            26.71181
          ],
          [
            75.89018,
            26.71152
          ],
          [
            75.89024,
            26.71105
          ],
          [
            75.89023,
            26.71056
          ],
          [
            75.89021,
            26.71026
          ],
          [
            75.89008,
            26.70914
          ],
          [
            75.88997,
            26.7079
          ],
          [
            75.88997,
            26.70738
          ],
          [
            75.88999,
            26.70705
          ],
          [
            75.89007,
            26.70645
          ],
          [
            75.89013,
            26.70617
          ],
          [
            75.89021,
            26.70585
          ],
          [
            75.89032,
            26.7055
          ],
          [
            75.89077,
            26.70434
          ],
          [
            75.89104,
            26.70381
          ],
          [
            75.89122,
            26.70353
          ],
          [
            75.8916,
            26.703
          ],
          [
            75.8919,
            26.70264
          ],
          [
            75.89213,
            26.70239
          ],
          [
            75.8926,
            26.70193
          ],
          [
            75.89311,
            26.70152
          ],
          [
            75.89368,
            26.70111
          ],
          [
            75.89394,
            26.70093
          ],
          [
            75.89462,
            26.70056
          ],
          [
            75.89491,
            26.7004
          ],
          [
            75.8964,
            26.69952
          ],
          [
            75.8974,
            26.69901
          ],
          [
            75.89814,
            26.6986
          ],
          [
            75.89903,
            26.6981
          ],
          [
            75.89921,
            26.69798
          ],
          [
            75.89938,
            26.69787
          ],
          [
            75.89944,
            26.69782
          ],
          [
            75.89961,
            26.69768
          ],
          [
            75.90013,
            26.69717
          ],
          [
            75.90042,
            26.6968
          ],
          [
            75.90055,
            26.69661
          ],
          [
            75.90087,
            26.69605
          ],
          [
            75.90205,
            26.69367
          ],
          [
            75.90431,
            26.68913
          ],
          [
            75.90501,
            26.68783
          ],
          [
            75.90511,
            26.68763
          ],
          [
            75.90563,
            26.6865
          ],
          [
            75.90612,
            26.68552
          ],
          [
            75.90643,
            26.68502
          ],
          [
            75.90788,
            26.68299
          ],
          [
            75.91133,
            26.67816
          ],
          [
            75.91218,
            26.67689
          ],
          [
            75.91361,
            26.67475
          ],
          [
            75.91453,
            26.67339
          ],
          [
            75.91493,
            26.67283
          ],
          [
            75.91549,
            26.67218
          ],
          [
            75.9157,
            26.67196
          ],
          [
            75.91611,
            26.67159
          ],
          [
            75.91617,
            26.67153
          ],
          [
            75.9167,
            26.67113
          ],
          [
            75.91718,
            26.67079
          ],
          [
            75.91779,
            26.67043
          ],
          [
            75.91828,
            26.67017
          ],
          [
            75.91883,
            26.66993
          ],
          [
            75.91931,
            26.66974
          ],
          [
            75.91974,
            26.66959
          ],
          [
            75.92011,
            26.66948
          ],
          [
            75.92064,
            26.66935
          ],
          [
            75.92127,
            26.66924
          ],
          [
            75.92199,
            26.66916
          ],
          [
            75.92411,
            26.66887
          ],
          [
            75.92678,
            26.66848
          ],
          [
            75.9281,
            26.66831
          ],
          [
            75.92908,
            26.66823
          ],
          [
            75.93046,
            26.66814
          ],
          [
            75.93391,
            26.66796
          ],
          [
            75.93522,
            26.66786
          ],
          [
            75.9374,
            26.66759
          ],
          [
            75.93828,
            26.66745
          ],
          [
            75.93928,
            26.66727
          ],
          [
            75.94019,
            26.66709
          ],
          [
            75.94129,
            26.66684
          ],
          [
            75.94488,
            26.66595
          ],
          [
            75.94758,
            26.6653
          ],
          [
            75.94897,
            26.66495
          ],
          [
            75.9515,
            26.66438
          ],
          [
            75.95182,
            26.66432
          ],
          [
            75.95189,
            26.66432
          ],
          [
            75.95283,
            26.66412
          ],
          [
            75.95375,
            26.6639
          ],
          [
            75.95474,
            26.66369
          ],
          [
            75.95971,
            26.66256
          ],
          [
            75.96184,
            26.66211
          ],
          [
            75.9667,
            26.66102
          ],
          [
            75.96734,
            26.66086
          ],
          [
            75.96784,
            26.66071
          ],
          [
            75.96871,
            26.66036
          ],
          [
            75.96906,
            26.66016
          ],
          [
            75.96971,
            26.65971
          ],
          [
            75.97001,
            26.65946
          ],
          [
            75.97029,
            26.65919
          ],
          [
            75.97049,
            26.65898
          ],
          [
            75.9707,
            26.65872
          ],
          [
            75.97089,
            26.65845
          ],
          [
            75.97113,
            26.65806
          ],
          [
            75.97128,
            26.65777
          ],
          [
            75.97147,
            26.65735
          ],
          [
            75.97156,
            26.65708
          ],
          [
            75.97164,
            26.65677
          ],
          [
            75.97172,
            26.6564
          ],
          [
            75.97201,
            26.65446
          ],
          [
            75.97218,
            26.65336
          ],
          [
            75.97229,
            26.65283
          ],
          [
            75.97279,
            26.65048
          ],
          [
            75.97439,
            26.64337
          ],
          [
            75.97577,
            26.63648
          ],
          [
            75.97591,
            26.63573
          ],
          [
            75.97593,
            26.63565
          ],
          [
            75.97601,
            26.63522
          ],
          [
            75.97715,
            26.62948
          ],
          [
            75.97831,
            26.62336
          ],
          [
            75.97848,
            26.62252
          ],
          [
            75.97868,
            26.62165
          ],
          [
            75.97879,
            26.62114
          ],
          [
            75.98053,
            26.6147
          ],
          [
            75.98097,
            26.613
          ],
          [
            75.98107,
            26.61253
          ],
          [
            75.98113,
            26.61198
          ],
          [
            75.9811,
            26.61139
          ],
          [
            75.98101,
            26.61086
          ],
          [
            75.98053,
            26.60877
          ],
          [
            75.98023,
            26.60752
          ],
          [
            75.97899,
            26.60223
          ],
          [
            75.97877,
            26.6012
          ],
          [
            75.97862,
            26.60037
          ],
          [
            75.97839,
            26.59913
          ],
          [
            75.97768,
            26.59605
          ],
          [
            75.97734,
            26.59451
          ],
          [
            75.97725,
            26.59408
          ],
          [
            75.97612,
            26.58984
          ],
          [
            75.97589,
            26.58871
          ],
          [
            75.97545,
            26.58606
          ],
          [
            75.97508,
            26.58436
          ],
          [
            75.97404,
            26.5803
          ],
          [
            75.97377,
            26.57942
          ],
          [
            75.97352,
            26.57876
          ],
          [
            75.97331,
            26.57827
          ],
          [
            75.97271,
            26.57704
          ],
          [
            75.97237,
            26.57647
          ],
          [
            75.97171,
            26.57546
          ],
          [
            75.97104,
            26.57455
          ],
          [
            75.97078,
            26.57422
          ],
          [
            75.96898,
            26.57174
          ],
          [
            75.9682,
            26.57073
          ],
          [
            75.96332,
            26.56473
          ],
          [
            75.96163,
            26.56268
          ],
          [
            75.96003,
            26.56071
          ],
          [
            75.95844,
            26.55878
          ],
          [
            75.9571,
            26.5571
          ],
          [
            75.95629,
            26.55616
          ],
          [
            75.9552,
            26.55481
          ],
          [
            75.9537,
            26.55304
          ],
          [
            75.95293,
            26.55213
          ],
          [
            75.95171,
            26.55071
          ],
          [
            75.94873,
            26.54722
          ],
          [
            75.94853,
            26.54696
          ],
          [
            75.94832,
            26.54662
          ],
          [
            75.94818,
            26.54633
          ],
          [
            75.94809,
            26.5461
          ],
          [
            75.94796,
            26.54558
          ],
          [
            75.94792,
            26.54529
          ],
          [
            75.94788,
            26.54494
          ],
          [
            75.94777,
            26.54276
          ],
          [
            75.94768,
            26.54139
          ],
          [
            75.94768,
            26.54106
          ],
          [
            75.9477,
            26.54071
          ],
          [
            75.94778,
            26.5403
          ],
          [
            75.94847,
            26.53747
          ],
          [
            75.94944,
            26.53351
          ],
          [
            75.95004,
            26.53115
          ],
          [
            75.95013,
            26.53068
          ],
          [
            75.95023,
            26.52999
          ],
          [
            75.95046,
            26.52699
          ],
          [
            75.95048,
            26.52658
          ],
          [
            75.95078,
            26.52092
          ],
          [
            75.95085,
            26.51879
          ],
          [
            75.95098,
            26.51584
          ],
          [
            75.95107,
            26.51412
          ],
          [
            75.95107,
            26.5136
          ],
          [
            75.95105,
            26.51224
          ],
          [
            75.95093,
            26.51109
          ],
          [
            75.95076,
            26.51014
          ],
          [
            75.9505,
            26.50896
          ],
          [
            75.95026,
            26.50806
          ],
          [
            75.94999,
            26.50711
          ],
          [
            75.94983,
            26.50662
          ],
          [
            75.94925,
            26.50503
          ],
          [
            75.94881,
            26.50384
          ],
          [
            75.94827,
            26.50241
          ],
          [
            75.94805,
            26.50174
          ],
          [
            75.94788,
            26.50108
          ],
          [
            75.9468,
            26.49476
          ],
          [
            75.94585,
            26.48948
          ],
          [
            75.9454,
            26.48675
          ],
          [
            75.94492,
            26.48424
          ],
          [
            75.94461,
            26.48303
          ],
          [
            75.94401,
            26.48042
          ],
          [
            75.94344,
            26.47805
          ],
          [
            75.94336,
            26.47768
          ],
          [
            75.94296,
            26.47557
          ],
          [
            75.94272,
            26.47454
          ],
          [
            75.94239,
            26.47236
          ],
          [
            75.94223,
            26.47093
          ],
          [
            75.94195,
            26.46746
          ],
          [
            75.94189,
            26.466
          ],
          [
            75.94172,
            26.46107
          ],
          [
            75.94166,
            26.45878
          ],
          [
            75.94159,
            26.4571
          ],
          [
            75.94149,
            26.45587
          ],
          [
            75.94135,
            26.45202
          ],
          [
            75.94136,
            26.45078
          ],
          [
            75.94141,
            26.44968
          ],
          [
            75.94165,
            26.44832
          ],
          [
            75.9417,
            26.4482
          ],
          [
            75.94221,
            26.44701
          ],
          [
            75.94277,
            26.44598
          ],
          [
            75.94353,
            26.44489
          ],
          [
            75.94391,
            26.4443
          ],
          [
            75.94421,
            26.44358
          ],
          [
            75.94436,
            26.44293
          ],
          [
            75.9444,
            26.44229
          ],
          [
            75.94434,
            26.44158
          ],
          [
            75.9438,
            26.43941
          ],
          [
            75.94339,
            26.43779
          ],
          [
            75.94308,
            26.43709
          ],
          [
            75.94256,
            26.43628
          ],
          [
            75.94186,
            26.43549
          ],
          [
            75.94065,
            26.43447
          ],
          [
            75.93958,
            26.43362
          ],
          [
            75.939,
            26.43281
          ],
          [
            75.93885,
            26.43251
          ],
          [
            75.93878,
            26.43235
          ],
          [
            75.93858,
            26.4318
          ],
          [
            75.93848,
            26.4313
          ],
          [
            75.93831,
            26.43005
          ],
          [
            75.93799,
            26.42752
          ],
          [
            75.93761,
            26.42358
          ],
          [
            75.93704,
            26.41973
          ],
          [
            75.93702,
            26.41914
          ],
          [
            75.93708,
            26.4185
          ],
          [
            75.93736,
            26.4167
          ],
          [
            75.93752,
            26.4155
          ],
          [
            75.93762,
            26.41492
          ],
          [
            75.93803,
            26.4128
          ],
          [
            75.93962,
            26.40689
          ],
          [
            75.94107,
            26.40163
          ],
          [
            75.94258,
            26.39676
          ],
          [
            75.94296,
            26.39552
          ],
          [
            75.94336,
            26.39434
          ],
          [
            75.94358,
            26.39351
          ],
          [
            75.94432,
            26.38897
          ],
          [
            75.94611,
            26.37766
          ],
          [
            75.94725,
            26.37148
          ],
          [
            75.94863,
            26.36313
          ],
          [
            75.94872,
            26.36259
          ],
          [
            75.9492,
            26.35979
          ],
          [
            75.94932,
            26.35915
          ],
          [
            75.94938,
            26.35861
          ],
          [
            75.94941,
            26.35839
          ],
          [
            75.94933,
            26.35752
          ],
          [
            75.94924,
            26.35685
          ],
          [
            75.94895,
            26.35611
          ],
          [
            75.94853,
            26.35537
          ],
          [
            75.94795,
            26.35466
          ],
          [
            75.9475,
            26.35421
          ],
          [
            75.94572,
            26.35249
          ],
          [
            75.9443,
            26.35108
          ],
          [
            75.94307,
            26.35003
          ],
          [
            75.9428,
            26.3498
          ],
          [
            75.94128,
            26.3485
          ],
          [
            75.93205,
            26.34041
          ],
          [
            75.9302,
            26.33877
          ],
          [
            75.92952,
            26.33816
          ],
          [
            75.92211,
            26.33075
          ],
          [
            75.92087,
            26.32957
          ],
          [
            75.92026,
            26.32902
          ],
          [
            75.91958,
            26.32854
          ],
          [
            75.91831,
            26.32781
          ],
          [
            75.91523,
            26.32594
          ],
          [
            75.91311,
            26.32473
          ],
          [
            75.91269,
            26.32445
          ],
          [
            75.91243,
            26.32423
          ],
          [
            75.9123,
            26.32412
          ],
          [
            75.91207,
            26.32388
          ],
          [
            75.91178,
            26.32351
          ],
          [
            75.91153,
            26.32313
          ],
          [
            75.91115,
            26.32244
          ],
          [
            75.91086,
            26.32184
          ],
          [
            75.91066,
            26.32149
          ],
          [
            75.91057,
            26.32124
          ],
          [
            75.91015,
            26.32043
          ],
          [
            75.90953,
            26.31919
          ],
          [
            75.90797,
            26.31612
          ],
          [
            75.90757,
            26.31535
          ],
          [
            75.90549,
            26.31128
          ],
          [
            75.90521,
            26.31073
          ],
          [
            75.90492,
            26.31014
          ],
          [
            75.90445,
            26.30925
          ],
          [
            75.90392,
            26.30818
          ],
          [
            75.90321,
            26.3068
          ],
          [
            75.90287,
            26.30613
          ],
          [
            75.90204,
            26.30445
          ],
          [
            75.90141,
            26.30322
          ],
          [
            75.89884,
            26.29806
          ],
          [
            75.89801,
            26.29637
          ],
          [
            75.89491,
            26.29037
          ],
          [
            75.89187,
            26.28439
          ],
          [
            75.89134,
            26.28346
          ],
          [
            75.89109,
            26.28307
          ],
          [
            75.89084,
            26.28274
          ],
          [
            75.89062,
            26.28248
          ],
          [
            75.89034,
            26.2822
          ],
          [
            75.88999,
            26.28186
          ],
          [
            75.88954,
            26.28147
          ],
          [
            75.88881,
            26.28088
          ],
          [
            75.88512,
            26.27822
          ],
          [
            75.88417,
            26.2775
          ],
          [
            75.8828,
            26.27647
          ],
          [
            75.87745,
            26.27256
          ],
          [
            75.87499,
            26.27073
          ],
          [
            75.87359,
            26.26968
          ],
          [
            75.87185,
            26.2684
          ],
          [
            75.86877,
            26.26614
          ],
          [
            75.86535,
            26.26366
          ],
          [
            75.86517,
            26.26353
          ],
          [
            75.86493,
            26.26334
          ],
          [
            75.86436,
            26.26291
          ],
          [
            75.86406,
            26.26268
          ],
          [
            75.86377,
            26.26242
          ],
          [
            75.86349,
            26.26214
          ],
          [
            75.86328,
            26.26187
          ],
          [
            75.86273,
            26.26099
          ],
          [
            75.86221,
            26.26004
          ],
          [
            75.86114,
            26.25789
          ],
          [
            75.86081,
            26.25725
          ],
          [
            75.85872,
            26.25315
          ],
          [
            75.85737,
            26.25053
          ],
          [
            75.85525,
            26.24635
          ],
          [
            75.85468,
            26.24528
          ],
          [
            75.85429,
            26.24447
          ],
          [
            75.85405,
            26.24379
          ],
          [
            75.85396,
            26.24331
          ],
          [
            75.85393,
            26.2429
          ],
          [
            75.85392,
            26.24283
          ],
          [
            75.85393,
            26.24253
          ],
          [
            75.85434,
            26.23925
          ],
          [
            75.85443,
            26.23858
          ],
          [
            75.85454,
            26.23775
          ],
          [
            75.85461,
            26.23725
          ],
          [
            75.8547,
            26.23619
          ],
          [
            75.85469,
            26.23597
          ],
          [
            75.85469,
            26.23561
          ],
          [
            75.85459,
            26.23505
          ],
          [
            75.8544,
            26.23445
          ],
          [
            75.85377,
            26.23281
          ],
          [
            75.85315,
            26.23127
          ],
          [
            75.85302,
            26.23103
          ],
          [
            75.85262,
            26.23045
          ],
          [
            75.85237,
            26.23017
          ],
          [
            75.85192,
            26.22973
          ],
          [
            75.85043,
            26.22835
          ],
          [
            75.85025,
            26.22817
          ],
          [
            75.84986,
            26.22782
          ],
          [
            75.84825,
            26.22614
          ],
          [
            75.84803,
            26.22588
          ],
          [
            75.84783,
            26.22557
          ],
          [
            75.8477,
            26.22534
          ],
          [
            75.84753,
            26.22496
          ],
          [
            75.84738,
            26.22448
          ],
          [
            75.84727,
            26.22396
          ],
          [
            75.84713,
            26.2227
          ],
          [
            75.84702,
            26.22156
          ],
          [
            75.84696,
            26.2207
          ],
          [
            75.84682,
            26.21925
          ],
          [
            75.84665,
            26.21742
          ],
          [
            75.84643,
            26.21556
          ],
          [
            75.84641,
            26.21502
          ],
          [
            75.84643,
            26.21438
          ],
          [
            75.8465,
            26.21342
          ],
          [
            75.8465,
            26.21333
          ],
          [
            75.84654,
            26.21302
          ],
          [
            75.84659,
            26.21217
          ],
          [
            75.84661,
            26.21164
          ],
          [
            75.84651,
            26.21073
          ],
          [
            75.84634,
            26.20969
          ],
          [
            75.84604,
            26.20781
          ],
          [
            75.84591,
            26.20673
          ],
          [
            75.84584,
            26.20566
          ],
          [
            75.84585,
            26.20533
          ],
          [
            75.8459,
            26.20478
          ],
          [
            75.84615,
            26.20331
          ],
          [
            75.8462,
            26.20268
          ],
          [
            75.84621,
            26.20215
          ],
          [
            75.84618,
            26.20176
          ],
          [
            75.84613,
            26.20158
          ],
          [
            75.84593,
            26.20111
          ],
          [
            75.84566,
            26.20067
          ],
          [
            75.84518,
            26.20001
          ],
          [
            75.84009,
            26.19347
          ],
          [
            75.83893,
            26.19202
          ],
          [
            75.83873,
            26.19176
          ],
          [
            75.83822,
            26.19125
          ],
          [
            75.8378,
            26.19091
          ],
          [
            75.83719,
            26.19055
          ],
          [
            75.83674,
            26.19035
          ],
          [
            75.8362,
            26.19014
          ],
          [
            75.83487,
            26.18962
          ],
          [
            75.8321,
            26.18859
          ],
          [
            75.83195,
            26.18853
          ],
          [
            75.83079,
            26.18803
          ],
          [
            75.83019,
            26.18775
          ],
          [
            75.82972,
            26.1875
          ],
          [
            75.82718,
            26.18606
          ],
          [
            75.82592,
            26.18536
          ],
          [
            75.82462,
            26.18465
          ],
          [
            75.82325,
            26.1839
          ],
          [
            75.82166,
            26.183
          ],
          [
            75.82068,
            26.18245
          ],
          [
            75.81898,
            26.18148
          ],
          [
            75.81803,
            26.18096
          ],
          [
            75.81615,
            26.17991
          ],
          [
            75.81425,
            26.17887
          ],
          [
            75.81393,
            26.17867
          ],
          [
            75.81334,
            26.1782
          ],
          [
            75.81311,
            26.17796
          ],
          [
            75.81292,
            26.17775
          ],
          [
            75.81275,
            26.17754
          ],
          [
            75.81246,
            26.17715
          ],
          [
            75.81226,
            26.17692
          ],
          [
            75.80836,
            26.17143
          ],
          [
            75.80784,
            26.17068
          ],
          [
            75.80773,
            26.17051
          ],
          [
            75.80602,
            26.16816
          ],
          [
            75.80525,
            26.16713
          ],
          [
            75.80495,
            26.16675
          ],
          [
            75.80483,
            26.16658
          ],
          [
            75.80025,
            26.16047
          ],
          [
            75.79878,
            26.15849
          ],
          [
            75.79708,
            26.15627
          ],
          [
            75.79587,
            26.15461
          ],
          [
            75.79269,
            26.15031
          ],
          [
            75.79233,
            26.14982
          ],
          [
            75.79176,
            26.14905
          ],
          [
            75.79058,
            26.14753
          ],
          [
            75.78897,
            26.14537
          ],
          [
            75.78868,
            26.14498
          ],
          [
            75.78815,
            26.1443
          ],
          [
            75.78778,
            26.14389
          ],
          [
            75.78744,
            26.14357
          ],
          [
            75.78718,
            26.14336
          ],
          [
            75.78673,
            26.14307
          ],
          [
            75.78647,
            26.14292
          ],
          [
            75.78617,
            26.14279
          ],
          [
            75.78567,
            26.14259
          ],
          [
            75.77708,
            26.13968
          ],
          [
            75.77358,
            26.13849
          ],
          [
            75.77069,
            26.13752
          ],
          [
            75.7666,
            26.13614
          ],
          [
            75.76605,
            26.13592
          ],
          [
            75.76597,
            26.13589
          ],
          [
            75.76566,
            26.13575
          ],
          [
            75.76529,
            26.13555
          ],
          [
            75.76512,
            26.13543
          ],
          [
            75.76472,
            26.13512
          ],
          [
            75.76445,
            26.13487
          ],
          [
            75.76421,
            26.13461
          ],
          [
            75.76391,
            26.13424
          ],
          [
            75.76323,
            26.13341
          ],
          [
            75.76274,
            26.13277
          ],
          [
            75.76234,
            26.1323
          ],
          [
            75.75826,
            26.12724
          ],
          [
            75.75745,
            26.12618
          ],
          [
            75.75728,
            26.12597
          ],
          [
            75.75705,
            26.12566
          ],
          [
            75.75677,
            26.1253
          ],
          [
            75.75389,
            26.12152
          ],
          [
            75.75368,
            26.12126
          ],
          [
            75.75307,
            26.12046
          ],
          [
            75.75058,
            26.11724
          ],
          [
            75.74654,
            26.11196
          ],
          [
            75.74519,
            26.11022
          ],
          [
            75.7444,
            26.10917
          ],
          [
            75.74331,
            26.10775
          ],
          [
            75.74262,
            26.10685
          ],
          [
            75.73845,
            26.10144
          ],
          [
            75.73404,
            26.09569
          ],
          [
            75.72845,
            26.08828
          ],
          [
            75.72779,
            26.08737
          ],
          [
            75.72659,
            26.08579
          ],
          [
            75.72345,
            26.08172
          ],
          [
            75.72209,
            26.07994
          ],
          [
            75.72192,
            26.07969
          ],
          [
            75.72172,
            26.07938
          ],
          [
            75.72149,
            26.07885
          ],
          [
            75.72147,
            26.07878
          ],
          [
            75.72136,
            26.07837
          ],
          [
            75.72131,
            26.07792
          ],
          [
            75.72123,
            26.07572
          ],
          [
            75.72117,
            26.07517
          ],
          [
            75.72111,
            26.07487
          ],
          [
            75.72102,
            26.07447
          ],
          [
            75.72092,
            26.07413
          ],
          [
            75.72071,
            26.0736
          ],
          [
            75.72041,
            26.07297
          ],
          [
            75.72007,
            26.07243
          ],
          [
            75.71981,
            26.07207
          ],
          [
            75.71825,
            26.07014
          ],
          [
            75.71673,
            26.0683
          ],
          [
            75.71668,
            26.06824
          ],
          [
            75.71637,
            26.06781
          ],
          [
            75.71613,
            26.06743
          ],
          [
            75.71592,
            26.06694
          ],
          [
            75.71575,
            26.0664
          ],
          [
            75.71519,
            26.06465
          ],
          [
            75.71394,
            26.0605
          ],
          [
            75.71387,
            26.06024
          ],
          [
            75.71231,
            26.05523
          ],
          [
            75.71229,
            26.05516
          ],
          [
            75.71228,
            26.05512
          ],
          [
            75.71175,
            26.05342
          ],
          [
            75.71123,
            26.052
          ],
          [
            75.71097,
            26.05125
          ],
          [
            75.70856,
            26.0434
          ],
          [
            75.70846,
            26.04308
          ],
          [
            75.7076,
            26.04028
          ],
          [
            75.70737,
            26.03955
          ],
          [
            75.70627,
            26.03599
          ],
          [
            75.70338,
            26.02688
          ],
          [
            75.70323,
            26.02642
          ],
          [
            75.70301,
            26.02573
          ],
          [
            75.70283,
            26.02528
          ],
          [
            75.70267,
            26.02498
          ],
          [
            75.70247,
            26.02467
          ],
          [
            75.70219,
            26.02432
          ],
          [
            75.70202,
            26.02415
          ],
          [
            75.70175,
            26.02393
          ],
          [
            75.69902,
            26.02192
          ],
          [
            75.69696,
            26.02043
          ],
          [
            75.69631,
            26.01994
          ],
          [
            75.69531,
            26.01924
          ],
          [
            75.69511,
            26.0191
          ],
          [
            75.69483,
            26.01895
          ],
          [
            75.69476,
            26.01891
          ],
          [
            75.69429,
            26.01868
          ],
          [
            75.6936,
            26.01841
          ],
          [
            75.69257,
            26.01801
          ],
          [
            75.692,
            26.0178
          ],
          [
            75.69148,
            26.01763
          ],
          [
            75.68979,
            26.01716
          ],
          [
            75.68905,
            26.01689
          ],
          [
            75.68848,
            26.01664
          ],
          [
            75.68767,
            26.0162
          ],
          [
            75.68731,
            26.01596
          ],
          [
            75.68681,
            26.01562
          ],
          [
            75.68651,
            26.01538
          ],
          [
            75.68602,
            26.01493
          ],
          [
            75.68573,
            26.01462
          ],
          [
            75.68538,
            26.01423
          ],
          [
            75.68481,
            26.01347
          ],
          [
            75.68434,
            26.0126
          ],
          [
            75.68415,
            26.01217
          ],
          [
            75.68309,
            26.00968
          ],
          [
            75.68266,
            26.00849
          ],
          [
            75.68133,
            26.0044
          ],
          [
            75.68043,
            26.00166
          ],
          [
            75.67999,
            26.0005
          ],
          [
            75.67959,
            25.99971
          ],
          [
            75.67922,
            25.99923
          ],
          [
            75.6784,
            25.99829
          ],
          [
            75.67799,
            25.99781
          ],
          [
            75.67713,
            25.99666
          ],
          [
            75.67657,
            25.99575
          ],
          [
            75.67612,
            25.99492
          ],
          [
            75.67566,
            25.99368
          ],
          [
            75.675,
            25.99146
          ],
          [
            75.67457,
            25.98978
          ],
          [
            75.67421,
            25.98811
          ],
          [
            75.67399,
            25.98722
          ],
          [
            75.67375,
            25.98671
          ],
          [
            75.67323,
            25.98584
          ],
          [
            75.671,
            25.9832
          ],
          [
            75.66936,
            25.98124
          ],
          [
            75.6679,
            25.97952
          ],
          [
            75.6657,
            25.97689
          ],
          [
            75.66502,
            25.97611
          ],
          [
            75.66406,
            25.9748
          ],
          [
            75.66281,
            25.97316
          ],
          [
            75.6619,
            25.9719
          ],
          [
            75.66116,
            25.97111
          ],
          [
            75.66078,
            25.97081
          ],
          [
            75.66018,
            25.97034
          ],
          [
            75.65958,
            25.96998
          ],
          [
            75.65899,
            25.96966
          ],
          [
            75.65858,
            25.96951
          ],
          [
            75.65756,
            25.96915
          ],
          [
            75.65692,
            25.96891
          ],
          [
            75.65563,
            25.96844
          ],
          [
            75.65517,
            25.96826
          ],
          [
            75.65473,
            25.96807
          ],
          [
            75.65439,
            25.9679
          ],
          [
            75.65396,
            25.96762
          ],
          [
            75.65324,
            25.96705
          ],
          [
            75.64924,
            25.96354
          ],
          [
            75.64759,
            25.96219
          ],
          [
            75.64575,
            25.96071
          ],
          [
            75.64476,
            25.95994
          ],
          [
            75.64335,
            25.95878
          ],
          [
            75.64123,
            25.95707
          ],
          [
            75.63348,
            25.95079
          ],
          [
            75.62751,
            25.94602
          ],
          [
            75.6195,
            25.93956
          ],
          [
            75.61549,
            25.93629
          ],
          [
            75.61264,
            25.93398
          ],
          [
            75.6121,
            25.93354
          ],
          [
            75.60603,
            25.92862
          ],
          [
            75.6054,
            25.92808
          ],
          [
            75.605,
            25.92762
          ],
          [
            75.60447,
            25.92681
          ],
          [
            75.59734,
            25.91311
          ],
          [
            75.59298,
            25.90469
          ],
          [
            75.59251,
            25.90387
          ],
          [
            75.59217,
            25.90341
          ],
          [
            75.5917,
            25.90289
          ],
          [
            75.58854,
            25.89985
          ],
          [
            75.58803,
            25.89934
          ],
          [
            75.58608,
            25.89748
          ],
          [
            75.58483,
            25.89633
          ],
          [
            75.58382,
            25.89549
          ],
          [
            75.57693,
            25.89021
          ],
          [
            75.56948,
            25.88441
          ],
          [
            75.56753,
            25.88295
          ],
          [
            75.56613,
            25.88183
          ],
          [
            75.56292,
            25.87938
          ],
          [
            75.55954,
            25.8766
          ],
          [
            75.55761,
            25.87506
          ],
          [
            75.55624,
            25.87394
          ],
          [
            75.5544,
            25.87253
          ],
          [
            75.55245,
            25.87099
          ],
          [
            75.55095,
            25.86975
          ],
          [
            75.5493,
            25.8685
          ],
          [
            75.54852,
            25.868
          ],
          [
            75.54808,
            25.86775
          ],
          [
            75.54726,
            25.86728
          ],
          [
            75.54677,
            25.86701
          ],
          [
            75.54234,
            25.86454
          ],
          [
            75.54112,
            25.86384
          ],
          [
            75.54047,
            25.86346
          ],
          [
            75.53969,
            25.86296
          ],
          [
            75.53655,
            25.86054
          ],
          [
            75.53459,
            25.85899
          ],
          [
            75.53372,
            25.85831
          ],
          [
            75.53158,
            25.85665
          ],
          [
            75.53077,
            25.85601
          ],
          [
            75.53012,
            25.85557
          ],
          [
            75.52954,
            25.85525
          ],
          [
            75.52712,
            25.85404
          ],
          [
            75.5211,
            25.85094
          ],
          [
            75.5166,
            25.84865
          ],
          [
            75.5056,
            25.84305
          ],
          [
            75.50455,
            25.84251
          ],
          [
            75.50324,
            25.84182
          ],
          [
            75.50246,
            25.84134
          ],
          [
            75.50174,
            25.84079
          ],
          [
            75.50136,
            25.84041
          ],
          [
            75.5006,
            25.83973
          ],
          [
            75.49993,
            25.83899
          ],
          [
            75.49958,
            25.83857
          ],
          [
            75.49871,
            25.83758
          ],
          [
            75.49832,
            25.83725
          ],
          [
            75.49798,
            25.83698
          ],
          [
            75.4972,
            25.83657
          ],
          [
            75.49404,
            25.83498
          ],
          [
            75.48888,
            25.83231
          ],
          [
            75.48724,
            25.83145
          ],
          [
            75.48487,
            25.83023
          ],
          [
            75.48223,
            25.82883
          ],
          [
            75.48138,
            25.82833
          ],
          [
            75.47706,
            25.82576
          ],
          [
            75.47669,
            25.82554
          ],
          [
            75.4764,
            25.82538
          ],
          [
            75.47595,
            25.82511
          ],
          [
            75.47481,
            25.82436
          ],
          [
            75.47012,
            25.82153
          ],
          [
            75.46797,
            25.82025
          ],
          [
            75.46739,
            25.81995
          ],
          [
            75.46702,
            25.8198
          ],
          [
            75.46672,
            25.81969
          ],
          [
            75.4662,
            25.81952
          ],
          [
            75.46306,
            25.81867
          ],
          [
            75.46201,
            25.8184
          ],
          [
            75.46123,
            25.8182
          ],
          [
            75.45872,
            25.8175
          ],
          [
            75.45836,
            25.81738
          ],
          [
            75.45804,
            25.81727
          ],
          [
            75.45763,
            25.8171
          ],
          [
            75.45732,
            25.81696
          ],
          [
            75.457,
            25.81678
          ],
          [
            75.4564,
            25.81641
          ],
          [
            75.45531,
            25.81569
          ],
          [
            75.45488,
            25.81542
          ],
          [
            75.45366,
            25.81459
          ],
          [
            75.44882,
            25.81139
          ],
          [
            75.44799,
            25.81086
          ],
          [
            75.44691,
            25.81012
          ],
          [
            75.44522,
            25.80901
          ],
          [
            75.44463,
            25.80861
          ],
          [
            75.4435,
            25.80787
          ],
          [
            75.44295,
            25.8075
          ],
          [
            75.44189,
            25.80681
          ],
          [
            75.4412,
            25.80635
          ],
          [
            75.43963,
            25.80532
          ],
          [
            75.43833,
            25.80445
          ],
          [
            75.43758,
            25.80392
          ],
          [
            75.43589,
            25.80274
          ],
          [
            75.43544,
            25.80246
          ],
          [
            75.43467,
            25.80193
          ],
          [
            75.43278,
            25.80071
          ],
          [
            75.43137,
            25.79987
          ],
          [
            75.42684,
            25.79737
          ],
          [
            75.42588,
            25.79684
          ],
          [
            75.42381,
            25.7957
          ],
          [
            75.42264,
            25.79507
          ],
          [
            75.42154,
            25.79445
          ],
          [
            75.42036,
            25.7938
          ],
          [
            75.41802,
            25.79248
          ],
          [
            75.41697,
            25.79193
          ],
          [
            75.41559,
            25.79115
          ],
          [
            75.41269,
            25.78954
          ],
          [
            75.4121,
            25.78922
          ],
          [
            75.41119,
            25.78876
          ],
          [
            75.40899,
            25.78769
          ],
          [
            75.40828,
            25.78733
          ],
          [
            75.40671,
            25.78645
          ],
          [
            75.40613,
            25.78604
          ],
          [
            75.40376,
            25.78473
          ],
          [
            75.40328,
            25.78444
          ],
          [
            75.40255,
            25.78387
          ],
          [
            75.40243,
            25.78387
          ],
          [
            75.40223,
            25.78404
          ],
          [
            75.4022,
            25.78407
          ],
          [
            75.40184,
            25.78372
          ],
          [
            75.40132,
            25.78332
          ],
          [
            75.4005,
            25.78276
          ],
          [
            75.39853,
            25.78131
          ],
          [
            75.3969,
            25.77974
          ],
          [
            75.39448,
            25.77729
          ],
          [
            75.39053,
            25.77349
          ],
          [
            75.38856,
            25.77058
          ],
          [
            75.3862,
            25.76719
          ],
          [
            75.38616,
            25.76713
          ],
          [
            75.38604,
            25.76682
          ],
          [
            75.38607,
            25.76655
          ],
          [
            75.38616,
            25.76624
          ],
          [
            75.38655,
            25.76573
          ],
          [
            75.38704,
            25.76517
          ],
          [
            75.38714,
            25.76489
          ],
          [
            75.38709,
            25.7646
          ],
          [
            75.38683,
            25.76382
          ],
          [
            75.38564,
            25.76042
          ],
          [
            75.38546,
            25.75989
          ],
          [
            75.38524,
            25.75923
          ],
          [
            75.38471,
            25.75773
          ],
          [
            75.38441,
            25.75689
          ],
          [
            75.38427,
            25.75646
          ],
          [
            75.38317,
            25.75683
          ],
          [
            75.38186,
            25.75723
          ],
          [
            75.38066,
            25.75762
          ],
          [
            75.37967,
            25.75795
          ],
          [
            75.37674,
            25.75891
          ],
          [
            75.37552,
            25.75934
          ],
          [
            75.37534,
            25.7594
          ],
          [
            75.37355,
            25.76016
          ],
          [
            75.37281,
            25.75864
          ],
          [
            75.37256,
            25.75811
          ],
          [
            75.37233,
            25.75764
          ],
          [
            75.3723,
            25.75754
          ],
          [
            75.37203,
            25.75668
          ],
          [
            75.37174,
            25.75593
          ],
          [
            75.37149,
            25.75532
          ],
          [
            75.37058,
            25.75373
          ],
          [
            75.36911,
            25.75081
          ],
          [
            75.36841,
            25.75006
          ],
          [
            75.36727,
            25.74894
          ],
          [
            75.36681,
            25.74838
          ],
          [
            75.36646,
            25.74777
          ],
          [
            75.36619,
            25.7472
          ],
          [
            75.36595,
            25.74656
          ],
          [
            75.36402,
            25.74081
          ],
          [
            75.36266,
            25.73725
          ],
          [
            75.35852,
            25.72636
          ],
          [
            75.355,
            25.72014
          ],
          [
            75.3543,
            25.7189
          ],
          [
            75.3541,
            25.71863
          ],
          [
            75.35307,
            25.71739
          ],
          [
            75.34762,
            25.71079
          ],
          [
            75.34527,
            25.70796
          ],
          [
            75.3376,
            25.69676
          ],
          [
            75.33382,
            25.69132
          ],
          [
            75.33358,
            25.69112
          ],
          [
            75.33326,
            25.69096
          ],
          [
            75.33272,
            25.69082
          ],
          [
            75.33236,
            25.69071
          ],
          [
            75.33205,
            25.69054
          ],
          [
            75.32842,
            25.68672
          ],
          [
            75.32672,
            25.68498
          ],
          [
            75.32537,
            25.684
          ],
          [
            75.32438,
            25.68331
          ],
          [
            75.3217,
            25.68147
          ],
          [
            75.32099,
            25.68091
          ],
          [
            75.31638,
            25.67646
          ],
          [
            75.31155,
            25.67162
          ],
          [
            75.31001,
            25.67009
          ],
          [
            75.30775,
            25.66781
          ],
          [
            75.30757,
            25.66763
          ],
          [
            75.30533,
            25.66538
          ],
          [
            75.29964,
            25.65975
          ],
          [
            75.29068,
            25.65089
          ],
          [
            75.29052,
            25.65062
          ],
          [
            75.29032,
            25.65014
          ],
          [
            75.28828,
            25.64488
          ],
          [
            75.2882,
            25.64444
          ],
          [
            75.28804,
            25.64144
          ],
          [
            75.28795,
            25.64113
          ],
          [
            75.2877,
            25.64088
          ],
          [
            75.28688,
            25.64035
          ],
          [
            75.28671,
            25.6402
          ],
          [
            75.28665,
            25.64005
          ],
          [
            75.28659,
            25.63978
          ],
          [
            75.28659,
            25.63957
          ],
          [
            75.28669,
            25.6394
          ],
          [
            75.28691,
            25.63926
          ],
          [
            75.28792,
            25.6387
          ],
          [
            75.28811,
            25.63855
          ],
          [
            75.28823,
            25.6384
          ],
          [
            75.2883,
            25.63825
          ],
          [
            75.28833,
            25.6381
          ],
          [
            75.28828,
            25.63787
          ],
          [
            75.28756,
            25.63583
          ],
          [
            75.28683,
            25.63381
          ],
          [
            75.2856,
            25.6303
          ],
          [
            75.28533,
            25.62953
          ],
          [
            75.28489,
            25.62814
          ],
          [
            75.28441,
            25.62682
          ],
          [
            75.28359,
            25.62408
          ],
          [
            75.28339,
            25.62356
          ],
          [
            75.28324,
            25.62336
          ],
          [
            75.28272,
            25.62291
          ],
          [
            75.28172,
            25.62219
          ],
          [
            75.28155,
            25.62176
          ],
          [
            75.28153,
            25.62148
          ],
          [
            75.28143,
            25.62106
          ],
          [
            75.28142,
            25.62066
          ],
          [
            75.28146,
            25.62042
          ],
          [
            75.28167,
            25.61987
          ],
          [
            75.28202,
            25.61926
          ],
          [
            75.28249,
            25.61832
          ],
          [
            75.28254,
            25.61777
          ],
          [
            75.28254,
            25.61763
          ],
          [
            75.28263,
            25.61648
          ],
          [
            75.28257,
            25.61547
          ],
          [
            75.28267,
            25.61475
          ],
          [
            75.28293,
            25.61419
          ],
          [
            75.28339,
            25.6134
          ],
          [
            75.28368,
            25.61307
          ],
          [
            75.28402,
            25.61284
          ],
          [
            75.28411,
            25.61273
          ],
          [
            75.28422,
            25.6125
          ],
          [
            75.28424,
            25.61227
          ],
          [
            75.28418,
            25.61194
          ],
          [
            75.28408,
            25.61166
          ],
          [
            75.28388,
            25.61134
          ],
          [
            75.28383,
            25.61107
          ],
          [
            75.28385,
            25.61081
          ],
          [
            75.28391,
            25.61066
          ],
          [
            75.284,
            25.61054
          ],
          [
            75.28421,
            25.61037
          ],
          [
            75.2844,
            25.61034
          ],
          [
            75.28457,
            25.61037
          ],
          [
            75.2848,
            25.61046
          ],
          [
            75.28552,
            25.61084
          ],
          [
            75.28609,
            25.61118
          ],
          [
            75.28679,
            25.61169
          ],
          [
            75.2873,
            25.61184
          ],
          [
            75.28746,
            25.61184
          ],
          [
            75.28755,
            25.61181
          ],
          [
            75.28764,
            25.61174
          ],
          [
            75.28767,
            25.61164
          ],
          [
            75.2875,
            25.61073
          ],
          [
            75.28733,
            25.6104
          ],
          [
            75.28708,
            25.61006
          ],
          [
            75.28686,
            25.60961
          ],
          [
            75.28676,
            25.60947
          ],
          [
            75.28665,
            25.60919
          ],
          [
            75.28658,
            25.60894
          ],
          [
            75.2866,
            25.60858
          ],
          [
            75.28685,
            25.60774
          ],
          [
            75.28696,
            25.6072
          ],
          [
            75.28811,
            25.60385
          ],
          [
            75.28844,
            25.60303
          ],
          [
            75.2888,
            25.60191
          ],
          [
            75.28912,
            25.60101
          ],
          [
            75.28936,
            25.60023
          ],
          [
            75.28957,
            25.59894
          ],
          [
            75.28957,
            25.59834
          ],
          [
            75.28946,
            25.59795
          ],
          [
            75.2892,
            25.59735
          ],
          [
            75.28888,
            25.59642
          ],
          [
            75.2888,
            25.59603
          ],
          [
            75.2888,
            25.59563
          ],
          [
            75.28906,
            25.59468
          ],
          [
            75.28924,
            25.59377
          ],
          [
            75.28934,
            25.59287
          ],
          [
            75.2892,
            25.59199
          ],
          [
            75.28903,
            25.59118
          ],
          [
            75.28895,
            25.59092
          ],
          [
            75.2881,
            25.58993
          ],
          [
            75.28799,
            25.58972
          ],
          [
            75.28797,
            25.58952
          ],
          [
            75.28825,
            25.58607
          ],
          [
            75.28835,
            25.58454
          ],
          [
            75.2883,
            25.58151
          ],
          [
            75.28824,
            25.5799
          ],
          [
            75.2882,
            25.57971
          ],
          [
            75.28809,
            25.57951
          ],
          [
            75.28739,
            25.57858
          ],
          [
            75.2849,
            25.57539
          ],
          [
            75.2844,
            25.57473
          ],
          [
            75.28428,
            25.57448
          ],
          [
            75.28398,
            25.57364
          ],
          [
            75.28341,
            25.57193
          ],
          [
            75.28302,
            25.57088
          ],
          [
            75.28187,
            25.56752
          ],
          [
            75.28173,
            25.56727
          ],
          [
            75.28016,
            25.56515
          ],
          [
            75.27942,
            25.56361
          ],
          [
            75.27831,
            25.56084
          ],
          [
            75.2776,
            25.55912
          ],
          [
            75.27704,
            25.55807
          ],
          [
            75.27554,
            25.55565
          ],
          [
            75.27407,
            25.55322
          ],
          [
            75.27379,
            25.55281
          ],
          [
            75.2735,
            25.55245
          ],
          [
            75.27321,
            25.55213
          ],
          [
            75.27301,
            25.55178
          ],
          [
            75.27289,
            25.55165
          ],
          [
            75.27271,
            25.55154
          ],
          [
            75.27242,
            25.55143
          ],
          [
            75.27189,
            25.55112
          ],
          [
            75.27121,
            25.55068
          ],
          [
            75.27021,
            25.54979
          ],
          [
            75.26972,
            25.54937
          ],
          [
            75.26948,
            25.54923
          ],
          [
            75.26908,
            25.54907
          ],
          [
            75.26691,
            25.54858
          ],
          [
            75.26437,
            25.54805
          ],
          [
            75.26348,
            25.54784
          ],
          [
            75.26187,
            25.5474
          ],
          [
            75.26147,
            25.54726
          ],
          [
            75.25782,
            25.5454
          ],
          [
            75.25727,
            25.5451
          ],
          [
            75.25711,
            25.54491
          ],
          [
            75.25692,
            25.54459
          ],
          [
            75.25629,
            25.5434
          ],
          [
            75.25537,
            25.54157
          ],
          [
            75.25464,
            25.5402
          ],
          [
            75.25402,
            25.53894
          ],
          [
            75.25354,
            25.53782
          ],
          [
            75.25152,
            25.53331
          ],
          [
            75.24975,
            25.53012
          ],
          [
            75.2491,
            25.5289
          ],
          [
            75.24891,
            25.5285
          ],
          [
            75.24869,
            25.52783
          ],
          [
            75.24794,
            25.52535
          ],
          [
            75.24753,
            25.52413
          ],
          [
            75.24729,
            25.52353
          ],
          [
            75.24685,
            25.52281
          ],
          [
            75.2452,
            25.52032
          ],
          [
            75.24235,
            25.51596
          ],
          [
            75.24219,
            25.51574
          ],
          [
            75.24199,
            25.51563
          ],
          [
            75.24073,
            25.51509
          ],
          [
            75.23941,
            25.51456
          ],
          [
            75.23371,
            25.51216
          ],
          [
            75.23321,
            25.51192
          ],
          [
            75.23302,
            25.51175
          ],
          [
            75.23269,
            25.51141
          ],
          [
            75.23104,
            25.50934
          ],
          [
            75.2255,
            25.50271
          ],
          [
            75.22482,
            25.50192
          ],
          [
            75.22354,
            25.50038
          ],
          [
            75.22314,
            25.49979
          ],
          [
            75.22241,
            25.49899
          ],
          [
            75.22208,
            25.49869
          ],
          [
            75.22173,
            25.49834
          ],
          [
            75.2213,
            25.49822
          ],
          [
            75.22116,
            25.49817
          ],
          [
            75.22103,
            25.49804
          ],
          [
            75.22084,
            25.49793
          ],
          [
            75.22033,
            25.49774
          ],
          [
            75.21737,
            25.49641
          ],
          [
            75.2168,
            25.49613
          ],
          [
            75.21484,
            25.49512
          ],
          [
            75.21441,
            25.49489
          ],
          [
            75.21413,
            25.49468
          ],
          [
            75.2139,
            25.49435
          ],
          [
            75.21373,
            25.49404
          ],
          [
            75.21323,
            25.49146
          ],
          [
            75.21277,
            25.48884
          ],
          [
            75.21155,
            25.48221
          ],
          [
            75.21103,
            25.47917
          ],
          [
            75.21093,
            25.47882
          ],
          [
            75.21072,
            25.47852
          ],
          [
            75.20923,
            25.47697
          ],
          [
            75.20355,
            25.47123
          ],
          [
            75.20195,
            25.46958
          ],
          [
            75.20149,
            25.46907
          ],
          [
            75.20129,
            25.46875
          ],
          [
            75.20126,
            25.46868
          ],
          [
            75.20117,
            25.4684
          ],
          [
            75.20093,
            25.46586
          ],
          [
            75.20083,
            25.46434
          ],
          [
            75.20073,
            25.46393
          ],
          [
            75.20057,
            25.46363
          ],
          [
            75.19616,
            25.45779
          ],
          [
            75.19247,
            25.4528
          ],
          [
            75.18889,
            25.44708
          ],
          [
            75.18792,
            25.44547
          ],
          [
            75.1874,
            25.44464
          ],
          [
            75.18696,
            25.44397
          ],
          [
            75.18679,
            25.44383
          ],
          [
            75.18643,
            25.44371
          ],
          [
            75.18365,
            25.44331
          ],
          [
            75.18202,
            25.44306
          ],
          [
            75.18168,
            25.44299
          ],
          [
            75.18143,
            25.44292
          ],
          [
            75.18126,
            25.44284
          ],
          [
            75.17814,
            25.441
          ],
          [
            75.17642,
            25.44002
          ],
          [
            75.17424,
            25.4386
          ],
          [
            75.17201,
            25.43708
          ],
          [
            75.16845,
            25.4347
          ],
          [
            75.1675,
            25.43404
          ],
          [
            75.16634,
            25.4333
          ],
          [
            75.16577,
            25.43292
          ],
          [
            75.16163,
            25.43012
          ],
          [
            75.16041,
            25.42935
          ],
          [
            75.15909,
            25.4286
          ],
          [
            75.15779,
            25.42781
          ],
          [
            75.15675,
            25.42722
          ],
          [
            75.15354,
            25.42531
          ],
          [
            75.15312,
            25.42507
          ],
          [
            75.14914,
            25.42271
          ],
          [
            75.14858,
            25.4224
          ],
          [
            75.14838,
            25.42225
          ],
          [
            75.14606,
            25.41984
          ],
          [
            75.14235,
            25.41568
          ],
          [
            75.14099,
            25.4139
          ],
          [
            75.13843,
            25.41056
          ],
          [
            75.13778,
            25.40978
          ],
          [
            75.13633,
            25.40811
          ],
          [
            75.13387,
            25.40521
          ],
          [
            75.13361,
            25.40486
          ],
          [
            75.13289,
            25.40366
          ],
          [
            75.13202,
            25.40209
          ],
          [
            75.1314,
            25.40119
          ],
          [
            75.13097,
            25.40071
          ],
          [
            75.1307,
            25.40038
          ],
          [
            75.13056,
            25.40024
          ],
          [
            75.12992,
            25.40002
          ],
          [
            75.12964,
            25.39992
          ],
          [
            75.12951,
            25.39982
          ],
          [
            75.12935,
            25.39965
          ],
          [
            75.129,
            25.39947
          ],
          [
            75.1287,
            25.39935
          ],
          [
            75.12815,
            25.39902
          ],
          [
            75.12799,
            25.39881
          ],
          [
            75.12786,
            25.39846
          ],
          [
            75.12772,
            25.39774
          ],
          [
            75.12771,
            25.3974
          ],
          [
            75.12779,
            25.39704
          ],
          [
            75.12801,
            25.39641
          ],
          [
            75.12822,
            25.39546
          ],
          [
            75.12863,
            25.39419
          ],
          [
            75.12874,
            25.39379
          ],
          [
            75.12934,
            25.3917
          ],
          [
            75.12977,
            25.39045
          ],
          [
            75.13014,
            25.3891
          ],
          [
            75.13078,
            25.387
          ],
          [
            75.13119,
            25.38586
          ],
          [
            75.13166,
            25.38493
          ],
          [
            75.13363,
            25.38078
          ],
          [
            75.13441,
            25.37887
          ],
          [
            75.13552,
            25.37581
          ],
          [
            75.1362,
            25.37402
          ],
          [
            75.13765,
            25.37005
          ],
          [
            75.13771,
            25.36974
          ],
          [
            75.13725,
            25.36818
          ],
          [
            75.13668,
            25.36629
          ],
          [
            75.13646,
            25.3658
          ],
          [
            75.13616,
            25.36545
          ],
          [
            75.13582,
            25.36513
          ],
          [
            75.13521,
            25.36477
          ],
          [
            75.13502,
            25.36457
          ],
          [
            75.13435,
            25.36338
          ],
          [
            75.13338,
            25.36175
          ],
          [
            75.1332,
            25.36124
          ],
          [
            75.13314,
            25.36094
          ],
          [
            75.1332,
            25.36053
          ],
          [
            75.13393,
            25.35785
          ],
          [
            75.1346,
            25.35529
          ],
          [
            75.135,
            25.35388
          ],
          [
            75.13669,
            25.34884
          ],
          [
            75.13734,
            25.34705
          ],
          [
            75.13777,
            25.34545
          ],
          [
            75.1382,
            25.34374
          ],
          [
            75.13844,
            25.3429
          ],
          [
            75.13855,
            25.34222
          ],
          [
            75.13852,
            25.34135
          ],
          [
            75.13855,
            25.34102
          ],
          [
            75.13877,
            25.34051
          ],
          [
            75.13891,
            25.34024
          ],
          [
            75.13896,
            25.34007
          ],
          [
            75.13883,
            25.33983
          ],
          [
            75.13847,
            25.33951
          ],
          [
            75.13828,
            25.33936
          ],
          [
            75.13823,
            25.33924
          ],
          [
            75.13815,
            25.33877
          ],
          [
            75.13803,
            25.33834
          ],
          [
            75.138,
            25.33805
          ],
          [
            75.13803,
            25.33745
          ],
          [
            75.13798,
            25.33722
          ],
          [
            75.13784,
            25.33706
          ],
          [
            75.13779,
            25.337
          ],
          [
            75.13726,
            25.33657
          ],
          [
            75.13671,
            25.33621
          ],
          [
            75.13616,
            25.33596
          ],
          [
            75.13428,
            25.33529
          ],
          [
            75.13082,
            25.334
          ],
          [
            75.13043,
            25.3338
          ],
          [
            75.12998,
            25.33349
          ],
          [
            75.12932,
            25.3328
          ],
          [
            75.12809,
            25.33036
          ],
          [
            75.12752,
            25.32928
          ],
          [
            75.12727,
            25.32875
          ],
          [
            75.12713,
            25.32821
          ],
          [
            75.12686,
            25.32704
          ],
          [
            75.12665,
            25.32604
          ],
          [
            75.12641,
            25.32527
          ],
          [
            75.12581,
            25.32387
          ],
          [
            75.12501,
            25.32209
          ],
          [
            75.12428,
            25.32041
          ],
          [
            75.12346,
            25.31861
          ],
          [
            75.12331,
            25.31813
          ],
          [
            75.1227,
            25.31439
          ],
          [
            75.12257,
            25.31375
          ],
          [
            75.12234,
            25.31268
          ],
          [
            75.12198,
            25.31116
          ],
          [
            75.12172,
            25.31031
          ],
          [
            75.12055,
            25.30706
          ],
          [
            75.1186,
            25.30182
          ],
          [
            75.11778,
            25.29991
          ],
          [
            75.11574,
            25.29528
          ],
          [
            75.11502,
            25.29359
          ],
          [
            75.11447,
            25.29225
          ],
          [
            75.1142,
            25.29069
          ],
          [
            75.11412,
            25.28908
          ],
          [
            75.11413,
            25.28883
          ],
          [
            75.11418,
            25.28865
          ],
          [
            75.11428,
            25.2884
          ],
          [
            75.1151,
            25.28732
          ],
          [
            75.11524,
            25.28712
          ],
          [
            75.11526,
            25.287
          ],
          [
            75.1152,
            25.28691
          ],
          [
            75.11486,
            25.28683
          ],
          [
            75.11423,
            25.28672
          ],
          [
            75.11231,
            25.28643
          ],
          [
            75.11142,
            25.28626
          ],
          [
            75.11126,
            25.28622
          ],
          [
            75.11115,
            25.28615
          ],
          [
            75.11108,
            25.28607
          ],
          [
            75.11108,
            25.28593
          ],
          [
            75.11124,
            25.28544
          ],
          [
            75.11147,
            25.28476
          ],
          [
            75.1117,
            25.28357
          ],
          [
            75.11165,
            25.2832
          ],
          [
            75.11149,
            25.28311
          ],
          [
            75.11004,
            25.28262
          ],
          [
            75.1092,
            25.28217
          ],
          [
            75.10888,
            25.28201
          ],
          [
            75.10852,
            25.28174
          ],
          [
            75.10818,
            25.28156
          ],
          [
            75.10724,
            25.2815
          ],
          [
            75.10656,
            25.28134
          ],
          [
            75.10322,
            25.28077
          ],
          [
            75.10271,
            25.2805
          ],
          [
            75.09212,
            25.27291
          ],
          [
            75.09153,
            25.27259
          ],
          [
            75.09093,
            25.27243
          ],
          [
            75.09041,
            25.27242
          ],
          [
            75.08922,
            25.27261
          ],
          [
            75.08814,
            25.27268
          ],
          [
            75.08759,
            25.27263
          ],
          [
            75.0857,
            25.27226
          ],
          [
            75.08349,
            25.27161
          ],
          [
            75.07992,
            25.27046
          ],
          [
            75.06889,
            25.26743
          ],
          [
            75.06756,
            25.26706
          ],
          [
            75.06665,
            25.2667
          ],
          [
            75.06616,
            25.2664
          ],
          [
            75.06465,
            25.26541
          ],
          [
            75.06145,
            25.26324
          ],
          [
            75.06092,
            25.26284
          ],
          [
            75.05983,
            25.26158
          ],
          [
            75.05668,
            25.25788
          ],
          [
            75.05492,
            25.25591
          ],
          [
            75.05168,
            25.25329
          ],
          [
            75.05099,
            25.25263
          ],
          [
            75.04922,
            25.25081
          ],
          [
            75.04873,
            25.25018
          ],
          [
            75.04771,
            25.24865
          ],
          [
            75.04703,
            25.24776
          ],
          [
            75.04651,
            25.24735
          ],
          [
            75.04614,
            25.24713
          ],
          [
            75.04323,
            25.24582
          ],
          [
            75.04057,
            25.24457
          ],
          [
            75.03912,
            25.24394
          ],
          [
            75.03871,
            25.24367
          ],
          [
            75.03921,
            25.24145
          ],
          [
            75.03938,
            25.24074
          ],
          [
            75.0397,
            25.24002
          ],
          [
            75.04014,
            25.23918
          ],
          [
            75.04455,
            25.23067
          ],
          [
            75.04474,
            25.23037
          ],
          [
            75.0449,
            25.23018
          ],
          [
            75.04655,
            25.22866
          ],
          [
            75.04844,
            25.22691
          ],
          [
            75.05242,
            25.22329
          ],
          [
            75.05261,
            25.22304
          ],
          [
            75.05272,
            25.22285
          ],
          [
            75.05418,
            25.21899
          ],
          [
            75.05445,
            25.21827
          ],
          [
            75.05457,
            25.21788
          ],
          [
            75.05457,
            25.21756
          ],
          [
            75.05443,
            25.21588
          ],
          [
            75.05441,
            25.2152
          ],
          [
            75.0544,
            25.21491
          ],
          [
            75.05436,
            25.21453
          ],
          [
            75.05437,
            25.21411
          ],
          [
            75.05441,
            25.21373
          ],
          [
            75.05457,
            25.21324
          ],
          [
            75.05531,
            25.21225
          ],
          [
            75.05588,
            25.21159
          ],
          [
            75.05666,
            25.21065
          ],
          [
            75.05727,
            25.21006
          ],
          [
            75.05825,
            25.20915
          ],
          [
            75.0589,
            25.2085
          ],
          [
            75.06022,
            25.20735
          ],
          [
            75.06105,
            25.20673
          ],
          [
            75.06306,
            25.205
          ],
          [
            75.06364,
            25.20462
          ],
          [
            75.06415,
            25.20439
          ],
          [
            75.06514,
            25.20398
          ],
          [
            75.06584,
            25.20367
          ],
          [
            75.0664,
            25.20332
          ],
          [
            75.06742,
            25.20251
          ],
          [
            75.06799,
            25.20208
          ],
          [
            75.06843,
            25.20181
          ],
          [
            75.06931,
            25.20139
          ],
          [
            75.07106,
            25.20028
          ],
          [
            75.07194,
            25.19986
          ],
          [
            75.07308,
            25.19936
          ],
          [
            75.07423,
            25.19877
          ],
          [
            75.07539,
            25.19809
          ],
          [
            75.07655,
            25.19758
          ],
          [
            75.07952,
            25.19621
          ],
          [
            75.07998,
            25.19602
          ],
          [
            75.08074,
            25.19572
          ],
          [
            75.08127,
            25.19558
          ],
          [
            75.08135,
            25.19556
          ],
          [
            75.0827,
            25.19528
          ],
          [
            75.08375,
            25.19513
          ],
          [
            75.08456,
            25.19504
          ],
          [
            75.08529,
            25.19498
          ],
          [
            75.08928,
            25.1948
          ],
          [
            75.08983,
            25.19481
          ],
          [
            75.09063,
            25.19484
          ],
          [
            75.09332,
            25.19517
          ],
          [
            75.09375,
            25.19522
          ],
          [
            75.0953,
            25.19541
          ],
          [
            75.09688,
            25.19564
          ],
          [
            75.09828,
            25.19582
          ],
          [
            75.09892,
            25.19586
          ],
          [
            75.09948,
            25.19585
          ],
          [
            75.10013,
            25.19569
          ],
          [
            75.10069,
            25.1955
          ],
          [
            75.1012,
            25.19524
          ],
          [
            75.10168,
            25.19487
          ],
          [
            75.1021,
            25.19433
          ],
          [
            75.10247,
            25.19368
          ],
          [
            75.10295,
            25.19258
          ],
          [
            75.10334,
            25.19187
          ],
          [
            75.10393,
            25.19124
          ],
          [
            75.10444,
            25.19085
          ],
          [
            75.10491,
            25.19061
          ],
          [
            75.10526,
            25.19039
          ],
          [
            75.10625,
            25.18984
          ],
          [
            75.10647,
            25.1897
          ],
          [
            75.10671,
            25.18951
          ],
          [
            75.10912,
            25.18691
          ],
          [
            75.10942,
            25.18657
          ],
          [
            75.10952,
            25.18642
          ],
          [
            75.10961,
            25.18614
          ],
          [
            75.10967,
            25.18575
          ],
          [
            75.11006,
            25.18325
          ],
          [
            75.1105,
            25.1807
          ],
          [
            75.11064,
            25.18005
          ],
          [
            75.11256,
            25.172
          ],
          [
            75.1127,
            25.17171
          ],
          [
            75.1131,
            25.1711
          ],
          [
            75.11424,
            25.1692
          ],
          [
            75.11736,
            25.16206
          ],
          [
            75.11744,
            25.16184
          ],
          [
            75.11751,
            25.16162
          ],
          [
            75.11756,
            25.16119
          ],
          [
            75.11785,
            25.15808
          ],
          [
            75.11778,
            25.1577
          ],
          [
            75.11768,
            25.15714
          ],
          [
            75.11677,
            25.15134
          ],
          [
            75.11662,
            25.15052
          ],
          [
            75.11604,
            25.14717
          ],
          [
            75.11591,
            25.14654
          ],
          [
            75.11585,
            25.14638
          ],
          [
            75.11585,
            25.14631
          ],
          [
            75.1158,
            25.14624
          ],
          [
            75.11562,
            25.14601
          ],
          [
            75.11526,
            25.14556
          ],
          [
            75.11521,
            25.14558
          ],
          [
            75.11509,
            25.1456
          ],
          [
            75.11482,
            25.14564
          ],
          [
            75.11445,
            25.14568
          ],
          [
            75.11381,
            25.14572
          ],
          [
            75.11329,
            25.14573
          ],
          [
            75.11244,
            25.14571
          ],
          [
            75.11148,
            25.14558
          ],
          [
            75.11099,
            25.14543
          ],
          [
            75.10995,
            25.14508
          ],
          [
            75.10957,
            25.14501
          ],
          [
            75.10939,
            25.14494
          ],
          [
            75.10924,
            25.14489
          ],
          [
            75.10897,
            25.14479
          ],
          [
            75.10757,
            25.14428
          ],
          [
            75.10687,
            25.14396
          ],
          [
            75.10555,
            25.14318
          ],
          [
            75.10257,
            25.14137
          ],
          [
            75.10131,
            25.14053
          ],
          [
            75.09903,
            25.13897
          ],
          [
            75.09831,
            25.1384
          ],
          [
            75.09785,
            25.13795
          ],
          [
            75.09547,
            25.13521
          ],
          [
            75.09514,
            25.13487
          ],
          [
            75.0946,
            25.1344
          ],
          [
            75.09413,
            25.13403
          ],
          [
            75.09314,
            25.13339
          ],
          [
            75.09097,
            25.13216
          ],
          [
            75.09055,
            25.13186
          ],
          [
            75.09001,
            25.13137
          ],
          [
            75.08982,
            25.13117
          ],
          [
            75.08958,
            25.13086
          ],
          [
            75.0893,
            25.13045
          ],
          [
            75.08737,
            25.12737
          ],
          [
            75.08729,
            25.12724
          ],
          [
            75.08586,
            25.12494
          ],
          [
            75.0858,
            25.12484
          ],
          [
            75.08576,
            25.12477
          ],
          [
            75.08563,
            25.12484
          ],
          [
            75.085,
            25.12516
          ],
          [
            75.08483,
            25.12523
          ],
          [
            75.08414,
            25.12544
          ],
          [
            75.08406,
            25.12549
          ],
          [
            75.08372,
            25.12594
          ],
          [
            75.08359,
            25.12605
          ],
          [
            75.08345,
            25.12611
          ],
          [
            75.08319,
            25.1262
          ],
          [
            75.08271,
            25.12633
          ],
          [
            75.08258,
            25.12637
          ],
          [
            75.08228,
            25.12653
          ],
          [
            75.08218,
            25.12661
          ],
          [
            75.08199,
            25.1268
          ],
          [
            75.08191,
            25.12689
          ],
          [
            75.08184,
            25.12701
          ],
          [
            75.08182,
            25.12708
          ],
          [
            75.08183,
            25.12715
          ],
          [
            75.0819,
            25.12737
          ],
          [
            75.08232,
            25.12846
          ],
          [
            75.0824,
            25.12873
          ],
          [
            75.0825,
            25.12919
          ],
          [
            75.08279,
            25.13121
          ],
          [
            75.0828,
            25.1315
          ],
          [
            75.08278,
            25.13172
          ],
          [
            75.08273,
            25.13198
          ],
          [
            75.08244,
            25.13286
          ],
          [
            75.08233,
            25.13312
          ],
          [
            75.08226,
            25.13326
          ],
          [
            75.082,
            25.13358
          ],
          [
            75.08136,
            25.13421
          ],
          [
            75.08119,
            25.1344
          ],
          [
            75.0799,
            25.13605
          ],
          [
            75.07982,
            25.13613
          ],
          [
            75.07974,
            25.13614
          ],
          [
            75.07969,
            25.13613
          ],
          [
            75.0788,
            25.13579
          ],
          [
            75.07873,
            25.13578
          ],
          [
            75.07841,
            25.13577
          ],
          [
            75.0782,
            25.13574
          ],
          [
            75.0776,
            25.13556
          ],
          [
            75.07679,
            25.13538
          ],
          [
            75.07604,
            25.13515
          ],
          [
            75.07567,
            25.13501
          ],
          [
            75.07505,
            25.13471
          ],
          [
            75.07432,
            25.13447
          ],
          [
            75.07363,
            25.13426
          ],
          [
            75.07345,
            25.1342
          ],
          [
            75.07335,
            25.13412
          ],
          [
            75.07326,
            25.13396
          ],
          [
            75.07313,
            25.13379
          ],
          [
            75.07295,
            25.13364
          ],
          [
            75.07285,
            25.1335
          ],
          [
            75.07258,
            25.133
          ],
          [
            75.07251,
            25.13285
          ],
          [
            75.07244,
            25.13277
          ],
          [
            75.07202,
            25.13269
          ],
          [
            75.07097,
            25.1324
          ],
          [
            75.0707,
            25.13234
          ],
          [
            75.07003,
            25.13213
          ],
          [
            75.06975,
            25.13206
          ],
          [
            75.06917,
            25.13201
          ],
          [
            75.06904,
            25.13199
          ],
          [
            75.06879,
            25.13188
          ],
          [
            75.06847,
            25.13171
          ],
          [
            75.06779,
            25.13142
          ],
          [
            75.06741,
            25.13128
          ],
          [
            75.06733,
            25.13123
          ],
          [
            75.06706,
            25.13089
          ],
          [
            75.06668,
            25.13053
          ],
          [
            75.06659,
            25.13041
          ],
          [
            75.06656,
            25.13032
          ],
          [
            75.06645,
            25.12989
          ],
          [
            75.06643,
            25.12961
          ],
          [
            75.06651,
            25.12909
          ],
          [
            75.06639,
            25.12755
          ],
          [
            75.06632,
            25.12648
          ],
          [
            75.06626,
            25.12468
          ],
          [
            75.06624,
            25.12452
          ],
          [
            75.06611,
            25.12414
          ],
          [
            75.06588,
            25.12363
          ],
          [
            75.06583,
            25.12351
          ],
          [
            75.06578,
            25.12327
          ],
          [
            75.06576,
            25.12305
          ],
          [
            75.06579,
            25.12238
          ],
          [
            75.06591,
            25.12055
          ],
          [
            75.06589,
            25.12008
          ],
          [
            75.06587,
            25.11983
          ],
          [
            75.06581,
            25.11966
          ],
          [
            75.06573,
            25.11952
          ],
          [
            75.06555,
            25.1193
          ],
          [
            75.06534,
            25.11911
          ],
          [
            75.06482,
            25.11867
          ],
          [
            75.06406,
            25.11802
          ],
          [
            75.06394,
            25.11797
          ],
          [
            75.06256,
            25.11785
          ],
          [
            75.0624,
            25.11792
          ],
          [
            75.06184,
            25.11826
          ],
          [
            75.06111,
            25.11875
          ],
          [
            75.06041,
            25.11918
          ],
          [
            75.06007,
            25.11935
          ],
          [
            75.05924,
            25.11969
          ],
          [
            75.05839,
            25.11999
          ],
          [
            75.0583,
            25.12005
          ],
          [
            75.05828,
            25.12016
          ],
          [
            75.0583,
            25.12054
          ],
          [
            75.05829,
            25.12063
          ],
          [
            75.05825,
            25.12068
          ],
          [
            75.05808,
            25.1208
          ],
          [
            75.05804,
            25.12087
          ],
          [
            75.05808,
            25.12114
          ],
          [
            75.05809,
            25.1213
          ],
          [
            75.05808,
            25.12138
          ],
          [
            75.058,
            25.12144
          ],
          [
            75.05773,
            25.12155
          ],
          [
            75.05766,
            25.1216
          ],
          [
            75.05762,
            25.12165
          ],
          [
            75.05759,
            25.12172
          ],
          [
            75.05756,
            25.12198
          ],
          [
            75.05764,
            25.12259
          ],
          [
            75.05773,
            25.12348
          ],
          [
            75.05788,
            25.12533
          ],
          [
            75.05787,
            25.12541
          ],
          [
            75.05784,
            25.12548
          ],
          [
            75.05777,
            25.12553
          ],
          [
            75.05692,
            25.12581
          ],
          [
            75.05681,
            25.12585
          ],
          [
            75.0568,
            25.12587
          ],
          [
            75.0568,
            25.12593
          ],
          [
            75.05691,
            25.12621
          ],
          [
            75.05691,
            25.12625
          ],
          [
            75.05688,
            25.12628
          ],
          [
            75.05683,
            25.12631
          ],
          [
            75.05641,
            25.12643
          ],
          [
            75.05614,
            25.12646
          ],
          [
            75.05588,
            25.12644
          ],
          [
            75.05579,
            25.12637
          ],
          [
            75.05562,
            25.12618
          ],
          [
            75.05544,
            25.12599
          ],
          [
            75.05537,
            25.12594
          ],
          [
            75.05517,
            25.12583
          ],
          [
            75.05466,
            25.12521
          ],
          [
            75.05452,
            25.12505
          ],
          [
            75.05437,
            25.1249
          ],
          [
            75.05429,
            25.12483
          ],
          [
            75.05422,
            25.1248
          ],
          [
            75.05406,
            25.12478
          ],
          [
            75.05386,
            25.12478
          ],
          [
            75.05374,
            25.12474
          ],
          [
            75.05358,
            25.12456
          ],
          [
            75.05349,
            25.12441
          ],
          [
            75.05283,
            25.12325
          ],
          [
            75.05262,
            25.12291
          ],
          [
            75.05223,
            25.12242
          ],
          [
            75.05179,
            25.12201
          ],
          [
            75.05159,
            25.12187
          ],
          [
            75.051,
            25.12151
          ],
          [
            75.05087,
            25.12138
          ],
          [
            75.05074,
            25.12128
          ],
          [
            75.0505,
            25.12115
          ],
          [
            75.05016,
            25.12092
          ],
          [
            75.04975,
            25.12055
          ],
          [
            75.04959,
            25.12045
          ],
          [
            75.04909,
            25.12023
          ],
          [
            75.04888,
            25.12018
          ],
          [
            75.04869,
            25.12015
          ],
          [
            75.04764,
            25.12016
          ],
          [
            75.04732,
            25.12018
          ],
          [
            75.0466,
            25.12034
          ],
          [
            75.04588,
            25.12048
          ],
          [
            75.04577,
            25.12046
          ],
          [
            75.04571,
            25.12043
          ],
          [
            75.04563,
            25.12036
          ],
          [
            75.04556,
            25.12027
          ],
          [
            75.04529,
            25.11985
          ],
          [
            75.04501,
            25.1193
          ],
          [
            75.04478,
            25.11887
          ],
          [
            75.04465,
            25.11867
          ],
          [
            75.0441,
            25.11793
          ],
          [
            75.04362,
            25.117
          ],
          [
            75.04357,
            25.11688
          ],
          [
            75.04341,
            25.11636
          ],
          [
            75.04331,
            25.11618
          ],
          [
            75.0431,
            25.11589
          ],
          [
            75.04224,
            25.11479
          ],
          [
            75.04125,
            25.11363
          ],
          [
            75.04089,
            25.11314
          ],
          [
            75.04042,
            25.11243
          ],
          [
            75.04032,
            25.11231
          ],
          [
            75.04016,
            25.11214
          ],
          [
            75.03958,
            25.11168
          ],
          [
            75.03926,
            25.11147
          ],
          [
            75.03895,
            25.11129
          ],
          [
            75.03857,
            25.11109
          ],
          [
            75.03853,
            25.11105
          ],
          [
            75.03849,
            25.11099
          ],
          [
            75.03829,
            25.11048
          ],
          [
            75.03818,
            25.11011
          ],
          [
            75.03817,
            25.10985
          ],
          [
            75.03824,
            25.10941
          ],
          [
            75.03824,
            25.10931
          ],
          [
            75.03821,
            25.1092
          ],
          [
            75.03815,
            25.10906
          ],
          [
            75.03811,
            25.10896
          ],
          [
            75.03805,
            25.10884
          ],
          [
            75.03799,
            25.10876
          ],
          [
            75.03773,
            25.10849
          ],
          [
            75.03767,
            25.1084
          ],
          [
            75.03764,
            25.10833
          ],
          [
            75.03756,
            25.10787
          ],
          [
            75.03744,
            25.10764
          ],
          [
            75.03735,
            25.10744
          ],
          [
            75.03735,
            25.10737
          ],
          [
            75.03742,
            25.10721
          ],
          [
            75.03741,
            25.10716
          ],
          [
            75.03738,
            25.10711
          ],
          [
            75.0372,
            25.10688
          ],
          [
            75.03707,
            25.10668
          ],
          [
            75.03703,
            25.10665
          ],
          [
            75.03691,
            25.10656
          ],
          [
            75.03676,
            25.10651
          ],
          [
            75.03668,
            25.10646
          ],
          [
            75.0366,
            25.10635
          ],
          [
            75.03649,
            25.10599
          ],
          [
            75.03644,
            25.10587
          ],
          [
            75.03616,
            25.10541
          ],
          [
            75.03584,
            25.10476
          ],
          [
            75.03569,
            25.10441
          ],
          [
            75.03554,
            25.10381
          ],
          [
            75.03545,
            25.10344
          ],
          [
            75.03541,
            25.1032
          ],
          [
            75.0353,
            25.10238
          ],
          [
            75.03524,
            25.10208
          ],
          [
            75.03512,
            25.10164
          ],
          [
            75.0351,
            25.1015
          ],
          [
            75.03511,
            25.10107
          ],
          [
            75.03509,
            25.10096
          ],
          [
            75.03504,
            25.10086
          ],
          [
            75.03468,
            25.10033
          ],
          [
            75.03468,
            25.10028
          ],
          [
            75.03474,
            25.10006
          ],
          [
            75.03474,
            25.09998
          ],
          [
            75.03472,
            25.09993
          ],
          [
            75.03423,
            25.0995
          ],
          [
            75.03396,
            25.09927
          ],
          [
            75.03372,
            25.09895
          ],
          [
            75.03347,
            25.09874
          ],
          [
            75.03322,
            25.09857
          ],
          [
            75.03307,
            25.09849
          ],
          [
            75.03294,
            25.09845
          ],
          [
            75.03262,
            25.09841
          ],
          [
            75.03238,
            25.09834
          ],
          [
            75.03218,
            25.09827
          ],
          [
            75.0319,
            25.09808
          ],
          [
            75.0318,
            25.09797
          ],
          [
            75.03174,
            25.09786
          ],
          [
            75.03147,
            25.09711
          ],
          [
            75.03127,
            25.09647
          ],
          [
            75.03101,
            25.09584
          ],
          [
            75.03072,
            25.09496
          ],
          [
            75.0306,
            25.09477
          ],
          [
            75.03053,
            25.09468
          ],
          [
            75.03038,
            25.09456
          ],
          [
            75.03028,
            25.09447
          ],
          [
            75.03021,
            25.09439
          ],
          [
            75.02997,
            25.094
          ],
          [
            75.02984,
            25.09385
          ],
          [
            75.02963,
            25.09371
          ],
          [
            75.02947,
            25.09359
          ],
          [
            75.02918,
            25.09327
          ],
          [
            75.02901,
            25.09304
          ],
          [
            75.02874,
            25.09258
          ],
          [
            75.02851,
            25.09238
          ],
          [
            75.02764,
            25.09169
          ],
          [
            75.02733,
            25.09142
          ],
          [
            75.02718,
            25.09123
          ],
          [
            75.02663,
            25.09036
          ],
          [
            75.02635,
            25.08995
          ],
          [
            75.02611,
            25.08959
          ],
          [
            75.02608,
            25.08949
          ],
          [
            75.02606,
            25.0893
          ],
          [
            75.02611,
            25.08848
          ],
          [
            75.02616,
            25.0883
          ],
          [
            75.02622,
            25.08806
          ],
          [
            75.0263,
            25.08766
          ],
          [
            75.02626,
            25.08751
          ],
          [
            75.02604,
            25.08694
          ],
          [
            75.02578,
            25.08601
          ],
          [
            75.0256,
            25.08548
          ],
          [
            75.02501,
            25.08386
          ],
          [
            75.02445,
            25.08266
          ],
          [
            75.02425,
            25.08232
          ],
          [
            75.02388,
            25.08175
          ],
          [
            75.02321,
            25.08074
          ],
          [
            75.02285,
            25.08024
          ],
          [
            75.02267,
            25.08007
          ],
          [
            75.02208,
            25.07957
          ],
          [
            75.02167,
            25.07908
          ],
          [
            75.02119,
            25.07845
          ],
          [
            75.02109,
            25.07836
          ],
          [
            75.02101,
            25.07831
          ],
          [
            75.0208,
            25.07826
          ],
          [
            75.02028,
            25.07815
          ],
          [
            75.01989,
            25.07802
          ],
          [
            75.0197,
            25.07793
          ],
          [
            75.01945,
            25.07772
          ],
          [
            75.01934,
            25.07759
          ],
          [
            75.01914,
            25.07732
          ],
          [
            75.01851,
            25.07629
          ],
          [
            75.01838,
            25.07613
          ],
          [
            75.01797,
            25.07566
          ],
          [
            75.01788,
            25.07552
          ],
          [
            75.01666,
            25.07318
          ],
          [
            75.01649,
            25.07289
          ],
          [
            75.01643,
            25.07274
          ],
          [
            75.0164,
            25.07244
          ],
          [
            75.0164,
            25.07208
          ],
          [
            75.01627,
            25.07139
          ],
          [
            75.01599,
            25.07027
          ],
          [
            75.01588,
            25.07006
          ],
          [
            75.01561,
            25.06972
          ],
          [
            75.01512,
            25.06905
          ],
          [
            75.01481,
            25.06853
          ],
          [
            75.01385,
            25.06666
          ],
          [
            75.01314,
            25.06517
          ],
          [
            75.01289,
            25.06428
          ],
          [
            75.0125,
            25.06284
          ],
          [
            75.01233,
            25.06183
          ],
          [
            75.01216,
            25.06075
          ],
          [
            75.01211,
            25.06002
          ],
          [
            75.01211,
            25.05959
          ],
          [
            75.01216,
            25.05917
          ],
          [
            75.01228,
            25.05856
          ],
          [
            75.0124,
            25.05811
          ],
          [
            75.01252,
            25.05777
          ],
          [
            75.01286,
            25.05699
          ],
          [
            75.01344,
            25.05582
          ],
          [
            75.01353,
            25.05562
          ],
          [
            75.01358,
            25.05545
          ],
          [
            75.01369,
            25.05419
          ],
          [
            75.0137,
            25.05408
          ],
          [
            75.01368,
            25.05402
          ],
          [
            75.01364,
            25.05392
          ],
          [
            75.01303,
            25.053
          ],
          [
            75.01273,
            25.05256
          ],
          [
            75.01416,
            25.05226
          ],
          [
            75.01535,
            25.05208
          ],
          [
            75.01634,
            25.05197
          ],
          [
            75.01686,
            25.05193
          ],
          [
            75.01775,
            25.05181
          ],
          [
            75.01836,
            25.0517
          ],
          [
            75.01898,
            25.05169
          ],
          [
            75.01996,
            25.0517
          ],
          [
            75.02105,
            25.05178
          ],
          [
            75.02284,
            25.05199
          ],
          [
            75.02385,
            25.05216
          ],
          [
            75.02585,
            25.05263
          ],
          [
            75.0265,
            25.05281
          ],
          [
            75.02758,
            25.05316
          ],
          [
            75.0292,
            25.05379
          ],
          [
            75.0306,
            25.05444
          ],
          [
            75.03119,
            25.05475
          ],
          [
            75.03217,
            25.0553
          ],
          [
            75.0329,
            25.05573
          ],
          [
            75.03343,
            25.05607
          ],
          [
            75.03384,
            25.05639
          ],
          [
            75.03393,
            25.0563
          ],
          [
            75.03356,
            25.05605
          ],
          [
            75.03331,
            25.05587
          ],
          [
            75.03128,
            25.05465
          ],
          [
            75.03031,
            25.05417
          ],
          [
            75.02914,
            25.05364
          ],
          [
            75.02814,
            25.05325
          ],
          [
            75.02711,
            25.05288
          ],
          [
            75.02547,
            25.05239
          ],
          [
            75.02402,
            25.0521
          ],
          [
            75.02245,
            25.05183
          ],
          [
            75.0206,
            25.05163
          ],
          [
            75.01905,
            25.05158
          ],
          [
            75.01844,
            25.05158
          ],
          [
            75.01767,
            25.05161
          ],
          [
            75.01632,
            25.05168
          ],
          [
            75.0149,
            25.05184
          ],
          [
            75.01415,
            25.05197
          ],
          [
            75.01123,
            25.05251
          ],
          [
            75.01075,
            25.0526
          ],
          [
            75.00761,
            25.0532
          ],
          [
            75.00617,
            25.05351
          ],
          [
            75.00383,
            25.05392
          ],
          [
            75.00335,
            25.05403
          ],
          [
            75.00325,
            25.05406
          ],
          [
            75.00286,
            25.0542
          ],
          [
            75.00226,
            25.05447
          ],
          [
            74.99937,
            25.05603
          ],
          [
            74.99834,
            25.05658
          ],
          [
            74.99787,
            25.05679
          ],
          [
            74.99734,
            25.05695
          ],
          [
            74.99646,
            25.05707
          ],
          [
            74.99515,
            25.05711
          ],
          [
            74.99443,
            25.05717
          ],
          [
            74.9939,
            25.05725
          ],
          [
            74.99346,
            25.05739
          ],
          [
            74.99307,
            25.05755
          ],
          [
            74.99269,
            25.05777
          ],
          [
            74.99185,
            25.05835
          ],
          [
            74.99134,
            25.05869
          ],
          [
            74.98983,
            25.05978
          ],
          [
            74.9891,
            25.06043
          ],
          [
            74.98538,
            25.06425
          ],
          [
            74.98443,
            25.06525
          ],
          [
            74.98112,
            25.06908
          ],
          [
            74.97238,
            25.07903
          ],
          [
            74.9714,
            25.08015
          ],
          [
            74.97015,
            25.08159
          ],
          [
            74.96937,
            25.08239
          ],
          [
            74.96918,
            25.08256
          ],
          [
            74.969,
            25.08272
          ],
          [
            74.96879,
            25.0829
          ],
          [
            74.96758,
            25.08377
          ],
          [
            74.96548,
            25.08533
          ],
          [
            74.96501,
            25.08567
          ],
          [
            74.96294,
            25.08708
          ],
          [
            74.96259,
            25.08732
          ],
          [
            74.96173,
            25.08801
          ],
          [
            74.96064,
            25.08897
          ],
          [
            74.9592,
            25.09021
          ],
          [
            74.95749,
            25.09167
          ],
          [
            74.9569,
            25.09209
          ],
          [
            74.95627,
            25.09247
          ],
          [
            74.9556,
            25.09284
          ],
          [
            74.95513,
            25.09307
          ],
          [
            74.95432,
            25.09353
          ],
          [
            74.95336,
            25.09419
          ],
          [
            74.95294,
            25.09453
          ],
          [
            74.9517,
            25.09562
          ],
          [
            74.95065,
            25.0965
          ],
          [
            74.95012,
            25.09696
          ],
          [
            74.9495,
            25.09748
          ],
          [
            74.9474,
            25.09929
          ],
          [
            74.94333,
            25.10316
          ],
          [
            74.9412,
            25.1051
          ],
          [
            74.94055,
            25.10559
          ],
          [
            74.94,
            25.10593
          ],
          [
            74.93932,
            25.10631
          ],
          [
            74.93832,
            25.10674
          ],
          [
            74.93711,
            25.10714
          ],
          [
            74.93602,
            25.10737
          ],
          [
            74.93466,
            25.10762
          ],
          [
            74.93343,
            25.10788
          ],
          [
            74.93226,
            25.10809
          ],
          [
            74.9318,
            25.10815
          ],
          [
            74.93141,
            25.10818
          ],
          [
            74.93077,
            25.10816
          ],
          [
            74.93006,
            25.1081
          ],
          [
            74.92971,
            25.10803
          ],
          [
            74.92923,
            25.1079
          ],
          [
            74.92487,
            25.1063
          ],
          [
            74.92219,
            25.10531
          ],
          [
            74.92027,
            25.1046
          ],
          [
            74.91917,
            25.10419
          ],
          [
            74.91828,
            25.10387
          ],
          [
            74.91787,
            25.10372
          ],
          [
            74.9168,
            25.10332
          ],
          [
            74.91631,
            25.10314
          ],
          [
            74.91603,
            25.10304
          ],
          [
            74.91551,
            25.10289
          ],
          [
            74.91512,
            25.10283
          ],
          [
            74.91474,
            25.1028
          ],
          [
            74.91443,
            25.1028
          ],
          [
            74.91392,
            25.1028
          ],
          [
            74.91336,
            25.10281
          ],
          [
            74.91282,
            25.10285
          ],
          [
            74.91231,
            25.10291
          ],
          [
            74.91164,
            25.10302
          ],
          [
            74.9072,
            25.10397
          ],
          [
            74.90607,
            25.10424
          ],
          [
            74.90245,
            25.10518
          ],
          [
            74.90218,
            25.10523
          ],
          [
            74.90131,
            25.10541
          ],
          [
            74.90101,
            25.10547
          ],
          [
            74.89892,
            25.10588
          ],
          [
            74.89814,
            25.10599
          ],
          [
            74.89609,
            25.10617
          ],
          [
            74.89462,
            25.1063
          ],
          [
            74.89369,
            25.10638
          ],
          [
            74.89248,
            25.10642
          ],
          [
            74.89155,
            25.10636
          ],
          [
            74.89061,
            25.10626
          ],
          [
            74.8897,
            25.10612
          ],
          [
            74.88927,
            25.10603
          ],
          [
            74.88887,
            25.10594
          ],
          [
            74.88814,
            25.10574
          ],
          [
            74.88772,
            25.10561
          ],
          [
            74.88749,
            25.10553
          ],
          [
            74.88688,
            25.10531
          ],
          [
            74.88463,
            25.10446
          ],
          [
            74.88391,
            25.10423
          ],
          [
            74.88322,
            25.10417
          ],
          [
            74.88271,
            25.10419
          ],
          [
            74.88218,
            25.10428
          ],
          [
            74.88193,
            25.10433
          ],
          [
            74.88142,
            25.10452
          ],
          [
            74.88113,
            25.10467
          ],
          [
            74.88081,
            25.10487
          ],
          [
            74.88045,
            25.10517
          ],
          [
            74.88023,
            25.1054
          ],
          [
            74.87989,
            25.10588
          ],
          [
            74.87981,
            25.10602
          ],
          [
            74.87967,
            25.10633
          ],
          [
            74.87955,
            25.10664
          ],
          [
            74.87943,
            25.10708
          ],
          [
            74.87929,
            25.10779
          ],
          [
            74.87914,
            25.10838
          ],
          [
            74.87898,
            25.10877
          ],
          [
            74.87873,
            25.10919
          ],
          [
            74.87835,
            25.10961
          ],
          [
            74.87797,
            25.10993
          ],
          [
            74.87749,
            25.1102
          ],
          [
            74.87679,
            25.11049
          ],
          [
            74.87643,
            25.11059
          ],
          [
            74.87581,
            25.11068
          ],
          [
            74.87513,
            25.11073
          ],
          [
            74.87451,
            25.11066
          ],
          [
            74.8741,
            25.11057
          ],
          [
            74.87394,
            25.11054
          ],
          [
            74.87307,
            25.11021
          ],
          [
            74.87276,
            25.11006
          ],
          [
            74.87205,
            25.1096
          ],
          [
            74.87137,
            25.10908
          ],
          [
            74.87024,
            25.10813
          ],
          [
            74.86939,
            25.10745
          ],
          [
            74.86892,
            25.10694
          ],
          [
            74.86844,
            25.10637
          ],
          [
            74.86812,
            25.10591
          ],
          [
            74.86775,
            25.10525
          ],
          [
            74.86759,
            25.10495
          ],
          [
            74.86666,
            25.10341
          ],
          [
            74.86632,
            25.10297
          ],
          [
            74.86538,
            25.10202
          ],
          [
            74.86445,
            25.10104
          ],
          [
            74.86344,
            25.09989
          ],
          [
            74.86282,
            25.09909
          ],
          [
            74.86241,
            25.09854
          ],
          [
            74.86209,
            25.09788
          ],
          [
            74.86155,
            25.09662
          ],
          [
            74.86078,
            25.09516
          ],
          [
            74.8603,
            25.09441
          ],
          [
            74.85977,
            25.09367
          ],
          [
            74.8594,
            25.0932
          ],
          [
            74.85901,
            25.0928
          ],
          [
            74.8585,
            25.09237
          ],
          [
            74.8579,
            25.09203
          ],
          [
            74.85728,
            25.09176
          ],
          [
            74.85634,
            25.09142
          ],
          [
            74.85471,
            25.09082
          ],
          [
            74.85364,
            25.09044
          ],
          [
            74.85314,
            25.09026
          ],
          [
            74.85286,
            25.09015
          ],
          [
            74.85242,
            25.09
          ],
          [
            74.85195,
            25.08982
          ],
          [
            74.85175,
            25.08971
          ],
          [
            74.85139,
            25.08949
          ],
          [
            74.85068,
            25.08879
          ],
          [
            74.85026,
            25.08819
          ],
          [
            74.84965,
            25.08724
          ],
          [
            74.84944,
            25.08686
          ],
          [
            74.84898,
            25.0859
          ],
          [
            74.84875,
            25.08533
          ],
          [
            74.84835,
            25.0845
          ],
          [
            74.84719,
            25.08195
          ],
          [
            74.84653,
            25.08058
          ],
          [
            74.8463,
            25.07994
          ],
          [
            74.8458,
            25.07836
          ],
          [
            74.84561,
            25.07785
          ],
          [
            74.84531,
            25.07714
          ],
          [
            74.84369,
            25.07357
          ],
          [
            74.84336,
            25.07272
          ],
          [
            74.84285,
            25.07101
          ],
          [
            74.84263,
            25.07035
          ],
          [
            74.8425,
            25.06981
          ],
          [
            74.8424,
            25.06927
          ],
          [
            74.84234,
            25.06877
          ],
          [
            74.84233,
            25.06835
          ],
          [
            74.84237,
            25.06797
          ],
          [
            74.84244,
            25.06763
          ],
          [
            74.84254,
            25.0673
          ],
          [
            74.84263,
            25.06706
          ],
          [
            74.84274,
            25.06679
          ],
          [
            74.84309,
            25.06624
          ],
          [
            74.84336,
            25.06588
          ],
          [
            74.84669,
            25.06241
          ],
          [
            74.84711,
            25.06195
          ],
          [
            74.84749,
            25.06139
          ],
          [
            74.84771,
            25.06096
          ],
          [
            74.84783,
            25.06059
          ],
          [
            74.84794,
            25.05999
          ],
          [
            74.84795,
            25.05982
          ],
          [
            74.84796,
            25.05963
          ],
          [
            74.84789,
            25.05904
          ],
          [
            74.84779,
            25.05865
          ],
          [
            74.84747,
            25.05791
          ],
          [
            74.8472,
            25.05747
          ],
          [
            74.84672,
            25.05668
          ],
          [
            74.84523,
            25.05412
          ],
          [
            74.84504,
            25.05379
          ],
          [
            74.84368,
            25.05154
          ],
          [
            74.84309,
            25.05048
          ],
          [
            74.84289,
            25.05012
          ],
          [
            74.84098,
            25.04684
          ],
          [
            74.84026,
            25.04581
          ],
          [
            74.83988,
            25.04541
          ],
          [
            74.83954,
            25.04514
          ],
          [
            74.83922,
            25.04492
          ],
          [
            74.83887,
            25.04473
          ],
          [
            74.83835,
            25.04449
          ],
          [
            74.83729,
            25.04407
          ],
          [
            74.83451,
            25.04293
          ],
          [
            74.83402,
            25.04265
          ],
          [
            74.83392,
            25.04257
          ],
          [
            74.8336,
            25.0423
          ],
          [
            74.83255,
            25.04126
          ],
          [
            74.83194,
            25.04061
          ],
          [
            74.8315,
            25.04023
          ],
          [
            74.83106,
            25.03992
          ],
          [
            74.83055,
            25.03964
          ],
          [
            74.82939,
            25.03916
          ],
          [
            74.82864,
            25.03878
          ],
          [
            74.82784,
            25.03842
          ],
          [
            74.82712,
            25.03804
          ],
          [
            74.82559,
            25.03709
          ],
          [
            74.82486,
            25.0367
          ],
          [
            74.82408,
            25.03644
          ],
          [
            74.8227,
            25.03613
          ],
          [
            74.82164,
            25.03592
          ],
          [
            74.82088,
            25.03575
          ],
          [
            74.82046,
            25.03559
          ],
          [
            74.81971,
            25.03516
          ],
          [
            74.81848,
            25.03437
          ],
          [
            74.81769,
            25.03384
          ],
          [
            74.81704,
            25.03344
          ],
          [
            74.81578,
            25.03272
          ],
          [
            74.81502,
            25.03224
          ],
          [
            74.8143,
            25.03191
          ],
          [
            74.81339,
            25.03159
          ],
          [
            74.8129,
            25.03143
          ],
          [
            74.81247,
            25.03134
          ],
          [
            74.81171,
            25.03118
          ],
          [
            74.81079,
            25.03106
          ],
          [
            74.80976,
            25.03103
          ],
          [
            74.80171,
            25.03096
          ],
          [
            74.80037,
            25.0309
          ],
          [
            74.79915,
            25.0308
          ],
          [
            74.79738,
            25.03057
          ],
          [
            74.79596,
            25.03028
          ],
          [
            74.79477,
            25.02999
          ],
          [
            74.79451,
            25.02991
          ],
          [
            74.79425,
            25.02983
          ],
          [
            74.79199,
            25.02916
          ],
          [
            74.78916,
            25.02829
          ],
          [
            74.78382,
            25.02667
          ],
          [
            74.77413,
            25.02378
          ],
          [
            74.76946,
            25.02236
          ],
          [
            74.76853,
            25.02206
          ],
          [
            74.76734,
            25.02158
          ],
          [
            74.76644,
            25.02102
          ],
          [
            74.76617,
            25.02083
          ],
          [
            74.76585,
            25.0206
          ],
          [
            74.76527,
            25.02011
          ],
          [
            74.7649,
            25.01975
          ],
          [
            74.76452,
            25.01933
          ],
          [
            74.76383,
            25.01847
          ],
          [
            74.7629,
            25.01711
          ],
          [
            74.76201,
            25.01579
          ],
          [
            74.76177,
            25.01532
          ],
          [
            74.76157,
            25.01486
          ],
          [
            74.76137,
            25.01418
          ],
          [
            74.76126,
            25.01361
          ],
          [
            74.76118,
            25.01083
          ],
          [
            74.76112,
            25.01038
          ],
          [
            74.76108,
            25.01027
          ],
          [
            74.76098,
            25.00994
          ],
          [
            74.76086,
            25.00956
          ],
          [
            74.76069,
            25.00921
          ],
          [
            74.76035,
            25.00865
          ],
          [
            74.76002,
            25.00825
          ],
          [
            74.75992,
            25.00815
          ],
          [
            74.75952,
            25.00779
          ],
          [
            74.759,
            25.00743
          ],
          [
            74.75665,
            25.00594
          ],
          [
            74.75606,
            25.00562
          ],
          [
            74.75552,
            25.0054
          ],
          [
            74.75498,
            25.00521
          ],
          [
            74.75,
            25.00386
          ],
          [
            74.74934,
            25.00364
          ],
          [
            74.747,
            25.0028
          ],
          [
            74.74516,
            25.00203
          ],
          [
            74.74389,
            25.00141
          ],
          [
            74.74312,
            25.00099
          ],
          [
            74.73914,
            24.99877
          ],
          [
            74.73861,
            24.99849
          ],
          [
            74.73809,
            24.99829
          ],
          [
            74.73728,
            24.99809
          ],
          [
            74.73355,
            24.99743
          ],
          [
            74.73307,
            24.99731
          ],
          [
            74.73257,
            24.99713
          ],
          [
            74.73206,
            24.99684
          ],
          [
            74.73164,
            24.99656
          ],
          [
            74.73121,
            24.99616
          ],
          [
            74.73084,
            24.99567
          ],
          [
            74.73061,
            24.99527
          ],
          [
            74.73046,
            24.99483
          ],
          [
            74.73034,
            24.99422
          ],
          [
            74.73026,
            24.99349
          ],
          [
            74.72993,
            24.98996
          ],
          [
            74.72989,
            24.98955
          ],
          [
            74.72967,
            24.98869
          ],
          [
            74.72948,
            24.98821
          ],
          [
            74.7292,
            24.9877
          ],
          [
            74.72888,
            24.98725
          ],
          [
            74.72826,
            24.98652
          ],
          [
            74.72714,
            24.98529
          ],
          [
            74.72656,
            24.98454
          ],
          [
            74.7261,
            24.98389
          ],
          [
            74.72539,
            24.98273
          ],
          [
            74.72441,
            24.98125
          ],
          [
            74.72344,
            24.97983
          ],
          [
            74.7227,
            24.97887
          ],
          [
            74.72235,
            24.97854
          ],
          [
            74.72186,
            24.97825
          ],
          [
            74.72128,
            24.97792
          ],
          [
            74.7203,
            24.97742
          ],
          [
            74.71956,
            24.97702
          ],
          [
            74.71903,
            24.97665
          ],
          [
            74.71852,
            24.97617
          ],
          [
            74.71824,
            24.97583
          ],
          [
            74.71798,
            24.97549
          ],
          [
            74.7176,
            24.97466
          ],
          [
            74.71712,
            24.97345
          ],
          [
            74.71678,
            24.97283
          ],
          [
            74.71674,
            24.97277
          ],
          [
            74.71635,
            24.97231
          ],
          [
            74.71574,
            24.97169
          ],
          [
            74.71441,
            24.9705
          ],
          [
            74.7137,
            24.96997
          ],
          [
            74.71304,
            24.96966
          ],
          [
            74.71108,
            24.96894
          ],
          [
            74.71089,
            24.96887
          ],
          [
            74.70663,
            24.96743
          ],
          [
            74.70596,
            24.96718
          ],
          [
            74.70539,
            24.96691
          ],
          [
            74.70493,
            24.96664
          ],
          [
            74.70444,
            24.96616
          ],
          [
            74.70399,
            24.96561
          ],
          [
            74.70391,
            24.96547
          ],
          [
            74.70351,
            24.96479
          ],
          [
            74.70253,
            24.9634
          ],
          [
            74.70191,
            24.96249
          ],
          [
            74.70087,
            24.96111
          ],
          [
            74.69901,
            24.95893
          ],
          [
            74.69776,
            24.95726
          ],
          [
            74.69561,
            24.9541
          ],
          [
            74.69435,
            24.95241
          ],
          [
            74.69237,
            24.94986
          ],
          [
            74.69108,
            24.94812
          ],
          [
            74.69057,
            24.94719
          ],
          [
            74.69039,
            24.94665
          ],
          [
            74.6903,
            24.94596
          ],
          [
            74.69026,
            24.94498
          ],
          [
            74.69024,
            24.94461
          ],
          [
            74.69025,
            24.94329
          ],
          [
            74.69028,
            24.94203
          ],
          [
            74.69032,
            24.93983
          ],
          [
            74.6902,
            24.9302
          ],
          [
            74.69006,
            24.92849
          ],
          [
            74.68977,
            24.92575
          ],
          [
            74.68922,
            24.92061
          ],
          [
            74.68833,
            24.91359
          ],
          [
            74.68808,
            24.91156
          ],
          [
            74.68797,
            24.91077
          ],
          [
            74.68755,
            24.90742
          ],
          [
            74.68749,
            24.9068
          ],
          [
            74.68742,
            24.90643
          ],
          [
            74.6874,
            24.90632
          ],
          [
            74.68732,
            24.90594
          ],
          [
            74.68704,
            24.90493
          ],
          [
            74.68666,
            24.90363
          ],
          [
            74.68652,
            24.90333
          ],
          [
            74.68643,
            24.90311
          ],
          [
            74.68606,
            24.90227
          ],
          [
            74.68542,
            24.90125
          ],
          [
            74.68505,
            24.90065
          ],
          [
            74.68244,
            24.8973
          ],
          [
            74.6821,
            24.89686
          ],
          [
            74.67875,
            24.89259
          ],
          [
            74.67857,
            24.89231
          ],
          [
            74.67815,
            24.89159
          ],
          [
            74.67744,
            24.89016
          ],
          [
            74.67505,
            24.88468
          ],
          [
            74.67494,
            24.88441
          ],
          [
            74.67415,
            24.88265
          ],
          [
            74.6736,
            24.88107
          ],
          [
            74.67319,
            24.87939
          ],
          [
            74.67289,
            24.87749
          ],
          [
            74.67284,
            24.87716
          ],
          [
            74.67266,
            24.87604
          ],
          [
            74.67246,
            24.87471
          ],
          [
            74.67205,
            24.87213
          ],
          [
            74.67194,
            24.87151
          ],
          [
            74.67163,
            24.86975
          ],
          [
            74.671,
            24.86755
          ],
          [
            74.67077,
            24.86707
          ],
          [
            74.666,
            24.8573
          ],
          [
            74.66421,
            24.85367
          ],
          [
            74.66398,
            24.85321
          ],
          [
            74.66377,
            24.85278
          ],
          [
            74.66261,
            24.85044
          ],
          [
            74.66246,
            24.85015
          ],
          [
            74.66105,
            24.84741
          ],
          [
            74.66066,
            24.84684
          ],
          [
            74.66005,
            24.84597
          ],
          [
            74.65889,
            24.84455
          ],
          [
            74.65812,
            24.84375
          ],
          [
            74.65726,
            24.843
          ],
          [
            74.65669,
            24.84252
          ],
          [
            74.65541,
            24.84156
          ],
          [
            74.65387,
            24.84057
          ],
          [
            74.65273,
            24.83982
          ],
          [
            74.65103,
            24.83881
          ],
          [
            74.64913,
            24.83796
          ],
          [
            74.6446,
            24.83629
          ],
          [
            74.64415,
            24.83613
          ],
          [
            74.64238,
            24.83552
          ],
          [
            74.64136,
            24.83516
          ],
          [
            74.64091,
            24.83501
          ],
          [
            74.64067,
            24.83492
          ],
          [
            74.63595,
            24.83324
          ],
          [
            74.63456,
            24.83272
          ],
          [
            74.63373,
            24.83247
          ],
          [
            74.63234,
            24.83221
          ],
          [
            74.63199,
            24.83217
          ],
          [
            74.63052,
            24.83202
          ],
          [
            74.63011,
            24.83198
          ],
          [
            74.62797,
            24.83179
          ],
          [
            74.6273,
            24.83173
          ],
          [
            74.6256,
            24.83163
          ],
          [
            74.62479,
            24.83163
          ],
          [
            74.62379,
            24.83165
          ],
          [
            74.62249,
            24.83173
          ],
          [
            74.62246,
            24.83174
          ],
          [
            74.61879,
            24.83224
          ],
          [
            74.61847,
            24.83228
          ],
          [
            74.61595,
            24.83263
          ],
          [
            74.61382,
            24.83293
          ],
          [
            74.61188,
            24.8332
          ],
          [
            74.61108,
            24.83323
          ],
          [
            74.61013,
            24.83326
          ],
          [
            74.6092,
            24.8333
          ],
          [
            74.60653,
            24.83336
          ],
          [
            74.60572,
            24.8334
          ],
          [
            74.60445,
            24.83348
          ],
          [
            74.60096,
            24.8339
          ],
          [
            74.60059,
            24.83394
          ],
          [
            74.59507,
            24.83464
          ],
          [
            74.59424,
            24.83469
          ],
          [
            74.59075,
            24.83487
          ],
          [
            74.58986,
            24.835
          ],
          [
            74.58842,
            24.83528
          ],
          [
            74.58527,
            24.83641
          ],
          [
            74.58371,
            24.83668
          ],
          [
            74.58332,
            24.83671
          ],
          [
            74.58279,
            24.83671
          ],
          [
            74.5823,
            24.83669
          ],
          [
            74.58048,
            24.83638
          ],
          [
            74.5769,
            24.83557
          ],
          [
            74.57252,
            24.83458
          ],
          [
            74.57196,
            24.83445
          ],
          [
            74.5714,
            24.83429
          ],
          [
            74.57019,
            24.83389
          ],
          [
            74.57003,
            24.83382
          ],
          [
            74.56952,
            24.8336
          ],
          [
            74.56767,
            24.83279
          ],
          [
            74.56667,
            24.83233
          ],
          [
            74.56603,
            24.83197
          ],
          [
            74.56555,
            24.83168
          ],
          [
            74.56536,
            24.83157
          ],
          [
            74.56468,
            24.83108
          ],
          [
            74.56422,
            24.8307
          ],
          [
            74.56384,
            24.83042
          ],
          [
            74.56369,
            24.83028
          ],
          [
            74.56329,
            24.82996
          ],
          [
            74.55625,
            24.8243
          ],
          [
            74.5558,
            24.824
          ],
          [
            74.5556,
            24.82387
          ],
          [
            74.55503,
            24.82355
          ],
          [
            74.55451,
            24.8233
          ],
          [
            74.554,
            24.82311
          ],
          [
            74.55345,
            24.82294
          ],
          [
            74.55271,
            24.82277
          ],
          [
            74.552,
            24.82266
          ],
          [
            74.5511,
            24.82263
          ],
          [
            74.55074,
            24.82263
          ],
          [
            74.5503,
            24.82263
          ],
          [
            74.54926,
            24.82267
          ],
          [
            74.54881,
            24.82268
          ],
          [
            74.54719,
            24.82274
          ],
          [
            74.54374,
            24.8228
          ],
          [
            74.54312,
            24.82279
          ],
          [
            74.5427,
            24.82275
          ],
          [
            74.54211,
            24.82264
          ],
          [
            74.54195,
            24.82259
          ],
          [
            74.54155,
            24.82247
          ],
          [
            74.54105,
            24.82223
          ],
          [
            74.54073,
            24.82201
          ],
          [
            74.54039,
            24.82174
          ],
          [
            74.53976,
            24.82116
          ],
          [
            74.5382,
            24.81966
          ],
          [
            74.53465,
            24.81635
          ],
          [
            74.53261,
            24.81438
          ],
          [
            74.53179,
            24.81362
          ],
          [
            74.52962,
            24.81188
          ],
          [
            74.52915,
            24.81143
          ],
          [
            74.52872,
            24.81094
          ],
          [
            74.52804,
            24.81004
          ],
          [
            74.52787,
            24.80981
          ],
          [
            74.52715,
            24.80887
          ],
          [
            74.52617,
            24.80782
          ],
          [
            74.52448,
            24.80604
          ],
          [
            74.52327,
            24.80477
          ],
          [
            74.52296,
            24.80445
          ],
          [
            74.52087,
            24.8022
          ],
          [
            74.51982,
            24.80094
          ],
          [
            74.51882,
            24.79971
          ],
          [
            74.51771,
            24.79838
          ],
          [
            74.51718,
            24.79773
          ],
          [
            74.51679,
            24.79722
          ],
          [
            74.51659,
            24.79687
          ],
          [
            74.51614,
            24.79601
          ],
          [
            74.5154,
            24.79445
          ],
          [
            74.51398,
            24.79157
          ],
          [
            74.51341,
            24.79022
          ],
          [
            74.51134,
            24.78644
          ],
          [
            74.51102,
            24.78584
          ],
          [
            74.51046,
            24.78473
          ],
          [
            74.51007,
            24.7839
          ],
          [
            74.5098,
            24.78324
          ],
          [
            74.50974,
            24.78305
          ],
          [
            74.50942,
            24.78233
          ],
          [
            74.50919,
            24.78197
          ],
          [
            74.509,
            24.78172
          ],
          [
            74.50857,
            24.7813
          ],
          [
            74.50831,
            24.78111
          ],
          [
            74.50571,
            24.77874
          ],
          [
            74.50506,
            24.77825
          ],
          [
            74.50445,
            24.77781
          ],
          [
            74.50126,
            24.77569
          ],
          [
            74.49557,
            24.77193
          ],
          [
            74.4937,
            24.77068
          ],
          [
            74.4931,
            24.77032
          ],
          [
            74.4926,
            24.77009
          ],
          [
            74.49201,
            24.76987
          ],
          [
            74.49151,
            24.76972
          ],
          [
            74.49079,
            24.76956
          ],
          [
            74.48934,
            24.76938
          ],
          [
            74.48807,
            24.76926
          ],
          [
            74.4872,
            24.76918
          ],
          [
            74.4851,
            24.76901
          ],
          [
            74.48444,
            24.76892
          ],
          [
            74.48387,
            24.76879
          ],
          [
            74.48291,
            24.76837
          ],
          [
            74.4825,
            24.76807
          ],
          [
            74.48244,
            24.76802
          ],
          [
            74.48209,
            24.76769
          ],
          [
            74.4817,
            24.76726
          ],
          [
            74.48084,
            24.76585
          ],
          [
            74.47864,
            24.76212
          ],
          [
            74.47833,
            24.76157
          ],
          [
            74.47794,
            24.76095
          ],
          [
            74.47764,
            24.76034
          ],
          [
            74.47752,
            24.75999
          ],
          [
            74.4774,
            24.75921
          ],
          [
            74.47744,
            24.75851
          ],
          [
            74.47755,
            24.75793
          ],
          [
            74.47757,
            24.75782
          ],
          [
            74.47765,
            24.75748
          ],
          [
            74.47771,
            24.75713
          ],
          [
            74.47774,
            24.75676
          ],
          [
            74.47774,
            24.75621
          ],
          [
            74.47769,
            24.75578
          ],
          [
            74.47752,
            24.75521
          ],
          [
            74.47731,
            24.75473
          ],
          [
            74.47695,
            24.75404
          ],
          [
            74.47622,
            24.75289
          ],
          [
            74.47576,
            24.75224
          ],
          [
            74.47451,
            24.75038
          ],
          [
            74.47393,
            24.7496
          ],
          [
            74.47357,
            24.749
          ],
          [
            74.47302,
            24.74814
          ],
          [
            74.47209,
            24.7468
          ],
          [
            74.47126,
            24.74587
          ],
          [
            74.46748,
            24.7415
          ],
          [
            74.46597,
            24.73973
          ],
          [
            74.46543,
            24.73922
          ],
          [
            74.46484,
            24.73873
          ],
          [
            74.46366,
            24.73792
          ],
          [
            74.46333,
            24.73773
          ],
          [
            74.45549,
            24.73292
          ],
          [
            74.45397,
            24.732
          ],
          [
            74.45306,
            24.73148
          ],
          [
            74.45219,
            24.7311
          ],
          [
            74.45114,
            24.73071
          ],
          [
            74.44974,
            24.73028
          ],
          [
            74.44816,
            24.72978
          ],
          [
            74.44704,
            24.72956
          ],
          [
            74.44574,
            24.72946
          ],
          [
            74.44448,
            24.72953
          ],
          [
            74.44214,
            24.72975
          ],
          [
            74.43682,
            24.7302
          ],
          [
            74.43512,
            24.73026
          ],
          [
            74.43355,
            24.73016
          ],
          [
            74.43232,
            24.73005
          ],
          [
            74.42918,
            24.7294
          ],
          [
            74.42019,
            24.72751
          ],
          [
            74.41602,
            24.72663
          ],
          [
            74.41572,
            24.72657
          ],
          [
            74.40874,
            24.72504
          ],
          [
            74.40788,
            24.72482
          ],
          [
            74.40716,
            24.72457
          ],
          [
            74.40572,
            24.72389
          ],
          [
            74.39862,
            24.72032
          ],
          [
            74.39726,
            24.71959
          ],
          [
            74.39565,
            24.71876
          ],
          [
            74.39413,
            24.71809
          ],
          [
            74.39356,
            24.71787
          ],
          [
            74.39255,
            24.71763
          ],
          [
            74.392,
            24.71753
          ],
          [
            74.39119,
            24.71748
          ],
          [
            74.38848,
            24.71742
          ],
          [
            74.38803,
            24.71744
          ],
          [
            74.38747,
            24.71754
          ],
          [
            74.38722,
            24.7176
          ],
          [
            74.38684,
            24.71772
          ],
          [
            74.38533,
            24.71836
          ],
          [
            74.38485,
            24.71853
          ],
          [
            74.38435,
            24.71865
          ],
          [
            74.38306,
            24.71884
          ],
          [
            74.38237,
            24.71889
          ],
          [
            74.38187,
            24.71891
          ],
          [
            74.3811,
            24.71888
          ],
          [
            74.38035,
            24.71872
          ],
          [
            74.37966,
            24.71845
          ],
          [
            74.37777,
            24.71767
          ],
          [
            74.37739,
            24.71751
          ],
          [
            74.37444,
            24.71624
          ],
          [
            74.37338,
            24.7158
          ],
          [
            74.37289,
            24.71553
          ],
          [
            74.37212,
            24.71496
          ],
          [
            74.37122,
            24.71423
          ],
          [
            74.3707,
            24.71393
          ],
          [
            74.37007,
            24.71371
          ],
          [
            74.36811,
            24.71334
          ],
          [
            74.36665,
            24.71298
          ],
          [
            74.36539,
            24.71257
          ],
          [
            74.36492,
            24.71241
          ],
          [
            74.36445,
            24.71217
          ],
          [
            74.36383,
            24.71169
          ],
          [
            74.36332,
            24.71124
          ],
          [
            74.36213,
            24.71014
          ],
          [
            74.36163,
            24.70963
          ],
          [
            74.36139,
            24.70937
          ],
          [
            74.36011,
            24.7077
          ],
          [
            74.35954,
            24.70708
          ],
          [
            74.35779,
            24.7055
          ],
          [
            74.35412,
            24.70213
          ],
          [
            74.35376,
            24.7018
          ],
          [
            74.35303,
            24.70108
          ],
          [
            74.35205,
            24.70003
          ],
          [
            74.3502,
            24.69791
          ],
          [
            74.34799,
            24.69533
          ],
          [
            74.34716,
            24.69431
          ],
          [
            74.34559,
            24.69203
          ],
          [
            74.34506,
            24.69131
          ],
          [
            74.34433,
            24.69052
          ],
          [
            74.34316,
            24.68932
          ],
          [
            74.34195,
            24.68826
          ],
          [
            74.33931,
            24.6859
          ],
          [
            74.3391,
            24.68566
          ],
          [
            74.33878,
            24.68516
          ],
          [
            74.3376,
            24.68342
          ],
          [
            74.33671,
            24.68203
          ],
          [
            74.33665,
            24.68191
          ],
          [
            74.33628,
            24.68137
          ],
          [
            74.33568,
            24.68023
          ],
          [
            74.33497,
            24.67929
          ],
          [
            74.33439,
            24.67863
          ],
          [
            74.33318,
            24.67729
          ],
          [
            74.33302,
            24.67712
          ],
          [
            74.33253,
            24.67651
          ],
          [
            74.33232,
            24.67621
          ],
          [
            74.3318,
            24.67557
          ],
          [
            74.3313,
            24.67499
          ],
          [
            74.33068,
            24.67443
          ],
          [
            74.32945,
            24.67348
          ],
          [
            74.32923,
            24.67328
          ],
          [
            74.32836,
            24.67247
          ],
          [
            74.3265,
            24.6704
          ],
          [
            74.32287,
            24.66642
          ],
          [
            74.32184,
            24.66527
          ],
          [
            74.32143,
            24.66484
          ],
          [
            74.32089,
            24.66431
          ],
          [
            74.32061,
            24.66409
          ],
          [
            74.3199,
            24.66364
          ],
          [
            74.31852,
            24.66297
          ],
          [
            74.31126,
            24.65972
          ],
          [
            74.31048,
            24.65928
          ],
          [
            74.31004,
            24.65898
          ],
          [
            74.30975,
            24.65873
          ],
          [
            74.30924,
            24.65819
          ],
          [
            74.30641,
            24.65462
          ],
          [
            74.30619,
            24.65428
          ],
          [
            74.30603,
            24.65405
          ],
          [
            74.3056,
            24.65295
          ],
          [
            74.30524,
            24.6514
          ],
          [
            74.3041,
            24.64629
          ],
          [
            74.30396,
            24.64558
          ],
          [
            74.30392,
            24.64492
          ],
          [
            74.30394,
            24.64435
          ],
          [
            74.30397,
            24.64337
          ],
          [
            74.30399,
            24.64273
          ],
          [
            74.30424,
            24.63917
          ],
          [
            74.30429,
            24.63787
          ],
          [
            74.3042,
            24.63698
          ],
          [
            74.30408,
            24.63623
          ],
          [
            74.30406,
            24.63605
          ],
          [
            74.3038,
            24.63443
          ],
          [
            74.30374,
            24.63405
          ],
          [
            74.30349,
            24.63321
          ],
          [
            74.30263,
            24.6314
          ],
          [
            74.30253,
            24.63116
          ],
          [
            74.30213,
            24.63019
          ],
          [
            74.30179,
            24.62928
          ],
          [
            74.30175,
            24.62913
          ],
          [
            74.30171,
            24.62893
          ],
          [
            74.30157,
            24.62827
          ],
          [
            74.30132,
            24.62622
          ],
          [
            74.30125,
            24.62555
          ],
          [
            74.30098,
            24.623
          ],
          [
            74.30097,
            24.62259
          ],
          [
            74.30096,
            24.62131
          ],
          [
            74.30098,
            24.6196
          ],
          [
            74.30076,
            24.6188
          ],
          [
            74.30058,
            24.61832
          ],
          [
            74.30036,
            24.61797
          ],
          [
            74.29999,
            24.61756
          ],
          [
            74.29851,
            24.61629
          ],
          [
            74.29727,
            24.6153
          ],
          [
            74.2954,
            24.61385
          ],
          [
            74.29467,
            24.61334
          ],
          [
            74.29387,
            24.61285
          ],
          [
            74.29309,
            24.61246
          ],
          [
            74.29183,
            24.61202
          ],
          [
            74.28848,
            24.61098
          ],
          [
            74.28686,
            24.6105
          ],
          [
            74.28588,
            24.61025
          ],
          [
            74.28513,
            24.61014
          ],
          [
            74.2842,
            24.61014
          ],
          [
            74.28261,
            24.61058
          ],
          [
            74.2805,
            24.61121
          ],
          [
            74.2797,
            24.61141
          ],
          [
            74.27909,
            24.61154
          ],
          [
            74.27719,
            24.61183
          ],
          [
            74.2732,
            24.61249
          ],
          [
            74.27265,
            24.61253
          ],
          [
            74.2721,
            24.61255
          ],
          [
            74.27066,
            24.61249
          ],
          [
            74.26983,
            24.61247
          ],
          [
            74.26796,
            24.61237
          ],
          [
            74.26477,
            24.61225
          ],
          [
            74.26196,
            24.61239
          ],
          [
            74.25997,
            24.6125
          ],
          [
            74.25759,
            24.61259
          ],
          [
            74.25576,
            24.61262
          ],
          [
            74.24814,
            24.61273
          ],
          [
            74.24717,
            24.61274
          ],
          [
            74.24689,
            24.61275
          ],
          [
            74.24526,
            24.61284
          ],
          [
            74.24362,
            24.61297
          ],
          [
            74.24247,
            24.61302
          ],
          [
            74.23504,
            24.61337
          ],
          [
            74.23491,
            24.61337
          ],
          [
            74.23185,
            24.6135
          ],
          [
            74.2311,
            24.61358
          ],
          [
            74.22835,
            24.6137
          ],
          [
            74.22779,
            24.61375
          ],
          [
            74.22714,
            24.61387
          ],
          [
            74.22645,
            24.61406
          ],
          [
            74.2254,
            24.6143
          ],
          [
            74.22502,
            24.61437
          ],
          [
            74.22434,
            24.61445
          ],
          [
            74.22395,
            24.61448
          ],
          [
            74.22322,
            24.61452
          ],
          [
            74.22137,
            24.61468
          ],
          [
            74.21395,
            24.61526
          ],
          [
            74.21236,
            24.61535
          ],
          [
            74.21168,
            24.61536
          ],
          [
            74.21097,
            24.61534
          ],
          [
            74.21002,
            24.61526
          ],
          [
            74.20896,
            24.61514
          ],
          [
            74.2078,
            24.61499
          ],
          [
            74.20675,
            24.61482
          ],
          [
            74.20554,
            24.61464
          ],
          [
            74.20427,
            24.61446
          ],
          [
            74.20029,
            24.61392
          ],
          [
            74.19988,
            24.61388
          ],
          [
            74.19922,
            24.61386
          ],
          [
            74.19866,
            24.61386
          ],
          [
            74.19752,
            24.6139
          ],
          [
            74.19558,
            24.61393
          ],
          [
            74.19534,
            24.61394
          ],
          [
            74.19045,
            24.61405
          ],
          [
            74.18885,
            24.61408
          ],
          [
            74.18767,
            24.61412
          ],
          [
            74.18613,
            24.61413
          ],
          [
            74.18267,
            24.61399
          ],
          [
            74.17884,
            24.61388
          ],
          [
            74.17504,
            24.61373
          ],
          [
            74.17266,
            24.61364
          ],
          [
            74.1705,
            24.6136
          ],
          [
            74.16701,
            24.61348
          ],
          [
            74.16631,
            24.61344
          ],
          [
            74.16577,
            24.61338
          ],
          [
            74.16523,
            24.61324
          ],
          [
            74.16476,
            24.61303
          ],
          [
            74.16427,
            24.61279
          ],
          [
            74.16357,
            24.6124
          ],
          [
            74.16194,
            24.61147
          ],
          [
            74.1599,
            24.61027
          ],
          [
            74.15636,
            24.60847
          ],
          [
            74.15561,
            24.60816
          ],
          [
            74.15469,
            24.60785
          ],
          [
            74.15372,
            24.60757
          ],
          [
            74.15263,
            24.60735
          ],
          [
            74.14829,
            24.60656
          ],
          [
            74.1469,
            24.60638
          ],
          [
            74.14549,
            24.60625
          ],
          [
            74.14498,
            24.60624
          ],
          [
            74.14415,
            24.60628
          ],
          [
            74.14354,
            24.60632
          ],
          [
            74.14306,
            24.60631
          ],
          [
            74.1416,
            24.60632
          ],
          [
            74.13409,
            24.60634
          ],
          [
            74.13062,
            24.60637
          ],
          [
            74.12753,
            24.6064
          ],
          [
            74.12709,
            24.60644
          ],
          [
            74.12645,
            24.60655
          ],
          [
            74.12554,
            24.60683
          ],
          [
            74.12439,
            24.60714
          ],
          [
            74.12396,
            24.60718
          ],
          [
            74.12367,
            24.60719
          ],
          [
            74.12329,
            24.60719
          ],
          [
            74.12152,
            24.60695
          ],
          [
            74.12106,
            24.60692
          ],
          [
            74.12061,
            24.60692
          ],
          [
            74.12008,
            24.60696
          ],
          [
            74.11952,
            24.60707
          ],
          [
            74.11757,
            24.60763
          ],
          [
            74.11428,
            24.60823
          ],
          [
            74.11014,
            24.60897
          ],
          [
            74.10955,
            24.60911
          ],
          [
            74.10908,
            24.60924
          ],
          [
            74.10856,
            24.60948
          ],
          [
            74.10802,
            24.60985
          ],
          [
            74.10721,
            24.61045
          ],
          [
            74.10627,
            24.61111
          ],
          [
            74.10556,
            24.61145
          ],
          [
            74.10483,
            24.61175
          ],
          [
            74.1042,
            24.61196
          ],
          [
            74.10334,
            24.61216
          ],
          [
            74.10253,
            24.61228
          ],
          [
            74.10186,
            24.61232
          ],
          [
            74.10126,
            24.61232
          ],
          [
            74.10104,
            24.61232
          ],
          [
            74.10024,
            24.61224
          ],
          [
            74.09975,
            24.61216
          ],
          [
            74.09915,
            24.61202
          ],
          [
            74.09858,
            24.61185
          ],
          [
            74.09783,
            24.61155
          ],
          [
            74.09714,
            24.61125
          ],
          [
            74.09657,
            24.61093
          ],
          [
            74.0959,
            24.61058
          ],
          [
            74.09535,
            24.61037
          ],
          [
            74.09488,
            24.61023
          ],
          [
            74.09416,
            24.61007
          ],
          [
            74.09367,
            24.61001
          ],
          [
            74.09303,
            24.61
          ],
          [
            74.09079,
            24.61014
          ],
          [
            74.08855,
            24.61032
          ],
          [
            74.08595,
            24.61048
          ],
          [
            74.07762,
            24.61108
          ],
          [
            74.07507,
            24.61125
          ],
          [
            74.06412,
            24.61209
          ],
          [
            74.06187,
            24.61226
          ],
          [
            74.06116,
            24.61233
          ],
          [
            74.05256,
            24.61347
          ],
          [
            74.04319,
            24.61473
          ],
          [
            74.04192,
            24.6149
          ],
          [
            74.03832,
            24.61544
          ],
          [
            74.03533,
            24.61587
          ],
          [
            74.03057,
            24.61649
          ],
          [
            74.02751,
            24.61689
          ],
          [
            74.02524,
            24.6172
          ],
          [
            74.01973,
            24.61789
          ],
          [
            74.01918,
            24.61803
          ],
          [
            74.01897,
            24.61809
          ],
          [
            74.0179,
            24.61845
          ],
          [
            74.01431,
            24.61965
          ],
          [
            74.01375,
            24.6198
          ],
          [
            74.01327,
            24.61988
          ],
          [
            74.01269,
            24.61989
          ],
          [
            74.00855,
            24.61985
          ],
          [
            74.00802,
            24.61982
          ],
          [
            74.00758,
            24.61977
          ],
          [
            74.00718,
            24.61971
          ],
          [
            74.00647,
            24.61948
          ],
          [
            74.00606,
            24.61926
          ],
          [
            74.0057,
            24.61903
          ],
          [
            74.00553,
            24.61891
          ],
          [
            74.00284,
            24.61673
          ],
          [
            74.00198,
            24.61618
          ],
          [
            74.00132,
            24.61586
          ],
          [
            74.00062,
            24.61561
          ],
          [
            73.99997,
            24.61543
          ],
          [
            73.99892,
            24.6153
          ],
          [
            73.99373,
            24.61496
          ],
          [
            73.993,
            24.61496
          ],
          [
            73.99258,
            24.61499
          ],
          [
            73.99204,
            24.61505
          ],
          [
            73.99076,
            24.61526
          ],
          [
            73.98536,
            24.61617
          ],
          [
            73.98296,
            24.61655
          ],
          [
            73.98033,
            24.61701
          ],
          [
            73.97241,
            24.61832
          ],
          [
            73.96752,
            24.61915
          ],
          [
            73.95359,
            24.62019
          ],
          [
            73.95006,
            24.62043
          ],
          [
            73.94676,
            24.62068
          ],
          [
            73.94605,
            24.62071
          ],
          [
            73.94549,
            24.62077
          ],
          [
            73.94487,
            24.62089
          ],
          [
            73.94403,
            24.62114
          ],
          [
            73.94327,
            24.62155
          ],
          [
            73.94307,
            24.62164
          ],
          [
            73.94286,
            24.62177
          ],
          [
            73.9425,
            24.622
          ],
          [
            73.94145,
            24.6226
          ],
          [
            73.9409,
            24.6228
          ],
          [
            73.94026,
            24.62298
          ],
          [
            73.93879,
            24.62325
          ],
          [
            73.93558,
            24.62379
          ],
          [
            73.93498,
            24.62382
          ],
          [
            73.93447,
            24.6238
          ],
          [
            73.93388,
            24.62375
          ],
          [
            73.9331,
            24.62362
          ],
          [
            73.93251,
            24.62356
          ],
          [
            73.93206,
            24.62355
          ],
          [
            73.93154,
            24.62359
          ],
          [
            73.93121,
            24.62362
          ],
          [
            73.93031,
            24.62375
          ],
          [
            73.92906,
            24.62398
          ],
          [
            73.92781,
            24.62422
          ],
          [
            73.92724,
            24.62435
          ],
          [
            73.92656,
            24.62453
          ],
          [
            73.92586,
            24.62466
          ],
          [
            73.92527,
            24.62472
          ],
          [
            73.92476,
            24.62471
          ],
          [
            73.92405,
            24.62464
          ],
          [
            73.92351,
            24.62453
          ],
          [
            73.9229,
            24.62435
          ],
          [
            73.92233,
            24.62414
          ],
          [
            73.92161,
            24.6239
          ],
          [
            73.92078,
            24.62371
          ],
          [
            73.92021,
            24.62361
          ],
          [
            73.91864,
            24.6233
          ],
          [
            73.91804,
            24.6232
          ],
          [
            73.91736,
            24.62315
          ],
          [
            73.91681,
            24.62315
          ],
          [
            73.91604,
            24.6232
          ],
          [
            73.91121,
            24.62359
          ],
          [
            73.91036,
            24.62367
          ],
          [
            73.90915,
            24.62374
          ],
          [
            73.90723,
            24.62368
          ],
          [
            73.9062,
            24.62375
          ],
          [
            73.90498,
            24.62389
          ],
          [
            73.90419,
            24.62396
          ],
          [
            73.90385,
            24.62397
          ],
          [
            73.90151,
            24.62404
          ],
          [
            73.89647,
            24.62431
          ],
          [
            73.8938,
            24.62441
          ],
          [
            73.89101,
            24.62454
          ],
          [
            73.89018,
            24.62456
          ],
          [
            73.88972,
            24.6246
          ],
          [
            73.88934,
            24.62463
          ],
          [
            73.88926,
            24.62463
          ],
          [
            73.88916,
            24.62465
          ],
          [
            73.88908,
            24.62466
          ],
          [
            73.88837,
            24.62478
          ],
          [
            73.88747,
            24.62489
          ],
          [
            73.88718,
            24.62491
          ],
          [
            73.88662,
            24.6249
          ],
          [
            73.88492,
            24.62482
          ],
          [
            73.88212,
            24.62495
          ],
          [
            73.87667,
            24.62519
          ],
          [
            73.8709,
            24.62548
          ],
          [
            73.87046,
            24.62549
          ],
          [
            73.87002,
            24.62547
          ],
          [
            73.86921,
            24.62534
          ],
          [
            73.86854,
            24.62521
          ],
          [
            73.86746,
            24.62495
          ],
          [
            73.86668,
            24.62478
          ],
          [
            73.86634,
            24.62476
          ],
          [
            73.86552,
            24.62473
          ],
          [
            73.86463,
            24.6247
          ],
          [
            73.86336,
            24.62465
          ],
          [
            73.86053,
            24.62442
          ],
          [
            73.8591,
            24.62411
          ],
          [
            73.8583,
            24.62385
          ],
          [
            73.85766,
            24.62355
          ],
          [
            73.85627,
            24.62249
          ],
          [
            73.85524,
            24.62173
          ],
          [
            73.85454,
            24.6213
          ],
          [
            73.85392,
            24.62104
          ],
          [
            73.85277,
            24.62076
          ],
          [
            73.84732,
            24.61963
          ],
          [
            73.84548,
            24.61946
          ],
          [
            73.84443,
            24.61928
          ],
          [
            73.84359,
            24.61902
          ],
          [
            73.84259,
            24.61862
          ],
          [
            73.84148,
            24.61814
          ],
          [
            73.84019,
            24.61781
          ],
          [
            73.83594,
            24.61692
          ],
          [
            73.83423,
            24.6166
          ],
          [
            73.83321,
            24.61647
          ],
          [
            73.832,
            24.61618
          ],
          [
            73.83108,
            24.61582
          ],
          [
            73.83015,
            24.6154
          ],
          [
            73.82945,
            24.61493
          ],
          [
            73.82877,
            24.61432
          ],
          [
            73.82807,
            24.61361
          ],
          [
            73.82751,
            24.61312
          ],
          [
            73.82652,
            24.61247
          ],
          [
            73.82577,
            24.61186
          ],
          [
            73.82478,
            24.61094
          ],
          [
            73.82406,
            24.6103
          ],
          [
            73.82343,
            24.60991
          ],
          [
            73.82269,
            24.60965
          ],
          [
            73.8219,
            24.60953
          ],
          [
            73.82106,
            24.60949
          ],
          [
            73.81848,
            24.60944
          ],
          [
            73.81773,
            24.60927
          ],
          [
            73.81381,
            24.60799
          ],
          [
            73.8129,
            24.60757
          ],
          [
            73.81192,
            24.60726
          ],
          [
            73.81061,
            24.607
          ],
          [
            73.80948,
            24.60686
          ],
          [
            73.8092,
            24.60683
          ],
          [
            73.80782,
            24.60674
          ],
          [
            73.80728,
            24.60672
          ],
          [
            73.80692,
            24.60668
          ],
          [
            73.80662,
            24.60663
          ],
          [
            73.80629,
            24.60653
          ],
          [
            73.80589,
            24.60636
          ],
          [
            73.80551,
            24.60612
          ],
          [
            73.80498,
            24.60575
          ],
          [
            73.80452,
            24.60539
          ],
          [
            73.80415,
            24.60501
          ],
          [
            73.80378,
            24.60457
          ],
          [
            73.8035,
            24.60428
          ],
          [
            73.80283,
            24.60364
          ],
          [
            73.80223,
            24.60334
          ],
          [
            73.80164,
            24.60315
          ],
          [
            73.80109,
            24.60304
          ],
          [
            73.80052,
            24.60301
          ],
          [
            73.79995,
            24.60305
          ],
          [
            73.79918,
            24.60323
          ],
          [
            73.79837,
            24.60362
          ],
          [
            73.79767,
            24.60394
          ],
          [
            73.79703,
            24.60415
          ],
          [
            73.7964,
            24.60423
          ],
          [
            73.79487,
            24.60432
          ],
          [
            73.79424,
            24.6043
          ],
          [
            73.79367,
            24.60421
          ],
          [
            73.79314,
            24.60401
          ],
          [
            73.79274,
            24.60378
          ],
          [
            73.79228,
            24.60339
          ],
          [
            73.79182,
            24.60288
          ],
          [
            73.79164,
            24.60261
          ],
          [
            73.79141,
            24.60233
          ],
          [
            73.79102,
            24.60196
          ],
          [
            73.79046,
            24.60158
          ],
          [
            73.78929,
            24.60064
          ],
          [
            73.7876,
            24.59892
          ],
          [
            73.78693,
            24.59817
          ],
          [
            73.7866,
            24.59743
          ],
          [
            73.78622,
            24.59624
          ],
          [
            73.78616,
            24.59599
          ],
          [
            73.78616,
            24.59548
          ],
          [
            73.78671,
            24.59469
          ],
          [
            73.78745,
            24.59356
          ],
          [
            73.78795,
            24.59268
          ],
          [
            73.78861,
            24.59136
          ],
          [
            73.789,
            24.59044
          ],
          [
            73.7893,
            24.58958
          ],
          [
            73.78977,
            24.58812
          ],
          [
            73.7901,
            24.58703
          ],
          [
            73.79035,
            24.58588
          ],
          [
            73.79054,
            24.58482
          ],
          [
            73.79066,
            24.58391
          ],
          [
            73.79077,
            24.58286
          ],
          [
            73.79079,
            24.58195
          ],
          [
            73.79081,
            24.58087
          ],
          [
            73.79084,
            24.576
          ],
          [
            73.79085,
            24.57521
          ],
          [
            73.7908,
            24.57361
          ],
          [
            73.79069,
            24.57001
          ],
          [
            73.7907,
            24.56826
          ],
          [
            73.79067,
            24.56758
          ],
          [
            73.7906,
            24.56695
          ],
          [
            73.79045,
            24.56628
          ],
          [
            73.79009,
            24.56519
          ],
          [
            73.78952,
            24.56412
          ],
          [
            73.78895,
            24.56337
          ],
          [
            73.78832,
            24.56274
          ],
          [
            73.78756,
            24.5621
          ],
          [
            73.78671,
            24.56147
          ],
          [
            73.78643,
            24.56127
          ],
          [
            73.78582,
            24.56083
          ],
          [
            73.78555,
            24.56064
          ],
          [
            73.78331,
            24.55909
          ],
          [
            73.7829,
            24.55881
          ],
          [
            73.7818,
            24.55804
          ],
          [
            73.78137,
            24.55773
          ],
          [
            73.78071,
            24.55726
          ],
          [
            73.78023,
            24.55688
          ],
          [
            73.77975,
            24.55657
          ],
          [
            73.77961,
            24.5565
          ],
          [
            73.77917,
            24.55628
          ],
          [
            73.77859,
            24.55597
          ],
          [
            73.77773,
            24.55562
          ],
          [
            73.77723,
            24.55533
          ],
          [
            73.77644,
            24.55485
          ],
          [
            73.77604,
            24.55456
          ],
          [
            73.77546,
            24.55423
          ],
          [
            73.77521,
            24.5541
          ],
          [
            73.77433,
            24.55364
          ],
          [
            73.77178,
            24.55216
          ],
          [
            73.77164,
            24.55207
          ],
          [
            73.77093,
            24.55166
          ],
          [
            73.77044,
            24.55138
          ],
          [
            73.76687,
            24.54881
          ],
          [
            73.76663,
            24.54864
          ],
          [
            73.76498,
            24.54741
          ],
          [
            73.76403,
            24.54652
          ],
          [
            73.7636,
            24.54612
          ],
          [
            73.76308,
            24.54556
          ],
          [
            73.76252,
            24.54486
          ],
          [
            73.76171,
            24.54378
          ],
          [
            73.76055,
            24.54208
          ],
          [
            73.76018,
            24.5416
          ],
          [
            73.75929,
            24.5403
          ],
          [
            73.7586,
            24.53934
          ],
          [
            73.75776,
            24.53834
          ],
          [
            73.75716,
            24.53768
          ],
          [
            73.75664,
            24.53704
          ],
          [
            73.7559,
            24.53625
          ],
          [
            73.75486,
            24.53507
          ],
          [
            73.75399,
            24.53389
          ],
          [
            73.75379,
            24.53337
          ],
          [
            73.75372,
            24.53294
          ],
          [
            73.75306,
            24.53013
          ],
          [
            73.75254,
            24.52902
          ],
          [
            73.75199,
            24.52834
          ],
          [
            73.75155,
            24.52789
          ],
          [
            73.75123,
            24.52761
          ],
          [
            73.75051,
            24.52709
          ],
          [
            73.74988,
            24.52662
          ],
          [
            73.74958,
            24.52633
          ],
          [
            73.74922,
            24.52597
          ],
          [
            73.74906,
            24.5258
          ],
          [
            73.74859,
            24.52518
          ],
          [
            73.7479,
            24.52401
          ],
          [
            73.74729,
            24.52303
          ],
          [
            73.74692,
            24.52249
          ],
          [
            73.74652,
            24.5219
          ],
          [
            73.74547,
            24.52027
          ],
          [
            73.74494,
            24.51935
          ],
          [
            73.74416,
            24.51808
          ],
          [
            73.7439,
            24.51767
          ],
          [
            73.7428,
            24.51593
          ],
          [
            73.74244,
            24.51544
          ],
          [
            73.74162,
            24.51449
          ],
          [
            73.73851,
            24.51116
          ],
          [
            73.7357,
            24.50825
          ],
          [
            73.73489,
            24.5074
          ],
          [
            73.73352,
            24.50602
          ],
          [
            73.7333,
            24.50584
          ],
          [
            73.73282,
            24.50548
          ],
          [
            73.732,
            24.50502
          ],
          [
            73.73137,
            24.50474
          ],
          [
            73.73079,
            24.50443
          ],
          [
            73.72887,
            24.50371
          ],
          [
            73.72858,
            24.50358
          ],
          [
            73.72781,
            24.50329
          ],
          [
            73.72656,
            24.50286
          ],
          [
            73.72501,
            24.50224
          ],
          [
            73.72217,
            24.50099
          ],
          [
            73.72027,
            24.49985
          ],
          [
            73.71901,
            24.49922
          ],
          [
            73.71807,
            24.49872
          ],
          [
            73.71694,
            24.49807
          ],
          [
            73.71582,
            24.49747
          ],
          [
            73.71534,
            24.49726
          ],
          [
            73.71484,
            24.49699
          ],
          [
            73.7138,
            24.4965
          ],
          [
            73.71193,
            24.49568
          ],
          [
            73.71154,
            24.49545
          ],
          [
            73.71011,
            24.49439
          ],
          [
            73.70959,
            24.49413
          ],
          [
            73.70915,
            24.49393
          ],
          [
            73.7087,
            24.49381
          ],
          [
            73.708,
            24.49368
          ],
          [
            73.70751,
            24.49362
          ],
          [
            73.70696,
            24.49352
          ],
          [
            73.70526,
            24.49342
          ],
          [
            73.70369,
            24.49288
          ],
          [
            73.70242,
            24.49233
          ],
          [
            73.7015,
            24.49184
          ],
          [
            73.70049,
            24.49125
          ],
          [
            73.69897,
            24.49026
          ],
          [
            73.69833,
            24.48974
          ],
          [
            73.69796,
            24.48934
          ],
          [
            73.69754,
            24.48884
          ],
          [
            73.69688,
            24.48767
          ],
          [
            73.69652,
            24.48696
          ],
          [
            73.69506,
            24.48423
          ],
          [
            73.69473,
            24.48353
          ],
          [
            73.6943,
            24.48274
          ],
          [
            73.69391,
            24.4819
          ],
          [
            73.69357,
            24.48131
          ],
          [
            73.69302,
            24.48029
          ],
          [
            73.69259,
            24.47941
          ],
          [
            73.69182,
            24.47792
          ],
          [
            73.69143,
            24.47723
          ],
          [
            73.69102,
            24.47663
          ],
          [
            73.69064,
            24.47617
          ],
          [
            73.6897,
            24.47529
          ],
          [
            73.6884,
            24.47423
          ],
          [
            73.68768,
            24.47361
          ],
          [
            73.68714,
            24.47321
          ],
          [
            73.68659,
            24.47272
          ],
          [
            73.68604,
            24.47225
          ],
          [
            73.68547,
            24.47182
          ],
          [
            73.68481,
            24.47128
          ],
          [
            73.68412,
            24.47084
          ],
          [
            73.68337,
            24.47031
          ],
          [
            73.68266,
            24.46989
          ],
          [
            73.68052,
            24.46855
          ],
          [
            73.67844,
            24.46729
          ],
          [
            73.67771,
            24.46687
          ],
          [
            73.67697,
            24.46641
          ],
          [
            73.67607,
            24.4659
          ],
          [
            73.67525,
            24.46538
          ],
          [
            73.67443,
            24.46492
          ],
          [
            73.67357,
            24.4644
          ],
          [
            73.67305,
            24.46416
          ],
          [
            73.67194,
            24.46374
          ],
          [
            73.67079,
            24.46345
          ],
          [
            73.66969,
            24.46333
          ],
          [
            73.6685,
            24.46328
          ],
          [
            73.66756,
            24.46334
          ],
          [
            73.66454,
            24.46371
          ],
          [
            73.66352,
            24.46386
          ],
          [
            73.66207,
            24.46399
          ],
          [
            73.6609,
            24.46394
          ],
          [
            73.66015,
            24.4638
          ],
          [
            73.65963,
            24.46367
          ],
          [
            73.65902,
            24.46344
          ],
          [
            73.65829,
            24.46298
          ],
          [
            73.65816,
            24.46273
          ],
          [
            73.6578,
            24.46237
          ],
          [
            73.65712,
            24.46176
          ],
          [
            73.6565,
            24.46114
          ],
          [
            73.65566,
            24.46045
          ],
          [
            73.65544,
            24.46006
          ],
          [
            73.6552,
            24.45922
          ],
          [
            73.65507,
            24.45811
          ],
          [
            73.65506,
            24.45756
          ],
          [
            73.65495,
            24.45716
          ],
          [
            73.65489,
            24.45654
          ],
          [
            73.65482,
            24.45608
          ],
          [
            73.6542,
            24.45394
          ],
          [
            73.65385,
            24.45276
          ],
          [
            73.65358,
            24.45196
          ],
          [
            73.65351,
            24.45168
          ],
          [
            73.65336,
            24.45144
          ],
          [
            73.6529,
            24.45105
          ],
          [
            73.65235,
            24.45066
          ],
          [
            73.65166,
            24.4502
          ],
          [
            73.65051,
            24.44937
          ],
          [
            73.65046,
            24.44934
          ],
          [
            73.65017,
            24.44901
          ],
          [
            73.64993,
            24.44869
          ],
          [
            73.64966,
            24.44818
          ],
          [
            73.64937,
            24.44752
          ],
          [
            73.64928,
            24.44696
          ],
          [
            73.64926,
            24.44669
          ],
          [
            73.6493,
            24.44643
          ],
          [
            73.64937,
            24.44559
          ],
          [
            73.64937,
            24.44536
          ],
          [
            73.64931,
            24.44491
          ],
          [
            73.64917,
            24.44444
          ],
          [
            73.64891,
            24.44346
          ],
          [
            73.64876,
            24.44309
          ],
          [
            73.64862,
            24.44282
          ],
          [
            73.64829,
            24.44216
          ],
          [
            73.64717,
            24.43991
          ],
          [
            73.64693,
            24.43951
          ],
          [
            73.64678,
            24.43927
          ],
          [
            73.64625,
            24.43863
          ],
          [
            73.64364,
            24.43491
          ],
          [
            73.6427,
            24.4335
          ],
          [
            73.64165,
            24.43194
          ],
          [
            73.64137,
            24.43144
          ],
          [
            73.64132,
            24.43135
          ],
          [
            73.64112,
            24.43081
          ],
          [
            73.64097,
            24.43036
          ],
          [
            73.64082,
            24.42972
          ],
          [
            73.64074,
            24.42927
          ],
          [
            73.64071,
            24.42864
          ],
          [
            73.64069,
            24.42828
          ],
          [
            73.64039,
            24.4264
          ],
          [
            73.64028,
            24.42603
          ],
          [
            73.63997,
            24.42505
          ],
          [
            73.63983,
            24.42455
          ],
          [
            73.63975,
            24.42427
          ],
          [
            73.63958,
            24.42384
          ],
          [
            73.63951,
            24.42366
          ],
          [
            73.63913,
            24.42305
          ],
          [
            73.63891,
            24.42276
          ],
          [
            73.63862,
            24.42253
          ],
          [
            73.63848,
            24.42236
          ],
          [
            73.63807,
            24.42202
          ],
          [
            73.63786,
            24.42188
          ],
          [
            73.6375,
            24.42169
          ],
          [
            73.63672,
            24.42137
          ],
          [
            73.63659,
            24.42128
          ],
          [
            73.63572,
            24.42091
          ],
          [
            73.6355,
            24.42076
          ],
          [
            73.63523,
            24.42062
          ],
          [
            73.63513,
            24.42054
          ],
          [
            73.63491,
            24.42027
          ],
          [
            73.63447,
            24.41966
          ],
          [
            73.63375,
            24.41867
          ],
          [
            73.63357,
            24.41814
          ],
          [
            73.63342,
            24.4176
          ],
          [
            73.63331,
            24.41732
          ],
          [
            73.63288,
            24.41643
          ],
          [
            73.63272,
            24.41611
          ],
          [
            73.63257,
            24.4158
          ],
          [
            73.63241,
            24.41555
          ],
          [
            73.63214,
            24.41524
          ],
          [
            73.63185,
            24.415
          ],
          [
            73.63155,
            24.41479
          ],
          [
            73.63122,
            24.41463
          ],
          [
            73.63073,
            24.41444
          ],
          [
            73.63023,
            24.41428
          ],
          [
            73.62922,
            24.41396
          ],
          [
            73.62896,
            24.41382
          ],
          [
            73.62879,
            24.4137
          ],
          [
            73.62861,
            24.41349
          ],
          [
            73.6285,
            24.41324
          ],
          [
            73.62843,
            24.413
          ],
          [
            73.62845,
            24.41248
          ],
          [
            73.62849,
            24.41208
          ],
          [
            73.62858,
            24.41131
          ],
          [
            73.62871,
            24.41055
          ],
          [
            73.62901,
            24.40895
          ],
          [
            73.62906,
            24.40879
          ],
          [
            73.62995,
            24.40674
          ],
          [
            73.63014,
            24.40633
          ],
          [
            73.6303,
            24.4061
          ],
          [
            73.63052,
            24.40589
          ],
          [
            73.63184,
            24.40504
          ],
          [
            73.63209,
            24.40483
          ],
          [
            73.63223,
            24.40467
          ],
          [
            73.63235,
            24.40444
          ],
          [
            73.63278,
            24.40328
          ],
          [
            73.63285,
            24.40302
          ],
          [
            73.63287,
            24.40267
          ],
          [
            73.63286,
            24.40036
          ],
          [
            73.6329,
            24.39997
          ],
          [
            73.63306,
            24.39943
          ],
          [
            73.6332,
            24.39909
          ],
          [
            73.63343,
            24.39873
          ],
          [
            73.63361,
            24.3985
          ],
          [
            73.63381,
            24.39822
          ],
          [
            73.63404,
            24.3978
          ],
          [
            73.63433,
            24.39717
          ],
          [
            73.63476,
            24.39635
          ],
          [
            73.63513,
            24.39573
          ],
          [
            73.63556,
            24.39496
          ],
          [
            73.63626,
            24.39357
          ],
          [
            73.63638,
            24.39329
          ],
          [
            73.63652,
            24.39286
          ],
          [
            73.63657,
            24.39256
          ],
          [
            73.6366,
            24.39226
          ],
          [
            73.63662,
            24.39067
          ],
          [
            73.63669,
            24.39007
          ],
          [
            73.63687,
            24.38925
          ],
          [
            73.637,
            24.38895
          ],
          [
            73.63732,
            24.38833
          ],
          [
            73.63751,
            24.38794
          ],
          [
            73.63765,
            24.38751
          ],
          [
            73.63773,
            24.38711
          ],
          [
            73.63777,
            24.38669
          ],
          [
            73.63776,
            24.3863
          ],
          [
            73.63748,
            24.38473
          ],
          [
            73.63724,
            24.38407
          ],
          [
            73.63663,
            24.38263
          ],
          [
            73.63601,
            24.38131
          ],
          [
            73.63589,
            24.38092
          ],
          [
            73.63579,
            24.38019
          ],
          [
            73.63574,
            24.37903
          ],
          [
            73.63575,
            24.3788
          ],
          [
            73.63578,
            24.3786
          ],
          [
            73.63583,
            24.37847
          ],
          [
            73.63593,
            24.3782
          ],
          [
            73.63607,
            24.37771
          ],
          [
            73.63627,
            24.3772
          ],
          [
            73.63631,
            24.37687
          ],
          [
            73.6363,
            24.37649
          ],
          [
            73.63627,
            24.37607
          ],
          [
            73.63611,
            24.37514
          ],
          [
            73.63597,
            24.37449
          ],
          [
            73.63582,
            24.37404
          ],
          [
            73.63561,
            24.37374
          ],
          [
            73.63541,
            24.3735
          ],
          [
            73.63521,
            24.37323
          ],
          [
            73.63508,
            24.37298
          ],
          [
            73.63502,
            24.37281
          ],
          [
            73.63495,
            24.37252
          ],
          [
            73.63494,
            24.37228
          ],
          [
            73.63498,
            24.37202
          ],
          [
            73.6351,
            24.37165
          ],
          [
            73.63533,
            24.37114
          ],
          [
            73.63536,
            24.37091
          ],
          [
            73.63533,
            24.3706
          ],
          [
            73.63528,
            24.37038
          ],
          [
            73.63518,
            24.37008
          ],
          [
            73.63512,
            24.36986
          ],
          [
            73.63513,
            24.36954
          ],
          [
            73.6352,
            24.36912
          ],
          [
            73.63525,
            24.36898
          ],
          [
            73.63571,
            24.36798
          ],
          [
            73.63591,
            24.3677
          ],
          [
            73.63616,
            24.36744
          ],
          [
            73.63631,
            24.36724
          ],
          [
            73.6364,
            24.36709
          ],
          [
            73.63651,
            24.36683
          ],
          [
            73.63654,
            24.36665
          ],
          [
            73.63672,
            24.36519
          ],
          [
            73.63681,
            24.36475
          ],
          [
            73.63694,
            24.36436
          ],
          [
            73.63718,
            24.36389
          ],
          [
            73.63793,
            24.36268
          ],
          [
            73.63854,
            24.36154
          ],
          [
            73.63884,
            24.36092
          ],
          [
            73.63932,
            24.35983
          ],
          [
            73.63952,
            24.35943
          ],
          [
            73.63988,
            24.35885
          ],
          [
            73.64014,
            24.35843
          ],
          [
            73.64227,
            24.35587
          ],
          [
            73.64291,
            24.35513
          ],
          [
            73.6441,
            24.35391
          ],
          [
            73.64573,
            24.3525
          ],
          [
            73.64598,
            24.35232
          ],
          [
            73.64636,
            24.35215
          ],
          [
            73.6487,
            24.35159
          ],
          [
            73.64905,
            24.35151
          ],
          [
            73.64923,
            24.35151
          ],
          [
            73.64943,
            24.35154
          ],
          [
            73.64976,
            24.35165
          ],
          [
            73.65018,
            24.35174
          ],
          [
            73.65094,
            24.35183
          ],
          [
            73.65183,
            24.35195
          ],
          [
            73.65241,
            24.35193
          ],
          [
            73.65313,
            24.35182
          ],
          [
            73.65358,
            24.35168
          ],
          [
            73.65408,
            24.35148
          ],
          [
            73.65444,
            24.35131
          ],
          [
            73.65464,
            24.35118
          ],
          [
            73.65514,
            24.35091
          ],
          [
            73.65592,
            24.35037
          ],
          [
            73.65644,
            24.3499
          ],
          [
            73.65801,
            24.34859
          ],
          [
            73.65823,
            24.34836
          ],
          [
            73.65836,
            24.34821
          ],
          [
            73.65849,
            24.34801
          ],
          [
            73.65869,
            24.3476
          ],
          [
            73.66008,
            24.34375
          ],
          [
            73.66114,
            24.34078
          ],
          [
            73.66136,
            24.34019
          ],
          [
            73.66158,
            24.33971
          ],
          [
            73.66183,
            24.3392
          ],
          [
            73.66205,
            24.33882
          ],
          [
            73.66229,
            24.33846
          ],
          [
            73.66248,
            24.33817
          ],
          [
            73.66296,
            24.33736
          ],
          [
            73.66327,
            24.33689
          ],
          [
            73.66383,
            24.33611
          ],
          [
            73.66409,
            24.33582
          ],
          [
            73.6645,
            24.33542
          ],
          [
            73.66472,
            24.33522
          ],
          [
            73.66517,
            24.33492
          ],
          [
            73.66589,
            24.33449
          ],
          [
            73.66657,
            24.33407
          ],
          [
            73.66699,
            24.33379
          ],
          [
            73.66781,
            24.33315
          ],
          [
            73.66799,
            24.33303
          ],
          [
            73.6683,
            24.33277
          ],
          [
            73.66848,
            24.33259
          ],
          [
            73.66872,
            24.33231
          ],
          [
            73.6689,
            24.33206
          ],
          [
            73.6692,
            24.3316
          ],
          [
            73.66938,
            24.3312
          ],
          [
            73.67004,
            24.32965
          ],
          [
            73.67029,
            24.32902
          ],
          [
            73.67057,
            24.32841
          ],
          [
            73.67074,
            24.32815
          ],
          [
            73.67087,
            24.32799
          ],
          [
            73.67148,
            24.32733
          ],
          [
            73.67169,
            24.32708
          ],
          [
            73.67185,
            24.32682
          ],
          [
            73.67196,
            24.32654
          ],
          [
            73.67205,
            24.32625
          ],
          [
            73.67241,
            24.32457
          ],
          [
            73.67254,
            24.32414
          ],
          [
            73.67266,
            24.32381
          ],
          [
            73.67277,
            24.32354
          ],
          [
            73.67302,
            24.32307
          ],
          [
            73.67344,
            24.32245
          ],
          [
            73.67378,
            24.32188
          ],
          [
            73.67417,
            24.32118
          ],
          [
            73.67453,
            24.32048
          ],
          [
            73.6752,
            24.31928
          ],
          [
            73.67582,
            24.31823
          ],
          [
            73.67635,
            24.31739
          ],
          [
            73.67697,
            24.3163
          ],
          [
            73.67722,
            24.31579
          ],
          [
            73.67793,
            24.3145
          ],
          [
            73.67817,
            24.31403
          ],
          [
            73.67833,
            24.31369
          ],
          [
            73.67859,
            24.31299
          ],
          [
            73.67896,
            24.3119
          ],
          [
            73.67903,
            24.31163
          ],
          [
            73.67907,
            24.31129
          ],
          [
            73.67917,
            24.30926
          ],
          [
            73.67917,
            24.30877
          ],
          [
            73.67911,
            24.30829
          ],
          [
            73.67896,
            24.3078
          ],
          [
            73.67885,
            24.30756
          ],
          [
            73.67829,
            24.30644
          ],
          [
            73.67812,
            24.30614
          ],
          [
            73.67801,
            24.30586
          ],
          [
            73.67791,
            24.30555
          ],
          [
            73.67782,
            24.30512
          ],
          [
            73.67771,
            24.30441
          ],
          [
            73.67776,
            24.30323
          ],
          [
            73.67777,
            24.30232
          ],
          [
            73.67781,
            24.30182
          ],
          [
            73.67785,
            24.30151
          ],
          [
            73.67792,
            24.30121
          ],
          [
            73.67804,
            24.30088
          ],
          [
            73.67836,
            24.30009
          ],
          [
            73.67842,
            24.29979
          ],
          [
            73.67845,
            24.29951
          ],
          [
            73.67841,
            24.29905
          ],
          [
            73.67832,
            24.29873
          ],
          [
            73.67817,
            24.29841
          ],
          [
            73.67769,
            24.29744
          ],
          [
            73.67709,
            24.29632
          ],
          [
            73.67635,
            24.29484
          ],
          [
            73.67604,
            24.29428
          ],
          [
            73.67592,
            24.29401
          ],
          [
            73.67577,
            24.29359
          ],
          [
            73.67569,
            24.29329
          ],
          [
            73.67522,
            24.29127
          ],
          [
            73.67513,
            24.29095
          ],
          [
            73.67498,
            24.29059
          ],
          [
            73.67408,
            24.2888
          ],
          [
            73.67391,
            24.28843
          ],
          [
            73.67383,
            24.28816
          ],
          [
            73.67368,
            24.28741
          ],
          [
            73.67352,
            24.28675
          ],
          [
            73.67337,
            24.28581
          ],
          [
            73.67332,
            24.28532
          ],
          [
            73.67328,
            24.28505
          ],
          [
            73.67317,
            24.28419
          ],
          [
            73.67312,
            24.2839
          ],
          [
            73.67306,
            24.28344
          ],
          [
            73.67304,
            24.28304
          ],
          [
            73.67298,
            24.27954
          ],
          [
            73.67303,
            24.27898
          ],
          [
            73.67341,
            24.27776
          ],
          [
            73.6737,
            24.27679
          ],
          [
            73.67395,
            24.27589
          ],
          [
            73.67401,
            24.27564
          ],
          [
            73.67404,
            24.27536
          ],
          [
            73.67404,
            24.27509
          ],
          [
            73.67391,
            24.27436
          ],
          [
            73.67388,
            24.27396
          ],
          [
            73.67388,
            24.27353
          ],
          [
            73.67406,
            24.27149
          ],
          [
            73.67405,
            24.2704
          ],
          [
            73.67416,
            24.26952
          ],
          [
            73.67434,
            24.26732
          ],
          [
            73.67436,
            24.26693
          ],
          [
            73.67435,
            24.26659
          ],
          [
            73.67412,
            24.26447
          ],
          [
            73.67408,
            24.26394
          ],
          [
            73.67405,
            24.26352
          ],
          [
            73.67402,
            24.26221
          ],
          [
            73.67404,
            24.2617
          ],
          [
            73.67416,
            24.2608
          ],
          [
            73.67443,
            24.25919
          ],
          [
            73.67455,
            24.25828
          ],
          [
            73.67457,
            24.2581
          ],
          [
            73.67465,
            24.25773
          ],
          [
            73.67471,
            24.25737
          ],
          [
            73.67482,
            24.25642
          ],
          [
            73.67491,
            24.25599
          ],
          [
            73.67516,
            24.25499
          ],
          [
            73.67524,
            24.25459
          ],
          [
            73.67567,
            24.25132
          ],
          [
            73.67579,
            24.25072
          ],
          [
            73.67586,
            24.25045
          ],
          [
            73.676,
            24.25008
          ],
          [
            73.6766,
            24.24874
          ],
          [
            73.67678,
            24.24831
          ],
          [
            73.67685,
            24.24818
          ],
          [
            73.67705,
            24.24765
          ],
          [
            73.6771,
            24.24735
          ],
          [
            73.67714,
            24.24688
          ],
          [
            73.67725,
            24.24484
          ],
          [
            73.67737,
            24.24425
          ],
          [
            73.67748,
            24.24393
          ],
          [
            73.6776,
            24.24364
          ],
          [
            73.67778,
            24.2433
          ],
          [
            73.67892,
            24.24137
          ],
          [
            73.67905,
            24.24113
          ],
          [
            73.67914,
            24.24094
          ],
          [
            73.67922,
            24.24068
          ],
          [
            73.67943,
            24.23939
          ],
          [
            73.6795,
            24.23906
          ],
          [
            73.67962,
            24.2387
          ],
          [
            73.6798,
            24.23823
          ],
          [
            73.68022,
            24.23734
          ],
          [
            73.68108,
            24.23559
          ],
          [
            73.68207,
            24.23383
          ],
          [
            73.68245,
            24.2331
          ],
          [
            73.68275,
            24.23258
          ],
          [
            73.68281,
            24.23249
          ],
          [
            73.68297,
            24.23228
          ],
          [
            73.68335,
            24.23187
          ],
          [
            73.68364,
            24.23164
          ],
          [
            73.68424,
            24.23125
          ],
          [
            73.68491,
            24.23099
          ],
          [
            73.68557,
            24.23083
          ],
          [
            73.6861,
            24.23066
          ],
          [
            73.68643,
            24.23051
          ],
          [
            73.68675,
            24.2303
          ],
          [
            73.68713,
            24.22999
          ],
          [
            73.68736,
            24.22977
          ],
          [
            73.68842,
            24.22872
          ],
          [
            73.68878,
            24.22839
          ],
          [
            73.69009,
            24.2273
          ],
          [
            73.69047,
            24.22695
          ],
          [
            73.6908,
            24.22663
          ],
          [
            73.69108,
            24.22632
          ],
          [
            73.69146,
            24.22583
          ],
          [
            73.69189,
            24.2252
          ],
          [
            73.69221,
            24.22444
          ],
          [
            73.69336,
            24.22149
          ],
          [
            73.69346,
            24.22125
          ],
          [
            73.69375,
            24.22072
          ],
          [
            73.69468,
            24.21937
          ],
          [
            73.69489,
            24.21901
          ],
          [
            73.69506,
            24.21867
          ],
          [
            73.69519,
            24.21837
          ],
          [
            73.69535,
            24.21796
          ],
          [
            73.6955,
            24.21743
          ],
          [
            73.69648,
            24.21401
          ],
          [
            73.69695,
            24.21242
          ],
          [
            73.69719,
            24.21178
          ],
          [
            73.69746,
            24.21117
          ],
          [
            73.69764,
            24.21082
          ],
          [
            73.69898,
            24.20844
          ],
          [
            73.70029,
            24.20614
          ],
          [
            73.70164,
            24.20382
          ],
          [
            73.70386,
            24.20044
          ],
          [
            73.70403,
            24.2002
          ],
          [
            73.70416,
            24.19995
          ],
          [
            73.70434,
            24.19948
          ],
          [
            73.70442,
            24.19913
          ],
          [
            73.70446,
            24.19879
          ],
          [
            73.70448,
            24.19822
          ],
          [
            73.70445,
            24.19788
          ],
          [
            73.70436,
            24.19749
          ],
          [
            73.70395,
            24.19632
          ],
          [
            73.7036,
            24.19559
          ],
          [
            73.70333,
            24.19524
          ],
          [
            73.70307,
            24.19492
          ],
          [
            73.70269,
            24.19456
          ],
          [
            73.70231,
            24.1943
          ],
          [
            73.70164,
            24.19389
          ],
          [
            73.70111,
            24.19362
          ],
          [
            73.70063,
            24.19335
          ],
          [
            73.70032,
            24.19314
          ],
          [
            73.70016,
            24.19299
          ],
          [
            73.7,
            24.1928
          ],
          [
            73.69987,
            24.19259
          ],
          [
            73.6997,
            24.19201
          ],
          [
            73.69957,
            24.19145
          ],
          [
            73.69949,
            24.19097
          ],
          [
            73.69935,
            24.18981
          ],
          [
            73.69927,
            24.18946
          ],
          [
            73.69915,
            24.18916
          ],
          [
            73.69897,
            24.18889
          ],
          [
            73.69879,
            24.18865
          ],
          [
            73.69848,
            24.18831
          ],
          [
            73.69796,
            24.18778
          ],
          [
            73.69733,
            24.18714
          ],
          [
            73.69685,
            24.1866
          ],
          [
            73.69668,
            24.18643
          ],
          [
            73.69631,
            24.18597
          ],
          [
            73.69609,
            24.18574
          ],
          [
            73.69567,
            24.18534
          ],
          [
            73.69527,
            24.1851
          ],
          [
            73.69496,
            24.18494
          ],
          [
            73.6937,
            24.18455
          ],
          [
            73.69053,
            24.18359
          ],
          [
            73.68831,
            24.18292
          ],
          [
            73.68798,
            24.18274
          ],
          [
            73.68774,
            24.18257
          ],
          [
            73.68753,
            24.18238
          ],
          [
            73.68726,
            24.18204
          ],
          [
            73.6871,
            24.18173
          ],
          [
            73.687,
            24.18142
          ],
          [
            73.68681,
            24.18027
          ],
          [
            73.68657,
            24.17865
          ],
          [
            73.68618,
            24.17661
          ],
          [
            73.68585,
            24.17466
          ],
          [
            73.68582,
            24.1743
          ],
          [
            73.68582,
            24.17355
          ],
          [
            73.68594,
            24.171
          ],
          [
            73.68602,
            24.17006
          ],
          [
            73.68608,
            24.1685
          ],
          [
            73.68609,
            24.1677
          ],
          [
            73.68606,
            24.16695
          ],
          [
            73.68602,
            24.16626
          ],
          [
            73.68596,
            24.1657
          ],
          [
            73.68579,
            24.16409
          ],
          [
            73.68567,
            24.16315
          ],
          [
            73.68542,
            24.16084
          ],
          [
            73.68539,
            24.1603
          ],
          [
            73.6854,
            24.1597
          ],
          [
            73.68547,
            24.15779
          ],
          [
            73.68555,
            24.15622
          ],
          [
            73.68601,
            24.15092
          ],
          [
            73.68624,
            24.14895
          ],
          [
            73.68633,
            24.14864
          ],
          [
            73.68686,
            24.14733
          ],
          [
            73.68711,
            24.14686
          ],
          [
            73.68728,
            24.1466
          ],
          [
            73.68761,
            24.14612
          ],
          [
            73.68787,
            24.14583
          ],
          [
            73.68811,
            24.14559
          ],
          [
            73.68871,
            24.14508
          ],
          [
            73.68946,
            24.14456
          ],
          [
            73.69022,
            24.14411
          ],
          [
            73.69092,
            24.14375
          ],
          [
            73.6914,
            24.14348
          ],
          [
            73.69193,
            24.14305
          ],
          [
            73.69221,
            24.14275
          ],
          [
            73.6924,
            24.14248
          ],
          [
            73.69311,
            24.14131
          ],
          [
            73.69363,
            24.14048
          ],
          [
            73.69375,
            24.14029
          ],
          [
            73.69411,
            24.13965
          ],
          [
            73.69424,
            24.13935
          ],
          [
            73.69447,
            24.13871
          ],
          [
            73.69469,
            24.1382
          ],
          [
            73.69485,
            24.13788
          ],
          [
            73.69552,
            24.13674
          ],
          [
            73.69565,
            24.13643
          ],
          [
            73.69573,
            24.13619
          ],
          [
            73.69577,
            24.13588
          ],
          [
            73.69578,
            24.13558
          ],
          [
            73.69555,
            24.13428
          ],
          [
            73.69546,
            24.1339
          ],
          [
            73.69538,
            24.13368
          ],
          [
            73.69525,
            24.13341
          ],
          [
            73.6951,
            24.13318
          ],
          [
            73.69487,
            24.13293
          ],
          [
            73.69415,
            24.13231
          ],
          [
            73.69272,
            24.13097
          ],
          [
            73.69243,
            24.13058
          ],
          [
            73.69196,
            24.12992
          ],
          [
            73.69166,
            24.12941
          ],
          [
            73.69134,
            24.12831
          ],
          [
            73.69138,
            24.12762
          ],
          [
            73.69144,
            24.12702
          ],
          [
            73.69156,
            24.12656
          ],
          [
            73.6917,
            24.12617
          ],
          [
            73.69197,
            24.12573
          ],
          [
            73.69216,
            24.12537
          ],
          [
            73.69251,
            24.12459
          ],
          [
            73.69272,
            24.12409
          ],
          [
            73.69293,
            24.12372
          ],
          [
            73.69318,
            24.12332
          ],
          [
            73.69351,
            24.12289
          ],
          [
            73.69528,
            24.12063
          ],
          [
            73.6959,
            24.11981
          ],
          [
            73.69647,
            24.11896
          ],
          [
            73.69661,
            24.11871
          ],
          [
            73.69677,
            24.11842
          ],
          [
            73.69719,
            24.1176
          ],
          [
            73.69738,
            24.11714
          ],
          [
            73.69754,
            24.11662
          ],
          [
            73.69812,
            24.11431
          ],
          [
            73.69821,
            24.11378
          ],
          [
            73.69824,
            24.11327
          ],
          [
            73.69817,
            24.11127
          ],
          [
            73.69807,
            24.11057
          ],
          [
            73.69798,
            24.11019
          ],
          [
            73.6979,
            24.10991
          ],
          [
            73.69737,
            24.10842
          ],
          [
            73.69728,
            24.10808
          ],
          [
            73.69719,
            24.10746
          ],
          [
            73.6971,
            24.10678
          ],
          [
            73.69703,
            24.10646
          ],
          [
            73.69689,
            24.10605
          ],
          [
            73.69672,
            24.10569
          ],
          [
            73.69648,
            24.10526
          ],
          [
            73.69601,
            24.10429
          ],
          [
            73.69584,
            24.10385
          ],
          [
            73.6957,
            24.10339
          ],
          [
            73.69529,
            24.10133
          ],
          [
            73.69516,
            24.10092
          ],
          [
            73.69486,
            24.10007
          ],
          [
            73.69441,
            24.09895
          ],
          [
            73.69409,
            24.09842
          ],
          [
            73.69377,
            24.09802
          ],
          [
            73.69349,
            24.09773
          ],
          [
            73.69313,
            24.09742
          ],
          [
            73.69282,
            24.0972
          ],
          [
            73.69224,
            24.09689
          ],
          [
            73.69167,
            24.09664
          ],
          [
            73.69112,
            24.09644
          ],
          [
            73.68981,
            24.09588
          ],
          [
            73.68946,
            24.09568
          ],
          [
            73.68782,
            24.09466
          ],
          [
            73.68734,
            24.09434
          ],
          [
            73.68706,
            24.09409
          ],
          [
            73.68686,
            24.09387
          ],
          [
            73.68673,
            24.09369
          ],
          [
            73.68661,
            24.09348
          ],
          [
            73.68651,
            24.0932
          ],
          [
            73.68643,
            24.09294
          ],
          [
            73.68638,
            24.09264
          ],
          [
            73.6863,
            24.09058
          ],
          [
            73.68624,
            24.0866
          ],
          [
            73.68628,
            24.08623
          ],
          [
            73.68642,
            24.08571
          ],
          [
            73.68696,
            24.08453
          ],
          [
            73.68702,
            24.08431
          ],
          [
            73.68707,
            24.08409
          ],
          [
            73.68708,
            24.08389
          ],
          [
            73.68706,
            24.08361
          ],
          [
            73.68698,
            24.08322
          ],
          [
            73.68683,
            24.08268
          ],
          [
            73.68661,
            24.08202
          ],
          [
            73.68555,
            24.07998
          ],
          [
            73.68495,
            24.07892
          ],
          [
            73.68462,
            24.07829
          ],
          [
            73.6843,
            24.07771
          ],
          [
            73.68419,
            24.07744
          ],
          [
            73.6841,
            24.07717
          ],
          [
            73.68405,
            24.07686
          ],
          [
            73.68401,
            24.0757
          ],
          [
            73.68401,
            24.0739
          ],
          [
            73.684,
            24.07343
          ],
          [
            73.68392,
            24.07307
          ],
          [
            73.68383,
            24.07279
          ],
          [
            73.68357,
            24.07216
          ],
          [
            73.68317,
            24.07141
          ],
          [
            73.68302,
            24.07118
          ],
          [
            73.6828,
            24.07093
          ],
          [
            73.68242,
            24.07058
          ],
          [
            73.68231,
            24.07045
          ],
          [
            73.68219,
            24.07036
          ],
          [
            73.68207,
            24.0702
          ],
          [
            73.6819,
            24.06996
          ],
          [
            73.68143,
            24.06914
          ],
          [
            73.68114,
            24.06872
          ],
          [
            73.68099,
            24.06855
          ],
          [
            73.68087,
            24.06844
          ],
          [
            73.68043,
            24.06814
          ],
          [
            73.68012,
            24.06799
          ],
          [
            73.67962,
            24.06781
          ],
          [
            73.67895,
            24.0675
          ],
          [
            73.67845,
            24.06722
          ],
          [
            73.6781,
            24.06696
          ],
          [
            73.67785,
            24.06675
          ],
          [
            73.67753,
            24.06648
          ],
          [
            73.6772,
            24.06615
          ],
          [
            73.67686,
            24.06569
          ],
          [
            73.67657,
            24.06522
          ],
          [
            73.6762,
            24.06437
          ],
          [
            73.6759,
            24.06389
          ],
          [
            73.67553,
            24.06345
          ],
          [
            73.67512,
            24.06303
          ],
          [
            73.67476,
            24.06271
          ],
          [
            73.67426,
            24.06221
          ],
          [
            73.67374,
            24.06165
          ],
          [
            73.67348,
            24.06128
          ],
          [
            73.67328,
            24.06097
          ],
          [
            73.67299,
            24.06048
          ],
          [
            73.67264,
            24.05975
          ],
          [
            73.67238,
            24.05917
          ],
          [
            73.67225,
            24.05879
          ],
          [
            73.67212,
            24.05838
          ],
          [
            73.67208,
            24.0582
          ],
          [
            73.67187,
            24.05686
          ],
          [
            73.6718,
            24.05647
          ],
          [
            73.67172,
            24.05615
          ],
          [
            73.67159,
            24.05582
          ],
          [
            73.67149,
            24.05563
          ],
          [
            73.67128,
            24.05531
          ],
          [
            73.6706,
            24.05457
          ],
          [
            73.67016,
            24.05417
          ],
          [
            73.66992,
            24.05402
          ],
          [
            73.66969,
            24.05391
          ],
          [
            73.66946,
            24.05382
          ],
          [
            73.66865,
            24.05357
          ],
          [
            73.66827,
            24.05339
          ],
          [
            73.6681,
            24.05326
          ],
          [
            73.66788,
            24.05304
          ],
          [
            73.66759,
            24.05272
          ],
          [
            73.66736,
            24.05244
          ],
          [
            73.66617,
            24.05097
          ],
          [
            73.66566,
            24.05045
          ],
          [
            73.6654,
            24.05022
          ],
          [
            73.66504,
            24.04993
          ],
          [
            73.66458,
            24.04962
          ],
          [
            73.66302,
            24.04871
          ],
          [
            73.66266,
            24.04844
          ],
          [
            73.66244,
            24.04821
          ],
          [
            73.66222,
            24.04795
          ],
          [
            73.66208,
            24.04775
          ],
          [
            73.66188,
            24.0474
          ],
          [
            73.6615,
            24.04635
          ],
          [
            73.66141,
            24.04608
          ],
          [
            73.66131,
            24.04568
          ],
          [
            73.66082,
            24.04353
          ],
          [
            73.66066,
            24.04282
          ],
          [
            73.6605,
            24.04224
          ],
          [
            73.66005,
            24.04092
          ],
          [
            73.65901,
            24.03807
          ],
          [
            73.65861,
            24.03711
          ],
          [
            73.65794,
            24.03582
          ],
          [
            73.65759,
            24.03522
          ],
          [
            73.65713,
            24.03429
          ],
          [
            73.65699,
            24.03394
          ],
          [
            73.65689,
            24.03351
          ],
          [
            73.65688,
            24.03322
          ],
          [
            73.6569,
            24.033
          ],
          [
            73.657,
            24.03258
          ],
          [
            73.65709,
            24.03231
          ],
          [
            73.65755,
            24.03121
          ],
          [
            73.65765,
            24.03096
          ],
          [
            73.65779,
            24.03052
          ],
          [
            73.65815,
            24.0292
          ],
          [
            73.65839,
            24.02793
          ],
          [
            73.65848,
            24.02721
          ],
          [
            73.65861,
            24.02576
          ],
          [
            73.65886,
            24.02369
          ],
          [
            73.65894,
            24.0231
          ],
          [
            73.65895,
            24.02257
          ],
          [
            73.65884,
            24.02166
          ],
          [
            73.65858,
            24.01833
          ],
          [
            73.65842,
            24.01763
          ],
          [
            73.6583,
            24.01718
          ],
          [
            73.65815,
            24.01678
          ],
          [
            73.65787,
            24.01612
          ],
          [
            73.65735,
            24.01466
          ],
          [
            73.65728,
            24.01428
          ],
          [
            73.65723,
            24.0138
          ],
          [
            73.65728,
            24.01321
          ],
          [
            73.6574,
            24.01253
          ],
          [
            73.65748,
            24.01196
          ],
          [
            73.6575,
            24.0117
          ],
          [
            73.65748,
            24.01124
          ],
          [
            73.65744,
            24.01094
          ],
          [
            73.65733,
            24.01055
          ],
          [
            73.65685,
            24.00908
          ],
          [
            73.6564,
            24.00797
          ],
          [
            73.65532,
            24.0054
          ],
          [
            73.65516,
            24.00504
          ],
          [
            73.65498,
            24.00473
          ],
          [
            73.65475,
            24.00442
          ],
          [
            73.6545,
            24.00413
          ],
          [
            73.6542,
            24.00385
          ],
          [
            73.65392,
            24.00361
          ],
          [
            73.65359,
            24.00338
          ],
          [
            73.653,
            24.00305
          ],
          [
            73.65275,
            24.00291
          ],
          [
            73.65217,
            24.00261
          ],
          [
            73.65203,
            24.00254
          ],
          [
            73.65164,
            24.00237
          ],
          [
            73.65122,
            24.00221
          ],
          [
            73.65072,
            24.00208
          ],
          [
            73.64677,
            24.00148
          ],
          [
            73.64603,
            24.00134
          ],
          [
            73.64532,
            24.00116
          ],
          [
            73.64467,
            24.0009
          ],
          [
            73.64419,
            24.00069
          ],
          [
            73.63857,
            23.99819
          ],
          [
            73.63599,
            23.99709
          ],
          [
            73.63521,
            23.99684
          ],
          [
            73.63409,
            23.99652
          ],
          [
            73.63261,
            23.99612
          ],
          [
            73.63183,
            23.99586
          ],
          [
            73.63145,
            23.99571
          ],
          [
            73.63027,
            23.99504
          ],
          [
            73.62791,
            23.99352
          ],
          [
            73.62582,
            23.99229
          ],
          [
            73.62534,
            23.99197
          ],
          [
            73.62238,
            23.98921
          ],
          [
            73.62164,
            23.98862
          ],
          [
            73.62122,
            23.98829
          ],
          [
            73.62078,
            23.988
          ],
          [
            73.62029,
            23.98775
          ],
          [
            73.61978,
            23.98762
          ],
          [
            73.61903,
            23.98747
          ],
          [
            73.61839,
            23.98732
          ],
          [
            73.61814,
            23.98724
          ],
          [
            73.61774,
            23.98704
          ],
          [
            73.6171,
            23.98671
          ],
          [
            73.61607,
            23.98612
          ],
          [
            73.6148,
            23.98547
          ],
          [
            73.61466,
            23.98542
          ],
          [
            73.61445,
            23.98536
          ],
          [
            73.61409,
            23.98529
          ],
          [
            73.61362,
            23.98526
          ],
          [
            73.60966,
            23.9851
          ],
          [
            73.60907,
            23.98508
          ],
          [
            73.60845,
            23.98507
          ],
          [
            73.6066,
            23.98488
          ],
          [
            73.60608,
            23.98481
          ],
          [
            73.60507,
            23.98471
          ],
          [
            73.60382,
            23.98456
          ],
          [
            73.60078,
            23.98418
          ],
          [
            73.59994,
            23.9841
          ],
          [
            73.59938,
            23.98408
          ],
          [
            73.59864,
            23.98408
          ],
          [
            73.59709,
            23.98411
          ],
          [
            73.5967,
            23.98411
          ],
          [
            73.59651,
            23.9841
          ],
          [
            73.5961,
            23.98401
          ],
          [
            73.59588,
            23.98392
          ],
          [
            73.59401,
            23.98294
          ],
          [
            73.59373,
            23.98278
          ],
          [
            73.59349,
            23.9826
          ],
          [
            73.59255,
            23.98158
          ],
          [
            73.59197,
            23.98097
          ],
          [
            73.59169,
            23.98065
          ],
          [
            73.59154,
            23.98034
          ],
          [
            73.59121,
            23.97956
          ],
          [
            73.59018,
            23.97734
          ],
          [
            73.58991,
            23.97672
          ],
          [
            73.58971,
            23.97641
          ],
          [
            73.58946,
            23.97609
          ],
          [
            73.58779,
            23.97409
          ],
          [
            73.58762,
            23.97385
          ],
          [
            73.58743,
            23.97354
          ],
          [
            73.5873,
            23.97327
          ],
          [
            73.58718,
            23.97289
          ],
          [
            73.58711,
            23.97244
          ],
          [
            73.58688,
            23.97013
          ],
          [
            73.58685,
            23.96966
          ],
          [
            73.58679,
            23.96939
          ],
          [
            73.5867,
            23.96914
          ],
          [
            73.58654,
            23.96885
          ],
          [
            73.58593,
            23.96788
          ],
          [
            73.58466,
            23.96599
          ],
          [
            73.58363,
            23.96448
          ],
          [
            73.58329,
            23.96391
          ],
          [
            73.58195,
            23.96189
          ],
          [
            73.58185,
            23.96173
          ],
          [
            73.58169,
            23.96137
          ],
          [
            73.5812,
            23.95993
          ],
          [
            73.58103,
            23.95925
          ],
          [
            73.58033,
            23.95703
          ],
          [
            73.58023,
            23.95667
          ],
          [
            73.58012,
            23.95614
          ],
          [
            73.5798,
            23.95406
          ],
          [
            73.57969,
            23.95354
          ],
          [
            73.57958,
            23.95315
          ],
          [
            73.57943,
            23.95276
          ],
          [
            73.57934,
            23.9526
          ],
          [
            73.5791,
            23.95219
          ],
          [
            73.57662,
            23.94864
          ],
          [
            73.57586,
            23.94767
          ],
          [
            73.57556,
            23.94732
          ],
          [
            73.57547,
            23.94721
          ],
          [
            73.5753,
            23.94693
          ],
          [
            73.57523,
            23.9468
          ],
          [
            73.57513,
            23.94659
          ],
          [
            73.57506,
            23.94632
          ],
          [
            73.57503,
            23.94609
          ],
          [
            73.57504,
            23.94589
          ],
          [
            73.57507,
            23.94557
          ],
          [
            73.57514,
            23.94518
          ],
          [
            73.57543,
            23.94414
          ],
          [
            73.57549,
            23.94379
          ],
          [
            73.5755,
            23.94347
          ],
          [
            73.57542,
            23.94291
          ],
          [
            73.57529,
            23.94253
          ],
          [
            73.57495,
            23.94165
          ],
          [
            73.5748,
            23.9413
          ],
          [
            73.57462,
            23.94088
          ],
          [
            73.57411,
            23.93988
          ],
          [
            73.57363,
            23.93898
          ],
          [
            73.5734,
            23.93862
          ],
          [
            73.57322,
            23.93838
          ],
          [
            73.57214,
            23.93731
          ],
          [
            73.57194,
            23.93705
          ],
          [
            73.57182,
            23.93686
          ],
          [
            73.57166,
            23.93656
          ],
          [
            73.57037,
            23.93391
          ],
          [
            73.5688,
            23.93068
          ],
          [
            73.56804,
            23.92887
          ],
          [
            73.56778,
            23.92818
          ],
          [
            73.56574,
            23.92319
          ],
          [
            73.56549,
            23.92262
          ],
          [
            73.56491,
            23.92157
          ],
          [
            73.56483,
            23.9214
          ],
          [
            73.56468,
            23.92098
          ],
          [
            73.56392,
            23.9185
          ],
          [
            73.56383,
            23.91829
          ],
          [
            73.56368,
            23.91802
          ],
          [
            73.56361,
            23.9179
          ],
          [
            73.56328,
            23.91756
          ],
          [
            73.56305,
            23.91739
          ],
          [
            73.56262,
            23.91711
          ],
          [
            73.55906,
            23.91493
          ],
          [
            73.55876,
            23.91474
          ],
          [
            73.55817,
            23.91438
          ],
          [
            73.55764,
            23.91391
          ],
          [
            73.55743,
            23.91369
          ],
          [
            73.55468,
            23.91081
          ],
          [
            73.55287,
            23.90897
          ],
          [
            73.55241,
            23.90852
          ],
          [
            73.55145,
            23.90787
          ],
          [
            73.55115,
            23.90773
          ],
          [
            73.55082,
            23.90763
          ],
          [
            73.5497,
            23.90748
          ],
          [
            73.54923,
            23.90735
          ],
          [
            73.54873,
            23.90712
          ],
          [
            73.54846,
            23.90695
          ],
          [
            73.54829,
            23.90682
          ],
          [
            73.54798,
            23.90646
          ],
          [
            73.5478,
            23.9062
          ],
          [
            73.54736,
            23.90501
          ],
          [
            73.54698,
            23.90406
          ],
          [
            73.54609,
            23.90197
          ],
          [
            73.54552,
            23.90064
          ],
          [
            73.54538,
            23.90033
          ],
          [
            73.54464,
            23.89907
          ],
          [
            73.54447,
            23.89868
          ],
          [
            73.54382,
            23.89659
          ],
          [
            73.54359,
            23.89597
          ],
          [
            73.54341,
            23.89563
          ],
          [
            73.5426,
            23.89434
          ],
          [
            73.5422,
            23.89368
          ],
          [
            73.54153,
            23.89241
          ],
          [
            73.54052,
            23.89076
          ],
          [
            73.54028,
            23.89048
          ],
          [
            73.54007,
            23.89029
          ],
          [
            73.53974,
            23.89005
          ],
          [
            73.53878,
            23.88957
          ],
          [
            73.53815,
            23.88926
          ],
          [
            73.53799,
            23.88918
          ],
          [
            73.53745,
            23.88892
          ],
          [
            73.53714,
            23.88874
          ],
          [
            73.53672,
            23.88849
          ],
          [
            73.53651,
            23.88833
          ],
          [
            73.53633,
            23.88816
          ],
          [
            73.5361,
            23.8879
          ],
          [
            73.53591,
            23.88762
          ],
          [
            73.5353,
            23.88622
          ],
          [
            73.53383,
            23.88276
          ],
          [
            73.53301,
            23.88085
          ],
          [
            73.53261,
            23.88019
          ],
          [
            73.53244,
            23.87996
          ],
          [
            73.53187,
            23.87925
          ],
          [
            73.53164,
            23.87889
          ],
          [
            73.53144,
            23.87848
          ],
          [
            73.53132,
            23.87805
          ],
          [
            73.53123,
            23.87771
          ],
          [
            73.53096,
            23.87672
          ],
          [
            73.53079,
            23.87606
          ],
          [
            73.53063,
            23.87566
          ],
          [
            73.53049,
            23.87541
          ],
          [
            73.53025,
            23.87506
          ],
          [
            73.52986,
            23.87467
          ],
          [
            73.52926,
            23.87392
          ],
          [
            73.52914,
            23.87374
          ],
          [
            73.529,
            23.87343
          ],
          [
            73.52888,
            23.87296
          ],
          [
            73.52857,
            23.87097
          ],
          [
            73.5284,
            23.86968
          ],
          [
            73.52836,
            23.86939
          ],
          [
            73.52831,
            23.86895
          ],
          [
            73.52798,
            23.86771
          ],
          [
            73.52776,
            23.867
          ],
          [
            73.52759,
            23.86635
          ],
          [
            73.52742,
            23.86592
          ],
          [
            73.52724,
            23.86561
          ],
          [
            73.52686,
            23.86502
          ],
          [
            73.52674,
            23.86476
          ],
          [
            73.52666,
            23.86452
          ],
          [
            73.52663,
            23.86439
          ],
          [
            73.52654,
            23.86354
          ],
          [
            73.52639,
            23.86115
          ],
          [
            73.52633,
            23.86012
          ],
          [
            73.52628,
            23.85952
          ],
          [
            73.52616,
            23.85769
          ],
          [
            73.52619,
            23.85696
          ],
          [
            73.52625,
            23.85634
          ],
          [
            73.52645,
            23.85469
          ],
          [
            73.52652,
            23.85416
          ],
          [
            73.52671,
            23.85262
          ],
          [
            73.52672,
            23.85214
          ],
          [
            73.52669,
            23.8517
          ],
          [
            73.5266,
            23.851
          ],
          [
            73.52642,
            23.84933
          ],
          [
            73.52638,
            23.84892
          ],
          [
            73.52622,
            23.84685
          ],
          [
            73.52616,
            23.8465
          ],
          [
            73.52603,
            23.84598
          ],
          [
            73.52579,
            23.8454
          ],
          [
            73.52474,
            23.84283
          ],
          [
            73.52451,
            23.84219
          ],
          [
            73.52425,
            23.84164
          ],
          [
            73.52311,
            23.83937
          ],
          [
            73.52239,
            23.83793
          ],
          [
            73.52185,
            23.83711
          ],
          [
            73.52155,
            23.83662
          ],
          [
            73.52134,
            23.83611
          ],
          [
            73.52103,
            23.8349
          ],
          [
            73.52083,
            23.83398
          ],
          [
            73.52084,
            23.83353
          ],
          [
            73.52089,
            23.83321
          ],
          [
            73.52112,
            23.83237
          ],
          [
            73.52134,
            23.83144
          ],
          [
            73.52139,
            23.83105
          ],
          [
            73.52139,
            23.83071
          ],
          [
            73.52139,
            23.83023
          ],
          [
            73.52127,
            23.82803
          ],
          [
            73.52123,
            23.82674
          ],
          [
            73.52115,
            23.82531
          ],
          [
            73.52113,
            23.82462
          ],
          [
            73.52105,
            23.82409
          ],
          [
            73.52075,
            23.82281
          ],
          [
            73.52062,
            23.82241
          ],
          [
            73.52012,
            23.82153
          ],
          [
            73.51943,
            23.82035
          ],
          [
            73.51931,
            23.82004
          ],
          [
            73.51926,
            23.81978
          ],
          [
            73.51928,
            23.81903
          ],
          [
            73.51939,
            23.81789
          ],
          [
            73.51962,
            23.81498
          ],
          [
            73.51971,
            23.81426
          ],
          [
            73.51982,
            23.8139
          ],
          [
            73.51995,
            23.81355
          ],
          [
            73.52015,
            23.81311
          ],
          [
            73.52061,
            23.81228
          ],
          [
            73.52131,
            23.81097
          ],
          [
            73.52253,
            23.80873
          ],
          [
            73.5227,
            23.80836
          ],
          [
            73.52282,
            23.80805
          ],
          [
            73.52288,
            23.80746
          ],
          [
            73.52273,
            23.80528
          ],
          [
            73.52262,
            23.804
          ],
          [
            73.52256,
            23.80344
          ],
          [
            73.52254,
            23.80293
          ],
          [
            73.52254,
            23.80241
          ],
          [
            73.5226,
            23.80198
          ],
          [
            73.52271,
            23.80164
          ],
          [
            73.52296,
            23.80116
          ],
          [
            73.52345,
            23.80011
          ],
          [
            73.52462,
            23.79801
          ],
          [
            73.52473,
            23.79778
          ],
          [
            73.52481,
            23.79747
          ],
          [
            73.52483,
            23.79726
          ],
          [
            73.52478,
            23.79696
          ],
          [
            73.52469,
            23.79667
          ],
          [
            73.52457,
            23.79638
          ],
          [
            73.52435,
            23.79602
          ],
          [
            73.5236,
            23.79447
          ],
          [
            73.52235,
            23.79179
          ],
          [
            73.52107,
            23.78922
          ],
          [
            73.52073,
            23.78857
          ],
          [
            73.51954,
            23.78617
          ],
          [
            73.51916,
            23.78534
          ],
          [
            73.51799,
            23.78238
          ],
          [
            73.51783,
            23.78201
          ],
          [
            73.51765,
            23.78158
          ],
          [
            73.51729,
            23.78083
          ],
          [
            73.51721,
            23.78059
          ],
          [
            73.51713,
            23.78026
          ],
          [
            73.51711,
            23.7797
          ],
          [
            73.51706,
            23.77927
          ],
          [
            73.51702,
            23.77912
          ],
          [
            73.51686,
            23.77873
          ],
          [
            73.51669,
            23.77852
          ],
          [
            73.51646,
            23.7783
          ],
          [
            73.5162,
            23.77813
          ],
          [
            73.51561,
            23.77782
          ],
          [
            73.51507,
            23.77757
          ],
          [
            73.5148,
            23.77748
          ],
          [
            73.51465,
            23.77745
          ],
          [
            73.51446,
            23.77745
          ],
          [
            73.51427,
            23.77749
          ],
          [
            73.51403,
            23.7776
          ],
          [
            73.51365,
            23.7778
          ],
          [
            73.51349,
            23.77786
          ],
          [
            73.51341,
            23.77789
          ],
          [
            73.51316,
            23.77794
          ],
          [
            73.51291,
            23.77792
          ],
          [
            73.51267,
            23.77787
          ],
          [
            73.51223,
            23.77768
          ],
          [
            73.51104,
            23.77713
          ],
          [
            73.51068,
            23.77692
          ],
          [
            73.51043,
            23.77669
          ],
          [
            73.51005,
            23.77601
          ],
          [
            73.50986,
            23.7756
          ],
          [
            73.50969,
            23.77533
          ],
          [
            73.50947,
            23.77512
          ],
          [
            73.50926,
            23.77501
          ],
          [
            73.50911,
            23.77496
          ],
          [
            73.50849,
            23.77482
          ],
          [
            73.50665,
            23.77444
          ],
          [
            73.50625,
            23.77433
          ],
          [
            73.50608,
            23.77425
          ],
          [
            73.50595,
            23.77417
          ],
          [
            73.50568,
            23.77391
          ],
          [
            73.50483,
            23.77301
          ],
          [
            73.50467,
            23.77291
          ],
          [
            73.50446,
            23.77282
          ],
          [
            73.50422,
            23.77279
          ],
          [
            73.50389,
            23.7728
          ],
          [
            73.50376,
            23.77284
          ],
          [
            73.50355,
            23.77294
          ],
          [
            73.50325,
            23.77321
          ],
          [
            73.5028,
            23.77354
          ],
          [
            73.50261,
            23.77362
          ],
          [
            73.50244,
            23.77364
          ],
          [
            73.50226,
            23.77363
          ],
          [
            73.502,
            23.77359
          ],
          [
            73.49884,
            23.77298
          ],
          [
            73.4984,
            23.77281
          ],
          [
            73.49667,
            23.77209
          ],
          [
            73.49632,
            23.77199
          ],
          [
            73.49607,
            23.77196
          ],
          [
            73.49538,
            23.772
          ],
          [
            73.49516,
            23.77198
          ],
          [
            73.49497,
            23.77192
          ],
          [
            73.49404,
            23.77152
          ],
          [
            73.49369,
            23.77143
          ],
          [
            73.49324,
            23.77141
          ],
          [
            73.49295,
            23.77142
          ],
          [
            73.49253,
            23.77146
          ],
          [
            73.49226,
            23.77144
          ],
          [
            73.49202,
            23.77138
          ],
          [
            73.49185,
            23.7713
          ],
          [
            73.49165,
            23.77115
          ],
          [
            73.4915,
            23.77091
          ],
          [
            73.49123,
            23.77028
          ],
          [
            73.49106,
            23.77007
          ],
          [
            73.49086,
            23.76993
          ],
          [
            73.49066,
            23.76982
          ],
          [
            73.4904,
            23.76973
          ],
          [
            73.49017,
            23.7697
          ],
          [
            73.48982,
            23.76974
          ],
          [
            73.48946,
            23.7698
          ],
          [
            73.48909,
            23.76982
          ],
          [
            73.48864,
            23.76972
          ],
          [
            73.48837,
            23.7696
          ],
          [
            73.48723,
            23.76865
          ],
          [
            73.48692,
            23.76849
          ],
          [
            73.48651,
            23.76839
          ],
          [
            73.48636,
            23.76838
          ],
          [
            73.48561,
            23.7684
          ],
          [
            73.48534,
            23.76835
          ],
          [
            73.48513,
            23.76824
          ],
          [
            73.48489,
            23.76804
          ],
          [
            73.48449,
            23.76766
          ],
          [
            73.48411,
            23.76732
          ],
          [
            73.48382,
            23.76702
          ],
          [
            73.48366,
            23.76682
          ],
          [
            73.48357,
            23.76667
          ],
          [
            73.48354,
            23.76637
          ],
          [
            73.48359,
            23.7657
          ],
          [
            73.48358,
            23.76549
          ],
          [
            73.48352,
            23.76522
          ],
          [
            73.48337,
            23.76493
          ],
          [
            73.48288,
            23.76419
          ],
          [
            73.48265,
            23.76381
          ],
          [
            73.4826,
            23.76364
          ],
          [
            73.48255,
            23.76338
          ],
          [
            73.48253,
            23.76226
          ],
          [
            73.48244,
            23.76186
          ],
          [
            73.48232,
            23.76156
          ],
          [
            73.48218,
            23.76129
          ],
          [
            73.48202,
            23.76111
          ],
          [
            73.48045,
            23.76004
          ],
          [
            73.48023,
            23.75988
          ],
          [
            73.48011,
            23.75975
          ],
          [
            73.47994,
            23.75947
          ],
          [
            73.47957,
            23.75843
          ],
          [
            73.47953,
            23.7581
          ],
          [
            73.47949,
            23.75643
          ],
          [
            73.47943,
            23.75617
          ],
          [
            73.47938,
            23.75601
          ],
          [
            73.47922,
            23.75576
          ],
          [
            73.47892,
            23.7555
          ],
          [
            73.47733,
            23.75427
          ],
          [
            73.47652,
            23.75366
          ],
          [
            73.47609,
            23.75324
          ],
          [
            73.47542,
            23.75265
          ],
          [
            73.47525,
            23.75255
          ],
          [
            73.47511,
            23.7525
          ],
          [
            73.47473,
            23.75246
          ],
          [
            73.47128,
            23.75258
          ],
          [
            73.47098,
            23.75253
          ],
          [
            73.47084,
            23.75245
          ],
          [
            73.47069,
            23.75234
          ],
          [
            73.47058,
            23.7522
          ],
          [
            73.47043,
            23.75195
          ],
          [
            73.4701,
            23.75121
          ],
          [
            73.46993,
            23.75092
          ],
          [
            73.46976,
            23.7507
          ],
          [
            73.4694,
            23.75041
          ],
          [
            73.46908,
            23.75025
          ],
          [
            73.4686,
            23.75016
          ],
          [
            73.46818,
            23.75014
          ],
          [
            73.4679,
            23.75019
          ],
          [
            73.46762,
            23.75026
          ],
          [
            73.46743,
            23.75037
          ],
          [
            73.46723,
            23.75053
          ],
          [
            73.46687,
            23.75087
          ],
          [
            73.46632,
            23.75136
          ],
          [
            73.46605,
            23.75171
          ],
          [
            73.46569,
            23.75219
          ],
          [
            73.46501,
            23.75307
          ],
          [
            73.46472,
            23.75336
          ],
          [
            73.46451,
            23.7535
          ],
          [
            73.46405,
            23.75367
          ],
          [
            73.46367,
            23.75383
          ],
          [
            73.46243,
            23.75435
          ],
          [
            73.46037,
            23.7552
          ],
          [
            73.45963,
            23.75554
          ],
          [
            73.45947,
            23.75562
          ],
          [
            73.45893,
            23.75582
          ],
          [
            73.45778,
            23.75612
          ],
          [
            73.45727,
            23.75641
          ],
          [
            73.45682,
            23.75674
          ],
          [
            73.45644,
            23.75704
          ],
          [
            73.45623,
            23.7572
          ],
          [
            73.45594,
            23.75747
          ],
          [
            73.45323,
            23.76068
          ],
          [
            73.45299,
            23.76094
          ],
          [
            73.45275,
            23.76111
          ],
          [
            73.4522,
            23.76135
          ],
          [
            73.45187,
            23.76142
          ],
          [
            73.45157,
            23.76144
          ],
          [
            73.44868,
            23.76147
          ],
          [
            73.44827,
            23.76151
          ],
          [
            73.448,
            23.76161
          ],
          [
            73.44773,
            23.76179
          ],
          [
            73.44757,
            23.76202
          ],
          [
            73.44737,
            23.76285
          ],
          [
            73.44722,
            23.76318
          ],
          [
            73.44706,
            23.76339
          ],
          [
            73.44676,
            23.76356
          ],
          [
            73.44653,
            23.76361
          ],
          [
            73.44623,
            23.76361
          ],
          [
            73.44593,
            23.76349
          ],
          [
            73.44573,
            23.76336
          ],
          [
            73.44549,
            23.76307
          ],
          [
            73.44525,
            23.76278
          ],
          [
            73.44203,
            23.75814
          ],
          [
            73.44147,
            23.75732
          ],
          [
            73.44129,
            23.75705
          ],
          [
            73.44109,
            23.75664
          ],
          [
            73.44087,
            23.75585
          ],
          [
            73.44077,
            23.75547
          ],
          [
            73.4407,
            23.75523
          ],
          [
            73.44041,
            23.75454
          ],
          [
            73.44002,
            23.7537
          ],
          [
            73.43793,
            23.74943
          ],
          [
            73.43447,
            23.74279
          ],
          [
            73.43424,
            23.74238
          ],
          [
            73.43346,
            23.74095
          ],
          [
            73.43319,
            23.74067
          ],
          [
            73.43287,
            23.74044
          ],
          [
            73.43264,
            23.74033
          ],
          [
            73.43247,
            23.74028
          ],
          [
            73.43228,
            23.74026
          ],
          [
            73.43209,
            23.74025
          ],
          [
            73.43191,
            23.74025
          ],
          [
            73.4315,
            23.74032
          ],
          [
            73.43125,
            23.74041
          ],
          [
            73.43093,
            23.74057
          ],
          [
            73.42973,
            23.74116
          ],
          [
            73.42905,
            23.74151
          ],
          [
            73.42852,
            23.74177
          ],
          [
            73.42818,
            23.74189
          ],
          [
            73.42784,
            23.74196
          ],
          [
            73.42757,
            23.74198
          ],
          [
            73.42724,
            23.74196
          ],
          [
            73.42684,
            23.74191
          ],
          [
            73.42649,
            23.74178
          ],
          [
            73.42615,
            23.74161
          ],
          [
            73.4259,
            23.74146
          ],
          [
            73.42422,
            23.74014
          ],
          [
            73.41545,
            23.73314
          ],
          [
            73.41496,
            23.73275
          ],
          [
            73.41451,
            23.73253
          ],
          [
            73.414,
            23.73231
          ],
          [
            73.40876,
            23.73018
          ],
          [
            73.40541,
            23.72883
          ],
          [
            73.40495,
            23.72863
          ],
          [
            73.40461,
            23.72846
          ],
          [
            73.40441,
            23.72833
          ],
          [
            73.40409,
            23.72808
          ],
          [
            73.40386,
            23.72784
          ],
          [
            73.40211,
            23.72587
          ],
          [
            73.40125,
            23.72493
          ],
          [
            73.39766,
            23.72088
          ],
          [
            73.39505,
            23.71797
          ],
          [
            73.39447,
            23.71728
          ],
          [
            73.39277,
            23.71536
          ],
          [
            73.39234,
            23.71487
          ],
          [
            73.39185,
            23.71425
          ],
          [
            73.39168,
            23.71396
          ],
          [
            73.39155,
            23.71362
          ],
          [
            73.39076,
            23.71076
          ],
          [
            73.39067,
            23.71026
          ],
          [
            73.39065,
            23.70984
          ],
          [
            73.39121,
            23.70351
          ],
          [
            73.39114,
            23.70265
          ],
          [
            73.39108,
            23.7023
          ],
          [
            73.39081,
            23.70137
          ],
          [
            73.3906,
            23.70087
          ],
          [
            73.39016,
            23.70009
          ],
          [
            73.38902,
            23.69837
          ],
          [
            73.38786,
            23.6966
          ],
          [
            73.38769,
            23.69625
          ],
          [
            73.38756,
            23.69589
          ],
          [
            73.38747,
            23.69549
          ],
          [
            73.387,
            23.69285
          ],
          [
            73.38671,
            23.69115
          ],
          [
            73.38663,
            23.69078
          ],
          [
            73.38641,
            23.69024
          ],
          [
            73.38631,
            23.69002
          ],
          [
            73.38617,
            23.6898
          ],
          [
            73.38584,
            23.68945
          ],
          [
            73.38555,
            23.6892
          ],
          [
            73.38511,
            23.68893
          ],
          [
            73.38479,
            23.68881
          ],
          [
            73.3843,
            23.68869
          ],
          [
            73.38413,
            23.68866
          ],
          [
            73.38373,
            23.68864
          ],
          [
            73.38345,
            23.68864
          ],
          [
            73.38303,
            23.68872
          ],
          [
            73.38145,
            23.68916
          ],
          [
            73.38101,
            23.68919
          ],
          [
            73.38048,
            23.68913
          ],
          [
            73.38039,
            23.6891
          ],
          [
            73.37988,
            23.68891
          ],
          [
            73.37937,
            23.68863
          ],
          [
            73.37889,
            23.68841
          ],
          [
            73.37855,
            23.6883
          ],
          [
            73.37718,
            23.68797
          ],
          [
            73.37675,
            23.68778
          ],
          [
            73.37649,
            23.68754
          ],
          [
            73.37574,
            23.68679
          ],
          [
            73.37535,
            23.68643
          ],
          [
            73.37467,
            23.68587
          ],
          [
            73.37274,
            23.6842
          ],
          [
            73.37262,
            23.68399
          ],
          [
            73.37203,
            23.68356
          ],
          [
            73.3714,
            23.6832
          ],
          [
            73.3708,
            23.68298
          ],
          [
            73.36776,
            23.68214
          ],
          [
            73.36756,
            23.68209
          ],
          [
            73.36768,
            23.6817
          ],
          [
            73.36776,
            23.68139
          ],
          [
            73.36811,
            23.67768
          ],
          [
            73.36823,
            23.6771
          ],
          [
            73.36842,
            23.67659
          ],
          [
            73.36866,
            23.67615
          ],
          [
            73.36937,
            23.67515
          ],
          [
            73.37018,
            23.67406
          ],
          [
            73.37079,
            23.67325
          ],
          [
            73.37101,
            23.67283
          ],
          [
            73.37113,
            23.67249
          ],
          [
            73.37117,
            23.67238
          ],
          [
            73.3712,
            23.67194
          ],
          [
            73.37116,
            23.67152
          ],
          [
            73.37098,
            23.671
          ],
          [
            73.37067,
            23.67058
          ],
          [
            73.37029,
            23.67025
          ],
          [
            73.36791,
            23.66854
          ],
          [
            73.36724,
            23.66799
          ],
          [
            73.36671,
            23.66747
          ],
          [
            73.36491,
            23.66542
          ],
          [
            73.36436,
            23.66501
          ],
          [
            73.35429,
            23.65775
          ],
          [
            73.35165,
            23.65582
          ],
          [
            73.35044,
            23.65492
          ],
          [
            73.34993,
            23.65449
          ],
          [
            73.34865,
            23.65311
          ],
          [
            73.34703,
            23.65165
          ],
          [
            73.34616,
            23.65078
          ],
          [
            73.34558,
            23.65026
          ],
          [
            73.3448,
            23.64957
          ],
          [
            73.34163,
            23.64701
          ],
          [
            73.3408,
            23.64629
          ],
          [
            73.3406,
            23.64604
          ],
          [
            73.34041,
            23.64568
          ],
          [
            73.34028,
            23.64529
          ],
          [
            73.34025,
            23.64495
          ],
          [
            73.3403,
            23.64448
          ],
          [
            73.34114,
            23.6408
          ],
          [
            73.34119,
            23.64036
          ],
          [
            73.3412,
            23.63966
          ],
          [
            73.34113,
            23.63908
          ],
          [
            73.34099,
            23.63859
          ],
          [
            73.33768,
            23.62862
          ],
          [
            73.33634,
            23.62457
          ],
          [
            73.3357,
            23.62277
          ],
          [
            73.33546,
            23.62218
          ],
          [
            73.33523,
            23.62173
          ],
          [
            73.33497,
            23.62136
          ],
          [
            73.33488,
            23.62124
          ],
          [
            73.33393,
            23.62017
          ],
          [
            73.33353,
            23.61981
          ],
          [
            73.33249,
            23.619
          ],
          [
            73.33227,
            23.6188
          ],
          [
            73.33209,
            23.61862
          ],
          [
            73.33187,
            23.61834
          ],
          [
            73.33168,
            23.61799
          ],
          [
            73.33159,
            23.61782
          ],
          [
            73.33126,
            23.61696
          ],
          [
            73.3311,
            23.61664
          ],
          [
            73.33088,
            23.61636
          ],
          [
            73.33065,
            23.61612
          ],
          [
            73.32992,
            23.61551
          ],
          [
            73.32966,
            23.61527
          ],
          [
            73.32918,
            23.61477
          ],
          [
            73.32756,
            23.61306
          ],
          [
            73.3271,
            23.61255
          ],
          [
            73.32624,
            23.61159
          ],
          [
            73.32587,
            23.61118
          ],
          [
            73.32489,
            23.61001
          ],
          [
            73.32348,
            23.60824
          ],
          [
            73.32297,
            23.60754
          ],
          [
            73.32274,
            23.60715
          ],
          [
            73.32258,
            23.60683
          ],
          [
            73.32241,
            23.60637
          ],
          [
            73.32116,
            23.60199
          ],
          [
            73.31982,
            23.59725
          ],
          [
            73.31916,
            23.5951
          ],
          [
            73.31872,
            23.59382
          ],
          [
            73.31848,
            23.59306
          ],
          [
            73.31748,
            23.58949
          ],
          [
            73.31733,
            23.58905
          ],
          [
            73.31659,
            23.58754
          ],
          [
            73.31355,
            23.58132
          ],
          [
            73.31304,
            23.58022
          ],
          [
            73.31298,
            23.58009
          ],
          [
            73.31287,
            23.57985
          ],
          [
            73.31272,
            23.57944
          ],
          [
            73.31264,
            23.57907
          ],
          [
            73.3126,
            23.57862
          ],
          [
            73.3126,
            23.5777
          ],
          [
            73.31271,
            23.57597
          ],
          [
            73.31291,
            23.56912
          ],
          [
            73.31302,
            23.56623
          ],
          [
            73.31301,
            23.56408
          ],
          [
            73.31296,
            23.56205
          ],
          [
            73.31289,
            23.55953
          ],
          [
            73.31285,
            23.55786
          ],
          [
            73.3128,
            23.55568
          ],
          [
            73.3126,
            23.5543
          ],
          [
            73.31258,
            23.55377
          ],
          [
            73.31262,
            23.55323
          ],
          [
            73.31266,
            23.55305
          ],
          [
            73.31276,
            23.55262
          ],
          [
            73.3139,
            23.54767
          ],
          [
            73.31397,
            23.54712
          ],
          [
            73.31396,
            23.54647
          ],
          [
            73.31366,
            23.54488
          ],
          [
            73.31314,
            23.54245
          ],
          [
            73.3127,
            23.54034
          ],
          [
            73.31235,
            23.53881
          ],
          [
            73.31224,
            23.53834
          ],
          [
            73.31208,
            23.53786
          ],
          [
            73.31204,
            23.53773
          ],
          [
            73.31174,
            23.53712
          ],
          [
            73.30935,
            23.53231
          ],
          [
            73.30882,
            23.53128
          ],
          [
            73.30861,
            23.53077
          ],
          [
            73.3085,
            23.53039
          ],
          [
            73.30758,
            23.52687
          ],
          [
            73.30745,
            23.52642
          ],
          [
            73.30723,
            23.52594
          ],
          [
            73.30698,
            23.52553
          ],
          [
            73.30469,
            23.52281
          ],
          [
            73.30267,
            23.52044
          ],
          [
            73.3014,
            23.51896
          ],
          [
            73.30086,
            23.51829
          ],
          [
            73.30063,
            23.51794
          ],
          [
            73.30047,
            23.51758
          ],
          [
            73.30036,
            23.51725
          ],
          [
            73.30029,
            23.51691
          ],
          [
            73.30027,
            23.51656
          ],
          [
            73.30032,
            23.51616
          ],
          [
            73.30048,
            23.51553
          ],
          [
            73.30093,
            23.51404
          ],
          [
            73.30102,
            23.51367
          ],
          [
            73.30276,
            23.50762
          ],
          [
            73.3033,
            23.50598
          ],
          [
            73.3036,
            23.50502
          ],
          [
            73.30418,
            23.50264
          ],
          [
            73.30429,
            23.50226
          ],
          [
            73.30438,
            23.50193
          ],
          [
            73.30449,
            23.5014
          ],
          [
            73.30453,
            23.50092
          ],
          [
            73.3045,
            23.50006
          ],
          [
            73.30408,
            23.49394
          ],
          [
            73.304,
            23.49351
          ],
          [
            73.30385,
            23.49307
          ],
          [
            73.30364,
            23.4927
          ],
          [
            73.30332,
            23.4923
          ],
          [
            73.30059,
            23.4893
          ],
          [
            73.29912,
            23.48769
          ],
          [
            73.29884,
            23.48729
          ],
          [
            73.29877,
            23.48715
          ],
          [
            73.29876,
            23.48704
          ],
          [
            73.29878,
            23.48691
          ],
          [
            73.29887,
            23.48676
          ],
          [
            73.30074,
            23.48428
          ],
          [
            73.30459,
            23.47937
          ],
          [
            73.3056,
            23.47805
          ],
          [
            73.3059,
            23.47773
          ],
          [
            73.30613,
            23.47752
          ],
          [
            73.30629,
            23.47737
          ],
          [
            73.30738,
            23.47666
          ],
          [
            73.30788,
            23.47629
          ],
          [
            73.30824,
            23.47599
          ],
          [
            73.30905,
            23.47503
          ],
          [
            73.30993,
            23.47397
          ],
          [
            73.31047,
            23.47331
          ],
          [
            73.31092,
            23.47276
          ],
          [
            73.31124,
            23.4723
          ],
          [
            73.31142,
            23.47192
          ],
          [
            73.31147,
            23.47182
          ],
          [
            73.31214,
            23.46993
          ],
          [
            73.31203,
            23.4699
          ],
          [
            73.30993,
            23.46921
          ],
          [
            73.30951,
            23.46909
          ],
          [
            73.30925,
            23.46902
          ],
          [
            73.30898,
            23.46891
          ],
          [
            73.30863,
            23.46875
          ],
          [
            73.30848,
            23.46867
          ],
          [
            73.30823,
            23.46855
          ],
          [
            73.30801,
            23.46844
          ],
          [
            73.30771,
            23.46829
          ],
          [
            73.30742,
            23.46815
          ],
          [
            73.30732,
            23.46809
          ],
          [
            73.30702,
            23.46794
          ],
          [
            73.30672,
            23.46778
          ],
          [
            73.30637,
            23.46759
          ],
          [
            73.30572,
            23.46725
          ],
          [
            73.30563,
            23.4672
          ],
          [
            73.3053,
            23.46703
          ],
          [
            73.30467,
            23.46671
          ],
          [
            73.30439,
            23.46656
          ],
          [
            73.30426,
            23.4665
          ],
          [
            73.30403,
            23.46638
          ],
          [
            73.3035,
            23.46613
          ],
          [
            73.30344,
            23.4661
          ],
          [
            73.30297,
            23.46589
          ],
          [
            73.30211,
            23.46551
          ],
          [
            73.3013,
            23.46516
          ],
          [
            73.30074,
            23.46496
          ],
          [
            73.30045,
            23.4649
          ],
          [
            73.29888,
            23.46459
          ],
          [
            73.29884,
            23.46437
          ],
          [
            73.29885,
            23.46431
          ],
          [
            73.29882,
            23.46426
          ],
          [
            73.29875,
            23.46424
          ],
          [
            73.29798,
            23.4624
          ],
          [
            73.29779,
            23.4622
          ],
          [
            73.29755,
            23.46199
          ],
          [
            73.29626,
            23.4609
          ],
          [
            73.29549,
            23.46016
          ],
          [
            73.29504,
            23.45971
          ],
          [
            73.29407,
            23.45872
          ],
          [
            73.29393,
            23.45862
          ],
          [
            73.29379,
            23.45847
          ],
          [
            73.29319,
            23.45782
          ],
          [
            73.29281,
            23.45702
          ],
          [
            73.29267,
            23.45684
          ],
          [
            73.29253,
            23.4567
          ],
          [
            73.29237,
            23.45659
          ],
          [
            73.29141,
            23.45592
          ],
          [
            73.29121,
            23.45578
          ],
          [
            73.2902,
            23.45521
          ],
          [
            73.28999,
            23.45506
          ],
          [
            73.28953,
            23.4547
          ],
          [
            73.28755,
            23.45314
          ],
          [
            73.28718,
            23.45286
          ],
          [
            73.28606,
            23.45197
          ],
          [
            73.28593,
            23.45183
          ],
          [
            73.28556,
            23.45133
          ],
          [
            73.28502,
            23.45063
          ],
          [
            73.28405,
            23.44932
          ],
          [
            73.28275,
            23.44761
          ],
          [
            73.2815,
            23.44592
          ],
          [
            73.2813,
            23.44577
          ],
          [
            73.28064,
            23.44529
          ],
          [
            73.28007,
            23.44502
          ],
          [
            73.27696,
            23.44374
          ],
          [
            73.27654,
            23.44354
          ],
          [
            73.27254,
            23.44142
          ],
          [
            73.27151,
            23.44083
          ],
          [
            73.26997,
            23.43994
          ],
          [
            73.26961,
            23.43971
          ],
          [
            73.26917,
            23.43935
          ],
          [
            73.26816,
            23.43848
          ],
          [
            73.26678,
            23.43729
          ],
          [
            73.26238,
            23.43349
          ],
          [
            73.26217,
            23.43326
          ],
          [
            73.26196,
            23.43294
          ],
          [
            73.26115,
            23.43151
          ],
          [
            73.26083,
            23.43104
          ],
          [
            73.26059,
            23.43077
          ],
          [
            73.26025,
            23.43045
          ],
          [
            73.25988,
            23.4302
          ],
          [
            73.25917,
            23.42985
          ],
          [
            73.25796,
            23.42927
          ],
          [
            73.25753,
            23.42899
          ],
          [
            73.25652,
            23.42811
          ],
          [
            73.25472,
            23.42649
          ],
          [
            73.25422,
            23.42608
          ],
          [
            73.25382,
            23.42587
          ],
          [
            73.25336,
            23.42571
          ],
          [
            73.25227,
            23.42549
          ],
          [
            73.25178,
            23.42532
          ],
          [
            73.24667,
            23.4231
          ],
          [
            73.24625,
            23.42284
          ],
          [
            73.24565,
            23.42242
          ],
          [
            73.24523,
            23.42209
          ],
          [
            73.24501,
            23.42187
          ],
          [
            73.24477,
            23.42153
          ],
          [
            73.24466,
            23.42131
          ],
          [
            73.24456,
            23.42112
          ],
          [
            73.24426,
            23.42038
          ],
          [
            73.24394,
            23.41987
          ],
          [
            73.24359,
            23.41947
          ],
          [
            73.24335,
            23.41924
          ],
          [
            73.24291,
            23.41882
          ],
          [
            73.24131,
            23.41744
          ],
          [
            73.24005,
            23.41639
          ],
          [
            73.23972,
            23.41595
          ],
          [
            73.23956,
            23.41561
          ],
          [
            73.23907,
            23.41397
          ],
          [
            73.23808,
            23.40932
          ],
          [
            73.23775,
            23.4079
          ],
          [
            73.23764,
            23.40759
          ],
          [
            73.23706,
            23.40648
          ],
          [
            73.23561,
            23.40382
          ],
          [
            73.23552,
            23.40352
          ],
          [
            73.23534,
            23.40253
          ],
          [
            73.23487,
            23.39975
          ],
          [
            73.23481,
            23.39896
          ],
          [
            73.23483,
            23.39859
          ],
          [
            73.23488,
            23.39828
          ],
          [
            73.23576,
            23.39569
          ],
          [
            73.23579,
            23.39517
          ],
          [
            73.23571,
            23.39474
          ],
          [
            73.23555,
            23.39416
          ],
          [
            73.23532,
            23.39375
          ],
          [
            73.23451,
            23.39287
          ],
          [
            73.23423,
            23.39236
          ],
          [
            73.23386,
            23.39187
          ],
          [
            73.23275,
            23.39066
          ],
          [
            73.22983,
            23.38793
          ],
          [
            73.22892,
            23.38709
          ],
          [
            73.22848,
            23.38675
          ],
          [
            73.22393,
            23.38382
          ],
          [
            73.2224,
            23.3828
          ],
          [
            73.22204,
            23.38249
          ],
          [
            73.22174,
            23.38212
          ],
          [
            73.22145,
            23.38162
          ],
          [
            73.21997,
            23.379
          ],
          [
            73.21969,
            23.37855
          ],
          [
            73.21941,
            23.37795
          ],
          [
            73.21925,
            23.37744
          ],
          [
            73.21915,
            23.37709
          ],
          [
            73.21879,
            23.37589
          ],
          [
            73.21846,
            23.37499
          ],
          [
            73.21809,
            23.37407
          ],
          [
            73.21782,
            23.37363
          ],
          [
            73.21693,
            23.37232
          ],
          [
            73.21558,
            23.3704
          ],
          [
            73.21457,
            23.3689
          ],
          [
            73.21438,
            23.36843
          ],
          [
            73.21425,
            23.36804
          ],
          [
            73.21397,
            23.36636
          ],
          [
            73.21361,
            23.36457
          ],
          [
            73.21358,
            23.36421
          ],
          [
            73.2137,
            23.36181
          ],
          [
            73.21369,
            23.36133
          ],
          [
            73.21355,
            23.36055
          ],
          [
            73.21309,
            23.35838
          ],
          [
            73.21237,
            23.35583
          ],
          [
            73.21182,
            23.35435
          ],
          [
            73.21161,
            23.3537
          ],
          [
            73.21155,
            23.3534
          ],
          [
            73.21152,
            23.35287
          ],
          [
            73.21147,
            23.35254
          ],
          [
            73.21144,
            23.35245
          ],
          [
            73.21135,
            23.35216
          ],
          [
            73.21107,
            23.35162
          ],
          [
            73.21061,
            23.35092
          ],
          [
            73.21006,
            23.35021
          ],
          [
            73.20874,
            23.34834
          ],
          [
            73.20864,
            23.34815
          ],
          [
            73.20853,
            23.34793
          ],
          [
            73.20828,
            23.34704
          ],
          [
            73.20819,
            23.34656
          ],
          [
            73.20819,
            23.34627
          ],
          [
            73.20831,
            23.34502
          ],
          [
            73.20828,
            23.3445
          ],
          [
            73.20818,
            23.34398
          ],
          [
            73.2079,
            23.34307
          ],
          [
            73.20757,
            23.3424
          ],
          [
            73.20722,
            23.34186
          ],
          [
            73.20682,
            23.34143
          ],
          [
            73.20573,
            23.34056
          ],
          [
            73.20548,
            23.34028
          ],
          [
            73.20297,
            23.33623
          ],
          [
            73.20023,
            23.33206
          ],
          [
            73.19924,
            23.33054
          ],
          [
            73.19904,
            23.33019
          ],
          [
            73.19889,
            23.32986
          ],
          [
            73.19879,
            23.32942
          ],
          [
            73.19858,
            23.32778
          ],
          [
            73.1979,
            23.32302
          ],
          [
            73.19734,
            23.31894
          ],
          [
            73.19734,
            23.31857
          ],
          [
            73.19772,
            23.31596
          ],
          [
            73.1981,
            23.31367
          ],
          [
            73.19838,
            23.31184
          ],
          [
            73.19893,
            23.30851
          ],
          [
            73.19914,
            23.30713
          ],
          [
            73.19951,
            23.30573
          ],
          [
            73.20111,
            23.2994
          ],
          [
            73.20169,
            23.29716
          ],
          [
            73.20172,
            23.29684
          ],
          [
            73.20173,
            23.29654
          ],
          [
            73.20166,
            23.29457
          ],
          [
            73.20165,
            23.29387
          ],
          [
            73.20167,
            23.29358
          ],
          [
            73.20193,
            23.29289
          ],
          [
            73.20261,
            23.29116
          ],
          [
            73.20353,
            23.28877
          ],
          [
            73.20365,
            23.2885
          ],
          [
            73.20592,
            23.28357
          ],
          [
            73.20608,
            23.2833
          ],
          [
            73.20624,
            23.28313
          ],
          [
            73.20656,
            23.28297
          ],
          [
            73.20692,
            23.28278
          ],
          [
            73.20726,
            23.28256
          ],
          [
            73.20762,
            23.28225
          ],
          [
            73.20794,
            23.2819
          ],
          [
            73.20816,
            23.28156
          ],
          [
            73.20972,
            23.27828
          ],
          [
            73.21038,
            23.27678
          ],
          [
            73.21087,
            23.27574
          ],
          [
            73.21097,
            23.27553
          ],
          [
            73.2112,
            23.27503
          ],
          [
            73.21151,
            23.27428
          ],
          [
            73.21166,
            23.27382
          ],
          [
            73.21313,
            23.26497
          ],
          [
            73.21324,
            23.26418
          ],
          [
            73.21331,
            23.26342
          ],
          [
            73.21364,
            23.25786
          ],
          [
            73.21371,
            23.25754
          ],
          [
            73.21378,
            23.25732
          ],
          [
            73.21397,
            23.25697
          ],
          [
            73.21413,
            23.25671
          ],
          [
            73.21443,
            23.25629
          ],
          [
            73.21466,
            23.25608
          ],
          [
            73.21508,
            23.25585
          ],
          [
            73.21751,
            23.2548
          ],
          [
            73.21814,
            23.25453
          ],
          [
            73.2196,
            23.25384
          ],
          [
            73.22175,
            23.25284
          ],
          [
            73.22211,
            23.25261
          ],
          [
            73.22236,
            23.25239
          ],
          [
            73.2226,
            23.25204
          ],
          [
            73.22277,
            23.25158
          ],
          [
            73.2228,
            23.25124
          ],
          [
            73.22274,
            23.2507
          ],
          [
            73.22209,
            23.24812
          ],
          [
            73.22202,
            23.24773
          ],
          [
            73.222,
            23.24734
          ],
          [
            73.22211,
            23.2452
          ],
          [
            73.22075,
            23.2394
          ],
          [
            73.22033,
            23.23852
          ],
          [
            73.21975,
            23.23746
          ],
          [
            73.21842,
            23.23518
          ],
          [
            73.21812,
            23.23453
          ],
          [
            73.21786,
            23.23396
          ],
          [
            73.21749,
            23.23314
          ],
          [
            73.21684,
            23.23169
          ],
          [
            73.2164,
            23.23072
          ],
          [
            73.21597,
            23.22974
          ],
          [
            73.21562,
            23.22896
          ],
          [
            73.21558,
            23.22881
          ],
          [
            73.21552,
            23.22862
          ],
          [
            73.21503,
            23.22755
          ],
          [
            73.21482,
            23.22704
          ],
          [
            73.2147,
            23.22663
          ],
          [
            73.21463,
            23.22628
          ],
          [
            73.21459,
            23.22594
          ],
          [
            73.21455,
            23.2256
          ],
          [
            73.21435,
            23.22299
          ],
          [
            73.21424,
            23.22175
          ],
          [
            73.21423,
            23.22161
          ],
          [
            73.21416,
            23.22056
          ],
          [
            73.2141,
            23.21992
          ],
          [
            73.21403,
            23.2197
          ],
          [
            73.21402,
            23.21946
          ],
          [
            73.21396,
            23.2191
          ],
          [
            73.21388,
            23.21821
          ],
          [
            73.21382,
            23.21749
          ],
          [
            73.21377,
            23.21705
          ],
          [
            73.21372,
            23.21654
          ],
          [
            73.21372,
            23.21624
          ],
          [
            73.21379,
            23.21587
          ],
          [
            73.21652,
            23.20724
          ],
          [
            73.21663,
            23.20681
          ],
          [
            73.21671,
            23.20627
          ],
          [
            73.21692,
            23.20512
          ],
          [
            73.21706,
            23.20432
          ],
          [
            73.21709,
            23.20416
          ],
          [
            73.21724,
            23.20374
          ],
          [
            73.2175,
            23.20334
          ],
          [
            73.21778,
            23.20297
          ],
          [
            73.218,
            23.20259
          ],
          [
            73.22045,
            23.19478
          ],
          [
            73.22051,
            23.19441
          ],
          [
            73.22049,
            23.19396
          ],
          [
            73.22032,
            23.19247
          ],
          [
            73.22024,
            23.19173
          ],
          [
            73.2202,
            23.19132
          ],
          [
            73.22002,
            23.18973
          ],
          [
            73.21976,
            23.18768
          ],
          [
            73.2196,
            23.1862
          ],
          [
            73.21835,
            23.17536
          ],
          [
            73.21805,
            23.17262
          ],
          [
            73.2177,
            23.16974
          ],
          [
            73.21667,
            23.1607
          ],
          [
            73.21659,
            23.15995
          ],
          [
            73.21648,
            23.15893
          ],
          [
            73.21631,
            23.1573
          ],
          [
            73.2163,
            23.1572
          ],
          [
            73.21618,
            23.1562
          ],
          [
            73.21615,
            23.15594
          ],
          [
            73.21596,
            23.15433
          ],
          [
            73.21594,
            23.15422
          ],
          [
            73.21577,
            23.15272
          ],
          [
            73.21568,
            23.15202
          ],
          [
            73.21557,
            23.15109
          ],
          [
            73.21548,
            23.15001
          ],
          [
            73.21545,
            23.14943
          ],
          [
            73.21543,
            23.14548
          ],
          [
            73.21531,
            23.13335
          ],
          [
            73.21526,
            23.13042
          ],
          [
            73.21526,
            23.13036
          ],
          [
            73.21525,
            23.1276
          ],
          [
            73.21522,
            23.12709
          ],
          [
            73.21513,
            23.12643
          ],
          [
            73.21498,
            23.12591
          ],
          [
            73.21458,
            23.12488
          ],
          [
            73.21184,
            23.11861
          ],
          [
            73.21023,
            23.11495
          ],
          [
            73.20877,
            23.11157
          ],
          [
            73.20762,
            23.10901
          ],
          [
            73.20268,
            23.09763
          ],
          [
            73.20062,
            23.09301
          ],
          [
            73.19959,
            23.09078
          ],
          [
            73.19808,
            23.08739
          ],
          [
            73.19652,
            23.08388
          ],
          [
            73.19627,
            23.08331
          ],
          [
            73.19466,
            23.07967
          ],
          [
            73.19413,
            23.07849
          ],
          [
            73.194,
            23.07825
          ],
          [
            73.19057,
            23.07336
          ],
          [
            73.18974,
            23.07205
          ],
          [
            73.18813,
            23.06911
          ],
          [
            73.18686,
            23.06681
          ],
          [
            73.18565,
            23.06454
          ],
          [
            73.18337,
            23.06035
          ],
          [
            73.18284,
            23.05942
          ],
          [
            73.18089,
            23.05885
          ],
          [
            73.17147,
            23.05605
          ],
          [
            73.16325,
            23.05357
          ],
          [
            73.15926,
            23.05238
          ],
          [
            73.1555,
            23.0513
          ],
          [
            73.15183,
            23.05042
          ],
          [
            73.1441,
            23.04842
          ],
          [
            73.13203,
            23.04541
          ],
          [
            73.12818,
            23.04448
          ],
          [
            73.1253,
            23.04382
          ],
          [
            73.12021,
            23.04266
          ],
          [
            73.11619,
            23.04168
          ],
          [
            73.10793,
            23.03964
          ],
          [
            73.10432,
            23.03876
          ],
          [
            73.10367,
            23.0386
          ],
          [
            73.10341,
            23.03846
          ],
          [
            73.10316,
            23.03837
          ],
          [
            73.10223,
            23.03821
          ],
          [
            73.10191,
            23.03809
          ],
          [
            73.10147,
            23.03768
          ],
          [
            73.10111,
            23.03738
          ],
          [
            73.09655,
            23.03478
          ],
          [
            73.09162,
            23.03195
          ],
          [
            73.08961,
            23.03068
          ],
          [
            73.08741,
            23.02921
          ],
          [
            73.08447,
            23.02729
          ],
          [
            73.07962,
            23.02414
          ],
          [
            73.07915,
            23.02383
          ],
          [
            73.07898,
            23.02369
          ],
          [
            73.07741,
            23.02267
          ],
          [
            73.07529,
            23.02128
          ],
          [
            73.07476,
            23.02098
          ],
          [
            73.07277,
            23.01997
          ],
          [
            73.07269,
            23.01993
          ],
          [
            73.07242,
            23.01987
          ],
          [
            73.0722,
            23.01988
          ],
          [
            73.07102,
            23.02006
          ],
          [
            73.06795,
            23.02089
          ],
          [
            73.0674,
            23.02103
          ],
          [
            73.06696,
            23.02117
          ],
          [
            73.06518,
            23.0217
          ],
          [
            73.06468,
            23.02074
          ],
          [
            73.06436,
            23.02016
          ],
          [
            73.06423,
            23.01998
          ],
          [
            73.06405,
            23.01985
          ],
          [
            73.06122,
            23.01754
          ],
          [
            73.05851,
            23.01551
          ],
          [
            73.05664,
            23.01307
          ],
          [
            73.05595,
            23.01217
          ],
          [
            73.05555,
            23.01178
          ],
          [
            73.0552,
            23.01154
          ],
          [
            73.05472,
            23.01137
          ],
          [
            73.0539,
            23.01104
          ],
          [
            73.05334,
            23.01076
          ],
          [
            73.05295,
            23.01049
          ],
          [
            73.05246,
            23.01
          ],
          [
            73.0524,
            23.00989
          ],
          [
            73.05204,
            23.00932
          ],
          [
            73.05152,
            23.00832
          ],
          [
            73.05121,
            23.00787
          ],
          [
            73.05081,
            23.00753
          ],
          [
            73.04524,
            23.00317
          ],
          [
            73.04122,
            22.99999
          ],
          [
            73.04117,
            22.99995
          ],
          [
            73.0403,
            22.99926
          ],
          [
            73.04025,
            22.99922
          ],
          [
            73.03948,
            22.99862
          ],
          [
            73.03784,
            22.99737
          ],
          [
            73.03209,
            22.99288
          ],
          [
            73.02892,
            22.99035
          ],
          [
            73.02866,
            22.99004
          ],
          [
            73.02832,
            22.98958
          ],
          [
            73.0267,
            22.98705
          ],
          [
            73.02552,
            22.98526
          ],
          [
            73.02416,
            22.98338
          ],
          [
            73.02295,
            22.98178
          ],
          [
            73.02181,
            22.98023
          ],
          [
            73.02164,
            22.97997
          ],
          [
            73.02138,
            22.97927
          ],
          [
            73.02123,
            22.97878
          ],
          [
            73.02071,
            22.97737
          ],
          [
            73.02055,
            22.97694
          ],
          [
            73.01691,
            22.96685
          ],
          [
            73.01501,
            22.96192
          ],
          [
            73.01452,
            22.9606
          ],
          [
            73.01326,
            22.95717
          ],
          [
            73.01294,
            22.95624
          ],
          [
            73.01114,
            22.95144
          ],
          [
            73.00639,
            22.93854
          ],
          [
            73.00501,
            22.93494
          ],
          [
            72.99753,
            22.9207
          ],
          [
            72.99424,
            22.91439
          ],
          [
            72.99178,
            22.9098
          ],
          [
            72.98974,
            22.9059
          ],
          [
            72.98954,
            22.90547
          ],
          [
            72.98953,
            22.90526
          ],
          [
            72.98956,
            22.90503
          ],
          [
            72.98963,
            22.90484
          ],
          [
            72.9898,
            22.90378
          ],
          [
            72.98989,
            22.90268
          ],
          [
            72.98989,
            22.90086
          ],
          [
            72.98988,
            22.89896
          ],
          [
            72.98988,
            22.89888
          ],
          [
            72.98983,
            22.89826
          ],
          [
            72.98971,
            22.89782
          ],
          [
            72.98955,
            22.89742
          ],
          [
            72.98945,
            22.89724
          ],
          [
            72.98844,
            22.89575
          ],
          [
            72.98677,
            22.89338
          ],
          [
            72.9854,
            22.8913
          ],
          [
            72.9854,
            22.89122
          ],
          [
            72.98539,
            22.89119
          ],
          [
            72.98534,
            22.89114
          ],
          [
            72.98524,
            22.89113
          ],
          [
            72.98509,
            22.89107
          ],
          [
            72.98469,
            22.89051
          ],
          [
            72.98415,
            22.88973
          ],
          [
            72.98267,
            22.88756
          ],
          [
            72.98209,
            22.88671
          ],
          [
            72.98192,
            22.88646
          ],
          [
            72.98171,
            22.88616
          ],
          [
            72.98156,
            22.88593
          ],
          [
            72.98137,
            22.88569
          ],
          [
            72.98123,
            22.8855
          ],
          [
            72.98088,
            22.88502
          ],
          [
            72.98069,
            22.88477
          ],
          [
            72.98044,
            22.88439
          ],
          [
            72.97796,
            22.8807
          ],
          [
            72.97672,
            22.87886
          ],
          [
            72.97646,
            22.87848
          ],
          [
            72.97556,
            22.87718
          ],
          [
            72.975,
            22.87637
          ],
          [
            72.97486,
            22.87614
          ],
          [
            72.97417,
            22.87513
          ],
          [
            72.96994,
            22.86895
          ],
          [
            72.96991,
            22.86892
          ],
          [
            72.96983,
            22.8688
          ],
          [
            72.96892,
            22.86745
          ],
          [
            72.96631,
            22.86361
          ],
          [
            72.96616,
            22.86338
          ],
          [
            72.96609,
            22.86329
          ],
          [
            72.96522,
            22.862
          ],
          [
            72.96407,
            22.86014
          ],
          [
            72.96353,
            22.85929
          ],
          [
            72.96352,
            22.85927
          ],
          [
            72.96341,
            22.85909
          ],
          [
            72.96339,
            22.85907
          ],
          [
            72.96278,
            22.85825
          ],
          [
            72.96096,
            22.85567
          ],
          [
            72.96053,
            22.85506
          ],
          [
            72.96045,
            22.85494
          ],
          [
            72.96028,
            22.85466
          ],
          [
            72.95861,
            22.85223
          ],
          [
            72.95655,
            22.84931
          ],
          [
            72.95336,
            22.84461
          ],
          [
            72.95252,
            22.84337
          ],
          [
            72.95208,
            22.84272
          ],
          [
            72.94954,
            22.83894
          ],
          [
            72.94867,
            22.83764
          ],
          [
            72.94819,
            22.83691
          ],
          [
            72.94586,
            22.83338
          ],
          [
            72.94573,
            22.83318
          ],
          [
            72.94525,
            22.83257
          ],
          [
            72.9422,
            22.82883
          ],
          [
            72.94135,
            22.82783
          ],
          [
            72.93949,
            22.82564
          ],
          [
            72.93939,
            22.82551
          ],
          [
            72.93921,
            22.8253
          ],
          [
            72.9374,
            22.82305
          ],
          [
            72.93713,
            22.82273
          ],
          [
            72.93643,
            22.82185
          ],
          [
            72.93633,
            22.82172
          ],
          [
            72.93624,
            22.82155
          ],
          [
            72.93617,
            22.8211
          ],
          [
            72.93613,
            22.82065
          ],
          [
            72.93615,
            22.82028
          ],
          [
            72.93615,
            22.82021
          ],
          [
            72.93621,
            22.81986
          ],
          [
            72.93637,
            22.81914
          ],
          [
            72.93654,
            22.81868
          ],
          [
            72.93655,
            22.81861
          ],
          [
            72.93656,
            22.81858
          ],
          [
            72.93667,
            22.81783
          ],
          [
            72.93681,
            22.81715
          ],
          [
            72.93714,
            22.81583
          ],
          [
            72.93716,
            22.81574
          ],
          [
            72.93724,
            22.81547
          ],
          [
            72.93729,
            22.81503
          ],
          [
            72.93729,
            22.81476
          ],
          [
            72.93727,
            22.81466
          ],
          [
            72.93719,
            22.81443
          ],
          [
            72.93714,
            22.81433
          ],
          [
            72.93691,
            22.81397
          ],
          [
            72.93671,
            22.81379
          ],
          [
            72.93656,
            22.81363
          ],
          [
            72.93631,
            22.81332
          ],
          [
            72.93623,
            22.81317
          ],
          [
            72.93582,
            22.81261
          ],
          [
            72.93573,
            22.81249
          ],
          [
            72.93537,
            22.812
          ],
          [
            72.9351,
            22.81174
          ],
          [
            72.93283,
            22.80886
          ],
          [
            72.93087,
            22.80635
          ],
          [
            72.92989,
            22.80511
          ],
          [
            72.92827,
            22.80302
          ],
          [
            72.9263,
            22.80055
          ],
          [
            72.92548,
            22.79949
          ],
          [
            72.92364,
            22.79711
          ],
          [
            72.92068,
            22.79324
          ],
          [
            72.91687,
            22.78831
          ],
          [
            72.91366,
            22.78408
          ],
          [
            72.913,
            22.78329
          ],
          [
            72.91291,
            22.78316
          ],
          [
            72.91122,
            22.78087
          ],
          [
            72.90949,
            22.77859
          ],
          [
            72.90945,
            22.77854
          ],
          [
            72.90789,
            22.77645
          ],
          [
            72.90116,
            22.76744
          ],
          [
            72.90112,
            22.76739
          ],
          [
            72.90104,
            22.76728
          ],
          [
            72.89804,
            22.76324
          ],
          [
            72.89751,
            22.76252
          ],
          [
            72.89554,
            22.75983
          ],
          [
            72.89445,
            22.75837
          ],
          [
            72.89355,
            22.75719
          ],
          [
            72.89317,
            22.7567
          ],
          [
            72.89142,
            22.7543
          ],
          [
            72.89057,
            22.75313
          ],
          [
            72.88912,
            22.75114
          ],
          [
            72.88798,
            22.74957
          ],
          [
            72.88591,
            22.74671
          ],
          [
            72.88436,
            22.74458
          ],
          [
            72.88409,
            22.74421
          ],
          [
            72.88284,
            22.74249
          ],
          [
            72.88119,
            22.74019
          ],
          [
            72.88097,
            22.73987
          ],
          [
            72.88018,
            22.73878
          ],
          [
            72.87999,
            22.73852
          ],
          [
            72.87954,
            22.7379
          ],
          [
            72.87902,
            22.7373
          ],
          [
            72.87886,
            22.73716
          ],
          [
            72.8783,
            22.73683
          ],
          [
            72.87741,
            22.73632
          ],
          [
            72.87675,
            22.73588
          ],
          [
            72.8765,
            22.73564
          ],
          [
            72.87639,
            22.73549
          ],
          [
            72.87636,
            22.73544
          ],
          [
            72.8763,
            22.73536
          ],
          [
            72.87615,
            22.73508
          ],
          [
            72.87606,
            22.73479
          ],
          [
            72.87599,
            22.7345
          ],
          [
            72.87582,
            22.73373
          ],
          [
            72.87553,
            22.73264
          ],
          [
            72.87541,
            22.73218
          ],
          [
            72.87533,
            22.73195
          ],
          [
            72.87519,
            22.73164
          ],
          [
            72.87486,
            22.73111
          ],
          [
            72.87445,
            22.73052
          ],
          [
            72.87319,
            22.7287
          ],
          [
            72.8729,
            22.72827
          ],
          [
            72.87241,
            22.72747
          ],
          [
            72.87218,
            22.72709
          ],
          [
            72.87206,
            22.72694
          ],
          [
            72.87171,
            22.72636
          ],
          [
            72.87112,
            22.72537
          ],
          [
            72.87003,
            22.7236
          ],
          [
            72.86883,
            22.72163
          ],
          [
            72.86762,
            22.71965
          ],
          [
            72.86913,
            22.71897
          ],
          [
            72.86919,
            22.71895
          ],
          [
            72.86976,
            22.71868
          ],
          [
            72.87024,
            22.71846
          ],
          [
            72.87063,
            22.71828
          ],
          [
            72.87161,
            22.71784
          ],
          [
            72.87224,
            22.71756
          ],
          [
            72.87235,
            22.71751
          ],
          [
            72.87309,
            22.71717
          ],
          [
            72.87405,
            22.71694
          ],
          [
            72.8752,
            22.71684
          ],
          [
            72.87604,
            22.7169
          ],
          [
            72.8762,
            22.71689
          ],
          [
            72.87628,
            22.71686
          ],
          [
            72.87634,
            22.71684
          ],
          [
            72.87644,
            22.71675
          ],
          [
            72.87728,
            22.71581
          ],
          [
            72.88281,
            22.71046
          ],
          [
            72.88405,
            22.70907
          ],
          [
            72.88467,
            22.70839
          ],
          [
            72.88586,
            22.70706
          ],
          [
            72.88678,
            22.70604
          ],
          [
            72.8869,
            22.70591
          ],
          [
            72.88976,
            22.70272
          ],
          [
            72.89055,
            22.70174
          ],
          [
            72.89066,
            22.70159
          ],
          [
            72.89077,
            22.7013
          ],
          [
            72.89072,
            22.70099
          ],
          [
            72.89053,
            22.70063
          ],
          [
            72.8896,
            22.69956
          ],
          [
            72.88818,
            22.69824
          ],
          [
            72.88796,
            22.69798
          ],
          [
            72.8878,
            22.69772
          ],
          [
            72.88779,
            22.69767
          ],
          [
            72.88777,
            22.6975
          ],
          [
            72.88779,
            22.69738
          ],
          [
            72.88804,
            22.69742
          ],
          [
            72.88845,
            22.69748
          ],
          [
            72.88985,
            22.69768
          ],
          [
            72.89575,
            22.69848
          ],
          [
            72.89586,
            22.69849
          ],
          [
            72.89661,
            22.69859
          ],
          [
            72.89691,
            22.69863
          ],
          [
            72.89825,
            22.69892
          ],
          [
            72.90068,
            22.69923
          ],
          [
            72.90258,
            22.69946
          ],
          [
            72.90422,
            22.69969
          ],
          [
            72.90441,
            22.69969
          ],
          [
            72.90423,
            22.69962
          ],
          [
            72.90259,
            22.69938
          ],
          [
            72.902,
            22.69916
          ],
          [
            72.9016,
            22.69893
          ],
          [
            72.90138,
            22.69875
          ],
          [
            72.90104,
            22.69842
          ],
          [
            72.90086,
            22.69817
          ],
          [
            72.90065,
            22.69784
          ],
          [
            72.89989,
            22.69614
          ],
          [
            72.89975,
            22.69575
          ],
          [
            72.89969,
            22.69532
          ],
          [
            72.8997,
            22.69488
          ],
          [
            72.89978,
            22.69444
          ],
          [
            72.90007,
            22.69376
          ],
          [
            72.90151,
            22.69186
          ],
          [
            72.90318,
            22.68953
          ],
          [
            72.90436,
            22.68766
          ],
          [
            72.90469,
            22.68709
          ],
          [
            72.90807,
            22.6815
          ],
          [
            72.91496,
            22.67023
          ],
          [
            72.91732,
            22.66696
          ],
          [
            72.92053,
            22.66261
          ],
          [
            72.92347,
            22.65855
          ],
          [
            72.93041,
            22.64884
          ],
          [
            72.93156,
            22.64716
          ],
          [
            72.93304,
            22.64525
          ],
          [
            72.9346,
            22.64367
          ],
          [
            72.94002,
            22.6383
          ],
          [
            72.94028,
            22.63805
          ],
          [
            72.94302,
            22.63537
          ],
          [
            72.95642,
            22.62211
          ],
          [
            72.96039,
            22.61812
          ],
          [
            72.96658,
            22.61209
          ],
          [
            72.97056,
            22.6083
          ],
          [
            72.97419,
            22.60493
          ],
          [
            72.97769,
            22.60151
          ],
          [
            72.97835,
            22.60087
          ],
          [
            72.98043,
            22.59874
          ],
          [
            72.98071,
            22.59849
          ],
          [
            72.98073,
            22.59846
          ],
          [
            72.98446,
            22.59483
          ],
          [
            72.98502,
            22.59426
          ],
          [
            72.98547,
            22.59383
          ],
          [
            72.98567,
            22.59365
          ],
          [
            72.98913,
            22.59028
          ],
          [
            72.99231,
            22.58718
          ],
          [
            72.99259,
            22.58691
          ],
          [
            73.00012,
            22.57958
          ],
          [
            73.00348,
            22.57612
          ],
          [
            73.00748,
            22.57214
          ],
          [
            73.01084,
            22.56876
          ],
          [
            73.01617,
            22.56349
          ],
          [
            73.01888,
            22.56078
          ],
          [
            73.02126,
            22.55845
          ],
          [
            73.0219,
            22.55776
          ],
          [
            73.02566,
            22.55356
          ],
          [
            73.02741,
            22.55165
          ],
          [
            73.03428,
            22.54399
          ],
          [
            73.03624,
            22.54178
          ],
          [
            73.03649,
            22.54149
          ],
          [
            73.03726,
            22.54049
          ],
          [
            73.03776,
            22.53978
          ],
          [
            73.03837,
            22.53887
          ],
          [
            73.0467,
            22.52601
          ],
          [
            73.04706,
            22.52546
          ],
          [
            73.05188,
            22.51828
          ],
          [
            73.05388,
            22.51536
          ],
          [
            73.05565,
            22.51271
          ],
          [
            73.05638,
            22.51157
          ],
          [
            73.05711,
            22.51036
          ],
          [
            73.0589,
            22.50696
          ],
          [
            73.06184,
            22.50125
          ],
          [
            73.06515,
            22.49539
          ],
          [
            73.06715,
            22.49181
          ],
          [
            73.06768,
            22.49079
          ],
          [
            73.06829,
            22.48983
          ],
          [
            73.06902,
            22.48873
          ],
          [
            73.06964,
            22.48795
          ],
          [
            73.07064,
            22.48691
          ],
          [
            73.07113,
            22.48646
          ],
          [
            73.07241,
            22.48543
          ],
          [
            73.07422,
            22.4842
          ],
          [
            73.07503,
            22.48369
          ],
          [
            73.0759,
            22.48323
          ],
          [
            73.07671,
            22.48288
          ],
          [
            73.07751,
            22.4826
          ],
          [
            73.07835,
            22.48237
          ],
          [
            73.0802,
            22.48203
          ],
          [
            73.0813,
            22.48186
          ],
          [
            73.08349,
            22.48155
          ],
          [
            73.08393,
            22.48153
          ],
          [
            73.08464,
            22.48153
          ],
          [
            73.08578,
            22.48161
          ],
          [
            73.08736,
            22.48177
          ],
          [
            73.08807,
            22.48187
          ],
          [
            73.09117,
            22.48219
          ],
          [
            73.09309,
            22.48233
          ],
          [
            73.0939,
            22.48239
          ],
          [
            73.09454,
            22.48241
          ],
          [
            73.09518,
            22.48235
          ],
          [
            73.09577,
            22.48225
          ],
          [
            73.09674,
            22.48206
          ],
          [
            73.09748,
            22.48192
          ],
          [
            73.09828,
            22.48173
          ],
          [
            73.09953,
            22.48145
          ],
          [
            73.10018,
            22.48129
          ],
          [
            73.10085,
            22.48111
          ],
          [
            73.10317,
            22.48033
          ],
          [
            73.10397,
            22.47999
          ],
          [
            73.10529,
            22.47929
          ],
          [
            73.10643,
            22.4786
          ],
          [
            73.10746,
            22.47794
          ],
          [
            73.10839,
            22.47726
          ],
          [
            73.10925,
            22.4765
          ],
          [
            73.11002,
            22.47578
          ],
          [
            73.1108,
            22.47488
          ],
          [
            73.11145,
            22.47402
          ],
          [
            73.11212,
            22.47298
          ],
          [
            73.11262,
            22.47211
          ],
          [
            73.11325,
            22.47065
          ],
          [
            73.11362,
            22.46977
          ],
          [
            73.11481,
            22.46606
          ],
          [
            73.11637,
            22.46119
          ],
          [
            73.11655,
            22.4609
          ],
          [
            73.1167,
            22.46052
          ],
          [
            73.11705,
            22.45949
          ],
          [
            73.11727,
            22.45915
          ],
          [
            73.11752,
            22.45885
          ],
          [
            73.11792,
            22.4586
          ],
          [
            73.11826,
            22.45847
          ],
          [
            73.11856,
            22.45847
          ],
          [
            73.11899,
            22.45853
          ],
          [
            73.11944,
            22.45869
          ],
          [
            73.11976,
            22.4589
          ],
          [
            73.12003,
            22.45922
          ],
          [
            73.12023,
            22.45963
          ],
          [
            73.12029,
            22.45999
          ],
          [
            73.12017,
            22.46028
          ],
          [
            73.11992,
            22.46055
          ],
          [
            73.11972,
            22.46068
          ],
          [
            73.11948,
            22.46078
          ],
          [
            73.11882,
            22.4608
          ],
          [
            73.11788,
            22.46056
          ],
          [
            73.11562,
            22.46001
          ],
          [
            73.11351,
            22.45949
          ],
          [
            73.11277,
            22.45929
          ],
          [
            73.112,
            22.45907
          ],
          [
            73.11157,
            22.45896
          ],
          [
            73.10931,
            22.4584
          ],
          [
            73.108,
            22.458
          ],
          [
            73.10706,
            22.45767
          ],
          [
            73.10615,
            22.45729
          ],
          [
            73.10573,
            22.45709
          ],
          [
            73.10493,
            22.45667
          ],
          [
            73.10434,
            22.45633
          ],
          [
            73.10315,
            22.45561
          ],
          [
            73.10246,
            22.4551
          ],
          [
            73.10152,
            22.45435
          ],
          [
            73.10065,
            22.45356
          ],
          [
            73.09984,
            22.45272
          ],
          [
            73.09896,
            22.45168
          ],
          [
            73.09829,
            22.45083
          ],
          [
            73.09488,
            22.44648
          ],
          [
            73.09307,
            22.44426
          ],
          [
            73.09277,
            22.44388
          ],
          [
            73.08808,
            22.43801
          ],
          [
            73.08762,
            22.43746
          ],
          [
            73.08611,
            22.43567
          ],
          [
            73.08534,
            22.43472
          ],
          [
            73.08342,
            22.43231
          ],
          [
            73.083,
            22.43177
          ],
          [
            73.08192,
            22.43048
          ],
          [
            73.0814,
            22.42983
          ],
          [
            73.08085,
            22.42909
          ],
          [
            73.0803,
            22.42816
          ],
          [
            73.07899,
            22.42571
          ],
          [
            73.07827,
            22.42405
          ],
          [
            73.07754,
            22.42199
          ],
          [
            73.07717,
            22.42102
          ],
          [
            73.07694,
            22.42006
          ],
          [
            73.07675,
            22.41914
          ],
          [
            73.0766,
            22.41817
          ],
          [
            73.07649,
            22.41716
          ],
          [
            73.07639,
            22.41598
          ],
          [
            73.07632,
            22.41427
          ],
          [
            73.07637,
            22.41304
          ],
          [
            73.07685,
            22.40515
          ],
          [
            73.077,
            22.40267
          ],
          [
            73.07703,
            22.40104
          ],
          [
            73.07695,
            22.39931
          ],
          [
            73.07685,
            22.39846
          ],
          [
            73.07683,
            22.39824
          ],
          [
            73.07669,
            22.39717
          ],
          [
            73.07641,
            22.39581
          ],
          [
            73.07608,
            22.39445
          ],
          [
            73.0749,
            22.39025
          ],
          [
            73.07442,
            22.38849
          ],
          [
            73.07395,
            22.38642
          ],
          [
            73.0737,
            22.38457
          ],
          [
            73.0737,
            22.38243
          ],
          [
            73.07377,
            22.38124
          ],
          [
            73.07392,
            22.38004
          ],
          [
            73.07442,
            22.37748
          ],
          [
            73.07499,
            22.37528
          ],
          [
            73.07537,
            22.37425
          ],
          [
            73.07628,
            22.37238
          ],
          [
            73.0775,
            22.37043
          ],
          [
            73.07852,
            22.36901
          ],
          [
            73.07961,
            22.36765
          ],
          [
            73.08142,
            22.36561
          ],
          [
            73.08202,
            22.36497
          ],
          [
            73.08276,
            22.36417
          ],
          [
            73.0864,
            22.36023
          ],
          [
            73.08726,
            22.35913
          ],
          [
            73.08948,
            22.35615
          ],
          [
            73.09001,
            22.35518
          ],
          [
            73.09056,
            22.35417
          ],
          [
            73.09076,
            22.35381
          ],
          [
            73.09254,
            22.35024
          ],
          [
            73.09261,
            22.35009
          ],
          [
            73.09381,
            22.34712
          ],
          [
            73.09505,
            22.34306
          ],
          [
            73.09642,
            22.33865
          ],
          [
            73.09658,
            22.33818
          ],
          [
            73.09716,
            22.33649
          ],
          [
            73.09728,
            22.33601
          ],
          [
            73.09743,
            22.33459
          ],
          [
            73.09762,
            22.33232
          ],
          [
            73.09751,
            22.33006
          ],
          [
            73.09734,
            22.32909
          ],
          [
            73.09713,
            22.32772
          ],
          [
            73.09642,
            22.32434
          ],
          [
            73.09582,
            22.32078
          ],
          [
            73.09573,
            22.31886
          ],
          [
            73.09593,
            22.31733
          ],
          [
            73.09635,
            22.3157
          ],
          [
            73.09693,
            22.31362
          ],
          [
            73.09727,
            22.31242
          ],
          [
            73.09881,
            22.30555
          ],
          [
            73.09889,
            22.30509
          ],
          [
            73.09991,
            22.29996
          ],
          [
            73.09993,
            22.29986
          ],
          [
            73.10056,
            22.29672
          ],
          [
            73.10058,
            22.29661
          ],
          [
            73.10171,
            22.2909
          ],
          [
            73.10173,
            22.29079
          ],
          [
            73.10211,
            22.28883
          ],
          [
            73.10258,
            22.28638
          ],
          [
            73.10286,
            22.28448
          ],
          [
            73.10375,
            22.27681
          ],
          [
            73.10387,
            22.27599
          ],
          [
            73.1051,
            22.26874
          ],
          [
            73.10518,
            22.26833
          ],
          [
            73.10558,
            22.26616
          ],
          [
            73.10585,
            22.26517
          ],
          [
            73.10651,
            22.26276
          ],
          [
            73.10714,
            22.26111
          ],
          [
            73.10763,
            22.26005
          ],
          [
            73.10791,
            22.25943
          ],
          [
            73.10872,
            22.25775
          ],
          [
            73.11075,
            22.25317
          ],
          [
            73.11087,
            22.25289
          ],
          [
            73.11115,
            22.25226
          ],
          [
            73.11193,
            22.25059
          ],
          [
            73.112,
            22.25045
          ],
          [
            73.11289,
            22.24827
          ],
          [
            73.1133,
            22.2472
          ],
          [
            73.11374,
            22.24587
          ],
          [
            73.11409,
            22.24465
          ],
          [
            73.11434,
            22.24371
          ],
          [
            73.11445,
            22.24317
          ],
          [
            73.11451,
            22.24292
          ],
          [
            73.11469,
            22.24186
          ],
          [
            73.11499,
            22.23968
          ],
          [
            73.11504,
            22.23896
          ],
          [
            73.11505,
            22.23819
          ],
          [
            73.11506,
            22.23803
          ],
          [
            73.11501,
            22.23553
          ],
          [
            73.11497,
            22.23479
          ],
          [
            73.11491,
            22.23406
          ],
          [
            73.11488,
            22.23392
          ],
          [
            73.11476,
            22.23289
          ],
          [
            73.11466,
            22.23217
          ],
          [
            73.11455,
            22.23154
          ],
          [
            73.11424,
            22.23009
          ],
          [
            73.11405,
            22.2293
          ],
          [
            73.1138,
            22.22845
          ],
          [
            73.11353,
            22.22764
          ],
          [
            73.11315,
            22.22654
          ],
          [
            73.11305,
            22.22628
          ],
          [
            73.11259,
            22.22518
          ],
          [
            73.11219,
            22.22428
          ],
          [
            73.10725,
            22.21388
          ],
          [
            73.10717,
            22.21373
          ],
          [
            73.10513,
            22.20947
          ],
          [
            73.09941,
            22.19745
          ],
          [
            73.09635,
            22.19101
          ],
          [
            73.0912,
            22.18018
          ],
          [
            73.09082,
            22.17938
          ],
          [
            73.08926,
            22.17603
          ],
          [
            73.08916,
            22.17582
          ],
          [
            73.08773,
            22.17288
          ],
          [
            73.08466,
            22.16635
          ],
          [
            73.08209,
            22.16094
          ],
          [
            73.08136,
            22.15935
          ],
          [
            73.08064,
            22.15768
          ],
          [
            73.07622,
            22.14624
          ],
          [
            73.07149,
            22.1343
          ],
          [
            73.06837,
            22.12633
          ],
          [
            73.06669,
            22.12307
          ],
          [
            73.06526,
            22.12061
          ],
          [
            73.06367,
            22.11778
          ],
          [
            73.06254,
            22.11572
          ],
          [
            73.0607,
            22.11253
          ],
          [
            73.05673,
            22.10583
          ],
          [
            73.05381,
            22.10081
          ],
          [
            73.04871,
            22.09236
          ],
          [
            73.04334,
            22.08366
          ],
          [
            73.03999,
            22.07819
          ],
          [
            73.03955,
            22.0775
          ],
          [
            73.03289,
            22.06684
          ],
          [
            73.03272,
            22.06657
          ],
          [
            73.02768,
            22.05837
          ],
          [
            73.02747,
            22.058
          ],
          [
            73.02706,
            22.05735
          ],
          [
            73.02637,
            22.05617
          ],
          [
            73.02548,
            22.0544
          ],
          [
            73.02485,
            22.05305
          ],
          [
            73.02409,
            22.05128
          ],
          [
            73.01975,
            22.04062
          ],
          [
            73.01903,
            22.03893
          ],
          [
            73.01882,
            22.03835
          ],
          [
            73.01681,
            22.03349
          ],
          [
            73.01483,
            22.02853
          ],
          [
            73.01475,
            22.02834
          ],
          [
            73.01455,
            22.02781
          ],
          [
            73.01132,
            22.01989
          ],
          [
            73.00885,
            22.01356
          ],
          [
            73.00798,
            22.01108
          ],
          [
            73.00771,
            22.01013
          ],
          [
            73.00687,
            22.00609
          ],
          [
            73.00663,
            22.00468
          ],
          [
            73.00619,
            22.00291
          ],
          [
            73.00575,
            22.00131
          ],
          [
            73.0053,
            21.99978
          ],
          [
            73.00496,
            21.99886
          ],
          [
            73.00154,
            21.99102
          ],
          [
            72.99757,
            21.98168
          ],
          [
            72.99496,
            21.97567
          ],
          [
            72.99304,
            21.97161
          ],
          [
            72.99246,
            21.9702
          ],
          [
            72.99214,
            21.96948
          ],
          [
            72.98916,
            21.96283
          ],
          [
            72.98697,
            21.958
          ],
          [
            72.97782,
            21.93453
          ],
          [
            72.97649,
            21.9308
          ],
          [
            72.97364,
            21.92347
          ],
          [
            72.97152,
            21.91779
          ],
          [
            72.96961,
            21.91271
          ],
          [
            72.96811,
            21.90879
          ],
          [
            72.96613,
            21.90386
          ],
          [
            72.96607,
            21.90366
          ],
          [
            72.96507,
            21.90124
          ],
          [
            72.9643,
            21.89911
          ],
          [
            72.96415,
            21.8987
          ],
          [
            72.96239,
            21.89382
          ],
          [
            72.96208,
            21.89296
          ],
          [
            72.96186,
            21.89236
          ],
          [
            72.96137,
            21.89114
          ],
          [
            72.96121,
            21.89075
          ],
          [
            72.95871,
            21.88459
          ],
          [
            72.95794,
            21.88272
          ],
          [
            72.95773,
            21.88223
          ],
          [
            72.95519,
            21.87609
          ],
          [
            72.95485,
            21.87528
          ],
          [
            72.95317,
            21.87123
          ],
          [
            72.95289,
            21.87055
          ],
          [
            72.95188,
            21.8681
          ],
          [
            72.95175,
            21.86779
          ],
          [
            72.94925,
            21.86176
          ],
          [
            72.94905,
            21.86129
          ],
          [
            72.9485,
            21.85996
          ],
          [
            72.94833,
            21.85955
          ],
          [
            72.94574,
            21.85329
          ],
          [
            72.94559,
            21.85293
          ],
          [
            72.94262,
            21.84578
          ],
          [
            72.94247,
            21.8454
          ],
          [
            72.94154,
            21.84288
          ],
          [
            72.94149,
            21.84269
          ],
          [
            72.94141,
            21.84234
          ],
          [
            72.94101,
            21.84068
          ],
          [
            72.9406,
            21.83746
          ],
          [
            72.94058,
            21.83705
          ],
          [
            72.94035,
            21.83347
          ],
          [
            72.94027,
            21.83216
          ],
          [
            72.93989,
            21.82727
          ],
          [
            72.93984,
            21.82688
          ],
          [
            72.93983,
            21.82663
          ],
          [
            72.93969,
            21.8246
          ],
          [
            72.93967,
            21.82425
          ],
          [
            72.93931,
            21.81948
          ],
          [
            72.93929,
            21.81896
          ],
          [
            72.93923,
            21.81738
          ],
          [
            72.93909,
            21.81503
          ],
          [
            72.93907,
            21.81464
          ],
          [
            72.93882,
            21.8105
          ],
          [
            72.93845,
            21.80645
          ],
          [
            72.93816,
            21.80287
          ],
          [
            72.93807,
            21.79973
          ],
          [
            72.93803,
            21.79943
          ],
          [
            72.9378,
            21.79492
          ],
          [
            72.93773,
            21.79386
          ],
          [
            72.93771,
            21.7935
          ],
          [
            72.93746,
            21.78953
          ],
          [
            72.93743,
            21.78918
          ],
          [
            72.93726,
            21.78658
          ],
          [
            72.93716,
            21.78513
          ],
          [
            72.93703,
            21.78333
          ],
          [
            72.93688,
            21.77923
          ],
          [
            72.93659,
            21.77447
          ],
          [
            72.93644,
            21.77231
          ],
          [
            72.93643,
            21.77196
          ],
          [
            72.93638,
            21.76797
          ],
          [
            72.93662,
            21.76435
          ],
          [
            72.93692,
            21.76058
          ],
          [
            72.937,
            21.75911
          ],
          [
            72.93707,
            21.75515
          ],
          [
            72.93716,
            21.7517
          ],
          [
            72.93704,
            21.74975
          ],
          [
            72.93694,
            21.74827
          ],
          [
            72.93635,
            21.7425
          ],
          [
            72.93599,
            21.73922
          ],
          [
            72.93566,
            21.73457
          ],
          [
            72.93546,
            21.72993
          ],
          [
            72.93543,
            21.72932
          ],
          [
            72.93542,
            21.72903
          ],
          [
            72.93542,
            21.72893
          ],
          [
            72.93503,
            21.71979
          ],
          [
            72.9349,
            21.71847
          ],
          [
            72.93473,
            21.71735
          ],
          [
            72.93461,
            21.71684
          ],
          [
            72.9345,
            21.71645
          ],
          [
            72.93404,
            21.715
          ],
          [
            72.93318,
            21.71317
          ],
          [
            72.9307,
            21.70833
          ],
          [
            72.92816,
            21.70346
          ],
          [
            72.9276,
            21.70201
          ],
          [
            72.92755,
            21.70131
          ],
          [
            72.92761,
            21.70086
          ],
          [
            72.9277,
            21.70046
          ],
          [
            72.92806,
            21.69994
          ],
          [
            72.92855,
            21.69948
          ],
          [
            72.9298,
            21.6985
          ],
          [
            72.93027,
            21.698
          ],
          [
            72.93067,
            21.6974
          ],
          [
            72.93128,
            21.69637
          ],
          [
            72.93159,
            21.69594
          ],
          [
            72.932,
            21.69567
          ],
          [
            72.93246,
            21.69552
          ],
          [
            72.93331,
            21.69535
          ],
          [
            72.93366,
            21.69526
          ],
          [
            72.93479,
            21.69514
          ],
          [
            72.93597,
            21.69501
          ],
          [
            72.93641,
            21.69493
          ],
          [
            72.93757,
            21.69459
          ],
          [
            72.93764,
            21.69457
          ],
          [
            72.93812,
            21.69441
          ],
          [
            72.93944,
            21.69401
          ],
          [
            72.93976,
            21.69393
          ],
          [
            72.94,
            21.69388
          ],
          [
            72.94069,
            21.69377
          ],
          [
            72.9414,
            21.69366
          ],
          [
            72.94288,
            21.69344
          ],
          [
            72.94329,
            21.69341
          ],
          [
            72.9437,
            21.6934
          ],
          [
            72.94517,
            21.69343
          ],
          [
            72.94676,
            21.69336
          ],
          [
            72.9481,
            21.6933
          ],
          [
            72.94883,
            21.69326
          ],
          [
            72.94942,
            21.6932
          ],
          [
            72.94987,
            21.69311
          ],
          [
            72.95059,
            21.69297
          ],
          [
            72.95319,
            21.69259
          ],
          [
            72.95361,
            21.69259
          ],
          [
            72.95394,
            21.69259
          ],
          [
            72.95423,
            21.69263
          ],
          [
            72.95442,
            21.69268
          ],
          [
            72.95445,
            21.69269
          ],
          [
            72.95452,
            21.69272
          ],
          [
            72.95477,
            21.69284
          ],
          [
            72.95498,
            21.693
          ],
          [
            72.95576,
            21.69384
          ],
          [
            72.95755,
            21.69581
          ],
          [
            72.96198,
            21.70069
          ],
          [
            72.96265,
            21.70143
          ],
          [
            72.963,
            21.70182
          ],
          [
            72.9636,
            21.70248
          ],
          [
            72.96446,
            21.70348
          ],
          [
            72.96773,
            21.70729
          ],
          [
            72.96862,
            21.70833
          ],
          [
            72.96914,
            21.70895
          ],
          [
            72.96922,
            21.70904
          ],
          [
            72.96925,
            21.70908
          ],
          [
            72.96955,
            21.70943
          ],
          [
            72.97031,
            21.71034
          ],
          [
            72.97063,
            21.71072
          ],
          [
            72.97093,
            21.7111
          ],
          [
            72.97098,
            21.71116
          ],
          [
            72.97154,
            21.71181
          ],
          [
            72.97189,
            21.71223
          ],
          [
            72.97258,
            21.71305
          ],
          [
            72.97261,
            21.71309
          ],
          [
            72.97381,
            21.71454
          ],
          [
            72.97468,
            21.71559
          ],
          [
            72.97506,
            21.71605
          ],
          [
            72.97513,
            21.71614
          ],
          [
            72.97557,
            21.71671
          ],
          [
            72.97562,
            21.71675
          ],
          [
            72.97579,
            21.71694
          ],
          [
            72.97623,
            21.71741
          ],
          [
            72.97729,
            21.71847
          ],
          [
            72.97791,
            21.71902
          ],
          [
            72.97871,
            21.7196
          ],
          [
            72.97948,
            21.72003
          ],
          [
            72.98023,
            21.72041
          ],
          [
            72.98117,
            21.72078
          ],
          [
            72.9818,
            21.72101
          ],
          [
            72.9827,
            21.72131
          ],
          [
            72.98299,
            21.72141
          ],
          [
            72.98391,
            21.72165
          ],
          [
            72.98449,
            21.72177
          ],
          [
            72.9848,
            21.72184
          ],
          [
            72.98531,
            21.72195
          ],
          [
            72.98562,
            21.72201
          ],
          [
            72.98579,
            21.72203
          ],
          [
            72.9859,
            21.72206
          ],
          [
            72.98622,
            21.72211
          ],
          [
            72.98677,
            21.72219
          ],
          [
            72.98749,
            21.7223
          ],
          [
            72.98835,
            21.72243
          ],
          [
            72.98863,
            21.72248
          ],
          [
            72.99,
            21.72269
          ],
          [
            72.9904,
            21.72275
          ],
          [
            72.99071,
            21.72279
          ],
          [
            72.99092,
            21.72281
          ],
          [
            72.99122,
            21.72285
          ],
          [
            72.99165,
            21.7229
          ],
          [
            72.99172,
            21.72291
          ],
          [
            72.99293,
            21.72307
          ],
          [
            72.99355,
            21.72317
          ],
          [
            72.99416,
            21.7233
          ],
          [
            72.99443,
            21.72339
          ],
          [
            72.99466,
            21.7235
          ],
          [
            72.99484,
            21.72357
          ],
          [
            72.99558,
            21.72388
          ],
          [
            72.99604,
            21.72404
          ],
          [
            72.99647,
            21.72417
          ],
          [
            72.99684,
            21.72425
          ],
          [
            72.9972,
            21.72431
          ],
          [
            72.99757,
            21.72432
          ],
          [
            72.99796,
            21.7243
          ],
          [
            72.99826,
            21.72425
          ],
          [
            72.99858,
            21.72416
          ],
          [
            72.99985,
            21.72374
          ],
          [
            73.00051,
            21.72363
          ],
          [
            73.00081,
            21.72361
          ],
          [
            73.00112,
            21.72363
          ],
          [
            73.00161,
            21.72372
          ],
          [
            73.00181,
            21.72378
          ],
          [
            73.00207,
            21.7239
          ],
          [
            73.00232,
            21.72404
          ],
          [
            73.00319,
            21.72471
          ],
          [
            73.00341,
            21.72485
          ],
          [
            73.00373,
            21.72497
          ],
          [
            73.00442,
            21.72519
          ],
          [
            73.00661,
            21.72589
          ],
          [
            73.00663,
            21.72591
          ],
          [
            73.00669,
            21.72594
          ],
          [
            73.00675,
            21.72592
          ],
          [
            73.00678,
            21.7259
          ],
          [
            73.0068,
            21.72585
          ],
          [
            73.00678,
            21.72579
          ],
          [
            73.00672,
            21.72576
          ],
          [
            73.0066,
            21.72548
          ],
          [
            73.00643,
            21.72508
          ],
          [
            73.00605,
            21.72414
          ],
          [
            73.00592,
            21.72384
          ],
          [
            73.00578,
            21.7235
          ],
          [
            73.00562,
            21.7231
          ],
          [
            73.00502,
            21.72166
          ],
          [
            73.00492,
            21.72141
          ],
          [
            73.00486,
            21.72126
          ],
          [
            73.00458,
            21.72056
          ],
          [
            73.00428,
            21.71985
          ],
          [
            73.00416,
            21.71958
          ],
          [
            73.00404,
            21.71928
          ],
          [
            73.0039,
            21.71896
          ],
          [
            73.00366,
            21.71837
          ],
          [
            73.00353,
            21.71806
          ],
          [
            73.00318,
            21.7172
          ],
          [
            73.00303,
            21.71684
          ],
          [
            73.00286,
            21.71642
          ],
          [
            73.00273,
            21.71609
          ],
          [
            73.00269,
            21.71599
          ],
          [
            73.0025,
            21.71549
          ],
          [
            73.00237,
            21.7151
          ],
          [
            73.00224,
            21.71483
          ],
          [
            73.00219,
            21.71476
          ],
          [
            73.00207,
            21.71461
          ],
          [
            73.00151,
            21.71325
          ],
          [
            73.00131,
            21.71269
          ],
          [
            73.00123,
            21.71239
          ],
          [
            73.00114,
            21.71189
          ],
          [
            73.001,
            21.71092
          ],
          [
            73.00046,
            21.70755
          ],
          [
            73.00036,
            21.70646
          ],
          [
            73.00017,
            21.70512
          ],
          [
            73.00014,
            21.70479
          ],
          [
            73.00014,
            21.70409
          ],
          [
            73.00023,
            21.70347
          ],
          [
            73.00038,
            21.70288
          ],
          [
            73.00074,
            21.70158
          ],
          [
            73.00092,
            21.70113
          ],
          [
            73.0014,
            21.70016
          ],
          [
            73.00275,
            21.69769
          ],
          [
            73.00352,
            21.6963
          ],
          [
            73.00478,
            21.69396
          ],
          [
            73.00602,
            21.69177
          ],
          [
            73.00652,
            21.69079
          ],
          [
            73.00698,
            21.68998
          ],
          [
            73.00791,
            21.68847
          ],
          [
            73.00815,
            21.68787
          ],
          [
            73.0087,
            21.68628
          ],
          [
            73.00901,
            21.68554
          ],
          [
            73.01067,
            21.6825
          ],
          [
            73.01125,
            21.68144
          ],
          [
            73.0115,
            21.68102
          ],
          [
            73.0129,
            21.67953
          ],
          [
            73.01311,
            21.67927
          ],
          [
            73.01323,
            21.67911
          ],
          [
            73.01358,
            21.67855
          ],
          [
            73.01384,
            21.67798
          ],
          [
            73.01396,
            21.67762
          ],
          [
            73.0141,
            21.67673
          ],
          [
            73.01414,
            21.67518
          ],
          [
            73.01414,
            21.67379
          ],
          [
            73.0141,
            21.67301
          ],
          [
            73.01401,
            21.67224
          ],
          [
            73.01381,
            21.67089
          ],
          [
            73.01363,
            21.66997
          ],
          [
            73.0124,
            21.66492
          ],
          [
            73.01205,
            21.66341
          ],
          [
            73.01133,
            21.66051
          ],
          [
            73.0104,
            21.6566
          ],
          [
            73.00916,
            21.65142
          ],
          [
            73.00872,
            21.6497
          ],
          [
            73.00832,
            21.64799
          ],
          [
            73.00825,
            21.64775
          ],
          [
            73.00822,
            21.64765
          ],
          [
            73.00789,
            21.64638
          ],
          [
            73.00785,
            21.64619
          ],
          [
            73.00748,
            21.64472
          ],
          [
            73.00727,
            21.64399
          ],
          [
            73.00703,
            21.64293
          ],
          [
            73.00672,
            21.64181
          ],
          [
            73.0067,
            21.64169
          ],
          [
            73.00622,
            21.64007
          ],
          [
            73.00562,
            21.63779
          ],
          [
            73.00556,
            21.63758
          ],
          [
            73.00477,
            21.6346
          ],
          [
            73.00472,
            21.63432
          ],
          [
            73.00471,
            21.63409
          ],
          [
            73.00479,
            21.63375
          ],
          [
            73.00504,
            21.63255
          ],
          [
            73.00506,
            21.63226
          ],
          [
            73.00505,
            21.63207
          ],
          [
            73.00494,
            21.63164
          ],
          [
            73.0049,
            21.63141
          ],
          [
            73.0044,
            21.62942
          ],
          [
            73.00401,
            21.6279
          ],
          [
            73.0037,
            21.62665
          ],
          [
            73.00324,
            21.62482
          ],
          [
            73.00295,
            21.62365
          ],
          [
            73.00249,
            21.62187
          ],
          [
            73.00233,
            21.62126
          ],
          [
            73.00278,
            21.62056
          ],
          [
            73.00337,
            21.61963
          ],
          [
            73.00358,
            21.61932
          ],
          [
            73.00339,
            21.61917
          ],
          [
            73.00276,
            21.61848
          ],
          [
            73.00192,
            21.61744
          ],
          [
            73.00128,
            21.61646
          ],
          [
            73.00095,
            21.61602
          ],
          [
            73.00079,
            21.61589
          ],
          [
            73.00064,
            21.61559
          ],
          [
            73.00035,
            21.61501
          ],
          [
            72.99996,
            21.61409
          ],
          [
            72.99984,
            21.6138
          ],
          [
            72.99962,
            21.61319
          ],
          [
            72.99948,
            21.61267
          ],
          [
            72.9994,
            21.61221
          ],
          [
            72.99913,
            21.60983
          ],
          [
            72.99873,
            21.6065
          ],
          [
            72.99718,
            21.5974
          ],
          [
            72.99709,
            21.59687
          ],
          [
            72.99695,
            21.59603
          ],
          [
            72.99689,
            21.59566
          ],
          [
            72.99663,
            21.59417
          ],
          [
            72.99656,
            21.59336
          ],
          [
            72.99655,
            21.59293
          ],
          [
            72.99654,
            21.5927
          ],
          [
            72.99651,
            21.59196
          ],
          [
            72.99646,
            21.59156
          ],
          [
            72.99636,
            21.59113
          ],
          [
            72.99609,
            21.59025
          ],
          [
            72.99589,
            21.58957
          ],
          [
            72.99579,
            21.58911
          ],
          [
            72.99537,
            21.58668
          ],
          [
            72.9953,
            21.58628
          ],
          [
            72.99523,
            21.58574
          ],
          [
            72.99522,
            21.58529
          ],
          [
            72.99523,
            21.58491
          ],
          [
            72.99526,
            21.58462
          ],
          [
            72.99533,
            21.58426
          ],
          [
            72.99548,
            21.58381
          ],
          [
            72.99569,
            21.58322
          ],
          [
            72.99779,
            21.57758
          ],
          [
            72.99801,
            21.57698
          ],
          [
            72.99853,
            21.57558
          ],
          [
            73.00023,
            21.57095
          ],
          [
            73.00025,
            21.5709
          ],
          [
            73.00083,
            21.56934
          ],
          [
            73.00153,
            21.56744
          ],
          [
            73.00158,
            21.5673
          ],
          [
            73.00303,
            21.56331
          ],
          [
            73.00342,
            21.56224
          ],
          [
            73.00503,
            21.55789
          ],
          [
            73.0071,
            21.5523
          ],
          [
            73.00724,
            21.5519
          ],
          [
            73.00738,
            21.55146
          ],
          [
            73.00744,
            21.5512
          ],
          [
            73.00761,
            21.55106
          ],
          [
            73.00768,
            21.55074
          ],
          [
            73.00774,
            21.55033
          ],
          [
            73.00776,
            21.5499
          ],
          [
            73.00774,
            21.54933
          ],
          [
            73.0075,
            21.5473
          ],
          [
            73.00723,
            21.54504
          ],
          [
            73.0071,
            21.54459
          ],
          [
            73.00709,
            21.5444
          ],
          [
            73.00709,
            21.54294
          ],
          [
            73.00704,
            21.54255
          ],
          [
            73.00683,
            21.54159
          ],
          [
            73.00661,
            21.5408
          ],
          [
            73.00653,
            21.54037
          ],
          [
            73.0057,
            21.53349
          ],
          [
            73.00537,
            21.53074
          ],
          [
            73.00481,
            21.52571
          ],
          [
            73.00441,
            21.52223
          ],
          [
            73.00338,
            21.51337
          ],
          [
            73.00312,
            21.51124
          ],
          [
            73.00304,
            21.51046
          ],
          [
            73.00244,
            21.50566
          ],
          [
            73.00194,
            21.50173
          ],
          [
            73.00162,
            21.49902
          ],
          [
            73.0016,
            21.4988
          ],
          [
            73.00106,
            21.49468
          ],
          [
            73.00018,
            21.48763
          ],
          [
            73.00003,
            21.48632
          ],
          [
            72.99957,
            21.48256
          ],
          [
            72.99907,
            21.47855
          ],
          [
            72.99893,
            21.47761
          ],
          [
            72.99891,
            21.47746
          ],
          [
            72.99886,
            21.47712
          ],
          [
            72.99778,
            21.46961
          ],
          [
            72.99765,
            21.46902
          ],
          [
            72.99749,
            21.46853
          ],
          [
            72.99722,
            21.46792
          ],
          [
            72.99698,
            21.46752
          ],
          [
            72.99664,
            21.46704
          ],
          [
            72.9965,
            21.46687
          ],
          [
            72.99528,
            21.46539
          ],
          [
            72.99517,
            21.46526
          ],
          [
            72.99394,
            21.46376
          ],
          [
            72.9931,
            21.46273
          ],
          [
            72.99207,
            21.46146
          ],
          [
            72.98617,
            21.45433
          ],
          [
            72.98393,
            21.45165
          ],
          [
            72.98344,
            21.45106
          ],
          [
            72.98146,
            21.44864
          ],
          [
            72.98082,
            21.44787
          ],
          [
            72.97884,
            21.44551
          ],
          [
            72.97804,
            21.44455
          ],
          [
            72.97382,
            21.43948
          ],
          [
            72.96916,
            21.43391
          ],
          [
            72.96868,
            21.43325
          ],
          [
            72.96839,
            21.43275
          ],
          [
            72.96812,
            21.43216
          ],
          [
            72.96804,
            21.43189
          ],
          [
            72.96794,
            21.43151
          ],
          [
            72.96774,
            21.43042
          ],
          [
            72.96753,
            21.4291
          ],
          [
            72.96742,
            21.4284
          ],
          [
            72.9673,
            21.42752
          ],
          [
            72.96689,
            21.42466
          ],
          [
            72.96668,
            21.42304
          ],
          [
            72.96658,
            21.42233
          ],
          [
            72.96636,
            21.42063
          ],
          [
            72.96613,
            21.41901
          ],
          [
            72.96596,
            21.41778
          ],
          [
            72.96585,
            21.41703
          ],
          [
            72.96558,
            21.41511
          ],
          [
            72.96512,
            21.41187
          ],
          [
            72.96474,
            21.40888
          ],
          [
            72.9647,
            21.40852
          ],
          [
            72.96461,
            21.40777
          ],
          [
            72.96445,
            21.40646
          ],
          [
            72.96408,
            21.40328
          ],
          [
            72.96392,
            21.40208
          ],
          [
            72.9638,
            21.40146
          ],
          [
            72.96358,
            21.40069
          ],
          [
            72.96333,
            21.39996
          ],
          [
            72.9632,
            21.39957
          ],
          [
            72.96198,
            21.39587
          ],
          [
            72.96184,
            21.39541
          ],
          [
            72.96117,
            21.3932
          ],
          [
            72.96063,
            21.39142
          ],
          [
            72.96029,
            21.39047
          ],
          [
            72.96007,
            21.38986
          ],
          [
            72.95854,
            21.38527
          ],
          [
            72.95806,
            21.38381
          ],
          [
            72.95793,
            21.38334
          ],
          [
            72.95775,
            21.38252
          ],
          [
            72.9577,
            21.38206
          ],
          [
            72.95765,
            21.38109
          ],
          [
            72.95769,
            21.37935
          ],
          [
            72.9578,
            21.37586
          ],
          [
            72.95782,
            21.37473
          ],
          [
            72.95785,
            21.37447
          ],
          [
            72.95794,
            21.3737
          ],
          [
            72.95888,
            21.3689
          ],
          [
            72.95993,
            21.3616
          ],
          [
            72.95998,
            21.36115
          ],
          [
            72.96001,
            21.36052
          ],
          [
            72.95989,
            21.35508
          ],
          [
            72.95984,
            21.35333
          ],
          [
            72.95951,
            21.35117
          ],
          [
            72.95867,
            21.34512
          ],
          [
            72.95868,
            21.34473
          ],
          [
            72.95872,
            21.34431
          ],
          [
            72.95879,
            21.34397
          ],
          [
            72.95915,
            21.34268
          ],
          [
            72.95931,
            21.34216
          ],
          [
            72.9594,
            21.34188
          ],
          [
            72.95967,
            21.34094
          ],
          [
            72.95973,
            21.34074
          ],
          [
            72.95978,
            21.34054
          ],
          [
            72.96051,
            21.33788
          ],
          [
            72.96158,
            21.3342
          ],
          [
            72.96252,
            21.33091
          ],
          [
            72.96361,
            21.32716
          ],
          [
            72.96367,
            21.32676
          ],
          [
            72.96374,
            21.32469
          ],
          [
            72.96375,
            21.32461
          ],
          [
            72.9638,
            21.32281
          ],
          [
            72.96386,
            21.32103
          ],
          [
            72.96393,
            21.31957
          ],
          [
            72.96393,
            21.31866
          ],
          [
            72.96393,
            21.3182
          ],
          [
            72.96385,
            21.31768
          ],
          [
            72.96378,
            21.31737
          ],
          [
            72.96369,
            21.31707
          ],
          [
            72.96356,
            21.31673
          ],
          [
            72.96324,
            21.31616
          ],
          [
            72.96307,
            21.3159
          ],
          [
            72.96261,
            21.31533
          ],
          [
            72.96244,
            21.31516
          ],
          [
            72.96231,
            21.31503
          ],
          [
            72.96048,
            21.31366
          ],
          [
            72.95929,
            21.31271
          ],
          [
            72.95823,
            21.31168
          ],
          [
            72.9576,
            21.31112
          ],
          [
            72.95707,
            21.31071
          ],
          [
            72.95671,
            21.31041
          ],
          [
            72.95642,
            21.31013
          ],
          [
            72.95619,
            21.30989
          ],
          [
            72.95602,
            21.30969
          ],
          [
            72.95582,
            21.30945
          ],
          [
            72.95567,
            21.30919
          ],
          [
            72.95554,
            21.30895
          ],
          [
            72.95535,
            21.30854
          ],
          [
            72.95533,
            21.30846
          ],
          [
            72.95531,
            21.30837
          ],
          [
            72.95527,
            21.30826
          ],
          [
            72.95516,
            21.30789
          ],
          [
            72.9548,
            21.306
          ],
          [
            72.95425,
            21.30305
          ],
          [
            72.95403,
            21.30199
          ],
          [
            72.95384,
            21.30123
          ],
          [
            72.95344,
            21.29914
          ],
          [
            72.95225,
            21.29373
          ],
          [
            72.95192,
            21.29218
          ],
          [
            72.95173,
            21.29115
          ],
          [
            72.95167,
            21.29064
          ],
          [
            72.95161,
            21.28967
          ],
          [
            72.95159,
            21.28827
          ],
          [
            72.95154,
            21.2869
          ],
          [
            72.95147,
            21.28587
          ],
          [
            72.95148,
            21.28433
          ],
          [
            72.95141,
            21.28313
          ],
          [
            72.95125,
            21.28149
          ],
          [
            72.9512,
            21.28061
          ],
          [
            72.95122,
            21.28014
          ],
          [
            72.95128,
            21.27985
          ],
          [
            72.95154,
            21.27912
          ],
          [
            72.9518,
            21.27861
          ],
          [
            72.95212,
            21.27804
          ],
          [
            72.95277,
            21.27706
          ],
          [
            72.95602,
            21.27293
          ],
          [
            72.95656,
            21.27218
          ],
          [
            72.95683,
            21.27171
          ],
          [
            72.9571,
            21.27107
          ],
          [
            72.95756,
            21.27006
          ],
          [
            72.95797,
            21.26911
          ],
          [
            72.95886,
            21.26726
          ],
          [
            72.95944,
            21.266
          ],
          [
            72.9604,
            21.26386
          ],
          [
            72.96262,
            21.25893
          ],
          [
            72.96424,
            21.2554
          ],
          [
            72.96483,
            21.25408
          ],
          [
            72.96547,
            21.25265
          ],
          [
            72.96639,
            21.25061
          ],
          [
            72.96667,
            21.24998
          ],
          [
            72.96687,
            21.24955
          ],
          [
            72.96693,
            21.24942
          ],
          [
            72.96776,
            21.24759
          ],
          [
            72.96809,
            21.24684
          ],
          [
            72.96835,
            21.24615
          ],
          [
            72.96852,
            21.24538
          ],
          [
            72.96856,
            21.24499
          ],
          [
            72.9686,
            21.24281
          ],
          [
            72.96863,
            21.24112
          ],
          [
            72.96864,
            21.23687
          ],
          [
            72.96863,
            21.2358
          ],
          [
            72.96862,
            21.23453
          ],
          [
            72.96866,
            21.2334
          ],
          [
            72.96864,
            21.23297
          ],
          [
            72.96859,
            21.23243
          ],
          [
            72.96855,
            21.23014
          ],
          [
            72.96855,
            21.22944
          ],
          [
            72.96856,
            21.22627
          ],
          [
            72.96855,
            21.22369
          ],
          [
            72.96854,
            21.22067
          ],
          [
            72.96853,
            21.22035
          ],
          [
            72.96854,
            21.21761
          ],
          [
            72.96855,
            21.21616
          ],
          [
            72.96851,
            21.21556
          ],
          [
            72.96843,
            21.21489
          ],
          [
            72.96828,
            21.21393
          ],
          [
            72.96824,
            21.21345
          ],
          [
            72.96823,
            21.21281
          ],
          [
            72.96815,
            21.21219
          ],
          [
            72.96812,
            21.21192
          ],
          [
            72.96799,
            21.21126
          ],
          [
            72.96784,
            21.21022
          ],
          [
            72.96771,
            21.20944
          ],
          [
            72.96761,
            21.20865
          ],
          [
            72.96722,
            21.20612
          ],
          [
            72.96712,
            21.20528
          ],
          [
            72.96661,
            21.20182
          ],
          [
            72.9661,
            21.19821
          ],
          [
            72.96593,
            21.19716
          ],
          [
            72.96562,
            21.19508
          ],
          [
            72.96561,
            21.19476
          ],
          [
            72.96562,
            21.19445
          ],
          [
            72.96565,
            21.19421
          ],
          [
            72.96573,
            21.19386
          ],
          [
            72.96589,
            21.19331
          ],
          [
            72.96618,
            21.19258
          ],
          [
            72.96642,
            21.19178
          ],
          [
            72.9665,
            21.19142
          ],
          [
            72.96651,
            21.19115
          ],
          [
            72.96651,
            21.19079
          ],
          [
            72.96646,
            21.19049
          ],
          [
            72.96629,
            21.18972
          ],
          [
            72.96609,
            21.18887
          ],
          [
            72.96381,
            21.1798
          ],
          [
            72.96369,
            21.17916
          ],
          [
            72.96364,
            21.1783
          ],
          [
            72.96351,
            21.17592
          ],
          [
            72.96346,
            21.17507
          ],
          [
            72.96333,
            21.17407
          ],
          [
            72.96311,
            21.17279
          ],
          [
            72.96274,
            21.17088
          ],
          [
            72.96241,
            21.16916
          ],
          [
            72.9621,
            21.16746
          ],
          [
            72.96153,
            21.16421
          ],
          [
            72.96143,
            21.16334
          ],
          [
            72.96142,
            21.16308
          ],
          [
            72.96146,
            21.16236
          ],
          [
            72.96151,
            21.162
          ],
          [
            72.96161,
            21.16159
          ],
          [
            72.96184,
            21.16105
          ],
          [
            72.96199,
            21.16077
          ],
          [
            72.96281,
            21.1594
          ],
          [
            72.96335,
            21.15851
          ],
          [
            72.9635,
            21.15821
          ],
          [
            72.96362,
            21.15789
          ],
          [
            72.96371,
            21.15764
          ],
          [
            72.96376,
            21.15736
          ],
          [
            72.96394,
            21.15609
          ],
          [
            72.96402,
            21.15536
          ],
          [
            72.96426,
            21.15359
          ],
          [
            72.9643,
            21.15335
          ],
          [
            72.96444,
            21.15174
          ],
          [
            72.96474,
            21.14858
          ],
          [
            72.96482,
            21.14792
          ],
          [
            72.96483,
            21.14785
          ],
          [
            72.96505,
            21.14593
          ],
          [
            72.96506,
            21.14579
          ],
          [
            72.96506,
            21.14575
          ],
          [
            72.9653,
            21.14349
          ],
          [
            72.96533,
            21.14331
          ],
          [
            72.96545,
            21.14275
          ],
          [
            72.96556,
            21.1424
          ],
          [
            72.96576,
            21.14192
          ],
          [
            72.96596,
            21.14159
          ],
          [
            72.96603,
            21.14146
          ],
          [
            72.9668,
            21.14046
          ],
          [
            72.96714,
            21.13999
          ],
          [
            72.96735,
            21.13971
          ],
          [
            72.96753,
            21.13938
          ],
          [
            72.96765,
            21.13905
          ],
          [
            72.96782,
            21.13847
          ],
          [
            72.9682,
            21.13685
          ],
          [
            72.96883,
            21.13433
          ],
          [
            72.969,
            21.13365
          ],
          [
            72.96913,
            21.13331
          ],
          [
            72.96955,
            21.13229
          ],
          [
            72.97016,
            21.13086
          ],
          [
            72.97131,
            21.12818
          ],
          [
            72.97173,
            21.12693
          ],
          [
            72.97216,
            21.12578
          ],
          [
            72.97257,
            21.12477
          ],
          [
            72.97299,
            21.1237
          ],
          [
            72.97351,
            21.12249
          ],
          [
            72.97356,
            21.12236
          ],
          [
            72.97364,
            21.12217
          ],
          [
            72.9743,
            21.12054
          ],
          [
            72.97635,
            21.11562
          ],
          [
            72.9765,
            21.11513
          ],
          [
            72.97662,
            21.11455
          ],
          [
            72.97668,
            21.11407
          ],
          [
            72.97666,
            21.11368
          ],
          [
            72.97659,
            21.11301
          ],
          [
            72.97656,
            21.11257
          ],
          [
            72.97653,
            21.11127
          ],
          [
            72.97624,
            21.1084
          ],
          [
            72.97593,
            21.10571
          ],
          [
            72.97587,
            21.1051
          ],
          [
            72.97578,
            21.10401
          ],
          [
            72.97577,
            21.10384
          ],
          [
            72.9758,
            21.10339
          ],
          [
            72.97594,
            21.10246
          ],
          [
            72.97623,
            21.10102
          ],
          [
            72.97633,
            21.10037
          ],
          [
            72.9764,
            21.0999
          ],
          [
            72.97645,
            21.09922
          ],
          [
            72.97684,
            21.09622
          ],
          [
            72.97745,
            21.09115
          ],
          [
            72.9776,
            21.08973
          ],
          [
            72.97788,
            21.08785
          ],
          [
            72.9781,
            21.08626
          ],
          [
            72.97829,
            21.08431
          ],
          [
            72.97866,
            21.08191
          ],
          [
            72.97868,
            21.08175
          ],
          [
            72.97875,
            21.08108
          ],
          [
            72.97896,
            21.07862
          ],
          [
            72.9791,
            21.07762
          ],
          [
            72.97929,
            21.07693
          ],
          [
            72.9801,
            21.0739
          ],
          [
            72.98024,
            21.0733
          ],
          [
            72.98038,
            21.07263
          ],
          [
            72.98043,
            21.07241
          ],
          [
            72.98047,
            21.07204
          ],
          [
            72.98046,
            21.07158
          ],
          [
            72.98042,
            21.07056
          ],
          [
            72.98039,
            21.06994
          ],
          [
            72.98041,
            21.06936
          ],
          [
            72.98059,
            21.0675
          ],
          [
            72.98068,
            21.06647
          ],
          [
            72.98067,
            21.0658
          ],
          [
            72.98053,
            21.065
          ],
          [
            72.98048,
            21.06487
          ],
          [
            72.98018,
            21.06404
          ],
          [
            72.9793,
            21.06118
          ],
          [
            72.97922,
            21.06087
          ],
          [
            72.97839,
            21.05789
          ],
          [
            72.97834,
            21.05769
          ],
          [
            72.97783,
            21.05576
          ],
          [
            72.97776,
            21.0555
          ],
          [
            72.97773,
            21.05515
          ],
          [
            72.97773,
            21.05498
          ],
          [
            72.97775,
            21.0542
          ],
          [
            72.97782,
            21.05293
          ],
          [
            72.97776,
            21.05241
          ],
          [
            72.97761,
            21.05192
          ],
          [
            72.97726,
            21.05102
          ],
          [
            72.97714,
            21.05062
          ],
          [
            72.97709,
            21.05036
          ],
          [
            72.97702,
            21.04979
          ],
          [
            72.97665,
            21.04432
          ],
          [
            72.97659,
            21.04354
          ],
          [
            72.97653,
            21.04312
          ],
          [
            72.9764,
            21.04263
          ],
          [
            72.97634,
            21.04248
          ],
          [
            72.97522,
            21.04003
          ],
          [
            72.97497,
            21.03944
          ],
          [
            72.97471,
            21.03894
          ],
          [
            72.97441,
            21.03859
          ],
          [
            72.97407,
            21.03827
          ],
          [
            72.97386,
            21.03807
          ],
          [
            72.97162,
            21.03635
          ],
          [
            72.97132,
            21.03615
          ],
          [
            72.97087,
            21.03579
          ],
          [
            72.97051,
            21.03548
          ],
          [
            72.97025,
            21.03517
          ],
          [
            72.97012,
            21.03495
          ],
          [
            72.96997,
            21.03463
          ],
          [
            72.96986,
            21.03435
          ],
          [
            72.96981,
            21.03415
          ],
          [
            72.96975,
            21.03375
          ],
          [
            72.96976,
            21.03322
          ],
          [
            72.96983,
            21.03285
          ],
          [
            72.97132,
            21.02877
          ],
          [
            72.97143,
            21.02838
          ],
          [
            72.97151,
            21.02797
          ],
          [
            72.97153,
            21.02715
          ],
          [
            72.97146,
            21.02443
          ],
          [
            72.97148,
            21.02427
          ],
          [
            72.97194,
            21.02317
          ],
          [
            72.97209,
            21.02264
          ],
          [
            72.97212,
            21.02233
          ],
          [
            72.97212,
            21.02134
          ],
          [
            72.97216,
            21.01963
          ],
          [
            72.97231,
            21.01902
          ],
          [
            72.97305,
            21.01674
          ],
          [
            72.97318,
            21.01628
          ],
          [
            72.97323,
            21.01599
          ],
          [
            72.97328,
            21.01563
          ],
          [
            72.97329,
            21.01528
          ],
          [
            72.97318,
            21.01404
          ],
          [
            72.97317,
            21.01336
          ],
          [
            72.97318,
            21.01302
          ],
          [
            72.97329,
            21.00931
          ],
          [
            72.97341,
            21.0076
          ],
          [
            72.97344,
            21.00715
          ],
          [
            72.97348,
            21.00657
          ],
          [
            72.97349,
            21.00622
          ],
          [
            72.97347,
            21.00585
          ],
          [
            72.97343,
            21.0053
          ],
          [
            72.97337,
            21.00493
          ],
          [
            72.97312,
            21.00385
          ],
          [
            72.97285,
            21.003
          ],
          [
            72.97237,
            21.00194
          ],
          [
            72.97132,
            21.00002
          ],
          [
            72.97045,
            20.99843
          ],
          [
            72.97006,
            20.99753
          ],
          [
            72.9691,
            20.99431
          ],
          [
            72.96864,
            20.9926
          ],
          [
            72.96805,
            20.99045
          ],
          [
            72.96738,
            20.98743
          ],
          [
            72.96706,
            20.98621
          ],
          [
            72.96606,
            20.98141
          ],
          [
            72.96505,
            20.97636
          ],
          [
            72.96489,
            20.97556
          ],
          [
            72.96411,
            20.97064
          ],
          [
            72.96405,
            20.97034
          ],
          [
            72.96383,
            20.96907
          ],
          [
            72.96338,
            20.9662
          ],
          [
            72.96319,
            20.96463
          ],
          [
            72.96302,
            20.96327
          ],
          [
            72.96298,
            20.96247
          ],
          [
            72.96288,
            20.96157
          ],
          [
            72.96273,
            20.96054
          ],
          [
            72.96248,
            20.95937
          ],
          [
            72.96209,
            20.9583
          ],
          [
            72.96122,
            20.95544
          ],
          [
            72.96067,
            20.95388
          ],
          [
            72.96031,
            20.95267
          ],
          [
            72.96021,
            20.95236
          ],
          [
            72.95946,
            20.94973
          ],
          [
            72.95929,
            20.94917
          ],
          [
            72.95914,
            20.94863
          ],
          [
            72.9591,
            20.94837
          ],
          [
            72.95908,
            20.94818
          ],
          [
            72.9591,
            20.94798
          ],
          [
            72.95914,
            20.94779
          ],
          [
            72.9592,
            20.94761
          ],
          [
            72.95928,
            20.94746
          ],
          [
            72.95955,
            20.94711
          ],
          [
            72.95988,
            20.94686
          ],
          [
            72.96365,
            20.94472
          ],
          [
            72.96376,
            20.94466
          ],
          [
            72.96928,
            20.94146
          ],
          [
            72.9697,
            20.94116
          ],
          [
            72.97033,
            20.94067
          ],
          [
            72.97106,
            20.94003
          ],
          [
            72.97485,
            20.93651
          ],
          [
            72.97661,
            20.93488
          ],
          [
            72.97803,
            20.93355
          ],
          [
            72.97825,
            20.93331
          ],
          [
            72.97947,
            20.93213
          ],
          [
            72.97975,
            20.93191
          ],
          [
            72.98016,
            20.93164
          ],
          [
            72.98048,
            20.9315
          ],
          [
            72.98061,
            20.93144
          ],
          [
            72.98108,
            20.93129
          ],
          [
            72.98225,
            20.9309
          ],
          [
            72.98532,
            20.9299
          ],
          [
            72.98616,
            20.9296
          ],
          [
            72.98737,
            20.92909
          ],
          [
            72.99749,
            20.92434
          ],
          [
            73.00047,
            20.92291
          ],
          [
            73.00081,
            20.92275
          ],
          [
            73.00127,
            20.92259
          ],
          [
            73.00172,
            20.92244
          ],
          [
            73.00334,
            20.9221
          ],
          [
            73.00434,
            20.92177
          ],
          [
            73.00521,
            20.92148
          ],
          [
            73.00543,
            20.92141
          ],
          [
            73.00815,
            20.92105
          ],
          [
            73.00954,
            20.92083
          ],
          [
            73.00973,
            20.92077
          ],
          [
            73.01003,
            20.92067
          ],
          [
            73.01103,
            20.92022
          ],
          [
            73.01183,
            20.91975
          ],
          [
            73.01242,
            20.91941
          ],
          [
            73.01316,
            20.91901
          ],
          [
            73.01447,
            20.91845
          ],
          [
            73.01467,
            20.91835
          ],
          [
            73.0154,
            20.91796
          ],
          [
            73.01556,
            20.91787
          ],
          [
            73.01612,
            20.9175
          ],
          [
            73.01779,
            20.91652
          ],
          [
            73.01932,
            20.91563
          ],
          [
            73.02182,
            20.91414
          ],
          [
            73.02862,
            20.91007
          ],
          [
            73.02871,
            20.91002
          ],
          [
            73.03326,
            20.90733
          ],
          [
            73.03378,
            20.90702
          ],
          [
            73.03828,
            20.90435
          ],
          [
            73.0386,
            20.90414
          ],
          [
            73.03885,
            20.90394
          ],
          [
            73.03914,
            20.90367
          ],
          [
            73.04282,
            20.89874
          ],
          [
            73.04374,
            20.89752
          ],
          [
            73.04486,
            20.896
          ],
          [
            73.04531,
            20.8954
          ],
          [
            73.04578,
            20.89454
          ],
          [
            73.0463,
            20.89345
          ],
          [
            73.04663,
            20.8928
          ],
          [
            73.04689,
            20.89244
          ],
          [
            73.04809,
            20.89128
          ],
          [
            73.04826,
            20.8911
          ],
          [
            73.0485,
            20.89079
          ],
          [
            73.05029,
            20.88835
          ],
          [
            73.05069,
            20.8878
          ],
          [
            73.05193,
            20.88635
          ],
          [
            73.05251,
            20.88552
          ],
          [
            73.05297,
            20.88461
          ],
          [
            73.05346,
            20.88384
          ],
          [
            73.05358,
            20.88369
          ],
          [
            73.05433,
            20.88265
          ],
          [
            73.05453,
            20.88239
          ],
          [
            73.05515,
            20.88155
          ],
          [
            73.0553,
            20.88128
          ],
          [
            73.05569,
            20.88038
          ],
          [
            73.05588,
            20.87983
          ],
          [
            73.05601,
            20.87931
          ],
          [
            73.05632,
            20.87728
          ],
          [
            73.05649,
            20.87643
          ],
          [
            73.0566,
            20.876
          ],
          [
            73.05686,
            20.87543
          ],
          [
            73.05708,
            20.87504
          ],
          [
            73.05728,
            20.87476
          ],
          [
            73.05741,
            20.87461
          ],
          [
            73.05757,
            20.87443
          ],
          [
            73.05838,
            20.87366
          ],
          [
            73.06083,
            20.87142
          ],
          [
            73.0613,
            20.87095
          ],
          [
            73.06159,
            20.87065
          ],
          [
            73.06208,
            20.87002
          ],
          [
            73.06232,
            20.86959
          ],
          [
            73.06253,
            20.86905
          ],
          [
            73.06265,
            20.8687
          ],
          [
            73.06273,
            20.86842
          ],
          [
            73.06279,
            20.86812
          ],
          [
            73.06281,
            20.86785
          ],
          [
            73.06283,
            20.86746
          ],
          [
            73.06287,
            20.86664
          ],
          [
            73.06294,
            20.86481
          ],
          [
            73.06294,
            20.86355
          ],
          [
            73.06298,
            20.86226
          ],
          [
            73.06297,
            20.86141
          ],
          [
            73.06299,
            20.86047
          ],
          [
            73.06298,
            20.85888
          ],
          [
            73.063,
            20.85855
          ],
          [
            73.06301,
            20.85747
          ],
          [
            73.06301,
            20.85712
          ],
          [
            73.06305,
            20.85489
          ],
          [
            73.06318,
            20.85159
          ],
          [
            73.06316,
            20.85103
          ],
          [
            73.06309,
            20.85043
          ],
          [
            73.06298,
            20.84963
          ],
          [
            73.06296,
            20.84935
          ],
          [
            73.06298,
            20.84891
          ],
          [
            73.06334,
            20.84722
          ],
          [
            73.06433,
            20.84261
          ],
          [
            73.06555,
            20.83673
          ],
          [
            73.06646,
            20.83246
          ],
          [
            73.0665,
            20.83226
          ],
          [
            73.06712,
            20.82939
          ],
          [
            73.06736,
            20.82828
          ],
          [
            73.06766,
            20.8268
          ],
          [
            73.06771,
            20.82632
          ],
          [
            73.06773,
            20.82595
          ],
          [
            73.06772,
            20.82571
          ],
          [
            73.0677,
            20.82537
          ],
          [
            73.06764,
            20.82465
          ],
          [
            73.06763,
            20.82419
          ],
          [
            73.06766,
            20.82391
          ],
          [
            73.06771,
            20.82368
          ],
          [
            73.06786,
            20.82322
          ],
          [
            73.06822,
            20.82262
          ],
          [
            73.06867,
            20.82184
          ],
          [
            73.06906,
            20.82115
          ],
          [
            73.0692,
            20.82085
          ],
          [
            73.0693,
            20.82054
          ],
          [
            73.06934,
            20.82026
          ],
          [
            73.06942,
            20.8194
          ],
          [
            73.06951,
            20.81724
          ],
          [
            73.06957,
            20.81596
          ],
          [
            73.06965,
            20.81486
          ],
          [
            73.06976,
            20.81407
          ],
          [
            73.06994,
            20.8133
          ],
          [
            73.07033,
            20.81199
          ],
          [
            73.07083,
            20.8102
          ],
          [
            73.07096,
            20.80949
          ],
          [
            73.07112,
            20.80824
          ],
          [
            73.07135,
            20.80674
          ],
          [
            73.07147,
            20.8052
          ],
          [
            73.07149,
            20.80447
          ],
          [
            73.07146,
            20.80424
          ],
          [
            73.07137,
            20.8038
          ],
          [
            73.07103,
            20.80314
          ],
          [
            73.07062,
            20.80251
          ],
          [
            73.06947,
            20.80073
          ],
          [
            73.06862,
            20.79946
          ],
          [
            73.06724,
            20.7974
          ],
          [
            73.06668,
            20.79652
          ],
          [
            73.06653,
            20.79608
          ],
          [
            73.06638,
            20.79549
          ],
          [
            73.06594,
            20.79355
          ],
          [
            73.0657,
            20.79239
          ],
          [
            73.06541,
            20.79096
          ],
          [
            73.06525,
            20.79009
          ],
          [
            73.06499,
            20.78867
          ],
          [
            73.0645,
            20.78625
          ],
          [
            73.06411,
            20.78472
          ],
          [
            73.06368,
            20.78308
          ],
          [
            73.0628,
            20.77947
          ],
          [
            73.06197,
            20.77617
          ],
          [
            73.06172,
            20.7753
          ],
          [
            73.06084,
            20.77316
          ],
          [
            73.06064,
            20.77261
          ],
          [
            73.05931,
            20.76865
          ],
          [
            73.05885,
            20.76725
          ],
          [
            73.0585,
            20.76596
          ],
          [
            73.05818,
            20.76471
          ],
          [
            73.05778,
            20.76343
          ],
          [
            73.05724,
            20.76163
          ],
          [
            73.05695,
            20.7608
          ],
          [
            73.05677,
            20.76042
          ],
          [
            73.05622,
            20.75946
          ],
          [
            73.05481,
            20.75753
          ],
          [
            73.05372,
            20.75604
          ],
          [
            73.05273,
            20.75473
          ],
          [
            73.05199,
            20.75377
          ],
          [
            73.05039,
            20.75112
          ],
          [
            73.04987,
            20.75036
          ],
          [
            73.04767,
            20.74743
          ],
          [
            73.04718,
            20.74689
          ],
          [
            73.04677,
            20.74653
          ],
          [
            73.0465,
            20.74633
          ],
          [
            73.04634,
            20.74622
          ],
          [
            73.0458,
            20.7459
          ],
          [
            73.04489,
            20.74557
          ],
          [
            73.04185,
            20.74451
          ],
          [
            73.0409,
            20.74424
          ],
          [
            73.04052,
            20.74409
          ],
          [
            73.04,
            20.74386
          ],
          [
            73.03979,
            20.74375
          ],
          [
            73.0391,
            20.74339
          ],
          [
            73.03816,
            20.74276
          ],
          [
            73.03732,
            20.74202
          ],
          [
            73.03653,
            20.74112
          ],
          [
            73.03595,
            20.74031
          ],
          [
            73.03533,
            20.73924
          ],
          [
            73.03232,
            20.73395
          ],
          [
            73.03219,
            20.73368
          ],
          [
            73.03164,
            20.73249
          ],
          [
            73.03103,
            20.73112
          ],
          [
            73.03058,
            20.73008
          ],
          [
            73.02966,
            20.72793
          ],
          [
            73.02912,
            20.72677
          ],
          [
            73.02864,
            20.72565
          ],
          [
            73.02845,
            20.72529
          ],
          [
            73.02824,
            20.725
          ],
          [
            73.02805,
            20.72478
          ],
          [
            73.02765,
            20.72442
          ],
          [
            73.02721,
            20.72411
          ],
          [
            73.02551,
            20.72307
          ],
          [
            73.02458,
            20.7226
          ],
          [
            73.02397,
            20.72224
          ],
          [
            73.02333,
            20.72183
          ],
          [
            73.02288,
            20.72156
          ],
          [
            73.02214,
            20.721
          ],
          [
            73.02185,
            20.72069
          ],
          [
            73.02138,
            20.71991
          ],
          [
            73.01966,
            20.71646
          ],
          [
            73.01951,
            20.71622
          ],
          [
            73.01932,
            20.71599
          ],
          [
            73.01891,
            20.71564
          ],
          [
            73.01855,
            20.71542
          ],
          [
            73.01804,
            20.71522
          ],
          [
            73.01744,
            20.71504
          ],
          [
            73.01649,
            20.71474
          ],
          [
            73.01522,
            20.71432
          ],
          [
            73.01404,
            20.71381
          ],
          [
            73.01354,
            20.71356
          ],
          [
            73.01105,
            20.71232
          ],
          [
            73.01041,
            20.71203
          ],
          [
            73.01011,
            20.71195
          ],
          [
            73.00963,
            20.71188
          ],
          [
            73.00944,
            20.71187
          ],
          [
            73.00764,
            20.71193
          ],
          [
            73.007,
            20.71188
          ],
          [
            73.00636,
            20.71181
          ],
          [
            73.00575,
            20.71171
          ],
          [
            73.00479,
            20.71152
          ],
          [
            73.00444,
            20.71143
          ],
          [
            73.00407,
            20.71131
          ],
          [
            73.00155,
            20.71002
          ],
          [
            73.00094,
            20.70968
          ],
          [
            73.00048,
            20.7094
          ],
          [
            72.99854,
            20.70787
          ],
          [
            72.99802,
            20.70749
          ],
          [
            72.99756,
            20.70723
          ],
          [
            72.99585,
            20.70629
          ],
          [
            72.9892,
            20.70269
          ],
          [
            72.98887,
            20.70248
          ],
          [
            72.98871,
            20.70238
          ],
          [
            72.98842,
            20.70212
          ],
          [
            72.98804,
            20.70174
          ],
          [
            72.98775,
            20.70107
          ],
          [
            72.98757,
            20.70059
          ],
          [
            72.98731,
            20.70007
          ],
          [
            72.98715,
            20.69981
          ],
          [
            72.98689,
            20.69953
          ],
          [
            72.98646,
            20.69922
          ],
          [
            72.986,
            20.699
          ],
          [
            72.98426,
            20.69854
          ],
          [
            72.98403,
            20.69852
          ],
          [
            72.9833,
            20.69846
          ],
          [
            72.98311,
            20.69846
          ],
          [
            72.98212,
            20.69844
          ],
          [
            72.98161,
            20.69842
          ],
          [
            72.9809,
            20.6983
          ],
          [
            72.97972,
            20.69785
          ],
          [
            72.97795,
            20.69709
          ],
          [
            72.97746,
            20.69688
          ],
          [
            72.97707,
            20.69664
          ],
          [
            72.97664,
            20.69631
          ],
          [
            72.97545,
            20.69527
          ],
          [
            72.97128,
            20.69166
          ],
          [
            72.97026,
            20.69068
          ],
          [
            72.96892,
            20.68939
          ],
          [
            72.96432,
            20.68487
          ],
          [
            72.96407,
            20.68463
          ],
          [
            72.96366,
            20.68429
          ],
          [
            72.96305,
            20.68387
          ],
          [
            72.95874,
            20.68136
          ],
          [
            72.95819,
            20.68106
          ],
          [
            72.95665,
            20.68028
          ],
          [
            72.95459,
            20.67926
          ],
          [
            72.9538,
            20.67886
          ],
          [
            72.95367,
            20.67876
          ],
          [
            72.95336,
            20.67852
          ],
          [
            72.9529,
            20.67807
          ],
          [
            72.95156,
            20.67643
          ],
          [
            72.95126,
            20.67596
          ],
          [
            72.95108,
            20.67554
          ],
          [
            72.951,
            20.67509
          ],
          [
            72.95101,
            20.67471
          ],
          [
            72.95112,
            20.6738
          ],
          [
            72.95112,
            20.67338
          ],
          [
            72.9508,
            20.67161
          ],
          [
            72.95059,
            20.67074
          ],
          [
            72.95002,
            20.66838
          ],
          [
            72.94996,
            20.66808
          ],
          [
            72.94994,
            20.6677
          ],
          [
            72.94998,
            20.66723
          ],
          [
            72.95005,
            20.66697
          ],
          [
            72.95101,
            20.66415
          ],
          [
            72.9523,
            20.66037
          ],
          [
            72.95248,
            20.65973
          ],
          [
            72.95253,
            20.65928
          ],
          [
            72.95251,
            20.6586
          ],
          [
            72.95212,
            20.6572
          ],
          [
            72.95197,
            20.65671
          ],
          [
            72.95189,
            20.65627
          ],
          [
            72.95193,
            20.65542
          ],
          [
            72.95212,
            20.65488
          ],
          [
            72.95235,
            20.65452
          ],
          [
            72.9527,
            20.65412
          ],
          [
            72.95329,
            20.65365
          ],
          [
            72.95543,
            20.65211
          ],
          [
            72.95579,
            20.65173
          ],
          [
            72.95597,
            20.65148
          ],
          [
            72.95609,
            20.65125
          ],
          [
            72.95617,
            20.65107
          ],
          [
            72.9563,
            20.65065
          ],
          [
            72.95717,
            20.64687
          ],
          [
            72.95843,
            20.64159
          ],
          [
            72.95898,
            20.6395
          ],
          [
            72.96042,
            20.63532
          ],
          [
            72.96079,
            20.63413
          ],
          [
            72.9609,
            20.63358
          ],
          [
            72.96093,
            20.63283
          ],
          [
            72.96082,
            20.63219
          ],
          [
            72.95996,
            20.62919
          ],
          [
            72.95923,
            20.62687
          ],
          [
            72.95917,
            20.62646
          ],
          [
            72.95914,
            20.62586
          ],
          [
            72.95918,
            20.6253
          ],
          [
            72.9592,
            20.62503
          ],
          [
            72.95936,
            20.62424
          ],
          [
            72.95957,
            20.6234
          ],
          [
            72.95992,
            20.62177
          ],
          [
            72.96023,
            20.62043
          ],
          [
            72.96045,
            20.61936
          ],
          [
            72.96071,
            20.61777
          ],
          [
            72.96106,
            20.616
          ],
          [
            72.96117,
            20.61544
          ],
          [
            72.96215,
            20.61075
          ],
          [
            72.9623,
            20.60981
          ],
          [
            72.96231,
            20.60928
          ],
          [
            72.96223,
            20.60764
          ],
          [
            72.96207,
            20.60672
          ],
          [
            72.96158,
            20.60514
          ],
          [
            72.96128,
            20.60466
          ],
          [
            72.96099,
            20.60428
          ],
          [
            72.96079,
            20.6041
          ],
          [
            72.96041,
            20.60378
          ],
          [
            72.95773,
            20.60188
          ],
          [
            72.95577,
            20.60046
          ],
          [
            72.95465,
            20.59963
          ],
          [
            72.95278,
            20.59832
          ],
          [
            72.95235,
            20.59796
          ],
          [
            72.95226,
            20.59789
          ],
          [
            72.95188,
            20.59749
          ],
          [
            72.95139,
            20.59682
          ],
          [
            72.95104,
            20.59614
          ],
          [
            72.95088,
            20.59576
          ],
          [
            72.95079,
            20.59548
          ],
          [
            72.95072,
            20.59522
          ],
          [
            72.95064,
            20.59479
          ],
          [
            72.9506,
            20.5942
          ],
          [
            72.95065,
            20.59353
          ],
          [
            72.95076,
            20.59305
          ],
          [
            72.95148,
            20.59072
          ],
          [
            72.95248,
            20.58733
          ],
          [
            72.95302,
            20.58552
          ],
          [
            72.95377,
            20.5829
          ],
          [
            72.95406,
            20.58187
          ],
          [
            72.95431,
            20.58097
          ],
          [
            72.95548,
            20.57708
          ],
          [
            72.95575,
            20.57602
          ],
          [
            72.95581,
            20.57563
          ],
          [
            72.95584,
            20.57545
          ],
          [
            72.95586,
            20.57486
          ],
          [
            72.95565,
            20.57237
          ],
          [
            72.95561,
            20.57196
          ],
          [
            72.95537,
            20.56938
          ],
          [
            72.95502,
            20.56624
          ],
          [
            72.95454,
            20.56125
          ],
          [
            72.95453,
            20.56076
          ],
          [
            72.95457,
            20.56022
          ],
          [
            72.95466,
            20.55974
          ],
          [
            72.95554,
            20.55578
          ],
          [
            72.95581,
            20.55456
          ],
          [
            72.95716,
            20.54843
          ],
          [
            72.95741,
            20.54728
          ],
          [
            72.95797,
            20.54499
          ],
          [
            72.95821,
            20.54399
          ],
          [
            72.95848,
            20.54278
          ],
          [
            72.95872,
            20.54189
          ],
          [
            72.95883,
            20.54151
          ],
          [
            72.959,
            20.54103
          ],
          [
            72.95906,
            20.54092
          ],
          [
            72.95918,
            20.54069
          ],
          [
            72.9595,
            20.54023
          ],
          [
            72.96051,
            20.5389
          ],
          [
            72.96118,
            20.53802
          ],
          [
            72.96146,
            20.53746
          ],
          [
            72.96157,
            20.5372
          ],
          [
            72.96163,
            20.53692
          ],
          [
            72.96168,
            20.53659
          ],
          [
            72.96167,
            20.53612
          ],
          [
            72.96161,
            20.53583
          ],
          [
            72.96155,
            20.53554
          ],
          [
            72.96145,
            20.53522
          ],
          [
            72.95985,
            20.53261
          ],
          [
            72.95963,
            20.53228
          ],
          [
            72.95941,
            20.53182
          ],
          [
            72.95933,
            20.53162
          ],
          [
            72.95931,
            20.53147
          ],
          [
            72.95929,
            20.53128
          ],
          [
            72.95929,
            20.53121
          ],
          [
            72.95899,
            20.52639
          ],
          [
            72.95897,
            20.52616
          ],
          [
            72.95887,
            20.52494
          ],
          [
            72.95873,
            20.5244
          ],
          [
            72.95869,
            20.52429
          ],
          [
            72.95859,
            20.52395
          ],
          [
            72.95832,
            20.52338
          ],
          [
            72.95803,
            20.52293
          ],
          [
            72.95765,
            20.52246
          ],
          [
            72.95666,
            20.52138
          ],
          [
            72.95614,
            20.52094
          ],
          [
            72.95305,
            20.51873
          ],
          [
            72.95044,
            20.51692
          ],
          [
            72.95007,
            20.51668
          ],
          [
            72.94829,
            20.51552
          ],
          [
            72.9465,
            20.51433
          ],
          [
            72.94583,
            20.51385
          ],
          [
            72.94557,
            20.51361
          ],
          [
            72.94514,
            20.51304
          ],
          [
            72.94492,
            20.51262
          ],
          [
            72.94477,
            20.51228
          ],
          [
            72.94465,
            20.5119
          ],
          [
            72.94398,
            20.50992
          ],
          [
            72.9433,
            20.50795
          ],
          [
            72.94291,
            20.50668
          ],
          [
            72.94285,
            20.50628
          ],
          [
            72.94288,
            20.50596
          ],
          [
            72.94294,
            20.50566
          ],
          [
            72.94369,
            20.50326
          ],
          [
            72.94387,
            20.50269
          ],
          [
            72.94397,
            20.50232
          ],
          [
            72.944,
            20.50203
          ],
          [
            72.944,
            20.5015
          ],
          [
            72.94395,
            20.50112
          ],
          [
            72.94386,
            20.50079
          ],
          [
            72.94307,
            20.49853
          ],
          [
            72.94181,
            20.49483
          ],
          [
            72.94093,
            20.49219
          ],
          [
            72.94078,
            20.4918
          ],
          [
            72.9406,
            20.49148
          ],
          [
            72.9404,
            20.49114
          ],
          [
            72.94012,
            20.49082
          ],
          [
            72.9398,
            20.49051
          ],
          [
            72.93766,
            20.4889
          ],
          [
            72.93728,
            20.48853
          ],
          [
            72.93701,
            20.48817
          ],
          [
            72.93663,
            20.48748
          ],
          [
            72.9363,
            20.48685
          ],
          [
            72.93592,
            20.48593
          ],
          [
            72.93568,
            20.48514
          ],
          [
            72.93564,
            20.48502
          ],
          [
            72.93554,
            20.48422
          ],
          [
            72.93553,
            20.48359
          ],
          [
            72.93551,
            20.48177
          ],
          [
            72.93542,
            20.48139
          ],
          [
            72.93539,
            20.48129
          ],
          [
            72.93529,
            20.48102
          ],
          [
            72.93508,
            20.48063
          ],
          [
            72.93434,
            20.47964
          ],
          [
            72.92943,
            20.47359
          ],
          [
            72.92854,
            20.47248
          ],
          [
            72.92463,
            20.46775
          ],
          [
            72.92116,
            20.46362
          ],
          [
            72.92087,
            20.46318
          ],
          [
            72.9207,
            20.46285
          ],
          [
            72.92054,
            20.46251
          ],
          [
            72.92046,
            20.46224
          ],
          [
            72.92037,
            20.46179
          ],
          [
            72.92035,
            20.46149
          ],
          [
            72.92035,
            20.4612
          ],
          [
            72.92043,
            20.46013
          ],
          [
            72.92043,
            20.45984
          ],
          [
            72.92039,
            20.45946
          ],
          [
            72.9203,
            20.45877
          ],
          [
            72.91981,
            20.45512
          ],
          [
            72.91939,
            20.45207
          ],
          [
            72.91877,
            20.44818
          ],
          [
            72.91816,
            20.4427
          ],
          [
            72.91778,
            20.44018
          ],
          [
            72.91749,
            20.4373
          ],
          [
            72.91729,
            20.43499
          ],
          [
            72.91692,
            20.43239
          ],
          [
            72.91673,
            20.42986
          ],
          [
            72.91676,
            20.42934
          ],
          [
            72.91683,
            20.42892
          ],
          [
            72.91705,
            20.42831
          ],
          [
            72.91801,
            20.42582
          ],
          [
            72.91814,
            20.42539
          ],
          [
            72.91821,
            20.42478
          ],
          [
            72.91822,
            20.42468
          ],
          [
            72.9182,
            20.42424
          ],
          [
            72.91808,
            20.42382
          ],
          [
            72.91788,
            20.42329
          ],
          [
            72.91769,
            20.42296
          ],
          [
            72.91741,
            20.42255
          ],
          [
            72.91626,
            20.42115
          ],
          [
            72.91597,
            20.4208
          ],
          [
            72.91582,
            20.42053
          ],
          [
            72.9157,
            20.42028
          ],
          [
            72.91556,
            20.41984
          ],
          [
            72.91551,
            20.41952
          ],
          [
            72.91552,
            20.41927
          ],
          [
            72.91552,
            20.41915
          ],
          [
            72.91561,
            20.41864
          ],
          [
            72.91581,
            20.41818
          ],
          [
            72.91642,
            20.41713
          ],
          [
            72.91669,
            20.41656
          ],
          [
            72.91679,
            20.41614
          ],
          [
            72.91691,
            20.41534
          ],
          [
            72.91704,
            20.41356
          ],
          [
            72.91704,
            20.41278
          ],
          [
            72.91685,
            20.41005
          ],
          [
            72.91679,
            20.40968
          ],
          [
            72.91665,
            20.40923
          ],
          [
            72.91639,
            20.40856
          ],
          [
            72.91627,
            20.40825
          ],
          [
            72.91616,
            20.40787
          ],
          [
            72.91578,
            20.40555
          ],
          [
            72.91551,
            20.40462
          ],
          [
            72.91546,
            20.40445
          ],
          [
            72.91469,
            20.40182
          ],
          [
            72.91406,
            20.39973
          ],
          [
            72.9139,
            20.3993
          ],
          [
            72.91338,
            20.39787
          ],
          [
            72.91267,
            20.39517
          ],
          [
            72.91241,
            20.39439
          ],
          [
            72.91185,
            20.39267
          ],
          [
            72.91168,
            20.3917
          ],
          [
            72.9111,
            20.3879
          ],
          [
            72.91101,
            20.38713
          ],
          [
            72.91103,
            20.38669
          ],
          [
            72.91105,
            20.38663
          ],
          [
            72.91107,
            20.38648
          ],
          [
            72.9112,
            20.38614
          ],
          [
            72.91151,
            20.38561
          ],
          [
            72.91333,
            20.38297
          ],
          [
            72.91452,
            20.38123
          ],
          [
            72.91689,
            20.37785
          ],
          [
            72.91805,
            20.37619
          ],
          [
            72.91907,
            20.3748
          ],
          [
            72.9201,
            20.37326
          ],
          [
            72.92233,
            20.37006
          ],
          [
            72.92261,
            20.36969
          ],
          [
            72.92279,
            20.36936
          ],
          [
            72.92284,
            20.36923
          ],
          [
            72.92302,
            20.36869
          ],
          [
            72.92304,
            20.36842
          ],
          [
            72.92297,
            20.3678
          ],
          [
            72.9228,
            20.36715
          ],
          [
            72.92241,
            20.36635
          ],
          [
            72.92202,
            20.36549
          ],
          [
            72.92169,
            20.36494
          ],
          [
            72.9213,
            20.36439
          ],
          [
            72.92032,
            20.36334
          ],
          [
            72.92006,
            20.3631
          ],
          [
            72.91928,
            20.3623
          ],
          [
            72.9182,
            20.36121
          ],
          [
            72.91785,
            20.36086
          ],
          [
            72.91577,
            20.35876
          ],
          [
            72.91321,
            20.35605
          ],
          [
            72.91191,
            20.35459
          ],
          [
            72.91147,
            20.3541
          ],
          [
            72.9104,
            20.35299
          ],
          [
            72.90956,
            20.35204
          ],
          [
            72.90942,
            20.35186
          ],
          [
            72.90907,
            20.35134
          ],
          [
            72.90878,
            20.35066
          ],
          [
            72.90857,
            20.3495
          ],
          [
            72.90859,
            20.34921
          ],
          [
            72.90864,
            20.34865
          ],
          [
            72.90884,
            20.34808
          ],
          [
            72.91025,
            20.34422
          ],
          [
            72.91044,
            20.34367
          ],
          [
            72.9105,
            20.3432
          ],
          [
            72.91052,
            20.34267
          ],
          [
            72.91042,
            20.3423
          ],
          [
            72.9103,
            20.34194
          ],
          [
            72.91002,
            20.34147
          ],
          [
            72.90946,
            20.34087
          ],
          [
            72.90737,
            20.33879
          ],
          [
            72.90663,
            20.33814
          ],
          [
            72.90627,
            20.33771
          ],
          [
            72.90601,
            20.33718
          ],
          [
            72.90587,
            20.33659
          ],
          [
            72.90561,
            20.33331
          ],
          [
            72.90509,
            20.33092
          ],
          [
            72.90432,
            20.32754
          ],
          [
            72.90399,
            20.32554
          ],
          [
            72.90378,
            20.32431
          ],
          [
            72.9036,
            20.32328
          ],
          [
            72.9035,
            20.32266
          ],
          [
            72.90292,
            20.31923
          ],
          [
            72.90281,
            20.31861
          ],
          [
            72.90238,
            20.31566
          ],
          [
            72.90188,
            20.3123
          ],
          [
            72.90106,
            20.3067
          ],
          [
            72.90092,
            20.30575
          ],
          [
            72.90089,
            20.30557
          ],
          [
            72.90075,
            20.30342
          ],
          [
            72.9007,
            20.30238
          ],
          [
            72.90062,
            20.30125
          ],
          [
            72.90034,
            20.29818
          ],
          [
            72.9003,
            20.29687
          ],
          [
            72.90043,
            20.29434
          ],
          [
            72.90044,
            20.29362
          ],
          [
            72.90054,
            20.29179
          ],
          [
            72.90061,
            20.28999
          ],
          [
            72.90053,
            20.28929
          ],
          [
            72.90027,
            20.2886
          ],
          [
            72.89998,
            20.28807
          ],
          [
            72.89776,
            20.28549
          ],
          [
            72.89672,
            20.28427
          ],
          [
            72.8934,
            20.28041
          ],
          [
            72.8926,
            20.27948
          ],
          [
            72.89145,
            20.27814
          ],
          [
            72.88955,
            20.27589
          ],
          [
            72.88867,
            20.27465
          ],
          [
            72.88784,
            20.27328
          ],
          [
            72.88698,
            20.27188
          ],
          [
            72.8867,
            20.27142
          ],
          [
            72.88636,
            20.27077
          ],
          [
            72.88625,
            20.27054
          ],
          [
            72.88604,
            20.26982
          ],
          [
            72.88576,
            20.2684
          ],
          [
            72.88551,
            20.26687
          ],
          [
            72.88522,
            20.2651
          ],
          [
            72.88459,
            20.26146
          ],
          [
            72.88442,
            20.2603
          ],
          [
            72.88423,
            20.2581
          ],
          [
            72.88407,
            20.25624
          ],
          [
            72.88401,
            20.25553
          ],
          [
            72.8836,
            20.25132
          ],
          [
            72.88373,
            20.24841
          ],
          [
            72.88376,
            20.24776
          ],
          [
            72.88381,
            20.24648
          ],
          [
            72.88383,
            20.24617
          ],
          [
            72.88394,
            20.24374
          ],
          [
            72.88392,
            20.2428
          ],
          [
            72.88388,
            20.24201
          ],
          [
            72.88362,
            20.23909
          ],
          [
            72.88356,
            20.23808
          ],
          [
            72.88315,
            20.23184
          ],
          [
            72.88295,
            20.22968
          ],
          [
            72.88282,
            20.22836
          ],
          [
            72.88268,
            20.227
          ],
          [
            72.88252,
            20.2247
          ],
          [
            72.88251,
            20.22457
          ],
          [
            72.88246,
            20.22372
          ],
          [
            72.88233,
            20.22175
          ],
          [
            72.88226,
            20.22051
          ],
          [
            72.88224,
            20.22022
          ],
          [
            72.88216,
            20.21901
          ],
          [
            72.88199,
            20.21686
          ],
          [
            72.88181,
            20.21507
          ],
          [
            72.8818,
            20.21447
          ],
          [
            72.88183,
            20.21418
          ],
          [
            72.88189,
            20.21386
          ],
          [
            72.88207,
            20.21325
          ],
          [
            72.88225,
            20.21277
          ],
          [
            72.8824,
            20.21253
          ],
          [
            72.88263,
            20.21221
          ],
          [
            72.88327,
            20.21167
          ],
          [
            72.88358,
            20.21149
          ],
          [
            72.88401,
            20.21124
          ],
          [
            72.88465,
            20.2109
          ],
          [
            72.88547,
            20.21046
          ],
          [
            72.88636,
            20.20999
          ],
          [
            72.8885,
            20.20886
          ],
          [
            72.88884,
            20.20859
          ],
          [
            72.88908,
            20.2083
          ],
          [
            72.88918,
            20.20809
          ],
          [
            72.8892,
            20.20801
          ],
          [
            72.88929,
            20.2077
          ],
          [
            72.88935,
            20.20698
          ],
          [
            72.88939,
            20.20626
          ],
          [
            72.88936,
            20.20533
          ],
          [
            72.88917,
            20.20037
          ],
          [
            72.88915,
            20.19942
          ],
          [
            72.88916,
            20.19891
          ],
          [
            72.88931,
            20.19808
          ],
          [
            72.88956,
            20.19633
          ],
          [
            72.88974,
            20.19528
          ],
          [
            72.88994,
            20.1942
          ],
          [
            72.89035,
            20.19209
          ],
          [
            72.89084,
            20.18982
          ],
          [
            72.89102,
            20.18884
          ],
          [
            72.89142,
            20.18676
          ],
          [
            72.89174,
            20.18506
          ],
          [
            72.89184,
            20.18482
          ],
          [
            72.89195,
            20.18453
          ],
          [
            72.89229,
            20.18409
          ],
          [
            72.89343,
            20.18245
          ],
          [
            72.89431,
            20.18122
          ],
          [
            72.89672,
            20.17774
          ],
          [
            72.90021,
            20.17312
          ],
          [
            72.90106,
            20.17205
          ],
          [
            72.90116,
            20.17193
          ],
          [
            72.90381,
            20.16928
          ],
          [
            72.9055,
            20.16755
          ],
          [
            72.9058,
            20.16716
          ],
          [
            72.90612,
            20.16654
          ],
          [
            72.90715,
            20.16419
          ],
          [
            72.90813,
            20.1621
          ],
          [
            72.90843,
            20.16144
          ],
          [
            72.90874,
            20.16092
          ],
          [
            72.90938,
            20.1598
          ],
          [
            72.9098,
            20.15904
          ],
          [
            72.91003,
            20.15874
          ],
          [
            72.91051,
            20.15808
          ],
          [
            72.91178,
            20.15662
          ],
          [
            72.91292,
            20.15545
          ],
          [
            72.91359,
            20.15475
          ],
          [
            72.91408,
            20.15411
          ],
          [
            72.91438,
            20.15362
          ],
          [
            72.91495,
            20.15268
          ],
          [
            72.91537,
            20.15162
          ],
          [
            72.91564,
            20.15049
          ],
          [
            72.91585,
            20.14997
          ],
          [
            72.91676,
            20.14827
          ],
          [
            72.91694,
            20.14768
          ],
          [
            72.91697,
            20.14728
          ],
          [
            72.91693,
            20.14657
          ],
          [
            72.91676,
            20.1459
          ],
          [
            72.91658,
            20.14467
          ],
          [
            72.91653,
            20.14351
          ],
          [
            72.91651,
            20.14276
          ],
          [
            72.91658,
            20.14157
          ],
          [
            72.91666,
            20.14079
          ],
          [
            72.9168,
            20.14004
          ],
          [
            72.91718,
            20.13874
          ],
          [
            72.91751,
            20.1378
          ],
          [
            72.91761,
            20.13726
          ],
          [
            72.91764,
            20.13699
          ],
          [
            72.91772,
            20.13631
          ],
          [
            72.91771,
            20.13591
          ],
          [
            72.91762,
            20.1349
          ],
          [
            72.91751,
            20.13378
          ],
          [
            72.91725,
            20.13155
          ],
          [
            72.91713,
            20.13072
          ],
          [
            72.91704,
            20.12992
          ],
          [
            72.91697,
            20.12881
          ],
          [
            72.91696,
            20.12669
          ],
          [
            72.91695,
            20.12287
          ],
          [
            72.9169,
            20.12147
          ],
          [
            72.91686,
            20.11967
          ],
          [
            72.91683,
            20.11644
          ],
          [
            72.91679,
            20.11481
          ],
          [
            72.91679,
            20.11395
          ],
          [
            72.91679,
            20.11302
          ],
          [
            72.91676,
            20.11158
          ],
          [
            72.91671,
            20.11053
          ],
          [
            72.91666,
            20.11011
          ],
          [
            72.91649,
            20.10924
          ],
          [
            72.9162,
            20.10813
          ],
          [
            72.91599,
            20.10752
          ],
          [
            72.91573,
            20.10677
          ],
          [
            72.91525,
            20.10546
          ],
          [
            72.91497,
            20.10471
          ],
          [
            72.91457,
            20.10344
          ],
          [
            72.91414,
            20.1023
          ],
          [
            72.9135,
            20.10053
          ],
          [
            72.9125,
            20.09769
          ],
          [
            72.91234,
            20.09715
          ],
          [
            72.91225,
            20.09677
          ],
          [
            72.9122,
            20.0965
          ],
          [
            72.91212,
            20.09572
          ],
          [
            72.91215,
            20.0948
          ],
          [
            72.91236,
            20.09309
          ],
          [
            72.91255,
            20.09166
          ],
          [
            72.91267,
            20.09062
          ],
          [
            72.91288,
            20.089
          ],
          [
            72.91293,
            20.08823
          ],
          [
            72.91326,
            20.08568
          ],
          [
            72.91355,
            20.08392
          ],
          [
            72.9138,
            20.08168
          ],
          [
            72.91392,
            20.08074
          ],
          [
            72.91417,
            20.08049
          ],
          [
            72.91473,
            20.08
          ],
          [
            72.91515,
            20.07764
          ],
          [
            72.91522,
            20.07704
          ],
          [
            72.91564,
            20.07679
          ],
          [
            72.91586,
            20.07635
          ],
          [
            72.91586,
            20.07565
          ],
          [
            72.91583,
            20.0756
          ],
          [
            72.91579,
            20.07559
          ],
          [
            72.91573,
            20.07557
          ],
          [
            72.91567,
            20.07558
          ],
          [
            72.91562,
            20.0756
          ],
          [
            72.91561,
            20.07564
          ],
          [
            72.91568,
            20.07596
          ],
          [
            72.9157,
            20.0762
          ],
          [
            72.91568,
            20.07632
          ],
          [
            72.91559,
            20.07653
          ],
          [
            72.91535,
            20.07665
          ],
          [
            72.91521,
            20.07665
          ],
          [
            72.9151,
            20.07659
          ],
          [
            72.91466,
            20.07599
          ],
          [
            72.91456,
            20.07576
          ],
          [
            72.91455,
            20.07561
          ],
          [
            72.91486,
            20.07325
          ],
          [
            72.91639,
            20.06114
          ],
          [
            72.91672,
            20.0586
          ],
          [
            72.91719,
            20.05632
          ],
          [
            72.91776,
            20.05367
          ],
          [
            72.91788,
            20.05314
          ],
          [
            72.91803,
            20.05246
          ],
          [
            72.91855,
            20.04983
          ],
          [
            72.91936,
            20.04609
          ],
          [
            72.91972,
            20.04457
          ],
          [
            72.92159,
            20.03579
          ],
          [
            72.92213,
            20.03334
          ],
          [
            72.92256,
            20.0312
          ],
          [
            72.92293,
            20.02948
          ],
          [
            72.92304,
            20.02895
          ],
          [
            72.9232,
            20.02807
          ],
          [
            72.92355,
            20.02656
          ],
          [
            72.92367,
            20.02598
          ],
          [
            72.92378,
            20.02541
          ],
          [
            72.92449,
            20.02209
          ],
          [
            72.92499,
            20.01974
          ],
          [
            72.92506,
            20.01938
          ],
          [
            72.92566,
            20.01661
          ],
          [
            72.92619,
            20.01419
          ],
          [
            72.92635,
            20.01356
          ],
          [
            72.9278,
            20.00955
          ],
          [
            72.92867,
            20.00729
          ],
          [
            72.92915,
            20.00593
          ],
          [
            72.9293,
            20.00529
          ],
          [
            72.92937,
            20.00443
          ],
          [
            72.9293,
            20.00377
          ],
          [
            72.92914,
            20.00294
          ],
          [
            72.92831,
            19.999
          ],
          [
            72.9273,
            19.99424
          ],
          [
            72.92641,
            19.99042
          ],
          [
            72.92611,
            19.98892
          ],
          [
            72.926,
            19.98806
          ],
          [
            72.92609,
            19.98743
          ],
          [
            72.92624,
            19.98691
          ],
          [
            72.92734,
            19.98446
          ],
          [
            72.9279,
            19.98306
          ],
          [
            72.92833,
            19.98204
          ],
          [
            72.92881,
            19.98096
          ],
          [
            72.9295,
            19.97917
          ],
          [
            72.93015,
            19.9775
          ],
          [
            72.9304,
            19.97686
          ],
          [
            72.93122,
            19.97477
          ],
          [
            72.93145,
            19.97389
          ],
          [
            72.93155,
            19.97346
          ],
          [
            72.93187,
            19.96985
          ],
          [
            72.93211,
            19.96743
          ],
          [
            72.93234,
            19.96514
          ],
          [
            72.93273,
            19.96102
          ],
          [
            72.93341,
            19.95327
          ],
          [
            72.93359,
            19.95141
          ],
          [
            72.93374,
            19.9506
          ],
          [
            72.93422,
            19.94845
          ],
          [
            72.93451,
            19.94692
          ],
          [
            72.93477,
            19.94558
          ],
          [
            72.93562,
            19.94162
          ],
          [
            72.9357,
            19.94114
          ],
          [
            72.93572,
            19.94079
          ],
          [
            72.93572,
            19.94042
          ],
          [
            72.9357,
            19.94004
          ],
          [
            72.93561,
            19.93952
          ],
          [
            72.93535,
            19.93847
          ],
          [
            72.93513,
            19.93766
          ],
          [
            72.93463,
            19.93583
          ],
          [
            72.93442,
            19.93511
          ],
          [
            72.93411,
            19.93397
          ],
          [
            72.93401,
            19.93352
          ],
          [
            72.93397,
            19.93308
          ],
          [
            72.93394,
            19.93222
          ],
          [
            72.93396,
            19.93155
          ],
          [
            72.93411,
            19.93008
          ],
          [
            72.93451,
            19.92652
          ],
          [
            72.93469,
            19.92537
          ],
          [
            72.93529,
            19.92287
          ],
          [
            72.93558,
            19.92173
          ],
          [
            72.93584,
            19.921
          ],
          [
            72.9372,
            19.91775
          ],
          [
            72.93751,
            19.91699
          ],
          [
            72.93782,
            19.91625
          ],
          [
            72.9379,
            19.91608
          ],
          [
            72.93876,
            19.91401
          ],
          [
            72.93945,
            19.91239
          ],
          [
            72.9397,
            19.9118
          ],
          [
            72.94001,
            19.91106
          ],
          [
            72.94025,
            19.91042
          ],
          [
            72.94033,
            19.91006
          ],
          [
            72.94034,
            19.90985
          ],
          [
            72.94032,
            19.90974
          ],
          [
            72.93973,
            19.90771
          ],
          [
            72.93963,
            19.90726
          ],
          [
            72.93955,
            19.90686
          ],
          [
            72.93952,
            19.90648
          ],
          [
            72.93952,
            19.90597
          ],
          [
            72.9396,
            19.90529
          ],
          [
            72.93984,
            19.9043
          ],
          [
            72.9402,
            19.90283
          ],
          [
            72.94092,
            19.89988
          ],
          [
            72.94096,
            19.89951
          ],
          [
            72.94098,
            19.89927
          ],
          [
            72.94107,
            19.89705
          ],
          [
            72.94107,
            19.89647
          ],
          [
            72.94111,
            19.89598
          ],
          [
            72.94119,
            19.89554
          ],
          [
            72.94138,
            19.89476
          ],
          [
            72.94175,
            19.89362
          ],
          [
            72.94283,
            19.89047
          ],
          [
            72.94354,
            19.88812
          ],
          [
            72.94423,
            19.886
          ],
          [
            72.94495,
            19.88418
          ],
          [
            72.94501,
            19.88395
          ],
          [
            72.94509,
            19.88354
          ],
          [
            72.94508,
            19.88311
          ],
          [
            72.94501,
            19.8828
          ],
          [
            72.94489,
            19.88238
          ],
          [
            72.94464,
            19.88157
          ],
          [
            72.94459,
            19.88124
          ],
          [
            72.94456,
            19.88085
          ],
          [
            72.9446,
            19.88034
          ],
          [
            72.94483,
            19.87913
          ],
          [
            72.94484,
            19.87868
          ],
          [
            72.9448,
            19.87729
          ],
          [
            72.94465,
            19.8745
          ],
          [
            72.94467,
            19.87378
          ],
          [
            72.94473,
            19.87293
          ],
          [
            72.94524,
            19.87007
          ],
          [
            72.94541,
            19.86904
          ],
          [
            72.94579,
            19.86668
          ],
          [
            72.94595,
            19.86567
          ],
          [
            72.94604,
            19.86513
          ],
          [
            72.94612,
            19.86469
          ],
          [
            72.94623,
            19.86409
          ],
          [
            72.94624,
            19.86376
          ],
          [
            72.94625,
            19.86353
          ],
          [
            72.94618,
            19.8627
          ],
          [
            72.94611,
            19.86157
          ],
          [
            72.94605,
            19.85951
          ],
          [
            72.94612,
            19.85871
          ],
          [
            72.94645,
            19.85676
          ],
          [
            72.94664,
            19.85623
          ],
          [
            72.94745,
            19.85446
          ],
          [
            72.94766,
            19.85374
          ],
          [
            72.94783,
            19.85291
          ],
          [
            72.9479,
            19.85251
          ],
          [
            72.94799,
            19.85184
          ],
          [
            72.948,
            19.85162
          ],
          [
            72.94817,
            19.85074
          ],
          [
            72.94832,
            19.84933
          ],
          [
            72.94846,
            19.84752
          ],
          [
            72.94858,
            19.84665
          ],
          [
            72.94887,
            19.84551
          ],
          [
            72.94894,
            19.84526
          ],
          [
            72.95033,
            19.83978
          ],
          [
            72.95123,
            19.83607
          ],
          [
            72.95142,
            19.83511
          ],
          [
            72.9516,
            19.83358
          ],
          [
            72.9516,
            19.83282
          ],
          [
            72.95115,
            19.83139
          ],
          [
            72.95077,
            19.83026
          ],
          [
            72.95037,
            19.82903
          ],
          [
            72.94997,
            19.82788
          ],
          [
            72.94854,
            19.82532
          ],
          [
            72.94809,
            19.82473
          ],
          [
            72.94769,
            19.82432
          ],
          [
            72.94703,
            19.82389
          ],
          [
            72.94537,
            19.82278
          ],
          [
            72.94427,
            19.82192
          ],
          [
            72.94297,
            19.82089
          ],
          [
            72.94227,
            19.82029
          ],
          [
            72.94176,
            19.82004
          ],
          [
            72.94156,
            19.81999
          ],
          [
            72.94146,
            19.81997
          ],
          [
            72.94127,
            19.81997
          ],
          [
            72.93923,
            19.8203
          ],
          [
            72.93858,
            19.82024
          ],
          [
            72.93806,
            19.82011
          ],
          [
            72.93765,
            19.81992
          ],
          [
            72.93743,
            19.81977
          ],
          [
            72.9371,
            19.81946
          ],
          [
            72.93683,
            19.81918
          ],
          [
            72.93661,
            19.81885
          ],
          [
            72.9364,
            19.81825
          ],
          [
            72.93613,
            19.81665
          ],
          [
            72.93599,
            19.81631
          ],
          [
            72.93582,
            19.81597
          ],
          [
            72.93555,
            19.81565
          ],
          [
            72.93525,
            19.81532
          ],
          [
            72.93152,
            19.81226
          ],
          [
            72.93108,
            19.81207
          ],
          [
            72.93069,
            19.81195
          ],
          [
            72.93021,
            19.81177
          ],
          [
            72.92989,
            19.81159
          ],
          [
            72.92963,
            19.81126
          ],
          [
            72.92939,
            19.8109
          ],
          [
            72.92913,
            19.81038
          ],
          [
            72.92884,
            19.81001
          ],
          [
            72.92695,
            19.8081
          ],
          [
            72.92557,
            19.80658
          ],
          [
            72.92505,
            19.80608
          ],
          [
            72.92258,
            19.8043
          ],
          [
            72.92116,
            19.80299
          ],
          [
            72.919,
            19.79974
          ],
          [
            72.91859,
            19.79934
          ],
          [
            72.91801,
            19.79905
          ],
          [
            72.91724,
            19.79889
          ],
          [
            72.91555,
            19.79839
          ],
          [
            72.91515,
            19.79833
          ],
          [
            72.91382,
            19.79837
          ],
          [
            72.91338,
            19.79829
          ],
          [
            72.91306,
            19.79815
          ],
          [
            72.91262,
            19.79784
          ],
          [
            72.91225,
            19.79742
          ],
          [
            72.91212,
            19.79709
          ],
          [
            72.91206,
            19.79669
          ],
          [
            72.91232,
            19.7955
          ],
          [
            72.91233,
            19.79485
          ],
          [
            72.91206,
            19.79363
          ],
          [
            72.912,
            19.79258
          ],
          [
            72.91227,
            19.78833
          ],
          [
            72.9123,
            19.7878
          ],
          [
            72.91238,
            19.78712
          ],
          [
            72.91241,
            19.78687
          ],
          [
            72.91255,
            19.78604
          ],
          [
            72.91281,
            19.78474
          ],
          [
            72.9134,
            19.78312
          ],
          [
            72.91347,
            19.78289
          ],
          [
            72.91367,
            19.78222
          ],
          [
            72.91373,
            19.78169
          ],
          [
            72.91373,
            19.78138
          ],
          [
            72.91368,
            19.78069
          ],
          [
            72.91342,
            19.77732
          ],
          [
            72.91365,
            19.7737
          ],
          [
            72.91381,
            19.77272
          ],
          [
            72.91442,
            19.76889
          ],
          [
            72.9147,
            19.7668
          ],
          [
            72.91504,
            19.76534
          ],
          [
            72.91516,
            19.76479
          ],
          [
            72.9152,
            19.76436
          ],
          [
            72.91522,
            19.76414
          ],
          [
            72.91513,
            19.76275
          ],
          [
            72.91518,
            19.76181
          ],
          [
            72.91544,
            19.75925
          ],
          [
            72.91553,
            19.75837
          ],
          [
            72.9158,
            19.75576
          ],
          [
            72.9159,
            19.75477
          ],
          [
            72.91599,
            19.75385
          ],
          [
            72.91603,
            19.75341
          ],
          [
            72.91619,
            19.75184
          ],
          [
            72.91632,
            19.74995
          ],
          [
            72.91634,
            19.74897
          ],
          [
            72.91636,
            19.74797
          ],
          [
            72.91641,
            19.74533
          ],
          [
            72.91649,
            19.74377
          ],
          [
            72.91661,
            19.74143
          ],
          [
            72.91671,
            19.73986
          ],
          [
            72.91674,
            19.73964
          ],
          [
            72.9169,
            19.73869
          ],
          [
            72.91714,
            19.73787
          ],
          [
            72.91753,
            19.73706
          ],
          [
            72.91762,
            19.73693
          ],
          [
            72.91802,
            19.73638
          ],
          [
            72.92017,
            19.73416
          ],
          [
            72.92221,
            19.73216
          ],
          [
            72.92599,
            19.72905
          ],
          [
            72.92686,
            19.72839
          ],
          [
            72.92743,
            19.72783
          ],
          [
            72.9288,
            19.72605
          ],
          [
            72.92913,
            19.72561
          ],
          [
            72.92982,
            19.72465
          ],
          [
            72.9307,
            19.72352
          ],
          [
            72.9318,
            19.72211
          ],
          [
            72.93214,
            19.72178
          ],
          [
            72.93245,
            19.72151
          ],
          [
            72.93291,
            19.72118
          ],
          [
            72.93337,
            19.72082
          ],
          [
            72.93374,
            19.72051
          ],
          [
            72.93411,
            19.72008
          ],
          [
            72.93446,
            19.71959
          ],
          [
            72.93448,
            19.71956
          ],
          [
            72.93451,
            19.71951
          ],
          [
            72.93454,
            19.71947
          ],
          [
            72.93481,
            19.71905
          ],
          [
            72.93508,
            19.71857
          ],
          [
            72.93528,
            19.71815
          ],
          [
            72.93541,
            19.71772
          ],
          [
            72.93546,
            19.71732
          ],
          [
            72.93545,
            19.71695
          ],
          [
            72.9354,
            19.71645
          ],
          [
            72.93523,
            19.71602
          ],
          [
            72.93499,
            19.71554
          ],
          [
            72.93472,
            19.7152
          ],
          [
            72.93451,
            19.71498
          ],
          [
            72.93319,
            19.71387
          ],
          [
            72.93175,
            19.71273
          ],
          [
            72.92986,
            19.71118
          ],
          [
            72.92831,
            19.70999
          ],
          [
            72.9278,
            19.7096
          ],
          [
            72.9274,
            19.70933
          ],
          [
            72.92702,
            19.70915
          ],
          [
            72.92645,
            19.70893
          ],
          [
            72.925,
            19.7086
          ],
          [
            72.92276,
            19.7081
          ],
          [
            72.92076,
            19.70766
          ],
          [
            72.91967,
            19.70729
          ],
          [
            72.91884,
            19.70699
          ],
          [
            72.91826,
            19.70681
          ],
          [
            72.91789,
            19.70673
          ],
          [
            72.91741,
            19.70668
          ],
          [
            72.9158,
            19.70656
          ],
          [
            72.91534,
            19.7065
          ],
          [
            72.91429,
            19.7063
          ],
          [
            72.9126,
            19.70595
          ],
          [
            72.91227,
            19.70585
          ],
          [
            72.91178,
            19.70567
          ],
          [
            72.91146,
            19.70549
          ],
          [
            72.91107,
            19.70521
          ],
          [
            72.91067,
            19.70483
          ],
          [
            72.9105,
            19.70462
          ],
          [
            72.9103,
            19.70431
          ],
          [
            72.91017,
            19.70401
          ],
          [
            72.91005,
            19.70365
          ],
          [
            72.90997,
            19.70324
          ],
          [
            72.90994,
            19.70287
          ],
          [
            72.90962,
            19.69637
          ],
          [
            72.90964,
            19.69591
          ],
          [
            72.9097,
            19.69552
          ],
          [
            72.90981,
            19.69515
          ],
          [
            72.91006,
            19.69456
          ],
          [
            72.91021,
            19.69435
          ],
          [
            72.91037,
            19.69405
          ],
          [
            72.91052,
            19.69378
          ],
          [
            72.91071,
            19.69339
          ],
          [
            72.91084,
            19.69306
          ],
          [
            72.91093,
            19.6926
          ],
          [
            72.91094,
            19.69216
          ],
          [
            72.91091,
            19.69176
          ],
          [
            72.91081,
            19.69133
          ],
          [
            72.91035,
            19.6903
          ],
          [
            72.90979,
            19.68908
          ],
          [
            72.90957,
            19.68845
          ],
          [
            72.90945,
            19.68792
          ],
          [
            72.90932,
            19.68725
          ],
          [
            72.90923,
            19.68659
          ],
          [
            72.90899,
            19.68223
          ],
          [
            72.90894,
            19.68168
          ],
          [
            72.90877,
            19.68091
          ],
          [
            72.90863,
            19.68055
          ],
          [
            72.90845,
            19.68023
          ],
          [
            72.90817,
            19.67982
          ],
          [
            72.90757,
            19.67901
          ],
          [
            72.90676,
            19.67787
          ],
          [
            72.90656,
            19.67757
          ],
          [
            72.90628,
            19.67698
          ],
          [
            72.9062,
            19.67673
          ],
          [
            72.9061,
            19.6763
          ],
          [
            72.90607,
            19.67599
          ],
          [
            72.90606,
            19.67552
          ],
          [
            72.90611,
            19.67358
          ],
          [
            72.90618,
            19.67113
          ],
          [
            72.9062,
            19.67051
          ],
          [
            72.90622,
            19.66972
          ],
          [
            72.90631,
            19.66623
          ],
          [
            72.90636,
            19.66369
          ],
          [
            72.90648,
            19.65986
          ],
          [
            72.90659,
            19.65627
          ],
          [
            72.90666,
            19.65374
          ],
          [
            72.90671,
            19.65343
          ],
          [
            72.90679,
            19.65314
          ],
          [
            72.90689,
            19.65285
          ],
          [
            72.90702,
            19.65257
          ],
          [
            72.90724,
            19.65225
          ],
          [
            72.90748,
            19.65194
          ],
          [
            72.91067,
            19.64858
          ],
          [
            72.91173,
            19.64748
          ],
          [
            72.9141,
            19.64496
          ],
          [
            72.91463,
            19.64436
          ],
          [
            72.91482,
            19.6441
          ],
          [
            72.91498,
            19.64384
          ],
          [
            72.91511,
            19.6436
          ],
          [
            72.91523,
            19.6433
          ],
          [
            72.91536,
            19.64267
          ],
          [
            72.91541,
            19.6418
          ],
          [
            72.91529,
            19.63527
          ],
          [
            72.91523,
            19.63285
          ],
          [
            72.91522,
            19.63156
          ],
          [
            72.91519,
            19.63105
          ],
          [
            72.91514,
            19.63069
          ],
          [
            72.91505,
            19.63034
          ],
          [
            72.91492,
            19.63002
          ],
          [
            72.91485,
            19.62989
          ],
          [
            72.91473,
            19.62968
          ],
          [
            72.91448,
            19.62932
          ],
          [
            72.9141,
            19.62886
          ],
          [
            72.91368,
            19.62839
          ],
          [
            72.9125,
            19.62707
          ],
          [
            72.91186,
            19.62639
          ],
          [
            72.91107,
            19.62546
          ],
          [
            72.91073,
            19.62507
          ],
          [
            72.91053,
            19.62478
          ],
          [
            72.91031,
            19.6243
          ],
          [
            72.91018,
            19.62391
          ],
          [
            72.91014,
            19.62363
          ],
          [
            72.91013,
            19.62329
          ],
          [
            72.91016,
            19.623
          ],
          [
            72.91021,
            19.62271
          ],
          [
            72.9103,
            19.62248
          ],
          [
            72.91046,
            19.62213
          ],
          [
            72.91126,
            19.62093
          ],
          [
            72.91382,
            19.61715
          ],
          [
            72.91421,
            19.61658
          ],
          [
            72.91444,
            19.61618
          ],
          [
            72.91473,
            19.61554
          ],
          [
            72.91483,
            19.61525
          ],
          [
            72.91493,
            19.6149
          ],
          [
            72.91497,
            19.61449
          ],
          [
            72.91497,
            19.61241
          ],
          [
            72.91497,
            19.61161
          ],
          [
            72.91497,
            19.61005
          ],
          [
            72.91501,
            19.60603
          ],
          [
            72.915,
            19.60563
          ],
          [
            72.91497,
            19.60527
          ],
          [
            72.91488,
            19.60482
          ],
          [
            72.91477,
            19.6044
          ],
          [
            72.91436,
            19.60347
          ],
          [
            72.91372,
            19.60211
          ],
          [
            72.91316,
            19.60094
          ],
          [
            72.91306,
            19.60061
          ],
          [
            72.91299,
            19.60026
          ],
          [
            72.91298,
            19.59988
          ],
          [
            72.91302,
            19.59957
          ],
          [
            72.9131,
            19.59925
          ],
          [
            72.91331,
            19.59881
          ],
          [
            72.91388,
            19.59789
          ],
          [
            72.91408,
            19.59752
          ],
          [
            72.91421,
            19.59718
          ],
          [
            72.91426,
            19.59684
          ],
          [
            72.91423,
            19.59653
          ],
          [
            72.91418,
            19.5963
          ],
          [
            72.91404,
            19.59599
          ],
          [
            72.91374,
            19.59539
          ],
          [
            72.91314,
            19.59408
          ],
          [
            72.91297,
            19.59342
          ],
          [
            72.91283,
            19.59284
          ],
          [
            72.91276,
            19.5923
          ],
          [
            72.91278,
            19.59184
          ],
          [
            72.91285,
            19.59141
          ],
          [
            72.91293,
            19.5911
          ],
          [
            72.91311,
            19.59058
          ],
          [
            72.9139,
            19.58879
          ],
          [
            72.91404,
            19.58838
          ],
          [
            72.91421,
            19.58775
          ],
          [
            72.91546,
            19.58072
          ],
          [
            72.91558,
            19.57995
          ],
          [
            72.91571,
            19.57952
          ],
          [
            72.91586,
            19.57914
          ],
          [
            72.91667,
            19.57757
          ],
          [
            72.91699,
            19.57687
          ],
          [
            72.91715,
            19.57646
          ],
          [
            72.91725,
            19.57599
          ],
          [
            72.91726,
            19.57555
          ],
          [
            72.91723,
            19.57528
          ],
          [
            72.91722,
            19.57514
          ],
          [
            72.91697,
            19.57417
          ],
          [
            72.91585,
            19.57034
          ],
          [
            72.91525,
            19.56803
          ],
          [
            72.91432,
            19.56509
          ],
          [
            72.91407,
            19.56389
          ],
          [
            72.91395,
            19.56238
          ],
          [
            72.91395,
            19.56096
          ],
          [
            72.91381,
            19.55253
          ],
          [
            72.91382,
            19.55225
          ],
          [
            72.91393,
            19.5514
          ],
          [
            72.91403,
            19.55097
          ],
          [
            72.91425,
            19.55012
          ],
          [
            72.91483,
            19.548
          ],
          [
            72.91552,
            19.54553
          ],
          [
            72.91609,
            19.54334
          ],
          [
            72.91621,
            19.54296
          ],
          [
            72.91677,
            19.54092
          ],
          [
            72.91747,
            19.53823
          ],
          [
            72.91753,
            19.53766
          ],
          [
            72.91755,
            19.53724
          ],
          [
            72.91754,
            19.53694
          ],
          [
            72.91735,
            19.53504
          ],
          [
            72.91687,
            19.53075
          ],
          [
            72.91671,
            19.52921
          ],
          [
            72.91669,
            19.52876
          ],
          [
            72.91668,
            19.5283
          ],
          [
            72.91673,
            19.52672
          ],
          [
            72.91686,
            19.52317
          ],
          [
            72.91691,
            19.52256
          ],
          [
            72.91692,
            19.52242
          ],
          [
            72.91701,
            19.52046
          ],
          [
            72.91703,
            19.51953
          ],
          [
            72.91704,
            19.51571
          ],
          [
            72.91701,
            19.51484
          ],
          [
            72.91701,
            19.51423
          ],
          [
            72.91705,
            19.51377
          ],
          [
            72.91713,
            19.51346
          ],
          [
            72.91757,
            19.51203
          ],
          [
            72.91766,
            19.51163
          ],
          [
            72.91767,
            19.51141
          ],
          [
            72.91769,
            19.51116
          ],
          [
            72.91767,
            19.51061
          ],
          [
            72.91761,
            19.51004
          ],
          [
            72.91747,
            19.50881
          ],
          [
            72.91744,
            19.50837
          ],
          [
            72.91747,
            19.50797
          ],
          [
            72.91756,
            19.50738
          ],
          [
            72.91763,
            19.50681
          ],
          [
            72.91777,
            19.5058
          ],
          [
            72.91795,
            19.50483
          ],
          [
            72.91851,
            19.50228
          ],
          [
            72.91856,
            19.50177
          ],
          [
            72.91853,
            19.50132
          ],
          [
            72.91847,
            19.50107
          ],
          [
            72.91829,
            19.50049
          ],
          [
            72.91818,
            19.50027
          ],
          [
            72.91797,
            19.49995
          ],
          [
            72.91772,
            19.49966
          ],
          [
            72.91656,
            19.49837
          ],
          [
            72.91601,
            19.49785
          ],
          [
            72.91584,
            19.49773
          ],
          [
            72.9157,
            19.49763
          ],
          [
            72.91431,
            19.49677
          ],
          [
            72.91371,
            19.49642
          ],
          [
            72.91366,
            19.49638
          ],
          [
            72.91354,
            19.49632
          ],
          [
            72.91273,
            19.49588
          ],
          [
            72.91227,
            19.49565
          ],
          [
            72.91178,
            19.49549
          ],
          [
            72.9111,
            19.49537
          ],
          [
            72.91014,
            19.49512
          ],
          [
            72.90992,
            19.49505
          ],
          [
            72.90962,
            19.4949
          ],
          [
            72.90945,
            19.4948
          ],
          [
            72.90927,
            19.49468
          ],
          [
            72.90911,
            19.49453
          ],
          [
            72.90895,
            19.49435
          ],
          [
            72.90844,
            19.49363
          ],
          [
            72.90744,
            19.49221
          ],
          [
            72.90702,
            19.49167
          ],
          [
            72.90695,
            19.49153
          ],
          [
            72.90688,
            19.49141
          ],
          [
            72.90659,
            19.49102
          ],
          [
            72.90639,
            19.49072
          ],
          [
            72.90581,
            19.48977
          ],
          [
            72.9056,
            19.48953
          ],
          [
            72.9051,
            19.48908
          ],
          [
            72.90379,
            19.48798
          ],
          [
            72.9033,
            19.48757
          ],
          [
            72.9011,
            19.48572
          ],
          [
            72.90029,
            19.48495
          ],
          [
            72.89992,
            19.48458
          ],
          [
            72.8977,
            19.48186
          ],
          [
            72.89506,
            19.47864
          ],
          [
            72.89485,
            19.47831
          ],
          [
            72.89453,
            19.47775
          ],
          [
            72.89433,
            19.47723
          ],
          [
            72.89352,
            19.47469
          ],
          [
            72.89297,
            19.47304
          ],
          [
            72.89269,
            19.47244
          ],
          [
            72.89223,
            19.47175
          ],
          [
            72.89172,
            19.47108
          ],
          [
            72.89089,
            19.47015
          ],
          [
            72.89058,
            19.46981
          ],
          [
            72.88981,
            19.46909
          ],
          [
            72.88882,
            19.46826
          ],
          [
            72.88792,
            19.46734
          ],
          [
            72.88768,
            19.46691
          ],
          [
            72.88706,
            19.46566
          ],
          [
            72.88698,
            19.46536
          ],
          [
            72.88688,
            19.46492
          ],
          [
            72.88684,
            19.46459
          ],
          [
            72.88689,
            19.46317
          ],
          [
            72.88689,
            19.46256
          ],
          [
            72.88684,
            19.46231
          ],
          [
            72.8867,
            19.46188
          ],
          [
            72.88571,
            19.45991
          ],
          [
            72.88549,
            19.45929
          ],
          [
            72.8849,
            19.45674
          ],
          [
            72.88441,
            19.4548
          ],
          [
            72.88432,
            19.45416
          ],
          [
            72.8841,
            19.45302
          ],
          [
            72.88347,
            19.44969
          ],
          [
            72.88333,
            19.44903
          ],
          [
            72.88313,
            19.44827
          ],
          [
            72.88293,
            19.44738
          ],
          [
            72.88262,
            19.44662
          ],
          [
            72.88233,
            19.44615
          ],
          [
            72.88214,
            19.44586
          ],
          [
            72.88003,
            19.44261
          ],
          [
            72.87961,
            19.44195
          ],
          [
            72.87933,
            19.44148
          ],
          [
            72.87936,
            19.44135
          ],
          [
            72.87896,
            19.44065
          ],
          [
            72.87891,
            19.44052
          ],
          [
            72.87877,
            19.44029
          ],
          [
            72.87873,
            19.44022
          ],
          [
            72.87859,
            19.44001
          ],
          [
            72.8782,
            19.43924
          ],
          [
            72.87799,
            19.43882
          ],
          [
            72.87768,
            19.43823
          ],
          [
            72.87729,
            19.43746
          ],
          [
            72.87715,
            19.43742
          ],
          [
            72.87643,
            19.43605
          ],
          [
            72.87614,
            19.43548
          ],
          [
            72.87577,
            19.43482
          ],
          [
            72.87566,
            19.43463
          ],
          [
            72.87537,
            19.43424
          ],
          [
            72.87511,
            19.43391
          ],
          [
            72.87415,
            19.43297
          ],
          [
            72.87389,
            19.43272
          ],
          [
            72.8734,
            19.43226
          ],
          [
            72.87289,
            19.43169
          ],
          [
            72.87269,
            19.43144
          ],
          [
            72.87246,
            19.43106
          ],
          [
            72.87232,
            19.43066
          ],
          [
            72.87228,
            19.43039
          ],
          [
            72.87226,
            19.43006
          ],
          [
            72.87233,
            19.42949
          ],
          [
            72.87242,
            19.42918
          ],
          [
            72.8726,
            19.42878
          ],
          [
            72.87345,
            19.42724
          ],
          [
            72.87357,
            19.42706
          ],
          [
            72.87378,
            19.42674
          ],
          [
            72.87487,
            19.4249
          ],
          [
            72.87505,
            19.42457
          ],
          [
            72.87519,
            19.42426
          ],
          [
            72.87535,
            19.42382
          ],
          [
            72.87553,
            19.42313
          ],
          [
            72.87561,
            19.42268
          ],
          [
            72.87564,
            19.42232
          ],
          [
            72.87565,
            19.42181
          ],
          [
            72.87562,
            19.4213
          ],
          [
            72.87558,
            19.42094
          ],
          [
            72.8755,
            19.42051
          ],
          [
            72.87539,
            19.42013
          ],
          [
            72.87511,
            19.4192
          ],
          [
            72.87506,
            19.41902
          ],
          [
            72.87499,
            19.41873
          ],
          [
            72.87494,
            19.41838
          ],
          [
            72.87496,
            19.41792
          ],
          [
            72.87497,
            19.41772
          ],
          [
            72.87502,
            19.41747
          ],
          [
            72.87511,
            19.41713
          ],
          [
            72.87542,
            19.41629
          ],
          [
            72.87568,
            19.41566
          ],
          [
            72.876,
            19.41482
          ],
          [
            72.87634,
            19.41395
          ],
          [
            72.87651,
            19.41353
          ],
          [
            72.87668,
            19.41314
          ],
          [
            72.87676,
            19.41298
          ],
          [
            72.87713,
            19.41212
          ],
          [
            72.87768,
            19.41074
          ],
          [
            72.8779,
            19.41021
          ],
          [
            72.87824,
            19.40939
          ],
          [
            72.87838,
            19.40913
          ],
          [
            72.87854,
            19.40888
          ],
          [
            72.87877,
            19.4086
          ],
          [
            72.87904,
            19.40836
          ],
          [
            72.87939,
            19.4081
          ],
          [
            72.88026,
            19.40753
          ],
          [
            72.88054,
            19.40735
          ],
          [
            72.88129,
            19.40683
          ],
          [
            72.88156,
            19.40662
          ],
          [
            72.88175,
            19.40644
          ],
          [
            72.88192,
            19.40623
          ],
          [
            72.8821,
            19.40598
          ],
          [
            72.88222,
            19.40579
          ],
          [
            72.8824,
            19.4054
          ],
          [
            72.88251,
            19.40511
          ],
          [
            72.88297,
            19.40373
          ],
          [
            72.88335,
            19.40248
          ],
          [
            72.8836,
            19.40174
          ],
          [
            72.88374,
            19.4014
          ],
          [
            72.88382,
            19.40116
          ],
          [
            72.88418,
            19.40029
          ],
          [
            72.88438,
            19.39968
          ],
          [
            72.88468,
            19.399
          ],
          [
            72.88485,
            19.39869
          ],
          [
            72.88504,
            19.39846
          ],
          [
            72.88526,
            19.39821
          ],
          [
            72.88549,
            19.398
          ],
          [
            72.88676,
            19.3971
          ],
          [
            72.89128,
            19.39405
          ],
          [
            72.89167,
            19.39373
          ],
          [
            72.89201,
            19.3934
          ],
          [
            72.89632,
            19.38885
          ],
          [
            72.89692,
            19.38814
          ],
          [
            72.89733,
            19.38744
          ],
          [
            72.89752,
            19.38701
          ],
          [
            72.8976,
            19.38681
          ],
          [
            72.89772,
            19.38621
          ],
          [
            72.89772,
            19.38596
          ],
          [
            72.89773,
            19.38578
          ],
          [
            72.89773,
            19.38555
          ],
          [
            72.89771,
            19.38527
          ],
          [
            72.89758,
            19.38446
          ],
          [
            72.89749,
            19.38411
          ],
          [
            72.89737,
            19.3838
          ],
          [
            72.89728,
            19.3836
          ],
          [
            72.89704,
            19.38316
          ],
          [
            72.89686,
            19.38288
          ],
          [
            72.89657,
            19.38247
          ],
          [
            72.89606,
            19.38166
          ],
          [
            72.89588,
            19.38132
          ],
          [
            72.89579,
            19.38111
          ],
          [
            72.89569,
            19.38077
          ],
          [
            72.89566,
            19.38055
          ],
          [
            72.89563,
            19.37976
          ],
          [
            72.89563,
            19.37937
          ],
          [
            72.89563,
            19.37923
          ],
          [
            72.89564,
            19.37853
          ],
          [
            72.89565,
            19.37698
          ],
          [
            72.89567,
            19.37628
          ],
          [
            72.89565,
            19.37418
          ],
          [
            72.89567,
            19.37262
          ],
          [
            72.89566,
            19.37188
          ],
          [
            72.89566,
            19.37092
          ],
          [
            72.89561,
            19.37022
          ],
          [
            72.8955,
            19.36968
          ],
          [
            72.8954,
            19.36937
          ],
          [
            72.89485,
            19.36804
          ],
          [
            72.8948,
            19.3678
          ],
          [
            72.89464,
            19.36742
          ],
          [
            72.89409,
            19.36602
          ],
          [
            72.89361,
            19.3649
          ],
          [
            72.89334,
            19.36434
          ],
          [
            72.89305,
            19.36368
          ],
          [
            72.89294,
            19.36341
          ],
          [
            72.89288,
            19.36316
          ],
          [
            72.89284,
            19.36282
          ],
          [
            72.8928,
            19.36254
          ],
          [
            72.89276,
            19.36194
          ],
          [
            72.89284,
            19.35921
          ],
          [
            72.89287,
            19.35852
          ],
          [
            72.89288,
            19.35827
          ],
          [
            72.8929,
            19.35793
          ],
          [
            72.89293,
            19.35715
          ],
          [
            72.89303,
            19.35635
          ],
          [
            72.89313,
            19.35576
          ],
          [
            72.89335,
            19.35503
          ],
          [
            72.89389,
            19.3534
          ],
          [
            72.89405,
            19.35278
          ],
          [
            72.8941,
            19.3523
          ],
          [
            72.89404,
            19.35165
          ],
          [
            72.89399,
            19.35144
          ],
          [
            72.89396,
            19.3513
          ],
          [
            72.8934,
            19.34958
          ],
          [
            72.89328,
            19.3493
          ],
          [
            72.89235,
            19.34703
          ],
          [
            72.89196,
            19.34606
          ],
          [
            72.89179,
            19.34563
          ],
          [
            72.89166,
            19.34525
          ],
          [
            72.89158,
            19.34483
          ],
          [
            72.89156,
            19.34454
          ],
          [
            72.89158,
            19.3442
          ],
          [
            72.89161,
            19.34391
          ],
          [
            72.89191,
            19.3429
          ],
          [
            72.89233,
            19.34183
          ],
          [
            72.89248,
            19.34146
          ],
          [
            72.89297,
            19.34023
          ],
          [
            72.894,
            19.33755
          ],
          [
            72.89418,
            19.3372
          ],
          [
            72.89445,
            19.33681
          ],
          [
            72.895,
            19.33608
          ],
          [
            72.89525,
            19.33577
          ],
          [
            72.89547,
            19.33547
          ],
          [
            72.89563,
            19.3352
          ],
          [
            72.89579,
            19.33486
          ],
          [
            72.89591,
            19.33452
          ],
          [
            72.89598,
            19.33418
          ],
          [
            72.896,
            19.33381
          ],
          [
            72.89595,
            19.33337
          ],
          [
            72.89587,
            19.3329
          ],
          [
            72.89566,
            19.33225
          ],
          [
            72.89556,
            19.332
          ],
          [
            72.89549,
            19.33182
          ],
          [
            72.89386,
            19.32823
          ],
          [
            72.89358,
            19.32756
          ],
          [
            72.89353,
            19.32734
          ],
          [
            72.89349,
            19.32687
          ],
          [
            72.89349,
            19.32671
          ],
          [
            72.89352,
            19.32639
          ],
          [
            72.8936,
            19.32605
          ],
          [
            72.89373,
            19.32565
          ],
          [
            72.89418,
            19.32478
          ],
          [
            72.89499,
            19.32332
          ],
          [
            72.89527,
            19.32267
          ],
          [
            72.89544,
            19.32214
          ],
          [
            72.8957,
            19.32143
          ],
          [
            72.8959,
            19.32097
          ],
          [
            72.89603,
            19.32074
          ],
          [
            72.89625,
            19.32038
          ],
          [
            72.89678,
            19.31985
          ],
          [
            72.89724,
            19.31945
          ],
          [
            72.89795,
            19.31894
          ],
          [
            72.89856,
            19.31842
          ],
          [
            72.89879,
            19.31821
          ],
          [
            72.89918,
            19.31772
          ],
          [
            72.89938,
            19.31741
          ],
          [
            72.89947,
            19.31726
          ],
          [
            72.89955,
            19.31713
          ],
          [
            72.89974,
            19.31669
          ],
          [
            72.89977,
            19.31655
          ],
          [
            72.89984,
            19.31595
          ],
          [
            72.89985,
            19.31523
          ],
          [
            72.89975,
            19.31338
          ],
          [
            72.89976,
            19.31283
          ],
          [
            72.89979,
            19.31252
          ],
          [
            72.90048,
            19.30953
          ],
          [
            72.90076,
            19.30846
          ],
          [
            72.90088,
            19.30812
          ],
          [
            72.90111,
            19.30759
          ],
          [
            72.90145,
            19.30689
          ],
          [
            72.90392,
            19.30307
          ],
          [
            72.90537,
            19.30077
          ],
          [
            72.90574,
            19.30015
          ],
          [
            72.90592,
            19.29984
          ],
          [
            72.90623,
            19.29932
          ],
          [
            72.90638,
            19.2989
          ],
          [
            72.90642,
            19.29871
          ],
          [
            72.90649,
            19.29834
          ],
          [
            72.90651,
            19.29797
          ],
          [
            72.90649,
            19.29748
          ],
          [
            72.90636,
            19.297
          ],
          [
            72.90601,
            19.29593
          ],
          [
            72.90584,
            19.29539
          ],
          [
            72.90577,
            19.29517
          ],
          [
            72.9057,
            19.29483
          ],
          [
            72.90561,
            19.294
          ],
          [
            72.90559,
            19.29353
          ],
          [
            72.90557,
            19.29314
          ],
          [
            72.90551,
            19.29209
          ],
          [
            72.90502,
            19.28703
          ],
          [
            72.90502,
            19.28668
          ],
          [
            72.90494,
            19.2865
          ],
          [
            72.90484,
            19.28621
          ],
          [
            72.9047,
            19.28587
          ],
          [
            72.9045,
            19.28558
          ],
          [
            72.90411,
            19.28521
          ],
          [
            72.90388,
            19.28507
          ],
          [
            72.90363,
            19.2849
          ],
          [
            72.90335,
            19.28477
          ],
          [
            72.90277,
            19.28461
          ],
          [
            72.90224,
            19.28457
          ],
          [
            72.90178,
            19.28462
          ],
          [
            72.90117,
            19.28472
          ],
          [
            72.90032,
            19.28507
          ],
          [
            72.8996,
            19.28529
          ],
          [
            72.89897,
            19.28549
          ],
          [
            72.8979,
            19.28581
          ],
          [
            72.89766,
            19.28587
          ],
          [
            72.89742,
            19.28591
          ],
          [
            72.89716,
            19.28593
          ],
          [
            72.89595,
            19.28591
          ],
          [
            72.89572,
            19.28593
          ],
          [
            72.89551,
            19.28598
          ],
          [
            72.89534,
            19.28604
          ],
          [
            72.8941,
            19.28674
          ],
          [
            72.89377,
            19.28683
          ],
          [
            72.89324,
            19.2869
          ],
          [
            72.89307,
            19.28691
          ],
          [
            72.89288,
            19.2869
          ],
          [
            72.89264,
            19.28682
          ],
          [
            72.89252,
            19.28677
          ],
          [
            72.89244,
            19.28671
          ],
          [
            72.89238,
            19.28666
          ],
          [
            72.89231,
            19.28656
          ],
          [
            72.89224,
            19.28644
          ],
          [
            72.89218,
            19.28624
          ],
          [
            72.89226,
            19.2853
          ],
          [
            72.89225,
            19.28495
          ],
          [
            72.89221,
            19.28455
          ],
          [
            72.89172,
            19.28204
          ],
          [
            72.89113,
            19.27926
          ],
          [
            72.89103,
            19.27893
          ],
          [
            72.89085,
            19.27846
          ],
          [
            72.89071,
            19.27814
          ],
          [
            72.89056,
            19.2779
          ],
          [
            72.89051,
            19.27783
          ],
          [
            72.89036,
            19.27759
          ],
          [
            72.89024,
            19.27743
          ],
          [
            72.88975,
            19.27685
          ],
          [
            72.88901,
            19.27622
          ],
          [
            72.88848,
            19.27589
          ],
          [
            72.88834,
            19.27581
          ],
          [
            72.88773,
            19.27542
          ],
          [
            72.88381,
            19.27296
          ],
          [
            72.8828,
            19.27219
          ],
          [
            72.8791,
            19.26957
          ],
          [
            72.87859,
            19.26909
          ],
          [
            72.87772,
            19.26798
          ],
          [
            72.87731,
            19.26751
          ],
          [
            72.87695,
            19.26694
          ],
          [
            72.87684,
            19.26676
          ],
          [
            72.87638,
            19.26617
          ],
          [
            72.87518,
            19.26469
          ],
          [
            72.87466,
            19.26408
          ],
          [
            72.87455,
            19.26395
          ],
          [
            72.87405,
            19.26323
          ],
          [
            72.87383,
            19.26281
          ],
          [
            72.87354,
            19.26221
          ],
          [
            72.8732,
            19.26138
          ],
          [
            72.87318,
            19.26134
          ],
          [
            72.87299,
            19.26082
          ],
          [
            72.87204,
            19.25858
          ],
          [
            72.87163,
            19.25757
          ],
          [
            72.87129,
            19.25699
          ],
          [
            72.87112,
            19.25674
          ],
          [
            72.87097,
            19.25652
          ],
          [
            72.8704,
            19.25571
          ],
          [
            72.87025,
            19.25548
          ],
          [
            72.86964,
            19.25461
          ],
          [
            72.86955,
            19.25449
          ],
          [
            72.86948,
            19.25439
          ],
          [
            72.86808,
            19.25229
          ],
          [
            72.86794,
            19.2521
          ],
          [
            72.86676,
            19.25038
          ],
          [
            72.86659,
            19.25014
          ],
          [
            72.86575,
            19.24895
          ],
          [
            72.86542,
            19.24841
          ],
          [
            72.86507,
            19.24746
          ],
          [
            72.86498,
            19.24715
          ],
          [
            72.86492,
            19.24685
          ],
          [
            72.86489,
            19.2466
          ],
          [
            72.86458,
            19.24444
          ],
          [
            72.86454,
            19.24413
          ],
          [
            72.86423,
            19.24208
          ],
          [
            72.86359,
            19.23797
          ],
          [
            72.86338,
            19.2363
          ],
          [
            72.86332,
            19.23572
          ],
          [
            72.86333,
            19.23535
          ],
          [
            72.86342,
            19.23236
          ],
          [
            72.86341,
            19.22868
          ],
          [
            72.86342,
            19.2276
          ],
          [
            72.86344,
            19.22737
          ],
          [
            72.86356,
            19.22671
          ],
          [
            72.86367,
            19.2264
          ],
          [
            72.86402,
            19.22554
          ],
          [
            72.86415,
            19.22518
          ],
          [
            72.86423,
            19.22492
          ],
          [
            72.86429,
            19.22477
          ],
          [
            72.86474,
            19.2234
          ],
          [
            72.86552,
            19.22114
          ],
          [
            72.86569,
            19.2207
          ],
          [
            72.86613,
            19.21941
          ],
          [
            72.86638,
            19.21869
          ],
          [
            72.86664,
            19.21789
          ],
          [
            72.86694,
            19.21709
          ],
          [
            72.86705,
            19.21675
          ],
          [
            72.86731,
            19.21595
          ],
          [
            72.86734,
            19.21586
          ],
          [
            72.86766,
            19.21506
          ],
          [
            72.86802,
            19.21404
          ],
          [
            72.86821,
            19.21343
          ],
          [
            72.86832,
            19.21304
          ],
          [
            72.86843,
            19.21254
          ],
          [
            72.8685,
            19.21209
          ],
          [
            72.86849,
            19.21133
          ],
          [
            72.86849,
            19.21057
          ],
          [
            72.86836,
            19.20981
          ],
          [
            72.86826,
            19.2095
          ],
          [
            72.86814,
            19.20915
          ],
          [
            72.86803,
            19.20891
          ],
          [
            72.86775,
            19.20837
          ],
          [
            72.86753,
            19.208
          ],
          [
            72.86722,
            19.20756
          ],
          [
            72.86694,
            19.20721
          ],
          [
            72.86581,
            19.206
          ],
          [
            72.86367,
            19.20384
          ],
          [
            72.86351,
            19.20368
          ],
          [
            72.86306,
            19.20322
          ],
          [
            72.86274,
            19.2029
          ],
          [
            72.86193,
            19.20202
          ],
          [
            72.86178,
            19.20182
          ],
          [
            72.86167,
            19.20165
          ],
          [
            72.86145,
            19.20121
          ],
          [
            72.86134,
            19.2009
          ],
          [
            72.86117,
            19.20022
          ],
          [
            72.86115,
            19.20002
          ],
          [
            72.86104,
            19.19957
          ],
          [
            72.86094,
            19.1991
          ],
          [
            72.86053,
            19.1968
          ],
          [
            72.86025,
            19.19555
          ],
          [
            72.86003,
            19.19444
          ],
          [
            72.85989,
            19.19404
          ],
          [
            72.85965,
            19.19361
          ],
          [
            72.85946,
            19.19324
          ],
          [
            72.85857,
            19.19167
          ],
          [
            72.85848,
            19.19138
          ],
          [
            72.85844,
            19.19106
          ],
          [
            72.85843,
            19.18969
          ],
          [
            72.85843,
            19.18941
          ],
          [
            72.85843,
            19.18938
          ],
          [
            72.85843,
            19.18932
          ],
          [
            72.85843,
            19.18903
          ],
          [
            72.85843,
            19.18835
          ],
          [
            72.8585,
            19.18633
          ],
          [
            72.85851,
            19.18578
          ],
          [
            72.85851,
            19.18549
          ],
          [
            72.85852,
            19.18485
          ],
          [
            72.85849,
            19.18412
          ],
          [
            72.85847,
            19.18304
          ],
          [
            72.85849,
            19.18127
          ],
          [
            72.85855,
            19.18037
          ],
          [
            72.85857,
            19.17843
          ],
          [
            72.8586,
            19.17798
          ],
          [
            72.85869,
            19.17761
          ],
          [
            72.85871,
            19.17752
          ],
          [
            72.85878,
            19.17727
          ],
          [
            72.8588,
            19.17718
          ],
          [
            72.85894,
            19.17676
          ],
          [
            72.8592,
            19.17597
          ],
          [
            72.85942,
            19.17518
          ],
          [
            72.85948,
            19.17458
          ],
          [
            72.85948,
            19.17422
          ],
          [
            72.85921,
            19.17159
          ],
          [
            72.85914,
            19.17103
          ],
          [
            72.85905,
            19.17024
          ],
          [
            72.85889,
            19.16869
          ],
          [
            72.85851,
            19.16549
          ],
          [
            72.85818,
            19.16303
          ],
          [
            72.85792,
            19.16122
          ],
          [
            72.85773,
            19.15973
          ],
          [
            72.85761,
            19.15876
          ],
          [
            72.85718,
            19.15588
          ],
          [
            72.85698,
            19.15482
          ],
          [
            72.85686,
            19.15402
          ],
          [
            72.85676,
            19.15257
          ],
          [
            72.85656,
            19.15048
          ],
          [
            72.85647,
            19.14976
          ],
          [
            72.85641,
            19.14906
          ],
          [
            72.85622,
            19.1469
          ],
          [
            72.85606,
            19.14531
          ],
          [
            72.85598,
            19.14486
          ],
          [
            72.85587,
            19.14445
          ],
          [
            72.85509,
            19.142
          ],
          [
            72.85501,
            19.14179
          ],
          [
            72.85494,
            19.14145
          ],
          [
            72.85489,
            19.14108
          ],
          [
            72.85488,
            19.14046
          ],
          [
            72.85495,
            19.139
          ],
          [
            72.85502,
            19.13773
          ],
          [
            72.85506,
            19.13708
          ],
          [
            72.85507,
            19.1369
          ],
          [
            72.85517,
            19.135
          ],
          [
            72.85528,
            19.13188
          ],
          [
            72.85531,
            19.13102
          ],
          [
            72.85531,
            19.13088
          ],
          [
            72.85537,
            19.12914
          ],
          [
            72.85538,
            19.12786
          ],
          [
            72.85542,
            19.12729
          ],
          [
            72.85554,
            19.12668
          ],
          [
            72.85565,
            19.12642
          ],
          [
            72.85577,
            19.12621
          ],
          [
            72.85628,
            19.12548
          ],
          [
            72.85642,
            19.1252
          ],
          [
            72.85654,
            19.12499
          ],
          [
            72.8566,
            19.12477
          ],
          [
            72.85665,
            19.12448
          ],
          [
            72.8567,
            19.1238
          ],
          [
            72.85667,
            19.12353
          ],
          [
            72.85657,
            19.123
          ],
          [
            72.85642,
            19.1224
          ],
          [
            72.85586,
            19.12021
          ],
          [
            72.85557,
            19.11873
          ],
          [
            72.85542,
            19.11769
          ],
          [
            72.85524,
            19.11662
          ],
          [
            72.85484,
            19.1138
          ],
          [
            72.8541,
            19.11038
          ],
          [
            72.85354,
            19.10793
          ],
          [
            72.8535,
            19.10768
          ],
          [
            72.85349,
            19.10739
          ],
          [
            72.8535,
            19.10715
          ],
          [
            72.85365,
            19.10635
          ],
          [
            72.85372,
            19.10609
          ],
          [
            72.85408,
            19.10447
          ],
          [
            72.8543,
            19.10362
          ],
          [
            72.85434,
            19.1035
          ],
          [
            72.85442,
            19.10325
          ],
          [
            72.85449,
            19.10292
          ],
          [
            72.85463,
            19.10242
          ],
          [
            72.85473,
            19.10195
          ],
          [
            72.85477,
            19.1016
          ],
          [
            72.85477,
            19.10147
          ],
          [
            72.85476,
            19.10092
          ],
          [
            72.85474,
            19.10058
          ],
          [
            72.85414,
            19.09931
          ],
          [
            72.85392,
            19.09893
          ],
          [
            72.85347,
            19.09775
          ],
          [
            72.85275,
            19.09563
          ],
          [
            72.85257,
            19.09518
          ],
          [
            72.85236,
            19.09475
          ],
          [
            72.85205,
            19.09431
          ],
          [
            72.85173,
            19.09394
          ],
          [
            72.85133,
            19.09354
          ],
          [
            72.85094,
            19.09323
          ],
          [
            72.85051,
            19.09297
          ],
          [
            72.85043,
            19.09292
          ],
          [
            72.85027,
            19.09285
          ],
          [
            72.8499,
            19.09268
          ],
          [
            72.8494,
            19.09254
          ],
          [
            72.8488,
            19.09238
          ],
          [
            72.84704,
            19.09204
          ],
          [
            72.84666,
            19.09199
          ],
          [
            72.8461,
            19.09187
          ],
          [
            72.84569,
            19.09176
          ],
          [
            72.84537,
            19.09165
          ],
          [
            72.84514,
            19.09154
          ],
          [
            72.84479,
            19.09131
          ],
          [
            72.84441,
            19.09096
          ],
          [
            72.84412,
            19.0906
          ],
          [
            72.84394,
            19.09032
          ],
          [
            72.84375,
            19.08989
          ],
          [
            72.84368,
            19.08959
          ],
          [
            72.84365,
            19.08942
          ],
          [
            72.84363,
            19.08903
          ],
          [
            72.84366,
            19.0888
          ],
          [
            72.84372,
            19.08848
          ],
          [
            72.84381,
            19.08811
          ],
          [
            72.84392,
            19.08783
          ],
          [
            72.84413,
            19.0875
          ],
          [
            72.8446,
            19.08689
          ],
          [
            72.84541,
            19.08601
          ],
          [
            72.84564,
            19.08569
          ],
          [
            72.84577,
            19.08549
          ],
          [
            72.84593,
            19.08519
          ],
          [
            72.84605,
            19.08483
          ],
          [
            72.84616,
            19.08439
          ],
          [
            72.84628,
            19.08426
          ],
          [
            72.84644,
            19.08376
          ],
          [
            72.84652,
            19.08346
          ],
          [
            72.84665,
            19.08283
          ],
          [
            72.84692,
            19.08129
          ],
          [
            72.84703,
            19.08072
          ],
          [
            72.84706,
            19.08043
          ],
          [
            72.84707,
            19.08031
          ],
          [
            72.84708,
            19.08019
          ],
          [
            72.84699,
            19.07459
          ],
          [
            72.8471,
            19.07458
          ],
          [
            72.84715,
            19.07457
          ],
          [
            72.84778,
            19.07449
          ],
          [
            72.84883,
            19.07433
          ],
          [
            72.85098,
            19.07399
          ],
          [
            72.85131,
            19.07394
          ],
          [
            72.85175,
            19.07396
          ],
          [
            72.85251,
            19.0741
          ],
          [
            72.85298,
            19.0743
          ],
          [
            72.85312,
            19.07438
          ],
          [
            72.85453,
            19.07517
          ],
          [
            72.85486,
            19.07531
          ],
          [
            72.85504,
            19.07543
          ],
          [
            72.85528,
            19.07547
          ],
          [
            72.85538,
            19.07548
          ],
          [
            72.85565,
            19.07546
          ],
          [
            72.85663,
            19.07529
          ],
          [
            72.85685,
            19.07525
          ],
          [
            72.8573,
            19.07516
          ],
          [
            72.85741,
            19.07515
          ],
          [
            72.85981,
            19.07465
          ],
          [
            72.86017,
            19.07455
          ],
          [
            72.86053,
            19.07448
          ],
          [
            72.86064,
            19.07446
          ],
          [
            72.86065,
            19.07436
          ],
          [
            72.86072,
            19.07394
          ],
          [
            72.86109,
            19.07291
          ],
          [
            72.8614,
            19.07206
          ],
          [
            72.86154,
            19.07185
          ],
          [
            72.86174,
            19.07164
          ],
          [
            72.86196,
            19.07148
          ],
          [
            72.86225,
            19.07135
          ],
          [
            72.86247,
            19.07128
          ],
          [
            72.86291,
            19.07122
          ],
          [
            72.86307,
            19.07122
          ],
          [
            72.86349,
            19.0713
          ],
          [
            72.86432,
            19.07167
          ],
          [
            72.86474,
            19.07185
          ],
          [
            72.86559,
            19.07222
          ],
          [
            72.86666,
            19.07277
          ],
          [
            72.86752,
            19.07315
          ],
          [
            72.86787,
            19.07331
          ],
          [
            72.869,
            19.0738
          ],
          [
            72.86925,
            19.07382
          ],
          [
            72.86985,
            19.07408
          ],
          [
            72.87086,
            19.07452
          ],
          [
            72.871,
            19.07432
          ],
          [
            72.87154,
            19.07266
          ],
          [
            72.87159,
            19.07253
          ],
          [
            72.87187,
            19.07207
          ],
          [
            72.87192,
            19.07197
          ],
          [
            72.872,
            19.07174
          ],
          [
            72.8721,
            19.07146
          ],
          [
            72.87227,
            19.07131
          ],
          [
            72.87234,
            19.07127
          ],
          [
            72.8726,
            19.0712
          ],
          [
            72.87284,
            19.07118
          ],
          [
            72.87399,
            19.071
          ],
          [
            72.87425,
            19.07089
          ],
          [
            72.87443,
            19.07086
          ],
          [
            72.87515,
            19.07079
          ],
          [
            72.87523,
            19.07076
          ],
          [
            72.87536,
            19.07076
          ],
          [
            72.87546,
            19.07148
          ],
          [
            72.87572,
            19.07327
          ],
          [
            72.87576,
            19.07355
          ],
          [
            72.87588,
            19.07403
          ],
          [
            72.8762,
            19.07449
          ],
          [
            72.87666,
            19.07511
          ],
          [
            72.87727,
            19.07593
          ],
          [
            72.87745,
            19.07611
          ],
          [
            72.87753,
            19.07605
          ],
          [
            72.87767,
            19.07596
          ]
        ]
      },
      "properties": {
        "name": "Himachal to Maharashtra - Compromised by Minor road damage",
        "distance_km": 1757.0306999999998,
        "duration_hours": 20.94094444444444,
        "risk_score": 25,
        "is_safe": false,
        "export_time": "2025-09-08T22:18:57.321642",
        "disaster_scenario": "Minor road damage",
        "affected_zones": 1,
        "warning": "Reroute not possible",
        "reroute_success": false,
        "route_type": "compromised"
      }
    }
  ]
}