{
  "type": "FeatureCollection",
  "features": [
    {
      "type": "Feature",
      "geometry": {
        "type": "LineString",
        "coordinates": [
          [
            77.17343,
            31.10491
          ],
          [
            77.17325,
            31.10494
          ],
          [
            77.17267,
            31.10511
          ],
          [
            77.17266,
            31.10522
          ],
          [
            77.17258,
            31.10532
          ],
          [
            77.17254,
            31.10543
          ],
          [
            77.17259,
            31.10549
          ],
          [
            77.17249,
            31.10576
          ],
          [
            77.17224,
            31.10602
          ],
          [
            77.17207,
            31.10611
          ],
          [
            77.172,
            31.10619
          ],
          [
            77.17206,
            31.10621
          ],
          [
            77.17231,
            31.10616
          ],
          [
            77.17241,
            31.10617
          ],
          [
            77.17244,
            31.10636
          ],
          [
            77.17224,
            31.10644
          ],
          [
            77.17211,
            31.10654
          ],
          [
            77.17166,
            31.10705
          ],
          [
            77.17153,
            31.10714
          ],
          [
            77.17145,
            31.10717
          ],
          [
            77.17137,
            31.10717
          ],
          [
            77.17093,
            31.10709
          ],
          [
            77.17066,
            31.10712
          ],
          [
            77.17029,
            31.1072
          ],
          [
            77.16977,
            31.10734
          ],
          [
            77.16943,
            31.10733
          ],
          [
            77.16921,
            31.10739
          ],
          [
            77.16914,
            31.10743
          ],
          [
            77.16907,
            31.10753
          ],
          [
            77.16888,
            31.10786
          ],
          [
            77.16871,
            31.108
          ],
          [
            77.16851,
            31.10811
          ],
          [
            77.16837,
            31.10825
          ],
          [
            77.16829,
            31.10837
          ],
          [
            77.16828,
            31.10851
          ],
          [
            77.16832,
            31.10876
          ],
          [
            77.16831,
            31.1088
          ],
          [
            77.16827,
            31.10883
          ],
          [
            77.16816,
            31.10886
          ],
          [
            77.16802,
            31.10886
          ],
          [
            77.16759,
            31.10883
          ],
          [
            77.16751,
            31.10879
          ],
          [
            77.1673,
            31.10857
          ],
          [
            77.16722,
            31.10852
          ],
          [
            77.16715,
            31.1085
          ],
          [
            77.1671,
            31.10849
          ],
          [
            77.16698,
            31.10855
          ],
          [
            77.16676,
            31.10891
          ],
          [
            77.16667,
            31.109
          ],
          [
            77.16653,
            31.10907
          ],
          [
            77.16641,
            31.10909
          ],
          [
            77.16626,
            31.10909
          ],
          [
            77.1662,
            31.1091
          ],
          [
            77.1661,
            31.10917
          ],
          [
            77.16599,
            31.10955
          ],
          [
            77.16594,
            31.10959
          ],
          [
            77.16578,
            31.10964
          ],
          [
            77.16566,
            31.10963
          ],
          [
            77.16557,
            31.1096
          ],
          [
            77.16552,
            31.10955
          ],
          [
            77.16546,
            31.10943
          ],
          [
            77.1654,
            31.1093
          ],
          [
            77.16533,
            31.10925
          ],
          [
            77.16525,
            31.10925
          ],
          [
            77.16503,
            31.10929
          ],
          [
            77.16494,
            31.10927
          ],
          [
            77.16489,
            31.10923
          ],
          [
            77.16487,
            31.10914
          ],
          [
            77.16496,
            31.1086
          ],
          [
            77.165,
            31.10844
          ],
          [
            77.16504,
            31.10836
          ],
          [
            77.16526,
            31.10808
          ],
          [
            77.1653,
            31.108
          ],
          [
            77.16531,
            31.10794
          ],
          [
            77.1653,
            31.10727
          ],
          [
            77.16563,
            31.10642
          ],
          [
            77.16563,
            31.10638
          ],
          [
            77.1656,
            31.10633
          ],
          [
            77.1655,
            31.10628
          ],
          [
            77.16488,
            31.10617
          ],
          [
            77.16467,
            31.10607
          ],
          [
            77.16443,
            31.10589
          ],
          [
            77.164,
            31.10562
          ],
          [
            77.16394,
            31.10556
          ],
          [
            77.16389,
            31.10547
          ],
          [
            77.16381,
            31.10497
          ],
          [
            77.16383,
            31.10489
          ],
          [
            77.16382,
            31.10482
          ],
          [
            77.16378,
            31.10477
          ],
          [
            77.16319,
            31.1045
          ],
          [
            77.16314,
            31.10445
          ],
          [
            77.16308,
            31.10428
          ],
          [
            77.16299,
            31.10422
          ],
          [
            77.16269,
            31.10413
          ],
          [
            77.16207,
            31.10404
          ],
          [
            77.1618,
            31.10395
          ],
          [
            77.16119,
            31.10367
          ],
          [
            77.16113,
            31.10362
          ],
          [
            77.16105,
            31.10354
          ],
          [
            77.16101,
            31.10348
          ],
          [
            77.16088,
            31.10311
          ],
          [
            77.16084,
            31.10304
          ],
          [
            77.16072,
            31.10294
          ],
          [
            77.16064,
            31.10291
          ],
          [
            77.16044,
            31.10288
          ],
          [
            77.15974,
            31.10293
          ],
          [
            77.15931,
            31.10305
          ],
          [
            77.15884,
            31.10315
          ],
          [
            77.15841,
            31.10326
          ],
          [
            77.15803,
            31.10322
          ],
          [
            77.15763,
            31.10309
          ],
          [
            77.15736,
            31.10294
          ],
          [
            77.15723,
            31.1029
          ],
          [
            77.15686,
            31.10284
          ],
          [
            77.15628,
            31.10278
          ],
          [
            77.1559,
            31.10278
          ],
          [
            77.15576,
            31.10281
          ],
          [
            77.15549,
            31.10289
          ],
          [
            77.15539,
            31.1029
          ],
          [
            77.15521,
            31.10291
          ],
          [
            77.15505,
            31.10289
          ],
          [
            77.15499,
            31.10286
          ],
          [
            77.15471,
            31.10267
          ],
          [
            77.15458,
            31.10262
          ],
          [
            77.1545,
            31.10262
          ],
          [
            77.15432,
            31.10265
          ],
          [
            77.15362,
            31.10283
          ],
          [
            77.15345,
            31.10285
          ],
          [
            77.15328,
            31.10283
          ],
          [
            77.15294,
            31.10272
          ],
          [
            77.15266,
            31.10267
          ],
          [
            77.15256,
            31.10264
          ],
          [
            77.15244,
            31.10258
          ],
          [
            77.15239,
            31.10251
          ],
          [
            77.1524,
            31.10244
          ],
          [
            77.15249,
            31.10212
          ],
          [
            77.1525,
            31.10204
          ],
          [
            77.15249,
            31.10199
          ],
          [
            77.15237,
            31.10189
          ],
          [
            77.15209,
            31.10177
          ],
          [
            77.152,
            31.10173
          ],
          [
            77.15195,
            31.10168
          ],
          [
            77.15192,
            31.10159
          ],
          [
            77.15189,
            31.10133
          ],
          [
            77.1518,
            31.10121
          ],
          [
            77.15171,
            31.10115
          ],
          [
            77.15129,
            31.10099
          ],
          [
            77.15108,
            31.10091
          ],
          [
            77.15101,
            31.1009
          ],
          [
            77.15092,
            31.10092
          ],
          [
            77.15062,
            31.10106
          ],
          [
            77.15032,
            31.10108
          ],
          [
            77.15015,
            31.10111
          ],
          [
            77.15003,
            31.10117
          ],
          [
            77.14995,
            31.10123
          ],
          [
            77.14978,
            31.10154
          ],
          [
            77.14969,
            31.10163
          ],
          [
            77.14945,
            31.10176
          ],
          [
            77.14902,
            31.10187
          ],
          [
            77.14891,
            31.10188
          ],
          [
            77.1488,
            31.10185
          ],
          [
            77.14875,
            31.10181
          ],
          [
            77.1486,
            31.10153
          ],
          [
            77.1485,
            31.1014
          ],
          [
            77.14836,
            31.10135
          ],
          [
            77.14823,
            31.10133
          ],
          [
            77.14816,
            31.10134
          ],
          [
            77.14807,
            31.10138
          ],
          [
            77.14793,
            31.10147
          ],
          [
            77.14752,
            31.10175
          ],
          [
            77.14722,
            31.1019
          ],
          [
            77.14692,
            31.10197
          ],
          [
            77.14668,
            31.10198
          ],
          [
            77.1465,
            31.10196
          ],
          [
            77.14636,
            31.10191
          ],
          [
            77.14609,
            31.10174
          ],
          [
            77.14563,
            31.10137
          ],
          [
            77.14556,
            31.10135
          ],
          [
            77.14544,
            31.10135
          ],
          [
            77.1453,
            31.10142
          ],
          [
            77.14514,
            31.10155
          ],
          [
            77.14505,
            31.10157
          ],
          [
            77.1448,
            31.10158
          ],
          [
            77.14467,
            31.10163
          ],
          [
            77.14457,
            31.10171
          ],
          [
            77.1444,
            31.10195
          ],
          [
            77.14432,
            31.10202
          ],
          [
            77.14421,
            31.10209
          ],
          [
            77.14367,
            31.10227
          ],
          [
            77.14367,
            31.10225
          ],
          [
            77.14363,
            31.10222
          ],
          [
            77.1433,
            31.10212
          ],
          [
            77.14323,
            31.10208
          ],
          [
            77.14319,
            31.10204
          ],
          [
            77.14311,
            31.10185
          ],
          [
            77.14299,
            31.10173
          ],
          [
            77.14294,
            31.1017
          ],
          [
            77.14256,
            31.10167
          ],
          [
            77.14227,
            31.10154
          ],
          [
            77.14217,
            31.10145
          ],
          [
            77.14204,
            31.10122
          ],
          [
            77.14194,
            31.10101
          ],
          [
            77.14186,
            31.10067
          ],
          [
            77.14178,
            31.10049
          ],
          [
            77.14148,
            31.10027
          ],
          [
            77.14142,
            31.1002
          ],
          [
            77.1414,
            31.10013
          ],
          [
            77.14141,
            31.10006
          ],
          [
            77.14147,
            31.1
          ],
          [
            77.14155,
            31.09996
          ],
          [
            77.14193,
            31.09986
          ],
          [
            77.14214,
            31.0997
          ],
          [
            77.1422,
            31.09962
          ],
          [
            77.14224,
            31.09953
          ],
          [
            77.14227,
            31.0993
          ],
          [
            77.14228,
            31.09904
          ],
          [
            77.14224,
            31.09876
          ],
          [
            77.14216,
            31.0986
          ],
          [
            77.14203,
            31.09841
          ],
          [
            77.14192,
            31.09832
          ],
          [
            77.14176,
            31.09823
          ],
          [
            77.14152,
            31.09819
          ],
          [
            77.14122,
            31.09816
          ],
          [
            77.14099,
            31.09811
          ],
          [
            77.13978,
            31.09772
          ],
          [
            77.13974,
            31.09766
          ],
          [
            77.13975,
            31.09759
          ],
          [
            77.13987,
            31.09739
          ],
          [
            77.14,
            31.09727
          ],
          [
            77.14006,
            31.09712
          ],
          [
            77.14007,
            31.09702
          ],
          [
            77.14004,
            31.09697
          ],
          [
            77.13995,
            31.09692
          ],
          [
            77.13978,
            31.09688
          ],
          [
            77.13962,
            31.09689
          ],
          [
            77.13953,
            31.09689
          ],
          [
            77.13892,
            31.09711
          ],
          [
            77.13856,
            31.09727
          ],
          [
            77.13847,
            31.09728
          ],
          [
            77.13838,
            31.09727
          ],
          [
            77.13826,
            31.09716
          ],
          [
            77.13825,
            31.09708
          ],
          [
            77.13827,
            31.09697
          ],
          [
            77.13837,
            31.09684
          ],
          [
            77.13842,
            31.09666
          ],
          [
            77.13842,
            31.09648
          ],
          [
            77.13836,
            31.09631
          ],
          [
            77.13831,
            31.09623
          ],
          [
            77.13821,
            31.09615
          ],
          [
            77.13785,
            31.09598
          ],
          [
            77.1378,
            31.09591
          ],
          [
            77.13778,
            31.09583
          ],
          [
            77.13778,
            31.09575
          ],
          [
            77.13782,
            31.09568
          ],
          [
            77.13788,
            31.09561
          ],
          [
            77.13798,
            31.09554
          ],
          [
            77.13822,
            31.09547
          ],
          [
            77.13861,
            31.09537
          ],
          [
            77.13866,
            31.09532
          ],
          [
            77.13867,
            31.09485
          ],
          [
            77.13873,
            31.09475
          ],
          [
            77.13891,
            31.0946
          ],
          [
            77.13941,
            31.09433
          ],
          [
            77.13946,
            31.09428
          ],
          [
            77.13948,
            31.0942
          ],
          [
            77.13944,
            31.09411
          ],
          [
            77.1392,
            31.09396
          ],
          [
            77.13907,
            31.09393
          ],
          [
            77.13888,
            31.09391
          ],
          [
            77.13845,
            31.09394
          ],
          [
            77.13831,
            31.09397
          ],
          [
            77.13786,
            31.09411
          ],
          [
            77.13743,
            31.09428
          ],
          [
            77.13731,
            31.09432
          ],
          [
            77.13715,
            31.09433
          ],
          [
            77.13697,
            31.09429
          ],
          [
            77.13691,
            31.09425
          ],
          [
            77.13679,
            31.09381
          ],
          [
            77.13672,
            31.09366
          ],
          [
            77.13656,
            31.09346
          ],
          [
            77.13651,
            31.09337
          ],
          [
            77.13647,
            31.09299
          ],
          [
            77.1365,
            31.09286
          ],
          [
            77.13655,
            31.0928
          ],
          [
            77.13662,
            31.09277
          ],
          [
            77.13704,
            31.0927
          ],
          [
            77.13721,
            31.09269
          ],
          [
            77.13734,
            31.09265
          ],
          [
            77.13763,
            31.09247
          ],
          [
            77.13772,
            31.0924
          ],
          [
            77.13779,
            31.09225
          ],
          [
            77.13787,
            31.09193
          ],
          [
            77.13788,
            31.09184
          ],
          [
            77.13787,
            31.09174
          ],
          [
            77.13755,
            31.09138
          ],
          [
            77.13741,
            31.09124
          ],
          [
            77.13734,
            31.09114
          ],
          [
            77.13721,
            31.09081
          ],
          [
            77.13699,
            31.09052
          ],
          [
            77.13698,
            31.09042
          ],
          [
            77.13702,
            31.09037
          ],
          [
            77.13727,
            31.09026
          ],
          [
            77.13736,
            31.09011
          ],
          [
            77.1374,
            31.08995
          ],
          [
            77.13747,
            31.08989
          ],
          [
            77.13758,
            31.08987
          ],
          [
            77.1377,
            31.0899
          ],
          [
            77.13826,
            31.09011
          ],
          [
            77.13838,
            31.09013
          ],
          [
            77.13852,
            31.09013
          ],
          [
            77.13876,
            31.09008
          ],
          [
            77.13889,
            31.09002
          ],
          [
            77.13894,
            31.08994
          ],
          [
            77.13894,
            31.08985
          ],
          [
            77.13881,
            31.08968
          ],
          [
            77.13871,
            31.08957
          ],
          [
            77.13862,
            31.08945
          ],
          [
            77.13858,
            31.08936
          ],
          [
            77.1386,
            31.08928
          ],
          [
            77.13865,
            31.08921
          ],
          [
            77.13879,
            31.0891
          ],
          [
            77.13937,
            31.0889
          ],
          [
            77.13958,
            31.08867
          ],
          [
            77.13969,
            31.08861
          ],
          [
            77.13978,
            31.0886
          ],
          [
            77.13989,
            31.08862
          ],
          [
            77.14003,
            31.08859
          ],
          [
            77.14033,
            31.08844
          ],
          [
            77.14077,
            31.08824
          ],
          [
            77.14079,
            31.08819
          ],
          [
            77.14077,
            31.08758
          ],
          [
            77.14075,
            31.08747
          ],
          [
            77.14072,
            31.08741
          ],
          [
            77.14052,
            31.08723
          ],
          [
            77.1405,
            31.08718
          ],
          [
            77.14051,
            31.08712
          ],
          [
            77.14058,
            31.08699
          ],
          [
            77.14062,
            31.0869
          ],
          [
            77.14063,
            31.08672
          ],
          [
            77.14062,
            31.08665
          ],
          [
            77.14058,
            31.08658
          ],
          [
            77.14037,
            31.08634
          ],
          [
            77.14035,
            31.08623
          ],
          [
            77.14042,
            31.08591
          ],
          [
            77.1404,
            31.08581
          ],
          [
            77.14032,
            31.08571
          ],
          [
            77.14,
            31.08551
          ],
          [
            77.13991,
            31.08543
          ],
          [
            77.13983,
            31.08533
          ],
          [
            77.13976,
            31.08505
          ],
          [
            77.13972,
            31.08498
          ],
          [
            77.13964,
            31.08489
          ],
          [
            77.13948,
            31.08478
          ],
          [
            77.13942,
            31.08471
          ],
          [
            77.13929,
            31.08443
          ],
          [
            77.13923,
            31.08436
          ],
          [
            77.13863,
            31.08384
          ],
          [
            77.13832,
            31.08348
          ],
          [
            77.13819,
            31.08326
          ],
          [
            77.13814,
            31.08307
          ],
          [
            77.13815,
            31.08298
          ],
          [
            77.13819,
            31.08288
          ],
          [
            77.13836,
            31.08266
          ],
          [
            77.13842,
            31.08245
          ],
          [
            77.13846,
            31.08203
          ],
          [
            77.13853,
            31.0817
          ],
          [
            77.13859,
            31.08163
          ],
          [
            77.13889,
            31.08146
          ],
          [
            77.13898,
            31.08138
          ],
          [
            77.13902,
            31.08129
          ],
          [
            77.139,
            31.08116
          ],
          [
            77.13892,
            31.08104
          ],
          [
            77.13889,
            31.08093
          ],
          [
            77.13889,
            31.08071
          ],
          [
            77.13887,
            31.08064
          ],
          [
            77.13878,
            31.08051
          ],
          [
            77.1386,
            31.08034
          ],
          [
            77.13855,
            31.08021
          ],
          [
            77.13855,
            31.0801
          ],
          [
            77.13862,
            31.07999
          ],
          [
            77.13877,
            31.07981
          ],
          [
            77.13958,
            31.0787
          ],
          [
            77.13964,
            31.07858
          ],
          [
            77.13966,
            31.07848
          ],
          [
            77.13966,
            31.07831
          ],
          [
            77.1396,
            31.07775
          ],
          [
            77.13965,
            31.07736
          ],
          [
            77.13966,
            31.07725
          ],
          [
            77.13963,
            31.07704
          ],
          [
            77.13958,
            31.07693
          ],
          [
            77.13944,
            31.07677
          ],
          [
            77.13923,
            31.0766
          ],
          [
            77.13908,
            31.07645
          ],
          [
            77.13902,
            31.07632
          ],
          [
            77.139,
            31.07621
          ],
          [
            77.13899,
            31.07586
          ],
          [
            77.13902,
            31.0756
          ],
          [
            77.13902,
            31.0754
          ],
          [
            77.139,
            31.07522
          ],
          [
            77.13896,
            31.07506
          ],
          [
            77.13854,
            31.07432
          ],
          [
            77.13852,
            31.07394
          ],
          [
            77.13852,
            31.07381
          ],
          [
            77.13849,
            31.07369
          ],
          [
            77.13843,
            31.07361
          ],
          [
            77.13826,
            31.07353
          ],
          [
            77.13795,
            31.07344
          ],
          [
            77.13757,
            31.07337
          ],
          [
            77.13721,
            31.07334
          ],
          [
            77.13702,
            31.07327
          ],
          [
            77.13681,
            31.07312
          ],
          [
            77.13666,
            31.07305
          ],
          [
            77.13651,
            31.07303
          ],
          [
            77.13606,
            31.07306
          ],
          [
            77.13579,
            31.07305
          ],
          [
            77.13555,
            31.07298
          ],
          [
            77.13532,
            31.07286
          ],
          [
            77.13507,
            31.07264
          ],
          [
            77.13502,
            31.07255
          ],
          [
            77.135,
            31.07245
          ],
          [
            77.135,
            31.0721
          ],
          [
            77.13488,
            31.07176
          ],
          [
            77.13476,
            31.07151
          ],
          [
            77.13453,
            31.07131
          ],
          [
            77.13426,
            31.07119
          ],
          [
            77.13395,
            31.07116
          ],
          [
            77.13321,
            31.07118
          ],
          [
            77.13275,
            31.07121
          ],
          [
            77.13224,
            31.0713
          ],
          [
            77.13213,
            31.07129
          ],
          [
            77.13199,
            31.07124
          ],
          [
            77.13189,
            31.07115
          ],
          [
            77.1318,
            31.071
          ],
          [
            77.13166,
            31.07082
          ],
          [
            77.13157,
            31.07077
          ],
          [
            77.13147,
            31.07073
          ],
          [
            77.13094,
            31.07064
          ],
          [
            77.13067,
            31.07056
          ],
          [
            77.13061,
            31.07052
          ],
          [
            77.13056,
            31.07045
          ],
          [
            77.13053,
            31.07037
          ],
          [
            77.13052,
            31.07029
          ],
          [
            77.13058,
            31.07009
          ],
          [
            77.13074,
            31.06987
          ],
          [
            77.13112,
            31.06968
          ],
          [
            77.13129,
            31.06965
          ],
          [
            77.13143,
            31.06959
          ],
          [
            77.13151,
            31.06951
          ],
          [
            77.13169,
            31.06925
          ],
          [
            77.13181,
            31.06919
          ],
          [
            77.13248,
            31.06905
          ],
          [
            77.13254,
            31.06901
          ],
          [
            77.13261,
            31.06893
          ],
          [
            77.13264,
            31.06886
          ],
          [
            77.13265,
            31.06841
          ],
          [
            77.13268,
            31.06822
          ],
          [
            77.13281,
            31.06801
          ],
          [
            77.13302,
            31.06775
          ],
          [
            77.13319,
            31.06767
          ],
          [
            77.13337,
            31.06764
          ],
          [
            77.13349,
            31.06758
          ],
          [
            77.13354,
            31.06751
          ],
          [
            77.13356,
            31.06736
          ],
          [
            77.13345,
            31.06712
          ],
          [
            77.13347,
            31.06703
          ],
          [
            77.13368,
            31.06694
          ],
          [
            77.13373,
            31.06688
          ],
          [
            77.13375,
            31.06681
          ],
          [
            77.13375,
            31.06677
          ],
          [
            77.13371,
            31.0667
          ],
          [
            77.13363,
            31.0666
          ],
          [
            77.13335,
            31.06633
          ],
          [
            77.13311,
            31.06619
          ],
          [
            77.13245,
            31.06586
          ],
          [
            77.13229,
            31.06573
          ],
          [
            77.13213,
            31.06555
          ],
          [
            77.13208,
            31.06548
          ],
          [
            77.13205,
            31.06539
          ],
          [
            77.13206,
            31.06533
          ],
          [
            77.13213,
            31.06527
          ],
          [
            77.13258,
            31.06504
          ],
          [
            77.13284,
            31.06487
          ],
          [
            77.13307,
            31.06467
          ],
          [
            77.1331,
            31.06458
          ],
          [
            77.13308,
            31.06451
          ],
          [
            77.133,
            31.06439
          ],
          [
            77.13267,
            31.06409
          ],
          [
            77.13266,
            31.06403
          ],
          [
            77.1327,
            31.06388
          ],
          [
            77.1327,
            31.06383
          ],
          [
            77.13265,
            31.06375
          ],
          [
            77.13256,
            31.06364
          ],
          [
            77.13228,
            31.06343
          ],
          [
            77.13226,
            31.06338
          ],
          [
            77.13227,
            31.0633
          ],
          [
            77.13239,
            31.06309
          ],
          [
            77.13251,
            31.06273
          ],
          [
            77.13256,
            31.06245
          ],
          [
            77.13252,
            31.06225
          ],
          [
            77.13245,
            31.06212
          ],
          [
            77.13233,
            31.06197
          ],
          [
            77.13225,
            31.06178
          ],
          [
            77.1322,
            31.06153
          ],
          [
            77.13213,
            31.0614
          ],
          [
            77.13207,
            31.06132
          ],
          [
            77.13198,
            31.06125
          ],
          [
            77.13149,
            31.06102
          ],
          [
            77.1314,
            31.06097
          ],
          [
            77.13136,
            31.06091
          ],
          [
            77.13134,
            31.06085
          ],
          [
            77.13138,
            31.06057
          ],
          [
            77.13149,
            31.06014
          ],
          [
            77.13161,
            31.0599
          ],
          [
            77.13175,
            31.05976
          ],
          [
            77.13181,
            31.05967
          ],
          [
            77.13183,
            31.05959
          ],
          [
            77.13181,
            31.05903
          ],
          [
            77.13175,
            31.05872
          ],
          [
            77.13164,
            31.05847
          ],
          [
            77.13145,
            31.05812
          ],
          [
            77.13142,
            31.05798
          ],
          [
            77.13142,
            31.05786
          ],
          [
            77.13148,
            31.05773
          ],
          [
            77.13159,
            31.05766
          ],
          [
            77.13224,
            31.05741
          ],
          [
            77.13236,
            31.0574
          ],
          [
            77.13247,
            31.05741
          ],
          [
            77.13301,
            31.05758
          ],
          [
            77.13315,
            31.05759
          ],
          [
            77.13331,
            31.05756
          ],
          [
            77.13343,
            31.05749
          ],
          [
            77.13354,
            31.0574
          ],
          [
            77.13363,
            31.05724
          ],
          [
            77.13393,
            31.05685
          ],
          [
            77.13427,
            31.05638
          ],
          [
            77.13444,
            31.0562
          ],
          [
            77.13453,
            31.05606
          ],
          [
            77.13456,
            31.05595
          ],
          [
            77.13455,
            31.05582
          ],
          [
            77.13446,
            31.05532
          ],
          [
            77.1344,
            31.05515
          ],
          [
            77.13442,
            31.05506
          ],
          [
            77.13449,
            31.05497
          ],
          [
            77.13469,
            31.05484
          ],
          [
            77.1348,
            31.05471
          ],
          [
            77.13491,
            31.05436
          ],
          [
            77.13489,
            31.05414
          ],
          [
            77.1349,
            31.05402
          ],
          [
            77.13494,
            31.05392
          ],
          [
            77.13506,
            31.05383
          ],
          [
            77.13558,
            31.05339
          ],
          [
            77.13573,
            31.05321
          ],
          [
            77.13615,
            31.05303
          ],
          [
            77.13622,
            31.05295
          ],
          [
            77.13626,
            31.05286
          ],
          [
            77.13623,
            31.05277
          ],
          [
            77.13608,
            31.05258
          ],
          [
            77.13582,
            31.05231
          ],
          [
            77.13563,
            31.05215
          ],
          [
            77.13527,
            31.0519
          ],
          [
            77.13433,
            31.05099
          ],
          [
            77.13418,
            31.05083
          ],
          [
            77.13413,
            31.0507
          ],
          [
            77.13412,
            31.05056
          ],
          [
            77.13418,
            31.05034
          ],
          [
            77.13417,
            31.05007
          ],
          [
            77.13409,
            31.04995
          ],
          [
            77.13343,
            31.04933
          ],
          [
            77.13336,
            31.04921
          ],
          [
            77.13311,
            31.04856
          ],
          [
            77.13301,
            31.04838
          ],
          [
            77.13266,
            31.04804
          ],
          [
            77.13254,
            31.04786
          ],
          [
            77.13246,
            31.04737
          ],
          [
            77.1324,
            31.04728
          ],
          [
            77.13231,
            31.04718
          ],
          [
            77.13201,
            31.04699
          ],
          [
            77.13184,
            31.04683
          ],
          [
            77.13155,
            31.04647
          ],
          [
            77.13102,
            31.04596
          ],
          [
            77.1304,
            31.04525
          ],
          [
            77.13031,
            31.04518
          ],
          [
            77.12984,
            31.04492
          ],
          [
            77.12966,
            31.04479
          ],
          [
            77.12913,
            31.04433
          ],
          [
            77.12903,
            31.04429
          ],
          [
            77.12879,
            31.04422
          ],
          [
            77.12867,
            31.0442
          ],
          [
            77.12805,
            31.04402
          ],
          [
            77.12789,
            31.04396
          ],
          [
            77.1278,
            31.04388
          ],
          [
            77.12772,
            31.04372
          ],
          [
            77.12759,
            31.04341
          ],
          [
            77.12738,
            31.04231
          ],
          [
            77.12733,
            31.04218
          ],
          [
            77.12722,
            31.04206
          ],
          [
            77.12708,
            31.04196
          ],
          [
            77.1267,
            31.04175
          ],
          [
            77.12647,
            31.04164
          ],
          [
            77.12632,
            31.04153
          ],
          [
            77.12622,
            31.0414
          ],
          [
            77.12591,
            31.0409
          ],
          [
            77.12558,
            31.04053
          ],
          [
            77.12544,
            31.04031
          ],
          [
            77.12512,
            31.04003
          ],
          [
            77.12502,
            31.03996
          ],
          [
            77.12444,
            31.03972
          ],
          [
            77.12309,
            31.03937
          ],
          [
            77.12282,
            31.0393
          ],
          [
            77.12267,
            31.0393
          ],
          [
            77.12243,
            31.03933
          ],
          [
            77.12214,
            31.03946
          ],
          [
            77.12177,
            31.03969
          ],
          [
            77.12147,
            31.03983
          ],
          [
            77.12119,
            31.03989
          ],
          [
            77.12106,
            31.03987
          ],
          [
            77.121,
            31.03983
          ],
          [
            77.12093,
            31.03973
          ],
          [
            77.12073,
            31.03918
          ],
          [
            77.12049,
            31.03835
          ],
          [
            77.12049,
            31.03818
          ],
          [
            77.12051,
            31.03801
          ],
          [
            77.12056,
            31.03789
          ],
          [
            77.12064,
            31.03775
          ],
          [
            77.12086,
            31.03755
          ],
          [
            77.12107,
            31.03738
          ],
          [
            77.12117,
            31.03726
          ],
          [
            77.1214,
            31.0368
          ],
          [
            77.12145,
            31.03656
          ],
          [
            77.12141,
            31.03635
          ],
          [
            77.12131,
            31.03612
          ],
          [
            77.12101,
            31.03556
          ],
          [
            77.12094,
            31.03541
          ],
          [
            77.1209,
            31.0353
          ],
          [
            77.1209,
            31.03506
          ],
          [
            77.12088,
            31.03497
          ],
          [
            77.12078,
            31.03486
          ],
          [
            77.12009,
            31.03462
          ],
          [
            77.11995,
            31.03456
          ],
          [
            77.11981,
            31.03445
          ],
          [
            77.11971,
            31.03432
          ],
          [
            77.11967,
            31.03394
          ],
          [
            77.11959,
            31.03374
          ],
          [
            77.11955,
            31.0337
          ],
          [
            77.1195,
            31.03367
          ],
          [
            77.11945,
            31.03366
          ],
          [
            77.11912,
            31.03364
          ],
          [
            77.11895,
            31.03364
          ],
          [
            77.11879,
            31.03367
          ],
          [
            77.11833,
            31.03383
          ],
          [
            77.11819,
            31.03383
          ],
          [
            77.11811,
            31.03381
          ],
          [
            77.11806,
            31.03377
          ],
          [
            77.11778,
            31.0334
          ],
          [
            77.11757,
            31.0332
          ],
          [
            77.11684,
            31.03277
          ],
          [
            77.11658,
            31.03258
          ],
          [
            77.11631,
            31.0324
          ],
          [
            77.1162,
            31.03235
          ],
          [
            77.11607,
            31.03232
          ],
          [
            77.11562,
            31.0323
          ],
          [
            77.11551,
            31.03231
          ],
          [
            77.11539,
            31.03236
          ],
          [
            77.11493,
            31.03258
          ],
          [
            77.11481,
            31.03261
          ],
          [
            77.11475,
            31.03262
          ],
          [
            77.11439,
            31.03258
          ],
          [
            77.11431,
            31.03259
          ],
          [
            77.11406,
            31.03268
          ],
          [
            77.11388,
            31.03273
          ],
          [
            77.11321,
            31.03279
          ],
          [
            77.11254,
            31.033
          ],
          [
            77.11205,
            31.03325
          ],
          [
            77.11194,
            31.03328
          ],
          [
            77.11165,
            31.03326
          ],
          [
            77.11125,
            31.03322
          ],
          [
            77.11117,
            31.03322
          ],
          [
            77.11109,
            31.03325
          ],
          [
            77.11092,
            31.03339
          ],
          [
            77.11084,
            31.03343
          ],
          [
            77.11079,
            31.03344
          ],
          [
            77.1105,
            31.03346
          ],
          [
            77.11044,
            31.03348
          ],
          [
            77.11039,
            31.03353
          ],
          [
            77.1102,
            31.0338
          ],
          [
            77.11013,
            31.03386
          ],
          [
            77.10996,
            31.03395
          ],
          [
            77.10959,
            31.03404
          ],
          [
            77.10939,
            31.03402
          ],
          [
            77.10914,
            31.03397
          ],
          [
            77.10887,
            31.03389
          ],
          [
            77.10876,
            31.03383
          ],
          [
            77.10869,
            31.03377
          ],
          [
            77.10833,
            31.03326
          ],
          [
            77.10813,
            31.03309
          ],
          [
            77.10776,
            31.03295
          ],
          [
            77.10724,
            31.03282
          ],
          [
            77.10688,
            31.03267
          ],
          [
            77.10684,
            31.03261
          ],
          [
            77.10672,
            31.03238
          ],
          [
            77.10667,
            31.03199
          ],
          [
            77.10658,
            31.0317
          ],
          [
            77.10652,
            31.03162
          ],
          [
            77.10648,
            31.03159
          ],
          [
            77.10609,
            31.0315
          ],
          [
            77.10576,
            31.0313
          ],
          [
            77.10547,
            31.03111
          ],
          [
            77.1051,
            31.03094
          ],
          [
            77.10485,
            31.03087
          ],
          [
            77.10474,
            31.03085
          ],
          [
            77.10457,
            31.03086
          ],
          [
            77.10438,
            31.03093
          ],
          [
            77.10418,
            31.03104
          ],
          [
            77.1041,
            31.03105
          ],
          [
            77.10348,
            31.03082
          ],
          [
            77.10332,
            31.03074
          ],
          [
            77.10324,
            31.03066
          ],
          [
            77.10325,
            31.0306
          ],
          [
            77.10367,
            31.0302
          ],
          [
            77.10377,
            31.02999
          ],
          [
            77.10378,
            31.02981
          ],
          [
            77.10381,
            31.02976
          ],
          [
            77.10437,
            31.02939
          ],
          [
            77.10445,
            31.02928
          ],
          [
            77.10459,
            31.02903
          ],
          [
            77.10471,
            31.02894
          ],
          [
            77.10497,
            31.02877
          ],
          [
            77.10507,
            31.02868
          ],
          [
            77.10513,
            31.0286
          ],
          [
            77.10561,
            31.02781
          ],
          [
            77.10583,
            31.02765
          ],
          [
            77.10609,
            31.02751
          ],
          [
            77.10631,
            31.02741
          ],
          [
            77.10648,
            31.02725
          ],
          [
            77.10659,
            31.02687
          ],
          [
            77.10679,
            31.02663
          ],
          [
            77.10721,
            31.02646
          ],
          [
            77.10739,
            31.02634
          ],
          [
            77.10755,
            31.02613
          ],
          [
            77.10762,
            31.02586
          ],
          [
            77.1076,
            31.02575
          ],
          [
            77.10754,
            31.02566
          ],
          [
            77.10738,
            31.02555
          ],
          [
            77.10722,
            31.02554
          ],
          [
            77.10714,
            31.02555
          ],
          [
            77.10655,
            31.02575
          ],
          [
            77.10622,
            31.02572
          ],
          [
            77.10599,
            31.02558
          ],
          [
            77.10558,
            31.0251
          ],
          [
            77.10514,
            31.02454
          ],
          [
            77.1046,
            31.02405
          ],
          [
            77.10437,
            31.02375
          ],
          [
            77.1041,
            31.02333
          ],
          [
            77.10391,
            31.02298
          ],
          [
            77.10379,
            31.02269
          ],
          [
            77.1037,
            31.02254
          ],
          [
            77.10357,
            31.02244
          ],
          [
            77.1034,
            31.02238
          ],
          [
            77.10301,
            31.02233
          ],
          [
            77.10298,
            31.02231
          ],
          [
            77.10295,
            31.02224
          ],
          [
            77.10293,
            31.02211
          ],
          [
            77.10286,
            31.02196
          ],
          [
            77.10276,
            31.02188
          ],
          [
            77.10257,
            31.02176
          ],
          [
            77.10199,
            31.02147
          ],
          [
            77.10169,
            31.02138
          ],
          [
            77.10136,
            31.02133
          ],
          [
            77.10118,
            31.02127
          ],
          [
            77.10107,
            31.02121
          ],
          [
            77.10091,
            31.02106
          ],
          [
            77.10075,
            31.02087
          ],
          [
            77.10077,
            31.02071
          ],
          [
            77.10088,
            31.02057
          ],
          [
            77.10129,
            31.02042
          ],
          [
            77.10143,
            31.02031
          ],
          [
            77.10169,
            31.01996
          ],
          [
            77.10171,
            31.01984
          ],
          [
            77.10171,
            31.0197
          ],
          [
            77.10162,
            31.01955
          ],
          [
            77.10141,
            31.01932
          ],
          [
            77.10077,
            31.01884
          ],
          [
            77.1006,
            31.01863
          ],
          [
            77.10048,
            31.01798
          ],
          [
            77.10037,
            31.01779
          ],
          [
            77.09959,
            31.01744
          ],
          [
            77.09937,
            31.01722
          ],
          [
            77.09928,
            31.01692
          ],
          [
            77.09926,
            31.01676
          ],
          [
            77.09934,
            31.01655
          ],
          [
            77.09949,
            31.01642
          ],
          [
            77.09982,
            31.01618
          ],
          [
            77.10002,
            31.01608
          ],
          [
            77.10025,
            31.01592
          ],
          [
            77.10039,
            31.01586
          ],
          [
            77.10098,
            31.01579
          ],
          [
            77.10132,
            31.01577
          ],
          [
            77.10158,
            31.01569
          ],
          [
            77.1018,
            31.01553
          ],
          [
            77.10213,
            31.01508
          ],
          [
            77.10224,
            31.01488
          ],
          [
            77.10228,
            31.01461
          ],
          [
            77.10226,
            31.01442
          ],
          [
            77.1022,
            31.01421
          ],
          [
            77.10204,
            31.01391
          ],
          [
            77.10198,
            31.01371
          ],
          [
            77.10197,
            31.01334
          ],
          [
            77.10199,
            31.01302
          ],
          [
            77.10193,
            31.01277
          ],
          [
            77.1017,
            31.01246
          ],
          [
            77.10139,
            31.01218
          ],
          [
            77.10105,
            31.01183
          ],
          [
            77.10074,
            31.01146
          ],
          [
            77.10051,
            31.01089
          ],
          [
            77.10052,
            31.01073
          ],
          [
            77.10066,
            31.01033
          ],
          [
            77.10069,
            31.01015
          ],
          [
            77.10069,
            31.00993
          ],
          [
            77.10066,
            31.00976
          ],
          [
            77.10062,
            31.00965
          ],
          [
            77.10048,
            31.00947
          ],
          [
            77.1003,
            31.00936
          ],
          [
            77.09993,
            31.00921
          ],
          [
            77.09918,
            31.00873
          ],
          [
            77.09897,
            31.00863
          ],
          [
            77.0986,
            31.00857
          ],
          [
            77.09821,
            31.00857
          ],
          [
            77.09801,
            31.00851
          ],
          [
            77.09791,
            31.0084
          ],
          [
            77.09777,
            31.00808
          ],
          [
            77.0976,
            31.00771
          ],
          [
            77.09745,
            31.00748
          ],
          [
            77.09731,
            31.00734
          ],
          [
            77.09714,
            31.00727
          ],
          [
            77.09697,
            31.00726
          ],
          [
            77.09679,
            31.0073
          ],
          [
            77.09666,
            31.00742
          ],
          [
            77.0961,
            31.00779
          ],
          [
            77.09583,
            31.00803
          ],
          [
            77.09568,
            31.00809
          ],
          [
            77.09548,
            31.00826
          ],
          [
            77.09535,
            31.00828
          ],
          [
            77.09514,
            31.00823
          ],
          [
            77.09501,
            31.00815
          ],
          [
            77.09457,
            31.00791
          ],
          [
            77.09439,
            31.00784
          ],
          [
            77.09401,
            31.00782
          ],
          [
            77.09378,
            31.00789
          ],
          [
            77.09323,
            31.00828
          ],
          [
            77.09274,
            31.00858
          ],
          [
            77.09257,
            31.00862
          ],
          [
            77.09238,
            31.00863
          ],
          [
            77.09169,
            31.00847
          ],
          [
            77.09147,
            31.0084
          ],
          [
            77.09136,
            31.00837
          ],
          [
            77.09115,
            31.00825
          ],
          [
            77.09101,
            31.00808
          ],
          [
            77.09093,
            31.00787
          ],
          [
            77.09119,
            31.00742
          ],
          [
            77.09131,
            31.00709
          ],
          [
            77.09128,
            31.0068
          ],
          [
            77.09122,
            31.0065
          ],
          [
            77.09102,
            31.00629
          ],
          [
            77.09101,
            31.00622
          ],
          [
            77.09095,
            31.00608
          ],
          [
            77.09062,
            31.0058
          ],
          [
            77.09047,
            31.00572
          ],
          [
            77.09002,
            31.00553
          ],
          [
            77.08976,
            31.00545
          ],
          [
            77.0896,
            31.00528
          ],
          [
            77.08949,
            31.00467
          ],
          [
            77.08941,
            31.00454
          ],
          [
            77.08908,
            31.00422
          ],
          [
            77.08845,
            31.00373
          ],
          [
            77.08833,
            31.00352
          ],
          [
            77.08828,
            31.00331
          ],
          [
            77.08837,
            31.00313
          ],
          [
            77.08851,
            31.00306
          ],
          [
            77.0892,
            31.00284
          ],
          [
            77.08933,
            31.00273
          ],
          [
            77.08947,
            31.00256
          ],
          [
            77.08951,
            31.00232
          ],
          [
            77.08943,
            31.00206
          ],
          [
            77.08945,
            31.00191
          ],
          [
            77.08958,
            31.00175
          ],
          [
            77.08986,
            31.00154
          ],
          [
            77.09019,
            31.0014
          ],
          [
            77.09046,
            31.00123
          ],
          [
            77.09089,
            31.00079
          ],
          [
            77.09159,
            31.00027
          ],
          [
            77.09167,
            31.0001
          ],
          [
            77.09161,
            30.9999
          ],
          [
            77.09141,
            30.99966
          ],
          [
            77.09073,
            30.99904
          ],
          [
            77.09049,
            30.99875
          ],
          [
            77.08972,
            30.99814
          ],
          [
            77.08947,
            30.99795
          ],
          [
            77.08928,
            30.9977
          ],
          [
            77.08924,
            30.9975
          ],
          [
            77.08928,
            30.99727
          ],
          [
            77.0894,
            30.99713
          ],
          [
            77.0896,
            30.99708
          ],
          [
            77.09112,
            30.99697
          ],
          [
            77.09148,
            30.99687
          ],
          [
            77.09281,
            30.99641
          ],
          [
            77.09333,
            30.9962
          ],
          [
            77.09355,
            30.99602
          ],
          [
            77.0936,
            30.99589
          ],
          [
            77.09362,
            30.99572
          ],
          [
            77.09358,
            30.9956
          ],
          [
            77.09308,
            30.99484
          ],
          [
            77.09281,
            30.99447
          ],
          [
            77.09262,
            30.99431
          ],
          [
            77.09215,
            30.99399
          ],
          [
            77.09195,
            30.99382
          ],
          [
            77.09182,
            30.99355
          ],
          [
            77.09179,
            30.99331
          ],
          [
            77.09179,
            30.99296
          ],
          [
            77.09198,
            30.99245
          ],
          [
            77.09205,
            30.9922
          ],
          [
            77.09203,
            30.99206
          ],
          [
            77.0918,
            30.99164
          ],
          [
            77.09177,
            30.99152
          ],
          [
            77.09175,
            30.99147
          ],
          [
            77.09176,
            30.99132
          ],
          [
            77.09189,
            30.99108
          ],
          [
            77.09208,
            30.99097
          ],
          [
            77.09226,
            30.99094
          ],
          [
            77.09245,
            30.99096
          ],
          [
            77.09264,
            30.991
          ],
          [
            77.09277,
            30.991
          ],
          [
            77.09323,
            30.9911
          ],
          [
            77.09358,
            30.9912
          ],
          [
            77.09373,
            30.9912
          ],
          [
            77.09385,
            30.99116
          ],
          [
            77.09404,
            30.991
          ],
          [
            77.09419,
            30.99083
          ],
          [
            77.09427,
            30.99081
          ],
          [
            77.09441,
            30.99036
          ],
          [
            77.0945,
            30.99023
          ],
          [
            77.09465,
            30.9901
          ],
          [
            77.09478,
            30.99002
          ],
          [
            77.09501,
            30.98995
          ],
          [
            77.09522,
            30.98992
          ],
          [
            77.09549,
            30.98994
          ],
          [
            77.09571,
            30.98993
          ],
          [
            77.09591,
            30.98987
          ],
          [
            77.09607,
            30.98977
          ],
          [
            77.09619,
            30.98959
          ],
          [
            77.09623,
            30.98941
          ],
          [
            77.09622,
            30.98925
          ],
          [
            77.09612,
            30.98912
          ],
          [
            77.09588,
            30.98861
          ],
          [
            77.0959,
            30.98844
          ],
          [
            77.09597,
            30.9883
          ],
          [
            77.09609,
            30.98819
          ],
          [
            77.09626,
            30.98809
          ],
          [
            77.09664,
            30.98804
          ],
          [
            77.09701,
            30.98806
          ],
          [
            77.09738,
            30.98814
          ],
          [
            77.09785,
            30.98833
          ],
          [
            77.09855,
            30.98866
          ],
          [
            77.09971,
            30.989
          ],
          [
            77.10007,
            30.98914
          ],
          [
            77.10019,
            30.98921
          ],
          [
            77.10053,
            30.9896
          ],
          [
            77.10077,
            30.9898
          ],
          [
            77.10107,
            30.9898
          ],
          [
            77.10135,
            30.98974
          ],
          [
            77.10181,
            30.98942
          ],
          [
            77.10189,
            30.98923
          ],
          [
            77.10199,
            30.98883
          ],
          [
            77.10198,
            30.98833
          ],
          [
            77.10191,
            30.98792
          ],
          [
            77.10202,
            30.98776
          ],
          [
            77.10206,
            30.98765
          ],
          [
            77.10221,
            30.98747
          ],
          [
            77.10249,
            30.98727
          ],
          [
            77.10306,
            30.98697
          ],
          [
            77.10318,
            30.98684
          ],
          [
            77.10322,
            30.98671
          ],
          [
            77.10319,
            30.98652
          ],
          [
            77.10312,
            30.98631
          ],
          [
            77.10302,
            30.98615
          ],
          [
            77.10288,
            30.98582
          ],
          [
            77.10285,
            30.98568
          ],
          [
            77.10285,
            30.98547
          ],
          [
            77.10293,
            30.98532
          ],
          [
            77.10307,
            30.98519
          ],
          [
            77.10326,
            30.98505
          ],
          [
            77.10419,
            30.98454
          ],
          [
            77.10486,
            30.98418
          ],
          [
            77.10493,
            30.98416
          ],
          [
            77.10509,
            30.98411
          ],
          [
            77.10533,
            30.98407
          ],
          [
            77.1055,
            30.98412
          ],
          [
            77.10599,
            30.98438
          ],
          [
            77.10622,
            30.9844
          ],
          [
            77.10648,
            30.98441
          ],
          [
            77.10677,
            30.98434
          ],
          [
            77.1071,
            30.98415
          ],
          [
            77.10725,
            30.98396
          ],
          [
            77.10733,
            30.98376
          ],
          [
            77.10745,
            30.98324
          ],
          [
            77.10741,
            30.98312
          ],
          [
            77.10745,
            30.9829
          ],
          [
            77.10739,
            30.98268
          ],
          [
            77.10663,
            30.98148
          ],
          [
            77.10651,
            30.98121
          ],
          [
            77.10651,
            30.98103
          ],
          [
            77.10664,
            30.98084
          ],
          [
            77.10688,
            30.9807
          ],
          [
            77.10717,
            30.98068
          ],
          [
            77.10752,
            30.98083
          ],
          [
            77.1078,
            30.98097
          ],
          [
            77.10804,
            30.98103
          ],
          [
            77.10824,
            30.98114
          ],
          [
            77.10854,
            30.98143
          ],
          [
            77.10879,
            30.98159
          ],
          [
            77.10898,
            30.98165
          ],
          [
            77.10916,
            30.98172
          ],
          [
            77.10929,
            30.98171
          ],
          [
            77.10945,
            30.98163
          ],
          [
            77.10957,
            30.98153
          ],
          [
            77.10963,
            30.98143
          ],
          [
            77.10965,
            30.9813
          ],
          [
            77.10965,
            30.9807
          ],
          [
            77.10966,
            30.9805
          ],
          [
            77.10968,
            30.98041
          ],
          [
            77.10973,
            30.98029
          ],
          [
            77.10984,
            30.98015
          ],
          [
            77.10994,
            30.98005
          ],
          [
            77.11007,
            30.97998
          ],
          [
            77.11022,
            30.97996
          ],
          [
            77.1104,
            30.97998
          ],
          [
            77.1112,
            30.98036
          ],
          [
            77.11133,
            30.98039
          ],
          [
            77.11148,
            30.98041
          ],
          [
            77.11167,
            30.9804
          ],
          [
            77.11183,
            30.98034
          ],
          [
            77.11197,
            30.98026
          ],
          [
            77.11214,
            30.9801
          ],
          [
            77.11228,
            30.97984
          ],
          [
            77.11234,
            30.97961
          ],
          [
            77.11234,
            30.97941
          ],
          [
            77.1123,
            30.9793
          ],
          [
            77.11159,
            30.9782
          ],
          [
            77.11147,
            30.9781
          ],
          [
            77.11127,
            30.97799
          ],
          [
            77.11054,
            30.97767
          ],
          [
            77.11038,
            30.97759
          ],
          [
            77.11028,
            30.97752
          ],
          [
            77.11023,
            30.97742
          ],
          [
            77.11007,
            30.97694
          ],
          [
            77.11,
            30.97684
          ],
          [
            77.10986,
            30.97676
          ],
          [
            77.10971,
            30.97661
          ],
          [
            77.10959,
            30.97638
          ],
          [
            77.10944,
            30.97588
          ],
          [
            77.10937,
            30.97574
          ],
          [
            77.10911,
            30.97552
          ],
          [
            77.1088,
            30.97535
          ],
          [
            77.1087,
            30.97524
          ],
          [
            77.10866,
            30.97514
          ],
          [
            77.10866,
            30.975
          ],
          [
            77.1088,
            30.97442
          ],
          [
            77.10888,
            30.97426
          ],
          [
            77.10897,
            30.97418
          ],
          [
            77.10908,
            30.97413
          ],
          [
            77.10926,
            30.97409
          ],
          [
            77.11037,
            30.97408
          ],
          [
            77.11068,
            30.97405
          ],
          [
            77.1112,
            30.97383
          ],
          [
            77.11137,
            30.97371
          ],
          [
            77.11144,
            30.97348
          ],
          [
            77.11147,
            30.97339
          ],
          [
            77.11146,
            30.97326
          ],
          [
            77.11143,
            30.97318
          ],
          [
            77.11135,
            30.97308
          ],
          [
            77.11124,
            30.97304
          ],
          [
            77.11104,
            30.97299
          ],
          [
            77.11083,
            30.97302
          ],
          [
            77.11072,
            30.97302
          ],
          [
            77.11061,
            30.97299
          ],
          [
            77.11044,
            30.9729
          ],
          [
            77.10991,
            30.97245
          ],
          [
            77.10983,
            30.97234
          ],
          [
            77.10976,
            30.97203
          ],
          [
            77.10975,
            30.97173
          ],
          [
            77.10971,
            30.97152
          ],
          [
            77.10956,
            30.97134
          ],
          [
            77.10933,
            30.97127
          ],
          [
            77.10893,
            30.97128
          ],
          [
            77.10864,
            30.9712
          ],
          [
            77.1083,
            30.97089
          ],
          [
            77.10793,
            30.97076
          ],
          [
            77.10778,
            30.97069
          ],
          [
            77.10769,
            30.97053
          ],
          [
            77.10759,
            30.97013
          ],
          [
            77.1073,
            30.96976
          ],
          [
            77.10716,
            30.96967
          ],
          [
            77.10699,
            30.96966
          ],
          [
            77.10633,
            30.96979
          ],
          [
            77.10616,
            30.9697
          ],
          [
            77.10566,
            30.96931
          ],
          [
            77.10543,
            30.96916
          ],
          [
            77.10536,
            30.96905
          ],
          [
            77.10532,
            30.96891
          ],
          [
            77.10533,
            30.96876
          ],
          [
            77.10544,
            30.96862
          ],
          [
            77.10557,
            30.96856
          ],
          [
            77.10597,
            30.96855
          ],
          [
            77.10613,
            30.96842
          ],
          [
            77.10634,
            30.96814
          ],
          [
            77.10646,
            30.96803
          ],
          [
            77.10739,
            30.96755
          ],
          [
            77.10752,
            30.96744
          ],
          [
            77.10758,
            30.96732
          ],
          [
            77.10766,
            30.96702
          ],
          [
            77.10778,
            30.96689
          ],
          [
            77.10782,
            30.96658
          ],
          [
            77.10777,
            30.96635
          ],
          [
            77.10762,
            30.96611
          ],
          [
            77.10759,
            30.96596
          ],
          [
            77.10759,
            30.96573
          ],
          [
            77.10751,
            30.96553
          ],
          [
            77.10736,
            30.96538
          ],
          [
            77.10732,
            30.96511
          ],
          [
            77.10747,
            30.96378
          ],
          [
            77.10753,
            30.96361
          ],
          [
            77.10763,
            30.96348
          ],
          [
            77.10779,
            30.96338
          ],
          [
            77.10797,
            30.96332
          ],
          [
            77.10824,
            30.96329
          ],
          [
            77.1086,
            30.96334
          ],
          [
            77.10882,
            30.96335
          ],
          [
            77.10895,
            30.96332
          ],
          [
            77.1091,
            30.96326
          ],
          [
            77.10922,
            30.96315
          ],
          [
            77.1093,
            30.96305
          ],
          [
            77.10948,
            30.96247
          ],
          [
            77.10967,
            30.96218
          ],
          [
            77.10997,
            30.96197
          ],
          [
            77.1105,
            30.96185
          ],
          [
            77.11122,
            30.9618
          ],
          [
            77.11172,
            30.96172
          ],
          [
            77.11247,
            30.96134
          ],
          [
            77.11288,
            30.96128
          ],
          [
            77.11315,
            30.96129
          ],
          [
            77.11338,
            30.96123
          ],
          [
            77.11357,
            30.96111
          ],
          [
            77.11362,
            30.96098
          ],
          [
            77.1136,
            30.96083
          ],
          [
            77.11354,
            30.96072
          ],
          [
            77.11343,
            30.96065
          ],
          [
            77.1131,
            30.96057
          ],
          [
            77.11284,
            30.96036
          ],
          [
            77.11269,
            30.95997
          ],
          [
            77.11257,
            30.95975
          ],
          [
            77.11239,
            30.95966
          ],
          [
            77.11203,
            30.95962
          ],
          [
            77.11181,
            30.95955
          ],
          [
            77.11165,
            30.95941
          ],
          [
            77.11149,
            30.95921
          ],
          [
            77.11135,
            30.95856
          ],
          [
            77.11128,
            30.95833
          ],
          [
            77.11105,
            30.95815
          ],
          [
            77.11069,
            30.95799
          ],
          [
            77.11034,
            30.95787
          ],
          [
            77.11023,
            30.95778
          ],
          [
            77.11023,
            30.95763
          ],
          [
            77.11027,
            30.95751
          ],
          [
            77.11052,
            30.95731
          ],
          [
            77.11122,
            30.95704
          ],
          [
            77.11239,
            30.95687
          ],
          [
            77.11261,
            30.9568
          ],
          [
            77.11273,
            30.95664
          ],
          [
            77.11321,
            30.95549
          ],
          [
            77.11332,
            30.95493
          ],
          [
            77.11336,
            30.95482
          ],
          [
            77.11345,
            30.95477
          ],
          [
            77.11356,
            30.95475
          ],
          [
            77.11367,
            30.95478
          ],
          [
            77.11413,
            30.95525
          ],
          [
            77.11462,
            30.95589
          ],
          [
            77.11473,
            30.95641
          ],
          [
            77.11515,
            30.95682
          ],
          [
            77.11538,
            30.95694
          ],
          [
            77.11551,
            30.95696
          ],
          [
            77.11568,
            30.9569
          ],
          [
            77.11611,
            30.95658
          ],
          [
            77.11635,
            30.95648
          ],
          [
            77.11664,
            30.95645
          ],
          [
            77.11711,
            30.9566
          ],
          [
            77.11749,
            30.95692
          ],
          [
            77.11785,
            30.95698
          ],
          [
            77.11825,
            30.95691
          ],
          [
            77.11907,
            30.95665
          ],
          [
            77.11942,
            30.95647
          ],
          [
            77.1204,
            30.95559
          ],
          [
            77.1206,
            30.95535
          ],
          [
            77.12063,
            30.95528
          ],
          [
            77.12063,
            30.9552
          ],
          [
            77.12052,
            30.95473
          ],
          [
            77.12055,
            30.95438
          ],
          [
            77.12047,
            30.95404
          ],
          [
            77.1206,
            30.95377
          ],
          [
            77.12082,
            30.95356
          ],
          [
            77.1211,
            30.95341
          ],
          [
            77.12152,
            30.95336
          ],
          [
            77.12253,
            30.95312
          ],
          [
            77.12264,
            30.95298
          ],
          [
            77.12264,
            30.95276
          ],
          [
            77.12255,
            30.95258
          ],
          [
            77.12227,
            30.95242
          ],
          [
            77.12212,
            30.95219
          ],
          [
            77.12209,
            30.95189
          ],
          [
            77.12185,
            30.9515
          ],
          [
            77.12183,
            30.9514
          ],
          [
            77.12186,
            30.95136
          ],
          [
            77.1219,
            30.95132
          ],
          [
            77.12198,
            30.95129
          ],
          [
            77.12209,
            30.95129
          ],
          [
            77.12226,
            30.95134
          ],
          [
            77.1228,
            30.95157
          ],
          [
            77.1231,
            30.95164
          ],
          [
            77.12339,
            30.95154
          ],
          [
            77.12366,
            30.95136
          ],
          [
            77.12384,
            30.95117
          ],
          [
            77.12391,
            30.95094
          ],
          [
            77.12382,
            30.95077
          ],
          [
            77.12369,
            30.95043
          ],
          [
            77.12372,
            30.95017
          ],
          [
            77.12363,
            30.94992
          ],
          [
            77.12332,
            30.94974
          ],
          [
            77.12268,
            30.94955
          ],
          [
            77.12253,
            30.94937
          ],
          [
            77.12254,
            30.94919
          ],
          [
            77.1227,
            30.94898
          ],
          [
            77.12339,
            30.94834
          ],
          [
            77.12405,
            30.94805
          ],
          [
            77.12428,
            30.94791
          ],
          [
            77.12435,
            30.94777
          ],
          [
            77.12438,
            30.94743
          ],
          [
            77.12448,
            30.94709
          ],
          [
            77.12448,
            30.94677
          ],
          [
            77.12444,
            30.9466
          ],
          [
            77.12444,
            30.94647
          ],
          [
            77.12454,
            30.94634
          ],
          [
            77.1247,
            30.94626
          ],
          [
            77.12495,
            30.94625
          ],
          [
            77.1261,
            30.94681
          ],
          [
            77.12627,
            30.94695
          ],
          [
            77.12646,
            30.94707
          ],
          [
            77.1267,
            30.94708
          ],
          [
            77.1269,
            30.94701
          ],
          [
            77.12699,
            30.9469
          ],
          [
            77.12698,
            30.94644
          ],
          [
            77.12716,
            30.94614
          ],
          [
            77.12756,
            30.94572
          ],
          [
            77.1276,
            30.94557
          ],
          [
            77.12758,
            30.9454
          ],
          [
            77.12713,
            30.94481
          ],
          [
            77.12698,
            30.94447
          ],
          [
            77.12675,
            30.9442
          ],
          [
            77.12672,
            30.94404
          ],
          [
            77.12676,
            30.94387
          ],
          [
            77.12701,
            30.94353
          ],
          [
            77.12723,
            30.9433
          ],
          [
            77.12747,
            30.94317
          ],
          [
            77.12859,
            30.94291
          ],
          [
            77.12906,
            30.94263
          ],
          [
            77.12956,
            30.94229
          ],
          [
            77.13017,
            30.94206
          ],
          [
            77.13136,
            30.94146
          ],
          [
            77.13165,
            30.94122
          ],
          [
            77.13172,
            30.94105
          ],
          [
            77.13176,
            30.94072
          ],
          [
            77.1318,
            30.94064
          ],
          [
            77.13187,
            30.94055
          ],
          [
            77.13196,
            30.94049
          ],
          [
            77.13207,
            30.9404
          ],
          [
            77.1322,
            30.94032
          ],
          [
            77.1322,
            30.94014
          ],
          [
            77.13199,
            30.93962
          ],
          [
            77.132,
            30.93946
          ],
          [
            77.13264,
            30.93896
          ],
          [
            77.13283,
            30.93864
          ],
          [
            77.13293,
            30.93832
          ],
          [
            77.13288,
            30.93808
          ],
          [
            77.13279,
            30.93789
          ],
          [
            77.13256,
            30.93763
          ],
          [
            77.13175,
            30.93713
          ],
          [
            77.13158,
            30.93697
          ],
          [
            77.1315,
            30.93678
          ],
          [
            77.13157,
            30.93656
          ],
          [
            77.13186,
            30.93639
          ],
          [
            77.13227,
            30.93624
          ],
          [
            77.13264,
            30.93625
          ],
          [
            77.13295,
            30.93615
          ],
          [
            77.1331,
            30.93601
          ],
          [
            77.13318,
            30.93582
          ],
          [
            77.13317,
            30.93545
          ],
          [
            77.13284,
            30.93466
          ],
          [
            77.13268,
            30.93433
          ],
          [
            77.1326,
            30.93405
          ],
          [
            77.13262,
            30.93394
          ],
          [
            77.13272,
            30.93375
          ],
          [
            77.13274,
            30.93362
          ],
          [
            77.13274,
            30.93351
          ],
          [
            77.13264,
            30.93343
          ],
          [
            77.13249,
            30.93339
          ],
          [
            77.13223,
            30.93337
          ],
          [
            77.13176,
            30.93326
          ],
          [
            77.13126,
            30.93294
          ],
          [
            77.1311,
            30.93274
          ],
          [
            77.13106,
            30.93255
          ],
          [
            77.13107,
            30.93238
          ],
          [
            77.13121,
            30.932
          ],
          [
            77.13121,
            30.93181
          ],
          [
            77.13112,
            30.93168
          ],
          [
            77.13096,
            30.93162
          ],
          [
            77.13018,
            30.93161
          ],
          [
            77.12986,
            30.93153
          ],
          [
            77.12923,
            30.93104
          ],
          [
            77.12853,
            30.93087
          ],
          [
            77.12754,
            30.93078
          ],
          [
            77.12718,
            30.93067
          ],
          [
            77.12697,
            30.93046
          ],
          [
            77.12688,
            30.93019
          ],
          [
            77.12706,
            30.92983
          ],
          [
            77.1273,
            30.92944
          ],
          [
            77.12732,
            30.92916
          ],
          [
            77.12742,
            30.92882
          ],
          [
            77.12757,
            30.92846
          ],
          [
            77.12756,
            30.92816
          ],
          [
            77.12751,
            30.92801
          ],
          [
            77.12744,
            30.92792
          ],
          [
            77.12729,
            30.9279
          ],
          [
            77.12711,
            30.92793
          ],
          [
            77.12669,
            30.9281
          ],
          [
            77.12633,
            30.92832
          ],
          [
            77.12497,
            30.9288
          ],
          [
            77.12475,
            30.92882
          ],
          [
            77.12456,
            30.92878
          ],
          [
            77.12441,
            30.92863
          ],
          [
            77.1244,
            30.92845
          ],
          [
            77.12442,
            30.92808
          ],
          [
            77.12439,
            30.92791
          ],
          [
            77.12418,
            30.92772
          ],
          [
            77.1238,
            30.92739
          ],
          [
            77.12362,
            30.92714
          ],
          [
            77.12352,
            30.92695
          ],
          [
            77.12345,
            30.92658
          ],
          [
            77.12336,
            30.92644
          ],
          [
            77.1232,
            30.92632
          ],
          [
            77.12291,
            30.92619
          ],
          [
            77.12273,
            30.92615
          ],
          [
            77.12254,
            30.92622
          ],
          [
            77.12235,
            30.92636
          ],
          [
            77.12217,
            30.92668
          ],
          [
            77.12144,
            30.9272
          ],
          [
            77.12065,
            30.92749
          ],
          [
            77.11896,
            30.92833
          ],
          [
            77.11872,
            30.9284
          ],
          [
            77.11855,
            30.92839
          ],
          [
            77.1184,
            30.9283
          ],
          [
            77.11828,
            30.9281
          ],
          [
            77.11827,
            30.92792
          ],
          [
            77.11816,
            30.92778
          ],
          [
            77.11793,
            30.92767
          ],
          [
            77.11754,
            30.92771
          ],
          [
            77.11729,
            30.92777
          ],
          [
            77.11708,
            30.92796
          ],
          [
            77.11653,
            30.92834
          ],
          [
            77.11637,
            30.92842
          ],
          [
            77.11586,
            30.92851
          ],
          [
            77.1157,
            30.92857
          ],
          [
            77.11536,
            30.92884
          ],
          [
            77.11517,
            30.92889
          ],
          [
            77.1149,
            30.92885
          ],
          [
            77.1147,
            30.92869
          ],
          [
            77.11453,
            30.92846
          ],
          [
            77.11446,
            30.92824
          ],
          [
            77.11443,
            30.92764
          ],
          [
            77.11434,
            30.92745
          ],
          [
            77.11415,
            30.92733
          ],
          [
            77.11289,
            30.92684
          ],
          [
            77.11266,
            30.92664
          ],
          [
            77.11254,
            30.9261
          ],
          [
            77.11256,
            30.92572
          ],
          [
            77.11252,
            30.9254
          ],
          [
            77.11242,
            30.9252
          ],
          [
            77.11237,
            30.9249
          ],
          [
            77.1124,
            30.92412
          ],
          [
            77.1124,
            30.92333
          ],
          [
            77.11235,
            30.92318
          ],
          [
            77.11216,
            30.92303
          ],
          [
            77.11201,
            30.92296
          ],
          [
            77.11181,
            30.92292
          ],
          [
            77.11168,
            30.92292
          ],
          [
            77.11151,
            30.923
          ],
          [
            77.11078,
            30.9238
          ],
          [
            77.1103,
            30.92416
          ],
          [
            77.10976,
            30.92445
          ],
          [
            77.10917,
            30.92457
          ],
          [
            77.10859,
            30.92476
          ],
          [
            77.10795,
            30.92523
          ],
          [
            77.10736,
            30.92553
          ],
          [
            77.10712,
            30.92553
          ],
          [
            77.10689,
            30.92543
          ],
          [
            77.1067,
            30.92527
          ],
          [
            77.10637,
            30.92457
          ],
          [
            77.10605,
            30.92398
          ],
          [
            77.10536,
            30.92329
          ],
          [
            77.10458,
            30.9227
          ],
          [
            77.10397,
            30.92248
          ],
          [
            77.10334,
            30.92247
          ],
          [
            77.10279,
            30.92255
          ],
          [
            77.10245,
            30.92264
          ],
          [
            77.10213,
            30.92284
          ],
          [
            77.1014,
            30.92318
          ],
          [
            77.09921,
            30.92375
          ],
          [
            77.09901,
            30.92374
          ],
          [
            77.09892,
            30.92368
          ],
          [
            77.09896,
            30.92367
          ],
          [
            77.099,
            30.92363
          ],
          [
            77.09902,
            30.92358
          ],
          [
            77.09899,
            30.92353
          ],
          [
            77.09889,
            30.92346
          ],
          [
            77.09868,
            30.92336
          ],
          [
            77.09859,
            30.92337
          ],
          [
            77.09848,
            30.92339
          ],
          [
            77.098,
            30.92314
          ],
          [
            77.09757,
            30.92317
          ],
          [
            77.09743,
            30.92322
          ],
          [
            77.09721,
            30.92326
          ],
          [
            77.09705,
            30.92323
          ],
          [
            77.09687,
            30.92316
          ],
          [
            77.09675,
            30.92307
          ],
          [
            77.09668,
            30.92281
          ],
          [
            77.09665,
            30.92268
          ],
          [
            77.09647,
            30.92249
          ],
          [
            77.09608,
            30.92235
          ],
          [
            77.09576,
            30.92231
          ],
          [
            77.09557,
            30.92225
          ],
          [
            77.0954,
            30.92203
          ],
          [
            77.09536,
            30.92188
          ],
          [
            77.09537,
            30.92165
          ],
          [
            77.09551,
            30.92106
          ],
          [
            77.0957,
            30.92063
          ],
          [
            77.09585,
            30.92036
          ],
          [
            77.09584,
            30.92008
          ],
          [
            77.09572,
            30.91984
          ],
          [
            77.09538,
            30.9194
          ],
          [
            77.09516,
            30.91907
          ],
          [
            77.09488,
            30.91877
          ],
          [
            77.09427,
            30.91842
          ],
          [
            77.0935,
            30.91793
          ],
          [
            77.09282,
            30.91729
          ],
          [
            77.09202,
            30.91668
          ],
          [
            77.09134,
            30.91604
          ],
          [
            77.09106,
            30.91587
          ],
          [
            77.09027,
            30.91564
          ],
          [
            77.0899,
            30.91551
          ],
          [
            77.08961,
            30.91547
          ],
          [
            77.08912,
            30.91551
          ],
          [
            77.0886,
            30.91551
          ],
          [
            77.08836,
            30.91546
          ],
          [
            77.08823,
            30.91531
          ],
          [
            77.08821,
            30.9152
          ],
          [
            77.08826,
            30.91507
          ],
          [
            77.08839,
            30.91496
          ],
          [
            77.08857,
            30.91488
          ],
          [
            77.08988,
            30.91472
          ],
          [
            77.09079,
            30.91448
          ],
          [
            77.09162,
            30.9141
          ],
          [
            77.09181,
            30.91395
          ],
          [
            77.092,
            30.91344
          ],
          [
            77.09209,
            30.9133
          ],
          [
            77.09221,
            30.91325
          ],
          [
            77.09301,
            30.91315
          ],
          [
            77.09367,
            30.91304
          ],
          [
            77.094,
            30.91304
          ],
          [
            77.09417,
            30.91311
          ],
          [
            77.09447,
            30.9132
          ],
          [
            77.0947,
            30.91322
          ],
          [
            77.09481,
            30.91312
          ],
          [
            77.09492,
            30.91298
          ],
          [
            77.09499,
            30.91265
          ],
          [
            77.09514,
            30.91246
          ],
          [
            77.09537,
            30.91236
          ],
          [
            77.0957,
            30.91234
          ],
          [
            77.09586,
            30.91237
          ],
          [
            77.09606,
            30.91246
          ],
          [
            77.0968,
            30.91283
          ],
          [
            77.09717,
            30.91294
          ],
          [
            77.09738,
            30.91288
          ],
          [
            77.09755,
            30.91277
          ],
          [
            77.09761,
            30.91262
          ],
          [
            77.0976,
            30.91244
          ],
          [
            77.09766,
            30.91228
          ],
          [
            77.09778,
            30.91212
          ],
          [
            77.09794,
            30.912
          ],
          [
            77.09815,
            30.91188
          ],
          [
            77.09832,
            30.91171
          ],
          [
            77.09834,
            30.91155
          ],
          [
            77.09832,
            30.91144
          ],
          [
            77.09824,
            30.91132
          ],
          [
            77.09805,
            30.9112
          ],
          [
            77.09787,
            30.91104
          ],
          [
            77.09778,
            30.91087
          ],
          [
            77.09774,
            30.91058
          ],
          [
            77.09764,
            30.91044
          ],
          [
            77.09752,
            30.91036
          ],
          [
            77.0973,
            30.91031
          ],
          [
            77.09631,
            30.91028
          ],
          [
            77.09614,
            30.91021
          ],
          [
            77.096,
            30.91007
          ],
          [
            77.09595,
            30.90998
          ],
          [
            77.09589,
            30.90988
          ],
          [
            77.09574,
            30.90974
          ],
          [
            77.09562,
            30.90968
          ],
          [
            77.09548,
            30.90969
          ],
          [
            77.09535,
            30.90974
          ],
          [
            77.09481,
            30.91032
          ],
          [
            77.09459,
            30.91053
          ],
          [
            77.09406,
            30.91077
          ],
          [
            77.0938,
            30.91081
          ],
          [
            77.09361,
            30.91077
          ],
          [
            77.09341,
            30.91063
          ],
          [
            77.09334,
            30.91049
          ],
          [
            77.09333,
            30.91035
          ],
          [
            77.09338,
            30.9101
          ],
          [
            77.09341,
            30.90966
          ],
          [
            77.09345,
            30.90955
          ],
          [
            77.09356,
            30.90936
          ],
          [
            77.09365,
            30.90888
          ],
          [
            77.09364,
            30.90851
          ],
          [
            77.09357,
            30.90833
          ],
          [
            77.09345,
            30.90818
          ],
          [
            77.09317,
            30.90783
          ],
          [
            77.09287,
            30.90726
          ],
          [
            77.09271,
            30.90682
          ],
          [
            77.0927,
            30.90651
          ],
          [
            77.09265,
            30.9063
          ],
          [
            77.09253,
            30.90619
          ],
          [
            77.09174,
            30.90596
          ],
          [
            77.09149,
            30.90586
          ],
          [
            77.09127,
            30.90575
          ],
          [
            77.091,
            30.90569
          ],
          [
            77.09086,
            30.90571
          ],
          [
            77.09071,
            30.90576
          ],
          [
            77.09031,
            30.906
          ],
          [
            77.08994,
            30.90607
          ],
          [
            77.08976,
            30.90607
          ],
          [
            77.08957,
            30.90602
          ],
          [
            77.08948,
            30.90598
          ],
          [
            77.08936,
            30.90587
          ],
          [
            77.08933,
            30.90579
          ],
          [
            77.08928,
            30.9055
          ],
          [
            77.08928,
            30.90541
          ],
          [
            77.08929,
            30.9053
          ],
          [
            77.08933,
            30.90523
          ],
          [
            77.08951,
            30.90502
          ],
          [
            77.08966,
            30.90488
          ],
          [
            77.08972,
            30.90479
          ],
          [
            77.08976,
            30.90466
          ],
          [
            77.08975,
            30.90453
          ],
          [
            77.08957,
            30.90404
          ],
          [
            77.08957,
            30.90392
          ],
          [
            77.08966,
            30.90385
          ],
          [
            77.08977,
            30.90379
          ],
          [
            77.09004,
            30.90373
          ],
          [
            77.09039,
            30.90356
          ],
          [
            77.09053,
            30.90344
          ],
          [
            77.09059,
            30.90331
          ],
          [
            77.09057,
            30.90315
          ],
          [
            77.09047,
            30.90302
          ],
          [
            77.09028,
            30.90297
          ],
          [
            77.08979,
            30.90283
          ],
          [
            77.08962,
            30.90271
          ],
          [
            77.08953,
            30.90259
          ],
          [
            77.08948,
            30.90242
          ],
          [
            77.08947,
            30.90224
          ],
          [
            77.0899,
            30.90191
          ],
          [
            77.09018,
            30.90154
          ],
          [
            77.09051,
            30.90139
          ],
          [
            77.09089,
            30.90132
          ],
          [
            77.09149,
            30.90104
          ],
          [
            77.0916,
            30.90092
          ],
          [
            77.09166,
            30.90078
          ],
          [
            77.09159,
            30.90066
          ],
          [
            77.0915,
            30.90062
          ],
          [
            77.09077,
            30.90053
          ],
          [
            77.09045,
            30.90037
          ],
          [
            77.09005,
            30.90007
          ],
          [
            77.08981,
            30.89982
          ],
          [
            77.08973,
            30.89965
          ],
          [
            77.08975,
            30.89948
          ],
          [
            77.08989,
            30.89933
          ],
          [
            77.09048,
            30.8989
          ],
          [
            77.09063,
            30.89849
          ],
          [
            77.09041,
            30.8977
          ],
          [
            77.09046,
            30.8975
          ],
          [
            77.09063,
            30.89739
          ],
          [
            77.0913,
            30.89713
          ],
          [
            77.09158,
            30.89691
          ],
          [
            77.09298,
            30.89534
          ],
          [
            77.093,
            30.89499
          ],
          [
            77.09287,
            30.89455
          ],
          [
            77.09267,
            30.89414
          ],
          [
            77.09249,
            30.89309
          ],
          [
            77.0924,
            30.89269
          ],
          [
            77.09202,
            30.89225
          ],
          [
            77.09188,
            30.89207
          ],
          [
            77.09168,
            30.89156
          ],
          [
            77.09154,
            30.89131
          ],
          [
            77.09131,
            30.89114
          ],
          [
            77.09104,
            30.891
          ],
          [
            77.09014,
            30.89091
          ],
          [
            77.08973,
            30.89078
          ],
          [
            77.08931,
            30.89066
          ],
          [
            77.08855,
            30.89054
          ],
          [
            77.08727,
            30.89049
          ],
          [
            77.08714,
            30.89041
          ],
          [
            77.08704,
            30.89031
          ],
          [
            77.08694,
            30.89017
          ],
          [
            77.08672,
            30.88997
          ],
          [
            77.08654,
            30.88994
          ],
          [
            77.0859,
            30.88989
          ],
          [
            77.08559,
            30.88977
          ],
          [
            77.08536,
            30.88964
          ],
          [
            77.08499,
            30.88952
          ],
          [
            77.08465,
            30.88952
          ],
          [
            77.08422,
            30.88946
          ],
          [
            77.08418,
            30.88939
          ],
          [
            77.08419,
            30.88917
          ],
          [
            77.08484,
            30.88876
          ],
          [
            77.08605,
            30.88837
          ],
          [
            77.08634,
            30.88817
          ],
          [
            77.08656,
            30.88773
          ],
          [
            77.08673,
            30.88757
          ],
          [
            77.08705,
            30.88733
          ],
          [
            77.08739,
            30.88736
          ],
          [
            77.08775,
            30.8877
          ],
          [
            77.08802,
            30.88802
          ],
          [
            77.08823,
            30.88803
          ],
          [
            77.08844,
            30.88799
          ],
          [
            77.08863,
            30.88787
          ],
          [
            77.08907,
            30.88737
          ],
          [
            77.08976,
            30.88689
          ],
          [
            77.0899,
            30.88645
          ],
          [
            77.08991,
            30.88634
          ],
          [
            77.08979,
            30.88597
          ],
          [
            77.08978,
            30.88585
          ],
          [
            77.08982,
            30.88572
          ],
          [
            77.08995,
            30.88564
          ],
          [
            77.09155,
            30.88524
          ],
          [
            77.09171,
            30.88513
          ],
          [
            77.09183,
            30.88494
          ],
          [
            77.09184,
            30.88481
          ],
          [
            77.09178,
            30.88439
          ],
          [
            77.09172,
            30.88415
          ],
          [
            77.09155,
            30.88277
          ],
          [
            77.09157,
            30.88262
          ],
          [
            77.09163,
            30.88248
          ],
          [
            77.09184,
            30.88228
          ],
          [
            77.0925,
            30.88205
          ],
          [
            77.09272,
            30.882
          ],
          [
            77.09334,
            30.88198
          ],
          [
            77.09363,
            30.88194
          ],
          [
            77.09373,
            30.88189
          ],
          [
            77.0938,
            30.88176
          ],
          [
            77.09382,
            30.88158
          ],
          [
            77.09374,
            30.8814
          ],
          [
            77.09343,
            30.8812
          ],
          [
            77.09317,
            30.88113
          ],
          [
            77.09285,
            30.88126
          ],
          [
            77.09235,
            30.88157
          ],
          [
            77.09205,
            30.88179
          ],
          [
            77.09165,
            30.88198
          ],
          [
            77.09121,
            30.88222
          ],
          [
            77.09114,
            30.88231
          ],
          [
            77.0911,
            30.8824
          ],
          [
            77.0911,
            30.88255
          ],
          [
            77.09114,
            30.88268
          ],
          [
            77.09119,
            30.88291
          ],
          [
            77.09114,
            30.88305
          ],
          [
            77.09096,
            30.88336
          ],
          [
            77.09088,
            30.88363
          ],
          [
            77.09084,
            30.88392
          ],
          [
            77.09078,
            30.8841
          ],
          [
            77.09063,
            30.88427
          ],
          [
            77.09046,
            30.88438
          ],
          [
            77.08974,
            30.88461
          ],
          [
            77.0893,
            30.88467
          ],
          [
            77.08886,
            30.88456
          ],
          [
            77.08859,
            30.88454
          ],
          [
            77.08849,
            30.88472
          ],
          [
            77.08848,
            30.88489
          ],
          [
            77.08834,
            30.88505
          ],
          [
            77.08806,
            30.88532
          ],
          [
            77.08792,
            30.88561
          ],
          [
            77.08785,
            30.88573
          ],
          [
            77.08767,
            30.88587
          ],
          [
            77.08738,
            30.88592
          ],
          [
            77.08656,
            30.88591
          ],
          [
            77.08558,
            30.88617
          ],
          [
            77.08512,
            30.88609
          ],
          [
            77.08465,
            30.88594
          ],
          [
            77.07651,
            30.88229
          ],
          [
            77.07582,
            30.88194
          ],
          [
            77.07476,
            30.88194
          ],
          [
            77.07439,
            30.88193
          ],
          [
            77.07425,
            30.88197
          ],
          [
            77.07416,
            30.88204
          ],
          [
            77.07409,
            30.88217
          ],
          [
            77.07412,
            30.8828
          ],
          [
            77.07409,
            30.88288
          ],
          [
            77.07396,
            30.88307
          ],
          [
            77.07363,
            30.88327
          ],
          [
            77.07336,
            30.88339
          ],
          [
            77.07323,
            30.88356
          ],
          [
            77.07316,
            30.88376
          ],
          [
            77.07314,
            30.88385
          ],
          [
            77.07316,
            30.88395
          ],
          [
            77.07344,
            30.88444
          ],
          [
            77.07346,
            30.88455
          ],
          [
            77.07343,
            30.88469
          ],
          [
            77.07324,
            30.88489
          ],
          [
            77.07305,
            30.88505
          ],
          [
            77.07301,
            30.88516
          ],
          [
            77.07303,
            30.88534
          ],
          [
            77.07311,
            30.88547
          ],
          [
            77.07323,
            30.88575
          ],
          [
            77.07327,
            30.88587
          ],
          [
            77.07328,
            30.88598
          ],
          [
            77.07322,
            30.88612
          ],
          [
            77.0728,
            30.88632
          ],
          [
            77.07261,
            30.88644
          ],
          [
            77.07232,
            30.88678
          ],
          [
            77.0722,
            30.8869
          ],
          [
            77.07198,
            30.88699
          ],
          [
            77.07156,
            30.88707
          ],
          [
            77.07137,
            30.88708
          ],
          [
            77.07122,
            30.88707
          ],
          [
            77.07092,
            30.88698
          ],
          [
            77.07055,
            30.88679
          ],
          [
            77.07048,
            30.88675
          ],
          [
            77.07025,
            30.88652
          ],
          [
            77.07001,
            30.88613
          ],
          [
            77.06978,
            30.88603
          ],
          [
            77.06956,
            30.88605
          ],
          [
            77.06942,
            30.88613
          ],
          [
            77.06915,
            30.88649
          ],
          [
            77.06904,
            30.88667
          ],
          [
            77.06901,
            30.88681
          ],
          [
            77.06902,
            30.88695
          ],
          [
            77.06922,
            30.88745
          ],
          [
            77.06944,
            30.88796
          ],
          [
            77.06944,
            30.88824
          ],
          [
            77.06935,
            30.8884
          ],
          [
            77.06919,
            30.88851
          ],
          [
            77.06898,
            30.88862
          ],
          [
            77.06859,
            30.88877
          ],
          [
            77.06806,
            30.8892
          ],
          [
            77.06755,
            30.88945
          ],
          [
            77.06736,
            30.88952
          ],
          [
            77.06719,
            30.88951
          ],
          [
            77.06704,
            30.88945
          ],
          [
            77.06693,
            30.88938
          ],
          [
            77.06686,
            30.88929
          ],
          [
            77.0668,
            30.88915
          ],
          [
            77.06681,
            30.88872
          ],
          [
            77.06679,
            30.88848
          ],
          [
            77.06663,
            30.88826
          ],
          [
            77.06645,
            30.88812
          ],
          [
            77.06623,
            30.88805
          ],
          [
            77.06567,
            30.88801
          ],
          [
            77.06536,
            30.88796
          ],
          [
            77.06479,
            30.8879
          ],
          [
            77.06451,
            30.88792
          ],
          [
            77.06394,
            30.88791
          ],
          [
            77.06369,
            30.88796
          ],
          [
            77.06269,
            30.88869
          ],
          [
            77.06253,
            30.88875
          ],
          [
            77.06241,
            30.88875
          ],
          [
            77.06228,
            30.88872
          ],
          [
            77.06219,
            30.88868
          ],
          [
            77.06209,
            30.88863
          ],
          [
            77.06189,
            30.88841
          ],
          [
            77.06168,
            30.88827
          ],
          [
            77.06151,
            30.88819
          ],
          [
            77.06132,
            30.88816
          ],
          [
            77.06114,
            30.88822
          ],
          [
            77.06103,
            30.88834
          ],
          [
            77.06086,
            30.88858
          ],
          [
            77.06047,
            30.88897
          ],
          [
            77.06029,
            30.88922
          ],
          [
            77.06006,
            30.88948
          ],
          [
            77.05982,
            30.88955
          ],
          [
            77.05962,
            30.88952
          ],
          [
            77.05943,
            30.88943
          ],
          [
            77.05932,
            30.88937
          ],
          [
            77.05921,
            30.88923
          ],
          [
            77.0591,
            30.88903
          ],
          [
            77.05903,
            30.88896
          ],
          [
            77.05893,
            30.8889
          ],
          [
            77.05875,
            30.88882
          ],
          [
            77.05843,
            30.88872
          ],
          [
            77.05821,
            30.88859
          ],
          [
            77.05809,
            30.88839
          ],
          [
            77.05788,
            30.88819
          ],
          [
            77.05759,
            30.88808
          ],
          [
            77.05735,
            30.88803
          ],
          [
            77.05664,
            30.88781
          ],
          [
            77.05643,
            30.88777
          ],
          [
            77.05601,
            30.88779
          ],
          [
            77.05576,
            30.88788
          ],
          [
            77.05563,
            30.88798
          ],
          [
            77.05548,
            30.88816
          ],
          [
            77.05522,
            30.88859
          ],
          [
            77.05514,
            30.8887
          ],
          [
            77.05498,
            30.88889
          ],
          [
            77.05486,
            30.88898
          ],
          [
            77.05468,
            30.88907
          ],
          [
            77.05433,
            30.88921
          ],
          [
            77.05415,
            30.88921
          ],
          [
            77.05392,
            30.88915
          ],
          [
            77.05375,
            30.88913
          ],
          [
            77.05361,
            30.88918
          ],
          [
            77.05301,
            30.88952
          ],
          [
            77.05261,
            30.88972
          ],
          [
            77.05245,
            30.88991
          ],
          [
            77.05231,
            30.89003
          ],
          [
            77.05223,
            30.89013
          ],
          [
            77.05204,
            30.8902
          ],
          [
            77.05163,
            30.89006
          ],
          [
            77.05136,
            30.89
          ],
          [
            77.05112,
            30.88997
          ],
          [
            77.05091,
            30.89003
          ],
          [
            77.05054,
            30.89041
          ],
          [
            77.05045,
            30.89052
          ],
          [
            77.05031,
            30.89079
          ],
          [
            77.05025,
            30.89101
          ],
          [
            77.05008,
            30.89136
          ],
          [
            77.04998,
            30.89154
          ],
          [
            77.04982,
            30.89166
          ],
          [
            77.04962,
            30.89173
          ],
          [
            77.04912,
            30.89182
          ],
          [
            77.04896,
            30.89189
          ],
          [
            77.04877,
            30.89204
          ],
          [
            77.04855,
            30.89233
          ],
          [
            77.04842,
            30.8924
          ],
          [
            77.04821,
            30.89242
          ],
          [
            77.04797,
            30.89242
          ],
          [
            77.04719,
            30.89286
          ],
          [
            77.04618,
            30.89336
          ],
          [
            77.04596,
            30.89341
          ],
          [
            77.04579,
            30.89338
          ],
          [
            77.04567,
            30.89331
          ],
          [
            77.04559,
            30.89318
          ],
          [
            77.04555,
            30.89301
          ],
          [
            77.04561,
            30.89285
          ],
          [
            77.04596,
            30.89254
          ],
          [
            77.04611,
            30.89237
          ],
          [
            77.04622,
            30.89214
          ],
          [
            77.0462,
            30.89192
          ],
          [
            77.04589,
            30.89135
          ],
          [
            77.04538,
            30.89051
          ],
          [
            77.04496,
            30.8897
          ],
          [
            77.04478,
            30.88954
          ],
          [
            77.04467,
            30.88949
          ],
          [
            77.04433,
            30.88944
          ],
          [
            77.04397,
            30.88949
          ],
          [
            77.04362,
            30.88946
          ],
          [
            77.04332,
            30.88954
          ],
          [
            77.04295,
            30.88986
          ],
          [
            77.04272,
            30.88992
          ],
          [
            77.04206,
            30.89
          ],
          [
            77.04192,
            30.89017
          ],
          [
            77.04186,
            30.89034
          ],
          [
            77.04181,
            30.89065
          ],
          [
            77.0417,
            30.89086
          ],
          [
            77.04122,
            30.89149
          ],
          [
            77.04066,
            30.89215
          ],
          [
            77.04043,
            30.89244
          ],
          [
            77.04033,
            30.89262
          ],
          [
            77.04021,
            30.89277
          ],
          [
            77.04006,
            30.89285
          ],
          [
            77.03989,
            30.89281
          ],
          [
            77.03967,
            30.89263
          ],
          [
            77.03943,
            30.89251
          ],
          [
            77.03902,
            30.89247
          ],
          [
            77.03843,
            30.89265
          ],
          [
            77.03815,
            30.89307
          ],
          [
            77.03804,
            30.89331
          ],
          [
            77.03789,
            30.89348
          ],
          [
            77.03758,
            30.89353
          ],
          [
            77.03726,
            30.89356
          ],
          [
            77.03682,
            30.89357
          ],
          [
            77.03635,
            30.89363
          ],
          [
            77.0361,
            30.8938
          ],
          [
            77.03588,
            30.89399
          ],
          [
            77.0357,
            30.89408
          ],
          [
            77.03498,
            30.89429
          ],
          [
            77.03478,
            30.89429
          ],
          [
            77.03461,
            30.89428
          ],
          [
            77.03422,
            30.89432
          ],
          [
            77.03397,
            30.89439
          ],
          [
            77.03368,
            30.89456
          ],
          [
            77.03351,
            30.89471
          ],
          [
            77.03315,
            30.89514
          ],
          [
            77.0329,
            30.89537
          ],
          [
            77.03237,
            30.89579
          ],
          [
            77.03184,
            30.89614
          ],
          [
            77.0317,
            30.89625
          ],
          [
            77.03131,
            30.89671
          ],
          [
            77.03112,
            30.89683
          ],
          [
            77.03035,
            30.89706
          ],
          [
            77.03017,
            30.89716
          ],
          [
            77.03005,
            30.89731
          ],
          [
            77.02994,
            30.89755
          ],
          [
            77.02987,
            30.89767
          ],
          [
            77.02937,
            30.89823
          ],
          [
            77.029,
            30.89869
          ],
          [
            77.02885,
            30.89881
          ],
          [
            77.02834,
            30.89905
          ],
          [
            77.02819,
            30.89907
          ],
          [
            77.02784,
            30.89901
          ],
          [
            77.02758,
            30.89893
          ],
          [
            77.02741,
            30.89891
          ],
          [
            77.02711,
            30.89892
          ],
          [
            77.02695,
            30.89896
          ],
          [
            77.02682,
            30.89902
          ],
          [
            77.02584,
            30.89972
          ],
          [
            77.02539,
            30.89997
          ],
          [
            77.02519,
            30.90001
          ],
          [
            77.02492,
            30.89999
          ],
          [
            77.02476,
            30.89994
          ],
          [
            77.02453,
            30.89983
          ],
          [
            77.02423,
            30.8997
          ],
          [
            77.02389,
            30.89971
          ],
          [
            77.02343,
            30.89975
          ],
          [
            77.02322,
            30.89974
          ],
          [
            77.02307,
            30.89967
          ],
          [
            77.02281,
            30.8994
          ],
          [
            77.02263,
            30.8993
          ],
          [
            77.02244,
            30.89925
          ],
          [
            77.02221,
            30.89922
          ],
          [
            77.02198,
            30.89924
          ],
          [
            77.02149,
            30.89929
          ],
          [
            77.02122,
            30.89935
          ],
          [
            77.02102,
            30.89942
          ],
          [
            77.02057,
            30.8997
          ],
          [
            77.02038,
            30.89986
          ],
          [
            77.01935,
            30.90065
          ],
          [
            77.01916,
            30.90083
          ],
          [
            77.01894,
            30.90106
          ],
          [
            77.0188,
            30.90134
          ],
          [
            77.01848,
            30.90169
          ],
          [
            77.01813,
            30.90212
          ],
          [
            77.018,
            30.90222
          ],
          [
            77.01787,
            30.90228
          ],
          [
            77.01774,
            30.90231
          ],
          [
            77.01763,
            30.9023
          ],
          [
            77.01751,
            30.90226
          ],
          [
            77.01737,
            30.90217
          ],
          [
            77.01724,
            30.90205
          ],
          [
            77.01707,
            30.902
          ],
          [
            77.01684,
            30.902
          ],
          [
            77.0165,
            30.90205
          ],
          [
            77.01632,
            30.90204
          ],
          [
            77.01602,
            30.90199
          ],
          [
            77.01587,
            30.90194
          ],
          [
            77.01575,
            30.90188
          ],
          [
            77.01564,
            30.90183
          ],
          [
            77.01547,
            30.90172
          ],
          [
            77.01501,
            30.90133
          ],
          [
            77.01495,
            30.90123
          ],
          [
            77.01492,
            30.90102
          ],
          [
            77.01492,
            30.90092
          ],
          [
            77.01499,
            30.90075
          ],
          [
            77.01506,
            30.90051
          ],
          [
            77.01507,
            30.90032
          ],
          [
            77.01498,
            30.89983
          ],
          [
            77.01499,
            30.89962
          ],
          [
            77.01518,
            30.899
          ],
          [
            77.01532,
            30.89863
          ],
          [
            77.01537,
            30.89846
          ],
          [
            77.01537,
            30.8983
          ],
          [
            77.01535,
            30.89783
          ],
          [
            77.01539,
            30.89739
          ],
          [
            77.01546,
            30.89709
          ],
          [
            77.01555,
            30.8964
          ],
          [
            77.01559,
            30.89622
          ],
          [
            77.01558,
            30.89598
          ],
          [
            77.0155,
            30.89591
          ],
          [
            77.01538,
            30.89585
          ],
          [
            77.01521,
            30.89587
          ],
          [
            77.01508,
            30.89597
          ],
          [
            77.01503,
            30.89611
          ],
          [
            77.01496,
            30.8965
          ],
          [
            77.01495,
            30.89681
          ],
          [
            77.01489,
            30.89695
          ],
          [
            77.01461,
            30.89725
          ],
          [
            77.01453,
            30.89743
          ],
          [
            77.01443,
            30.89782
          ],
          [
            77.01437,
            30.89795
          ],
          [
            77.01424,
            30.89811
          ],
          [
            77.01371,
            30.89855
          ],
          [
            77.01358,
            30.89859
          ],
          [
            77.01342,
            30.89859
          ],
          [
            77.01288,
            30.89858
          ],
          [
            77.01247,
            30.89854
          ],
          [
            77.01241,
            30.89849
          ],
          [
            77.01207,
            30.89814
          ],
          [
            77.01189,
            30.89805
          ],
          [
            77.01171,
            30.89805
          ],
          [
            77.01144,
            30.8981
          ],
          [
            77.01116,
            30.89812
          ],
          [
            77.01106,
            30.89809
          ],
          [
            77.0109,
            30.89802
          ],
          [
            77.01085,
            30.89798
          ],
          [
            77.0107,
            30.89779
          ],
          [
            77.01065,
            30.89765
          ],
          [
            77.01063,
            30.89672
          ],
          [
            77.01061,
            30.89657
          ],
          [
            77.01057,
            30.89644
          ],
          [
            77.0104,
            30.89635
          ],
          [
            77.00994,
            30.89631
          ],
          [
            77.00971,
            30.89624
          ],
          [
            77.00957,
            30.89611
          ],
          [
            77.00926,
            30.89579
          ],
          [
            77.00913,
            30.89567
          ],
          [
            77.00897,
            30.89562
          ],
          [
            77.0088,
            30.89565
          ],
          [
            77.0086,
            30.89577
          ],
          [
            77.0084,
            30.89581
          ],
          [
            77.00798,
            30.89587
          ],
          [
            77.00753,
            30.89597
          ],
          [
            77.0074,
            30.89605
          ],
          [
            77.0073,
            30.89615
          ],
          [
            77.00726,
            30.89631
          ],
          [
            77.00728,
            30.89646
          ],
          [
            77.00745,
            30.89675
          ],
          [
            77.00747,
            30.89683
          ],
          [
            77.00747,
            30.89692
          ],
          [
            77.00745,
            30.89701
          ],
          [
            77.00736,
            30.89712
          ],
          [
            77.00725,
            30.8972
          ],
          [
            77.00706,
            30.89729
          ],
          [
            77.00689,
            30.89736
          ],
          [
            77.00677,
            30.89745
          ],
          [
            77.00666,
            30.89758
          ],
          [
            77.00659,
            30.89772
          ],
          [
            77.00646,
            30.89791
          ],
          [
            77.00619,
            30.89813
          ],
          [
            77.00567,
            30.89846
          ],
          [
            77.0055,
            30.89861
          ],
          [
            77.00539,
            30.89884
          ],
          [
            77.00526,
            30.89923
          ],
          [
            77.00519,
            30.89931
          ],
          [
            77.00509,
            30.89939
          ],
          [
            77.00486,
            30.89945
          ],
          [
            77.00469,
            30.89942
          ],
          [
            77.00456,
            30.89935
          ],
          [
            77.00448,
            30.89926
          ],
          [
            77.0044,
            30.89908
          ],
          [
            77.00428,
            30.89862
          ],
          [
            77.00415,
            30.89851
          ],
          [
            77.00382,
            30.89845
          ],
          [
            77.00371,
            30.89839
          ],
          [
            77.00366,
            30.89832
          ],
          [
            77.00364,
            30.89825
          ],
          [
            77.00367,
            30.89811
          ],
          [
            77.00375,
            30.898
          ],
          [
            77.00397,
            30.89785
          ],
          [
            77.00411,
            30.89773
          ],
          [
            77.00419,
            30.89761
          ],
          [
            77.00423,
            30.89744
          ],
          [
            77.00425,
            30.89655
          ],
          [
            77.0042,
            30.89639
          ],
          [
            77.00407,
            30.89627
          ],
          [
            77.0039,
            30.89621
          ],
          [
            77.00369,
            30.89616
          ],
          [
            77.00357,
            30.89608
          ],
          [
            77.00346,
            30.89597
          ],
          [
            77.00342,
            30.89586
          ],
          [
            77.00344,
            30.89563
          ],
          [
            77.00364,
            30.89531
          ],
          [
            77.00372,
            30.89514
          ],
          [
            77.00369,
            30.89496
          ],
          [
            77.00364,
            30.89487
          ],
          [
            77.00336,
            30.89456
          ],
          [
            77.00328,
            30.89442
          ],
          [
            77.00322,
            30.89426
          ],
          [
            77.00322,
            30.8941
          ],
          [
            77.00323,
            30.89398
          ],
          [
            77.00329,
            30.89384
          ],
          [
            77.00346,
            30.89358
          ],
          [
            77.00374,
            30.89326
          ],
          [
            77.00398,
            30.893
          ],
          [
            77.00434,
            30.89271
          ],
          [
            77.00446,
            30.89258
          ],
          [
            77.00502,
            30.89165
          ],
          [
            77.00551,
            30.89102
          ],
          [
            77.00579,
            30.89052
          ],
          [
            77.00601,
            30.89007
          ],
          [
            77.0061,
            30.88982
          ],
          [
            77.00623,
            30.88925
          ],
          [
            77.00603,
            30.88784
          ],
          [
            77.00603,
            30.88765
          ],
          [
            77.00608,
            30.88753
          ],
          [
            77.00625,
            30.88719
          ],
          [
            77.0065,
            30.8868
          ],
          [
            77.00656,
            30.88667
          ],
          [
            77.00655,
            30.88654
          ],
          [
            77.00645,
            30.88642
          ],
          [
            77.00632,
            30.88634
          ],
          [
            77.00543,
            30.88629
          ],
          [
            77.00521,
            30.8863
          ],
          [
            77.00501,
            30.88637
          ],
          [
            77.00484,
            30.88654
          ],
          [
            77.00441,
            30.88718
          ],
          [
            77.00426,
            30.88734
          ],
          [
            77.00398,
            30.88749
          ],
          [
            77.00321,
            30.8876
          ],
          [
            77.00292,
            30.88759
          ],
          [
            77.00238,
            30.8874
          ],
          [
            77.00217,
            30.88734
          ],
          [
            77.002,
            30.88735
          ],
          [
            77.00184,
            30.88741
          ],
          [
            77.00172,
            30.8875
          ],
          [
            77.00166,
            30.88762
          ],
          [
            77.00158,
            30.88785
          ],
          [
            77.00151,
            30.8882
          ],
          [
            77.00137,
            30.88865
          ],
          [
            77.0013,
            30.88874
          ],
          [
            77.00111,
            30.88883
          ],
          [
            77.00096,
            30.88882
          ],
          [
            77.00027,
            30.88849
          ],
          [
            77.00003,
            30.88842
          ],
          [
            76.99985,
            30.8884
          ],
          [
            76.99969,
            30.88847
          ],
          [
            76.99963,
            30.88862
          ],
          [
            76.99957,
            30.889
          ],
          [
            76.99952,
            30.88912
          ],
          [
            76.99937,
            30.88931
          ],
          [
            76.99916,
            30.88946
          ],
          [
            76.99907,
            30.88959
          ],
          [
            76.99903,
            30.88971
          ],
          [
            76.99902,
            30.88994
          ],
          [
            76.99904,
            30.89008
          ],
          [
            76.99902,
            30.89018
          ],
          [
            76.999,
            30.89021
          ],
          [
            76.99849,
            30.89046
          ],
          [
            76.99776,
            30.89106
          ],
          [
            76.99766,
            30.89111
          ],
          [
            76.99755,
            30.89111
          ],
          [
            76.99748,
            30.89108
          ],
          [
            76.99742,
            30.89099
          ],
          [
            76.99741,
            30.89087
          ],
          [
            76.99751,
            30.89037
          ],
          [
            76.99759,
            30.88987
          ],
          [
            76.99767,
            30.88966
          ],
          [
            76.99777,
            30.88945
          ],
          [
            76.99777,
            30.88935
          ],
          [
            76.99772,
            30.88923
          ],
          [
            76.99758,
            30.88912
          ],
          [
            76.99751,
            30.88904
          ],
          [
            76.99746,
            30.88886
          ],
          [
            76.99754,
            30.88871
          ],
          [
            76.99768,
            30.88858
          ],
          [
            76.99776,
            30.88849
          ],
          [
            76.9978,
            30.88836
          ],
          [
            76.9978,
            30.88821
          ],
          [
            76.99766,
            30.88776
          ],
          [
            76.99763,
            30.88758
          ],
          [
            76.99765,
            30.88744
          ],
          [
            76.9977,
            30.88729
          ],
          [
            76.99802,
            30.88697
          ],
          [
            76.99823,
            30.88678
          ],
          [
            76.99875,
            30.88642
          ],
          [
            76.99884,
            30.88629
          ],
          [
            76.99889,
            30.88615
          ],
          [
            76.99892,
            30.88593
          ],
          [
            76.99888,
            30.88548
          ],
          [
            76.99888,
            30.88528
          ],
          [
            76.9989,
            30.88519
          ],
          [
            76.99894,
            30.88513
          ],
          [
            76.99926,
            30.88474
          ],
          [
            76.99956,
            30.88441
          ],
          [
            76.99973,
            30.88427
          ],
          [
            76.99985,
            30.8842
          ],
          [
            77.0,
            30.88416
          ],
          [
            77.00027,
            30.88411
          ],
          [
            77.00049,
            30.88404
          ],
          [
            77.00065,
            30.88392
          ],
          [
            77.00076,
            30.88376
          ],
          [
            77.00086,
            30.88353
          ],
          [
            77.00087,
            30.88339
          ],
          [
            77.00086,
            30.88323
          ],
          [
            77.00041,
            30.88273
          ],
          [
            77.00036,
            30.88263
          ],
          [
            77.00037,
            30.88251
          ],
          [
            77.00056,
            30.88211
          ],
          [
            77.00056,
            30.88184
          ],
          [
            77.00061,
            30.8817
          ],
          [
            77.00066,
            30.88164
          ],
          [
            77.00115,
            30.88124
          ],
          [
            77.00126,
            30.88102
          ],
          [
            77.0013,
            30.88053
          ],
          [
            77.00135,
            30.88046
          ],
          [
            77.00143,
            30.88035
          ],
          [
            77.00201,
            30.87984
          ],
          [
            77.00208,
            30.87975
          ],
          [
            77.00214,
            30.87961
          ],
          [
            77.00215,
            30.87943
          ],
          [
            77.00212,
            30.87927
          ],
          [
            77.002,
            30.87909
          ],
          [
            77.00192,
            30.87902
          ],
          [
            77.00182,
            30.8789
          ],
          [
            77.00178,
            30.87872
          ],
          [
            77.00179,
            30.87858
          ],
          [
            77.00182,
            30.87845
          ],
          [
            77.00193,
            30.87832
          ],
          [
            77.00215,
            30.87818
          ],
          [
            77.00256,
            30.87801
          ],
          [
            77.0027,
            30.87793
          ],
          [
            77.00278,
            30.87784
          ],
          [
            77.00282,
            30.87773
          ],
          [
            77.00281,
            30.87758
          ],
          [
            77.00271,
            30.87743
          ],
          [
            77.00254,
            30.87732
          ],
          [
            77.00239,
            30.87724
          ],
          [
            77.00228,
            30.87712
          ],
          [
            77.00224,
            30.877
          ],
          [
            77.00225,
            30.87672
          ],
          [
            77.0023,
            30.87642
          ],
          [
            77.00237,
            30.8762
          ],
          [
            77.00246,
            30.87608
          ],
          [
            77.00261,
            30.87599
          ],
          [
            77.0028,
            30.87591
          ],
          [
            77.00293,
            30.87585
          ],
          [
            77.00298,
            30.87579
          ],
          [
            77.00304,
            30.87571
          ],
          [
            77.00308,
            30.8756
          ],
          [
            77.00312,
            30.87533
          ],
          [
            77.00313,
            30.87512
          ],
          [
            77.00309,
            30.87497
          ],
          [
            77.00304,
            30.87484
          ],
          [
            77.00292,
            30.87469
          ],
          [
            77.00269,
            30.8742
          ],
          [
            77.00261,
            30.87412
          ],
          [
            77.00247,
            30.87406
          ],
          [
            77.00229,
            30.87407
          ],
          [
            77.00213,
            30.87419
          ],
          [
            77.0019,
            30.87445
          ],
          [
            77.00178,
            30.87462
          ],
          [
            77.0016,
            30.87484
          ],
          [
            77.0014,
            30.87503
          ],
          [
            77.00126,
            30.87508
          ],
          [
            77.00103,
            30.87505
          ],
          [
            77.0009,
            30.87497
          ],
          [
            77.00076,
            30.87483
          ],
          [
            77.0007,
            30.87479
          ],
          [
            77.00055,
            30.87474
          ],
          [
            77.00038,
            30.87475
          ],
          [
            77.00026,
            30.8748
          ],
          [
            76.99976,
            30.87539
          ],
          [
            76.99958,
            30.87554
          ],
          [
            76.99934,
            30.8757
          ],
          [
            76.99908,
            30.87582
          ],
          [
            76.99842,
            30.876
          ],
          [
            76.99823,
            30.87603
          ],
          [
            76.99809,
            30.87603
          ],
          [
            76.99792,
            30.87598
          ],
          [
            76.99772,
            30.87591
          ],
          [
            76.99747,
            30.87586
          ],
          [
            76.99722,
            30.87588
          ],
          [
            76.99672,
            30.87603
          ],
          [
            76.99634,
            30.87617
          ],
          [
            76.99569,
            30.87655
          ],
          [
            76.99558,
            30.87664
          ],
          [
            76.99541,
            30.87693
          ],
          [
            76.99534,
            30.87701
          ],
          [
            76.99523,
            30.8771
          ],
          [
            76.99474,
            30.87734
          ],
          [
            76.9946,
            30.87742
          ],
          [
            76.99447,
            30.87747
          ],
          [
            76.99428,
            30.87742
          ],
          [
            76.99422,
            30.87738
          ],
          [
            76.99418,
            30.87732
          ],
          [
            76.99413,
            30.87719
          ],
          [
            76.99414,
            30.87682
          ],
          [
            76.99411,
            30.87594
          ],
          [
            76.99414,
            30.87577
          ],
          [
            76.99419,
            30.87563
          ],
          [
            76.99446,
            30.87519
          ],
          [
            76.99459,
            30.87502
          ],
          [
            76.99469,
            30.87492
          ],
          [
            76.99483,
            30.87485
          ],
          [
            76.99545,
            30.87468
          ],
          [
            76.9958,
            30.87461
          ],
          [
            76.99644,
            30.87453
          ],
          [
            76.99683,
            30.87444
          ],
          [
            76.99699,
            30.87433
          ],
          [
            76.99708,
            30.87418
          ],
          [
            76.99712,
            30.87395
          ],
          [
            76.99711,
            30.87377
          ],
          [
            76.99708,
            30.87363
          ],
          [
            76.99708,
            30.87355
          ],
          [
            76.99712,
            30.87345
          ],
          [
            76.99724,
            30.87324
          ],
          [
            76.99726,
            30.87309
          ],
          [
            76.99725,
            30.87295
          ],
          [
            76.9971,
            30.87278
          ],
          [
            76.99606,
            30.87204
          ],
          [
            76.99582,
            30.87184
          ],
          [
            76.99575,
            30.87176
          ],
          [
            76.99574,
            30.87169
          ],
          [
            76.99576,
            30.87158
          ],
          [
            76.9958,
            30.87154
          ],
          [
            76.99598,
            30.87148
          ],
          [
            76.99648,
            30.87149
          ],
          [
            76.99677,
            30.87147
          ],
          [
            76.99738,
            30.87128
          ],
          [
            76.99783,
            30.8713
          ],
          [
            76.99824,
            30.87139
          ],
          [
            76.99838,
            30.87138
          ],
          [
            76.99851,
            30.87134
          ],
          [
            76.99863,
            30.87126
          ],
          [
            76.99872,
            30.87115
          ],
          [
            76.99876,
            30.87104
          ],
          [
            76.99876,
            30.87092
          ],
          [
            76.99871,
            30.87078
          ],
          [
            76.99849,
            30.87059
          ],
          [
            76.99832,
            30.87039
          ],
          [
            76.99823,
            30.87001
          ],
          [
            76.99823,
            30.86979
          ],
          [
            76.99825,
            30.8697
          ],
          [
            76.9984,
            30.86952
          ],
          [
            76.99853,
            30.86944
          ],
          [
            76.99879,
            30.86924
          ],
          [
            76.99912,
            30.86865
          ],
          [
            76.99916,
            30.8685
          ],
          [
            76.99906,
            30.86815
          ],
          [
            76.99916,
            30.86766
          ],
          [
            76.99916,
            30.86749
          ],
          [
            76.99913,
            30.86734
          ],
          [
            76.99894,
            30.86714
          ],
          [
            76.99881,
            30.86704
          ],
          [
            76.99877,
            30.86698
          ],
          [
            76.99866,
            30.86678
          ],
          [
            76.99862,
            30.86666
          ],
          [
            76.99853,
            30.86648
          ],
          [
            76.99842,
            30.86634
          ],
          [
            76.99827,
            30.86623
          ],
          [
            76.99805,
            30.86617
          ],
          [
            76.99731,
            30.86609
          ],
          [
            76.99717,
            30.86604
          ],
          [
            76.99712,
            30.86597
          ],
          [
            76.99713,
            30.86587
          ],
          [
            76.99718,
            30.86581
          ],
          [
            76.9973,
            30.86573
          ],
          [
            76.998,
            30.8653
          ],
          [
            76.99831,
            30.86516
          ],
          [
            76.99853,
            30.86508
          ],
          [
            76.99958,
            30.86463
          ],
          [
            76.99973,
            30.86461
          ],
          [
            76.99985,
            30.86462
          ],
          [
            76.99993,
            30.86465
          ],
          [
            77.00005,
            30.86472
          ],
          [
            77.00035,
            30.86502
          ],
          [
            77.00057,
            30.8651
          ],
          [
            77.00076,
            30.86512
          ],
          [
            77.00093,
            30.86507
          ],
          [
            77.00106,
            30.86502
          ],
          [
            77.0014,
            30.86471
          ],
          [
            77.00163,
            30.86447
          ],
          [
            77.00172,
            30.86433
          ],
          [
            77.00177,
            30.86422
          ],
          [
            77.0018,
            30.86406
          ],
          [
            77.00175,
            30.86389
          ],
          [
            77.00166,
            30.86373
          ],
          [
            77.00152,
            30.86362
          ],
          [
            77.00089,
            30.86326
          ],
          [
            77.00072,
            30.86312
          ],
          [
            77.00033,
            30.86266
          ],
          [
            77.00012,
            30.86247
          ],
          [
            76.99992,
            30.86232
          ],
          [
            76.99937,
            30.86218
          ],
          [
            76.99921,
            30.86212
          ],
          [
            76.99914,
            30.862
          ],
          [
            76.99913,
            30.8619
          ],
          [
            76.99915,
            30.86185
          ],
          [
            76.99934,
            30.86163
          ],
          [
            76.99973,
            30.86126
          ],
          [
            76.9999,
            30.86113
          ],
          [
            77.00026,
            30.8609
          ],
          [
            77.0009,
            30.86056
          ],
          [
            77.00108,
            30.86045
          ],
          [
            77.00117,
            30.86032
          ],
          [
            77.00122,
            30.86016
          ],
          [
            77.00119,
            30.85993
          ],
          [
            77.00109,
            30.85979
          ],
          [
            77.00096,
            30.85969
          ],
          [
            77.00082,
            30.85964
          ],
          [
            77.0007,
            30.85956
          ],
          [
            77.00065,
            30.8595
          ],
          [
            77.00062,
            30.85936
          ],
          [
            77.00063,
            30.85922
          ],
          [
            77.00085,
            30.85885
          ],
          [
            77.00097,
            30.85868
          ],
          [
            77.00103,
            30.85845
          ],
          [
            77.001,
            30.85828
          ],
          [
            77.00092,
            30.85814
          ],
          [
            77.00068,
            30.858
          ],
          [
            77.00014,
            30.85783
          ],
          [
            77.00004,
            30.85776
          ],
          [
            76.99999,
            30.85763
          ],
          [
            76.99997,
            30.85754
          ],
          [
            76.99998,
            30.85747
          ],
          [
            77.00007,
            30.85734
          ],
          [
            77.00034,
            30.85713
          ],
          [
            77.00051,
            30.85694
          ],
          [
            77.00059,
            30.85682
          ],
          [
            77.00073,
            30.85668
          ],
          [
            77.00086,
            30.85661
          ],
          [
            77.00128,
            30.85651
          ],
          [
            77.00147,
            30.8564
          ],
          [
            77.00157,
            30.8563
          ],
          [
            77.00162,
            30.85621
          ],
          [
            77.00164,
            30.85607
          ],
          [
            77.00162,
            30.85588
          ],
          [
            77.00161,
            30.85545
          ],
          [
            77.00171,
            30.85477
          ],
          [
            77.00177,
            30.85457
          ],
          [
            77.00187,
            30.85436
          ],
          [
            77.00238,
            30.85371
          ],
          [
            77.00245,
            30.85359
          ],
          [
            77.00249,
            30.85341
          ],
          [
            77.00248,
            30.85329
          ],
          [
            77.00239,
            30.85305
          ],
          [
            77.00226,
            30.85293
          ],
          [
            77.00215,
            30.85286
          ],
          [
            77.00188,
            30.85271
          ],
          [
            77.00164,
            30.85263
          ],
          [
            77.00146,
            30.8526
          ],
          [
            77.00107,
            30.85258
          ],
          [
            77.00089,
            30.8526
          ],
          [
            77.00075,
            30.85264
          ],
          [
            77.00045,
            30.8528
          ],
          [
            77.00023,
            30.85286
          ],
          [
            77.00004,
            30.85289
          ],
          [
            76.99964,
            30.85286
          ],
          [
            76.99928,
            30.85274
          ],
          [
            76.99863,
            30.85231
          ],
          [
            76.99831,
            30.85207
          ],
          [
            76.99817,
            30.85194
          ],
          [
            76.99804,
            30.85174
          ],
          [
            76.9978,
            30.85126
          ],
          [
            76.99757,
            30.85087
          ],
          [
            76.99746,
            30.85077
          ],
          [
            76.99735,
            30.85069
          ],
          [
            76.99716,
            30.85061
          ],
          [
            76.9969,
            30.85056
          ],
          [
            76.99673,
            30.85056
          ],
          [
            76.99659,
            30.85059
          ],
          [
            76.99645,
            30.85065
          ],
          [
            76.99623,
            30.85078
          ],
          [
            76.99592,
            30.85102
          ],
          [
            76.99569,
            30.85114
          ],
          [
            76.9954,
            30.85125
          ],
          [
            76.99503,
            30.85137
          ],
          [
            76.99484,
            30.8514
          ],
          [
            76.99471,
            30.85135
          ],
          [
            76.99462,
            30.85128
          ],
          [
            76.99457,
            30.85118
          ],
          [
            76.99457,
            30.85107
          ],
          [
            76.99468,
            30.85091
          ],
          [
            76.9948,
            30.85078
          ],
          [
            76.99487,
            30.85066
          ],
          [
            76.99492,
            30.85038
          ],
          [
            76.99494,
            30.84988
          ],
          [
            76.99491,
            30.84972
          ],
          [
            76.99482,
            30.84945
          ],
          [
            76.99472,
            30.84895
          ],
          [
            76.99467,
            30.84883
          ],
          [
            76.9946,
            30.84872
          ],
          [
            76.99449,
            30.84863
          ],
          [
            76.99437,
            30.84855
          ],
          [
            76.99396,
            30.84841
          ],
          [
            76.99356,
            30.84829
          ],
          [
            76.99333,
            30.84817
          ],
          [
            76.99323,
            30.84804
          ],
          [
            76.9932,
            30.84795
          ],
          [
            76.9932,
            30.8478
          ],
          [
            76.99325,
            30.84771
          ],
          [
            76.99337,
            30.84765
          ],
          [
            76.99418,
            30.84738
          ],
          [
            76.99434,
            30.84732
          ],
          [
            76.99446,
            30.84723
          ],
          [
            76.99475,
            30.84683
          ],
          [
            76.99518,
            30.8465
          ],
          [
            76.9953,
            30.84626
          ],
          [
            76.99532,
            30.84613
          ],
          [
            76.99529,
            30.84598
          ],
          [
            76.99518,
            30.84578
          ],
          [
            76.99498,
            30.84549
          ],
          [
            76.99469,
            30.84525
          ],
          [
            76.9944,
            30.84494
          ],
          [
            76.99405,
            30.84462
          ],
          [
            76.99362,
            30.84418
          ],
          [
            76.99326,
            30.84394
          ],
          [
            76.99276,
            30.84369
          ],
          [
            76.99255,
            30.84365
          ],
          [
            76.99236,
            30.84366
          ],
          [
            76.99213,
            30.84374
          ],
          [
            76.99193,
            30.84384
          ],
          [
            76.99173,
            30.84389
          ],
          [
            76.99156,
            30.84387
          ],
          [
            76.99143,
            30.8438
          ],
          [
            76.99138,
            30.84368
          ],
          [
            76.99135,
            30.84356
          ],
          [
            76.99142,
            30.84339
          ],
          [
            76.99184,
            30.84284
          ],
          [
            76.99204,
            30.84264
          ],
          [
            76.99217,
            30.84249
          ],
          [
            76.9923,
            30.84237
          ],
          [
            76.99245,
            30.84231
          ],
          [
            76.9929,
            30.84217
          ],
          [
            76.99301,
            30.84208
          ],
          [
            76.99305,
            30.84192
          ],
          [
            76.99304,
            30.84181
          ],
          [
            76.99289,
            30.84162
          ],
          [
            76.9923,
            30.84099
          ],
          [
            76.99212,
            30.84083
          ],
          [
            76.99194,
            30.84073
          ],
          [
            76.99179,
            30.84068
          ],
          [
            76.99156,
            30.84065
          ],
          [
            76.99142,
            30.84064
          ],
          [
            76.99046,
            30.84077
          ],
          [
            76.99021,
            30.84077
          ],
          [
            76.99004,
            30.84072
          ],
          [
            76.9899,
            30.84065
          ],
          [
            76.98978,
            30.84056
          ],
          [
            76.98955,
            30.84031
          ],
          [
            76.98926,
            30.84004
          ],
          [
            76.98901,
            30.83978
          ],
          [
            76.98894,
            30.83966
          ],
          [
            76.9889,
            30.83951
          ],
          [
            76.98893,
            30.83938
          ],
          [
            76.98899,
            30.83924
          ],
          [
            76.98919,
            30.83877
          ],
          [
            76.98918,
            30.83866
          ],
          [
            76.9891,
            30.83854
          ],
          [
            76.98891,
            30.83841
          ],
          [
            76.98866,
            30.83827
          ],
          [
            76.98848,
            30.83814
          ],
          [
            76.98841,
            30.83803
          ],
          [
            76.9884,
            30.83788
          ],
          [
            76.98843,
            30.83767
          ],
          [
            76.98867,
            30.83678
          ],
          [
            76.98867,
            30.83664
          ],
          [
            76.98864,
            30.83652
          ],
          [
            76.98857,
            30.83642
          ],
          [
            76.98842,
            30.83631
          ],
          [
            76.9882,
            30.8362
          ],
          [
            76.98798,
            30.83611
          ],
          [
            76.98782,
            30.83609
          ],
          [
            76.98764,
            30.83608
          ],
          [
            76.98749,
            30.83612
          ],
          [
            76.98735,
            30.83624
          ],
          [
            76.98723,
            30.83644
          ],
          [
            76.98711,
            30.83656
          ],
          [
            76.9869,
            30.83664
          ],
          [
            76.98677,
            30.83664
          ],
          [
            76.98664,
            30.8366
          ],
          [
            76.98657,
            30.83655
          ],
          [
            76.98572,
            30.8355
          ],
          [
            76.98528,
            30.83517
          ],
          [
            76.98508,
            30.83504
          ],
          [
            76.98492,
            30.83499
          ],
          [
            76.98477,
            30.83499
          ],
          [
            76.98464,
            30.83502
          ],
          [
            76.98451,
            30.8351
          ],
          [
            76.98429,
            30.8354
          ],
          [
            76.98414,
            30.83555
          ],
          [
            76.98348,
            30.83591
          ],
          [
            76.98323,
            30.83602
          ],
          [
            76.98251,
            30.83627
          ],
          [
            76.98239,
            30.83629
          ],
          [
            76.98226,
            30.83628
          ],
          [
            76.98216,
            30.83624
          ],
          [
            76.98206,
            30.83618
          ],
          [
            76.98188,
            30.83599
          ],
          [
            76.9818,
            30.83596
          ],
          [
            76.98172,
            30.83594
          ],
          [
            76.98148,
            30.83595
          ],
          [
            76.98082,
            30.83607
          ],
          [
            76.98056,
            30.83609
          ],
          [
            76.98033,
            30.8361
          ],
          [
            76.97973,
            30.83608
          ],
          [
            76.97926,
            30.83614
          ],
          [
            76.97927,
            30.83621
          ],
          [
            76.97927,
            30.83626
          ],
          [
            76.97922,
            30.83631
          ],
          [
            76.97891,
            30.83647
          ],
          [
            76.97857,
            30.83664
          ],
          [
            76.97832,
            30.8367
          ],
          [
            76.97807,
            30.83668
          ],
          [
            76.97787,
            30.83663
          ],
          [
            76.9777,
            30.83654
          ],
          [
            76.97734,
            30.83639
          ],
          [
            76.97669,
            30.83631
          ],
          [
            76.97648,
            30.83633
          ],
          [
            76.97631,
            30.83644
          ],
          [
            76.97606,
            30.83673
          ],
          [
            76.97595,
            30.8369
          ],
          [
            76.97571,
            30.83708
          ],
          [
            76.97536,
            30.83721
          ],
          [
            76.97479,
            30.83733
          ],
          [
            76.9746,
            30.8374
          ],
          [
            76.97435,
            30.83779
          ],
          [
            76.97432,
            30.83793
          ],
          [
            76.97436,
            30.83808
          ],
          [
            76.9745,
            30.83823
          ],
          [
            76.97472,
            30.83852
          ],
          [
            76.97472,
            30.83866
          ],
          [
            76.97471,
            30.83872
          ],
          [
            76.97467,
            30.83878
          ],
          [
            76.97455,
            30.83885
          ],
          [
            76.97429,
            30.83892
          ],
          [
            76.97405,
            30.83897
          ],
          [
            76.97388,
            30.83897
          ],
          [
            76.97346,
            30.83881
          ],
          [
            76.97318,
            30.83856
          ],
          [
            76.97301,
            30.83847
          ],
          [
            76.9729,
            30.83844
          ],
          [
            76.97244,
            30.83841
          ],
          [
            76.97213,
            30.83842
          ],
          [
            76.97167,
            30.83852
          ],
          [
            76.97156,
            30.8386
          ],
          [
            76.97138,
            30.83867
          ],
          [
            76.97127,
            30.83867
          ],
          [
            76.97114,
            30.8386
          ],
          [
            76.97082,
            30.83792
          ],
          [
            76.97073,
            30.83784
          ],
          [
            76.9706,
            30.8378
          ],
          [
            76.97032,
            30.83791
          ],
          [
            76.97023,
            30.83797
          ],
          [
            76.97004,
            30.83808
          ],
          [
            76.96997,
            30.83808
          ],
          [
            76.96985,
            30.83804
          ],
          [
            76.96969,
            30.83785
          ],
          [
            76.96964,
            30.83746
          ],
          [
            76.96961,
            30.83733
          ],
          [
            76.96953,
            30.8372
          ],
          [
            76.96941,
            30.83712
          ],
          [
            76.96904,
            30.83702
          ],
          [
            76.96866,
            30.83692
          ],
          [
            76.96837,
            30.83694
          ],
          [
            76.96827,
            30.83699
          ],
          [
            76.96777,
            30.83746
          ],
          [
            76.96767,
            30.83763
          ],
          [
            76.9673,
            30.83845
          ],
          [
            76.96726,
            30.83861
          ],
          [
            76.96726,
            30.83873
          ],
          [
            76.9673,
            30.8389
          ],
          [
            76.96745,
            30.83931
          ],
          [
            76.96743,
            30.83942
          ],
          [
            76.96739,
            30.83947
          ],
          [
            76.96733,
            30.83951
          ],
          [
            76.96726,
            30.83953
          ],
          [
            76.96718,
            30.83953
          ],
          [
            76.96714,
            30.83952
          ],
          [
            76.96696,
            30.83938
          ],
          [
            76.96664,
            30.83906
          ],
          [
            76.96651,
            30.83889
          ],
          [
            76.96618,
            30.83841
          ],
          [
            76.96611,
            30.83827
          ],
          [
            76.96609,
            30.83804
          ],
          [
            76.9661,
            30.83791
          ],
          [
            76.96617,
            30.83762
          ],
          [
            76.96618,
            30.83747
          ],
          [
            76.96615,
            30.83731
          ],
          [
            76.96605,
            30.83718
          ],
          [
            76.96592,
            30.83707
          ],
          [
            76.96569,
            30.83694
          ],
          [
            76.96549,
            30.83687
          ],
          [
            76.9653,
            30.83687
          ],
          [
            76.96504,
            30.83694
          ],
          [
            76.96488,
            30.83698
          ],
          [
            76.96427,
            30.83716
          ],
          [
            76.96413,
            30.83724
          ],
          [
            76.96397,
            30.83738
          ],
          [
            76.96386,
            30.83749
          ],
          [
            76.96384,
            30.83765
          ],
          [
            76.96386,
            30.83771
          ],
          [
            76.96402,
            30.83787
          ],
          [
            76.96408,
            30.83804
          ],
          [
            76.96404,
            30.83817
          ],
          [
            76.96394,
            30.83827
          ],
          [
            76.96379,
            30.83834
          ],
          [
            76.96363,
            30.83834
          ],
          [
            76.96321,
            30.83823
          ],
          [
            76.963,
            30.83823
          ],
          [
            76.96281,
            30.83827
          ],
          [
            76.96255,
            30.83838
          ],
          [
            76.96207,
            30.83864
          ],
          [
            76.9619,
            30.83877
          ],
          [
            76.96183,
            30.83892
          ],
          [
            76.96181,
            30.83906
          ],
          [
            76.96184,
            30.83925
          ],
          [
            76.96183,
            30.83935
          ],
          [
            76.96175,
            30.83943
          ],
          [
            76.96162,
            30.83948
          ],
          [
            76.96082,
            30.83945
          ],
          [
            76.96052,
            30.83947
          ],
          [
            76.96031,
            30.83955
          ],
          [
            76.95996,
            30.83981
          ],
          [
            76.95974,
            30.83997
          ],
          [
            76.95951,
            30.84021
          ],
          [
            76.95934,
            30.84043
          ],
          [
            76.95918,
            30.84061
          ],
          [
            76.95898,
            30.84066
          ],
          [
            76.95845,
            30.84057
          ],
          [
            76.95813,
            30.84067
          ],
          [
            76.95775,
            30.84088
          ],
          [
            76.95749,
            30.84098
          ],
          [
            76.95719,
            30.84102
          ],
          [
            76.95688,
            30.84094
          ],
          [
            76.95638,
            30.84072
          ],
          [
            76.95585,
            30.84038
          ],
          [
            76.95494,
            30.83982
          ],
          [
            76.95449,
            30.83962
          ],
          [
            76.95374,
            30.83949
          ],
          [
            76.95353,
            30.83947
          ],
          [
            76.95333,
            30.83951
          ],
          [
            76.95313,
            30.83967
          ],
          [
            76.95292,
            30.8398
          ],
          [
            76.95249,
            30.83996
          ],
          [
            76.95222,
            30.84013
          ],
          [
            76.95209,
            30.84035
          ],
          [
            76.95202,
            30.84051
          ],
          [
            76.95184,
            30.84072
          ],
          [
            76.95166,
            30.84088
          ],
          [
            76.95159,
            30.84097
          ],
          [
            76.95154,
            30.84105
          ],
          [
            76.95147,
            30.84107
          ],
          [
            76.95137,
            30.84106
          ],
          [
            76.95128,
            30.84103
          ],
          [
            76.95108,
            30.84108
          ],
          [
            76.95055,
            30.84135
          ],
          [
            76.95036,
            30.84141
          ],
          [
            76.95016,
            30.84141
          ],
          [
            76.94999,
            30.84133
          ],
          [
            76.94972,
            30.84096
          ],
          [
            76.94959,
            30.84086
          ],
          [
            76.94944,
            30.84081
          ],
          [
            76.94926,
            30.84081
          ],
          [
            76.94917,
            30.84086
          ],
          [
            76.94905,
            30.84099
          ],
          [
            76.9489,
            30.84111
          ],
          [
            76.9487,
            30.84117
          ],
          [
            76.94845,
            30.8412
          ],
          [
            76.94826,
            30.84114
          ],
          [
            76.94809,
            30.84104
          ],
          [
            76.94792,
            30.84086
          ],
          [
            76.94773,
            30.84076
          ],
          [
            76.94746,
            30.84068
          ],
          [
            76.94689,
            30.84058
          ],
          [
            76.94664,
            30.84059
          ],
          [
            76.94634,
            30.84063
          ],
          [
            76.94584,
            30.84074
          ],
          [
            76.94567,
            30.84075
          ],
          [
            76.94548,
            30.84073
          ],
          [
            76.94504,
            30.84051
          ],
          [
            76.9448,
            30.84033
          ],
          [
            76.94458,
            30.83997
          ],
          [
            76.94431,
            30.83971
          ],
          [
            76.9441,
            30.83962
          ],
          [
            76.94369,
            30.8395
          ],
          [
            76.94316,
            30.83932
          ],
          [
            76.94293,
            30.8392
          ],
          [
            76.94271,
            30.83903
          ],
          [
            76.94261,
            30.83889
          ],
          [
            76.94248,
            30.83878
          ],
          [
            76.94237,
            30.83872
          ],
          [
            76.942,
            30.8388
          ],
          [
            76.94179,
            30.83878
          ],
          [
            76.94155,
            30.83871
          ],
          [
            76.94137,
            30.83875
          ],
          [
            76.94108,
            30.83892
          ],
          [
            76.9409,
            30.83897
          ],
          [
            76.94073,
            30.83891
          ],
          [
            76.94004,
            30.83803
          ],
          [
            76.9392,
            30.83687
          ],
          [
            76.93871,
            30.83624
          ],
          [
            76.93848,
            30.83599
          ],
          [
            76.93632,
            30.83398
          ],
          [
            76.93585,
            30.83355
          ],
          [
            76.93569,
            30.8334
          ],
          [
            76.93548,
            30.83322
          ],
          [
            76.93527,
            30.83301
          ],
          [
            76.9352,
            30.83294
          ],
          [
            76.93246,
            30.83036
          ],
          [
            76.93121,
            30.82919
          ],
          [
            76.93109,
            30.82908
          ],
          [
            76.93104,
            30.82904
          ],
          [
            76.93008,
            30.82815
          ],
          [
            76.92972,
            30.82791
          ],
          [
            76.92716,
            30.82677
          ],
          [
            76.92572,
            30.82609
          ],
          [
            76.92526,
            30.82583
          ],
          [
            76.92516,
            30.82573
          ],
          [
            76.92446,
            30.82508
          ],
          [
            76.92406,
            30.82452
          ],
          [
            76.92383,
            30.82414
          ],
          [
            76.9237,
            30.82386
          ],
          [
            76.92365,
            30.82377
          ],
          [
            76.92351,
            30.82335
          ],
          [
            76.92322,
            30.82225
          ],
          [
            76.92294,
            30.82172
          ],
          [
            76.92283,
            30.82156
          ],
          [
            76.92219,
            30.82057
          ],
          [
            76.92174,
            30.81987
          ],
          [
            76.92133,
            30.81919
          ],
          [
            76.92119,
            30.81894
          ],
          [
            76.92117,
            30.81889
          ],
          [
            76.92025,
            30.81731
          ],
          [
            76.92019,
            30.81721
          ],
          [
            76.91992,
            30.81684
          ],
          [
            76.91937,
            30.8161
          ],
          [
            76.919,
            30.8156
          ],
          [
            76.91894,
            30.8155
          ],
          [
            76.91889,
            30.81541
          ],
          [
            76.91872,
            30.81512
          ],
          [
            76.91865,
            30.81498
          ],
          [
            76.91841,
            30.81442
          ],
          [
            76.91818,
            30.8138
          ],
          [
            76.91776,
            30.81297
          ],
          [
            76.91765,
            30.81277
          ],
          [
            76.91758,
            30.8126
          ],
          [
            76.91752,
            30.81226
          ],
          [
            76.91728,
            30.81097
          ],
          [
            76.91711,
            30.81014
          ],
          [
            76.91696,
            30.80943
          ],
          [
            76.91664,
            30.80795
          ],
          [
            76.91657,
            30.80761
          ],
          [
            76.91635,
            30.80641
          ],
          [
            76.91617,
            30.80561
          ],
          [
            76.91604,
            30.80516
          ],
          [
            76.91565,
            30.80412
          ],
          [
            76.91548,
            30.80374
          ],
          [
            76.91485,
            30.80265
          ],
          [
            76.91475,
            30.8022
          ],
          [
            76.91473,
            30.80187
          ],
          [
            76.91478,
            30.79971
          ],
          [
            76.9148,
            30.79951
          ],
          [
            76.91483,
            30.79946
          ],
          [
            76.91488,
            30.79936
          ],
          [
            76.91494,
            30.79928
          ],
          [
            76.91507,
            30.79913
          ],
          [
            76.91586,
            30.7983
          ],
          [
            76.91595,
            30.79818
          ],
          [
            76.91617,
            30.79782
          ],
          [
            76.91643,
            30.79745
          ],
          [
            76.9165,
            30.79729
          ],
          [
            76.91655,
            30.79714
          ],
          [
            76.91662,
            30.79677
          ],
          [
            76.91659,
            30.79658
          ],
          [
            76.91651,
            30.79637
          ],
          [
            76.91614,
            30.79564
          ],
          [
            76.91609,
            30.79548
          ],
          [
            76.91605,
            30.79495
          ],
          [
            76.91602,
            30.79467
          ],
          [
            76.91578,
            30.794
          ],
          [
            76.91555,
            30.79351
          ],
          [
            76.91511,
            30.79286
          ],
          [
            76.91508,
            30.79271
          ],
          [
            76.91509,
            30.79232
          ],
          [
            76.91516,
            30.79215
          ],
          [
            76.91546,
            30.79123
          ],
          [
            76.91553,
            30.79109
          ],
          [
            76.9157,
            30.79062
          ],
          [
            76.91574,
            30.79061
          ],
          [
            76.91578,
            30.79058
          ],
          [
            76.91581,
            30.7905
          ],
          [
            76.91578,
            30.79042
          ],
          [
            76.91574,
            30.79039
          ],
          [
            76.9157,
            30.79025
          ],
          [
            76.91571,
            30.79013
          ],
          [
            76.91574,
            30.79002
          ],
          [
            76.91583,
            30.7899
          ],
          [
            76.91598,
            30.78982
          ],
          [
            76.91614,
            30.78972
          ],
          [
            76.91516,
            30.78818
          ],
          [
            76.91239,
            30.78336
          ],
          [
            76.90824,
            30.77527
          ],
          [
            76.90778,
            30.77412
          ],
          [
            76.90774,
            30.77395
          ],
          [
            76.90688,
            30.77045
          ],
          [
            76.9055,
            30.76473
          ],
          [
            76.90499,
            30.76265
          ],
          [
            76.90463,
            30.76114
          ],
          [
            76.90461,
            30.76083
          ],
          [
            76.90463,
            30.76052
          ],
          [
            76.90477,
            30.75974
          ],
          [
            76.9048,
            30.7593
          ],
          [
            76.9048,
            30.75875
          ],
          [
            76.90488,
            30.75695
          ],
          [
            76.90488,
            30.75645
          ],
          [
            76.90488,
            30.75568
          ],
          [
            76.90449,
            30.74857
          ],
          [
            76.90429,
            30.74767
          ],
          [
            76.90408,
            30.74695
          ],
          [
            76.90379,
            30.74625
          ],
          [
            76.90331,
            30.74538
          ],
          [
            76.90285,
            30.74458
          ],
          [
            76.90273,
            30.74438
          ],
          [
            76.90269,
            30.74432
          ],
          [
            76.90265,
            30.74427
          ],
          [
            76.90252,
            30.74408
          ],
          [
            76.90242,
            30.74393
          ],
          [
            76.90168,
            30.74308
          ],
          [
            76.90045,
            30.74167
          ],
          [
            76.89993,
            30.74107
          ],
          [
            76.8992,
            30.74015
          ],
          [
            76.89811,
            30.73878
          ],
          [
            76.89687,
            30.73732
          ],
          [
            76.89602,
            30.73633
          ],
          [
            76.8959,
            30.73594
          ],
          [
            76.89442,
            30.73353
          ],
          [
            76.89402,
            30.73297
          ],
          [
            76.89381,
            30.73274
          ],
          [
            76.89349,
            30.73237
          ],
          [
            76.89163,
            30.7304
          ],
          [
            76.89058,
            30.7291
          ],
          [
            76.89018,
            30.72859
          ],
          [
            76.88919,
            30.72731
          ],
          [
            76.8885,
            30.72641
          ],
          [
            76.88705,
            30.72467
          ],
          [
            76.88639,
            30.72395
          ],
          [
            76.88461,
            30.72208
          ],
          [
            76.8838,
            30.72121
          ],
          [
            76.88344,
            30.7208
          ],
          [
            76.8831,
            30.72036
          ],
          [
            76.88166,
            30.71851
          ],
          [
            76.88093,
            30.71771
          ],
          [
            76.879,
            30.7156
          ],
          [
            76.87742,
            30.71362
          ],
          [
            76.87618,
            30.71213
          ],
          [
            76.87595,
            30.71183
          ],
          [
            76.87545,
            30.71083
          ],
          [
            76.87463,
            30.70897
          ],
          [
            76.87413,
            30.70788
          ],
          [
            76.8735,
            30.70653
          ],
          [
            76.87304,
            30.70558
          ],
          [
            76.87261,
            30.70456
          ],
          [
            76.87222,
            30.7036
          ],
          [
            76.87194,
            30.70288
          ],
          [
            76.87175,
            30.70232
          ],
          [
            76.87172,
            30.70191
          ],
          [
            76.87174,
            30.70151
          ],
          [
            76.87177,
            30.70077
          ],
          [
            76.87185,
            30.70011
          ],
          [
            76.87191,
            30.69975
          ],
          [
            76.87192,
            30.69965
          ],
          [
            76.87192,
            30.69937
          ],
          [
            76.87191,
            30.69912
          ],
          [
            76.87181,
            30.69856
          ],
          [
            76.87163,
            30.69774
          ],
          [
            76.87144,
            30.69726
          ],
          [
            76.87132,
            30.69704
          ],
          [
            76.87092,
            30.69626
          ],
          [
            76.86859,
            30.69225
          ],
          [
            76.86811,
            30.69135
          ],
          [
            76.8673,
            30.68995
          ],
          [
            76.86725,
            30.68988
          ],
          [
            76.86691,
            30.68927
          ],
          [
            76.86679,
            30.68905
          ],
          [
            76.86654,
            30.68859
          ],
          [
            76.86631,
            30.68818
          ],
          [
            76.86476,
            30.68541
          ],
          [
            76.86451,
            30.68494
          ],
          [
            76.86438,
            30.68466
          ],
          [
            76.86433,
            30.68458
          ],
          [
            76.86416,
            30.68425
          ],
          [
            76.86343,
            30.68292
          ],
          [
            76.86307,
            30.6823
          ],
          [
            76.8629,
            30.682
          ],
          [
            76.86244,
            30.68127
          ],
          [
            76.86213,
            30.68079
          ],
          [
            76.86174,
            30.68023
          ],
          [
            76.85991,
            30.67774
          ],
          [
            76.85982,
            30.67763
          ],
          [
            76.8594,
            30.67713
          ],
          [
            76.85799,
            30.6756
          ],
          [
            76.85711,
            30.67475
          ],
          [
            76.85676,
            30.67444
          ],
          [
            76.85617,
            30.67393
          ],
          [
            76.85588,
            30.67367
          ],
          [
            76.85489,
            30.67277
          ],
          [
            76.85377,
            30.67172
          ],
          [
            76.85367,
            30.67164
          ],
          [
            76.85164,
            30.66987
          ],
          [
            76.84966,
            30.66811
          ],
          [
            76.8483,
            30.66689
          ],
          [
            76.84745,
            30.66615
          ],
          [
            76.84738,
            30.6662
          ],
          [
            76.84658,
            30.66551
          ],
          [
            76.84616,
            30.66511
          ],
          [
            76.84573,
            30.66471
          ],
          [
            76.84535,
            30.66438
          ],
          [
            76.84491,
            30.66409
          ],
          [
            76.84459,
            30.66392
          ],
          [
            76.84428,
            30.66378
          ],
          [
            76.84385,
            30.66364
          ],
          [
            76.84359,
            30.66357
          ],
          [
            76.84133,
            30.66307
          ],
          [
            76.83871,
            30.66253
          ],
          [
            76.83492,
            30.66165
          ],
          [
            76.83482,
            30.66163
          ],
          [
            76.82939,
            30.66041
          ],
          [
            76.82787,
            30.66012
          ],
          [
            76.82774,
            30.66009
          ],
          [
            76.82683,
            30.65988
          ],
          [
            76.82556,
            30.65957
          ],
          [
            76.8247,
            30.65936
          ],
          [
            76.82407,
            30.65922
          ],
          [
            76.82362,
            30.65912
          ],
          [
            76.82306,
            30.65903
          ],
          [
            76.82272,
            30.65895
          ],
          [
            76.82236,
            30.65884
          ],
          [
            76.82194,
            30.6587
          ],
          [
            76.82158,
            30.65856
          ],
          [
            76.82134,
            30.65842
          ],
          [
            76.82103,
            30.65815
          ],
          [
            76.82094,
            30.65796
          ],
          [
            76.82093,
            30.65767
          ],
          [
            76.8224,
            30.64396
          ],
          [
            76.82269,
            30.64099
          ],
          [
            76.82277,
            30.64015
          ],
          [
            76.82278,
            30.64011
          ],
          [
            76.82315,
            30.63622
          ],
          [
            76.8233,
            30.63465
          ],
          [
            76.82355,
            30.63209
          ],
          [
            76.8237,
            30.6304
          ],
          [
            76.82373,
            30.63007
          ],
          [
            76.82423,
            30.62472
          ],
          [
            76.82428,
            30.62416
          ],
          [
            76.82429,
            30.62405
          ],
          [
            76.82459,
            30.62075
          ],
          [
            76.82467,
            30.6204
          ],
          [
            76.82479,
            30.62005
          ],
          [
            76.82492,
            30.61978
          ],
          [
            76.82505,
            30.61956
          ],
          [
            76.82527,
            30.6193
          ],
          [
            76.82739,
            30.61709
          ],
          [
            76.82747,
            30.61701
          ],
          [
            76.82978,
            30.61453
          ],
          [
            76.83028,
            30.61399
          ],
          [
            76.83245,
            30.61177
          ],
          [
            76.8325,
            30.61172
          ],
          [
            76.836,
            30.6081
          ],
          [
            76.83785,
            30.60618
          ],
          [
            76.84237,
            30.60152
          ],
          [
            76.84452,
            30.59928
          ],
          [
            76.84586,
            30.59786
          ],
          [
            76.84611,
            30.59757
          ],
          [
            76.84636,
            30.59722
          ],
          [
            76.84653,
            30.59687
          ],
          [
            76.84662,
            30.59664
          ],
          [
            76.84674,
            30.59619
          ],
          [
            76.84676,
            30.59593
          ],
          [
            76.84672,
            30.59386
          ],
          [
            76.84673,
            30.59299
          ],
          [
            76.84671,
            30.59266
          ],
          [
            76.84671,
            30.59254
          ],
          [
            76.84672,
            30.59213
          ],
          [
            76.84675,
            30.59165
          ],
          [
            76.84714,
            30.5883
          ],
          [
            76.84711,
            30.58796
          ],
          [
            76.84704,
            30.5877
          ],
          [
            76.84694,
            30.58749
          ],
          [
            76.84678,
            30.58727
          ],
          [
            76.84655,
            30.58704
          ],
          [
            76.84581,
            30.58647
          ],
          [
            76.84557,
            30.58624
          ],
          [
            76.84535,
            30.58598
          ],
          [
            76.84511,
            30.58561
          ],
          [
            76.84421,
            30.58416
          ],
          [
            76.84279,
            30.58182
          ],
          [
            76.84274,
            30.58175
          ],
          [
            76.8407,
            30.57855
          ],
          [
            76.83938,
            30.57639
          ],
          [
            76.83928,
            30.57623
          ],
          [
            76.839,
            30.5758
          ],
          [
            76.83569,
            30.57135
          ],
          [
            76.83558,
            30.57122
          ],
          [
            76.83324,
            30.56807
          ],
          [
            76.83243,
            30.56695
          ],
          [
            76.83211,
            30.56653
          ],
          [
            76.83019,
            30.56396
          ],
          [
            76.82932,
            30.56274
          ],
          [
            76.82903,
            30.56224
          ],
          [
            76.82897,
            30.56217
          ],
          [
            76.82748,
            30.55894
          ],
          [
            76.82574,
            30.55505
          ],
          [
            76.82532,
            30.55416
          ],
          [
            76.82485,
            30.55317
          ],
          [
            76.82208,
            30.54696
          ],
          [
            76.82052,
            30.54356
          ],
          [
            76.8198,
            30.54198
          ],
          [
            76.81818,
            30.53841
          ],
          [
            76.81388,
            30.52914
          ],
          [
            76.81229,
            30.52552
          ],
          [
            76.81214,
            30.52518
          ],
          [
            76.81073,
            30.52202
          ],
          [
            76.81019,
            30.52083
          ],
          [
            76.80872,
            30.5176
          ],
          [
            76.80689,
            30.51344
          ],
          [
            76.80548,
            30.51024
          ],
          [
            76.80478,
            30.50866
          ],
          [
            76.8041,
            30.50714
          ],
          [
            76.80398,
            30.50684
          ],
          [
            76.80384,
            30.50634
          ],
          [
            76.80377,
            30.50589
          ],
          [
            76.80372,
            30.50495
          ],
          [
            76.80362,
            30.50214
          ],
          [
            76.80359,
            30.50141
          ],
          [
            76.80359,
            30.50133
          ],
          [
            76.80355,
            30.49936
          ],
          [
            76.80354,
            30.49913
          ],
          [
            76.80352,
            30.49807
          ],
          [
            76.80351,
            30.49739
          ],
          [
            76.80347,
            30.49596
          ],
          [
            76.8034,
            30.49567
          ],
          [
            76.80327,
            30.49529
          ],
          [
            76.80288,
            30.49453
          ],
          [
            76.80278,
            30.49435
          ],
          [
            76.80239,
            30.49361
          ],
          [
            76.80197,
            30.49287
          ],
          [
            76.79941,
            30.48836
          ],
          [
            76.7992,
            30.48796
          ],
          [
            76.79905,
            30.48761
          ],
          [
            76.7989,
            30.48719
          ],
          [
            76.79848,
            30.48513
          ],
          [
            76.79834,
            30.4847
          ],
          [
            76.79819,
            30.48431
          ],
          [
            76.79792,
            30.4837
          ],
          [
            76.79691,
            30.48131
          ],
          [
            76.79628,
            30.47984
          ],
          [
            76.79593,
            30.47897
          ],
          [
            76.79546,
            30.47786
          ],
          [
            76.79393,
            30.47426
          ],
          [
            76.79392,
            30.47424
          ],
          [
            76.79378,
            30.47392
          ],
          [
            76.79309,
            30.47233
          ],
          [
            76.79091,
            30.46727
          ],
          [
            76.79036,
            30.46594
          ],
          [
            76.79022,
            30.46562
          ],
          [
            76.78988,
            30.46478
          ],
          [
            76.78861,
            30.46171
          ],
          [
            76.78692,
            30.4576
          ],
          [
            76.78631,
            30.45618
          ],
          [
            76.78582,
            30.45503
          ],
          [
            76.78474,
            30.45248
          ],
          [
            76.78457,
            30.45206
          ],
          [
            76.78431,
            30.45145
          ],
          [
            76.78406,
            30.45088
          ],
          [
            76.78131,
            30.44459
          ],
          [
            76.78111,
            30.44401
          ],
          [
            76.78104,
            30.44374
          ],
          [
            76.78089,
            30.44296
          ],
          [
            76.78084,
            30.44267
          ],
          [
            76.78042,
            30.44051
          ],
          [
            76.78035,
            30.44007
          ],
          [
            76.7803,
            30.43984
          ],
          [
            76.77919,
            30.43429
          ],
          [
            76.77886,
            30.43269
          ],
          [
            76.7787,
            30.43193
          ],
          [
            76.77838,
            30.43024
          ],
          [
            76.77833,
            30.42989
          ],
          [
            76.77829,
            30.42947
          ],
          [
            76.77828,
            30.42911
          ],
          [
            76.77836,
            30.42841
          ],
          [
            76.77846,
            30.42796
          ],
          [
            76.77859,
            30.42754
          ],
          [
            76.77939,
            30.42543
          ],
          [
            76.77966,
            30.42475
          ],
          [
            76.77989,
            30.4241
          ],
          [
            76.78015,
            30.42342
          ],
          [
            76.78094,
            30.42128
          ],
          [
            76.78112,
            30.42081
          ],
          [
            76.78218,
            30.418
          ],
          [
            76.78224,
            30.41784
          ],
          [
            76.78233,
            30.41758
          ],
          [
            76.78241,
            30.41734
          ],
          [
            76.78247,
            30.41716
          ],
          [
            76.7826,
            30.41679
          ],
          [
            76.78283,
            30.41609
          ],
          [
            76.78291,
            30.4158
          ],
          [
            76.783,
            30.41549
          ],
          [
            76.78368,
            30.41352
          ],
          [
            76.78372,
            30.41339
          ],
          [
            76.78345,
            30.41338
          ],
          [
            76.78302,
            30.41334
          ],
          [
            76.78235,
            30.41329
          ],
          [
            76.78107,
            30.41322
          ],
          [
            76.77881,
            30.4131
          ],
          [
            76.77731,
            30.41309
          ],
          [
            76.77586,
            30.41314
          ],
          [
            76.77526,
            30.41311
          ],
          [
            76.77307,
            30.41289
          ],
          [
            76.77279,
            30.41285
          ],
          [
            76.7725,
            30.41279
          ],
          [
            76.77212,
            30.41269
          ],
          [
            76.77168,
            30.41252
          ],
          [
            76.77132,
            30.41236
          ],
          [
            76.76898,
            30.41121
          ],
          [
            76.76624,
            30.40995
          ],
          [
            76.76583,
            30.40977
          ],
          [
            76.76509,
            30.40949
          ],
          [
            76.76463,
            30.40936
          ],
          [
            76.76421,
            30.40927
          ],
          [
            76.76379,
            30.40921
          ],
          [
            76.76316,
            30.40915
          ],
          [
            76.76031,
            30.40898
          ],
          [
            76.75928,
            30.40891
          ],
          [
            76.7587,
            30.40886
          ],
          [
            76.7563,
            30.4086
          ],
          [
            76.75515,
            30.40853
          ],
          [
            76.75429,
            30.40851
          ],
          [
            76.74961,
            30.4085
          ],
          [
            76.74929,
            30.40847
          ],
          [
            76.74871,
            30.40839
          ],
          [
            76.74842,
            30.40832
          ],
          [
            76.74818,
            30.40823
          ],
          [
            76.74772,
            30.40801
          ],
          [
            76.74727,
            30.40771
          ],
          [
            76.74662,
            30.40721
          ],
          [
            76.74455,
            30.40567
          ],
          [
            76.74277,
            30.40432
          ],
          [
            76.74204,
            30.40373
          ],
          [
            76.74142,
            30.40313
          ],
          [
            76.7412,
            30.40291
          ],
          [
            76.74109,
            30.40279
          ],
          [
            76.74067,
            30.40225
          ],
          [
            76.7404,
            30.40184
          ],
          [
            76.74015,
            30.4014
          ],
          [
            76.73954,
            30.40007
          ],
          [
            76.73947,
            30.39992
          ],
          [
            76.73896,
            30.39876
          ],
          [
            76.73887,
            30.39855
          ],
          [
            76.73794,
            30.39635
          ],
          [
            76.73788,
            30.39622
          ],
          [
            76.73764,
            30.39574
          ],
          [
            76.7374,
            30.39531
          ],
          [
            76.73705,
            30.39472
          ],
          [
            76.73674,
            30.39417
          ],
          [
            76.73655,
            30.39374
          ],
          [
            76.73579,
            30.39155
          ],
          [
            76.73523,
            30.39006
          ],
          [
            76.73517,
            30.38987
          ],
          [
            76.73504,
            30.38923
          ],
          [
            76.73498,
            30.38865
          ],
          [
            76.73495,
            30.38655
          ],
          [
            76.73487,
            30.38147
          ],
          [
            76.73487,
            30.38128
          ],
          [
            76.73482,
            30.37789
          ],
          [
            76.73482,
            30.3777
          ],
          [
            76.73478,
            30.37526
          ],
          [
            76.7347,
            30.37317
          ],
          [
            76.73465,
            30.36897
          ],
          [
            76.73458,
            30.36797
          ],
          [
            76.73439,
            30.36625
          ],
          [
            76.7343,
            30.36537
          ],
          [
            76.73408,
            30.36381
          ],
          [
            76.7339,
            30.36231
          ],
          [
            76.73378,
            30.36141
          ],
          [
            76.73365,
            30.36045
          ],
          [
            76.73346,
            30.35927
          ],
          [
            76.73293,
            30.35675
          ],
          [
            76.73245,
            30.35466
          ],
          [
            76.73158,
            30.35109
          ],
          [
            76.73134,
            30.35002
          ],
          [
            76.73052,
            30.34753
          ],
          [
            76.72986,
            30.34556
          ],
          [
            76.7298,
            30.3454
          ],
          [
            76.72917,
            30.34352
          ],
          [
            76.72904,
            30.3431
          ],
          [
            76.72895,
            30.34264
          ],
          [
            76.72891,
            30.34238
          ],
          [
            76.72891,
            30.34194
          ],
          [
            76.72892,
            30.34165
          ],
          [
            76.72898,
            30.3413
          ],
          [
            76.72918,
            30.34047
          ],
          [
            76.72938,
            30.33968
          ],
          [
            76.72945,
            30.33936
          ],
          [
            76.7295,
            30.33902
          ],
          [
            76.72951,
            30.33874
          ],
          [
            76.7295,
            30.33843
          ],
          [
            76.72948,
            30.33827
          ],
          [
            76.72941,
            30.33795
          ],
          [
            76.7293,
            30.33765
          ],
          [
            76.72905,
            30.33714
          ],
          [
            76.72788,
            30.33524
          ],
          [
            76.72758,
            30.33473
          ],
          [
            76.72676,
            30.3332
          ],
          [
            76.72369,
            30.3274
          ],
          [
            76.72362,
            30.32726
          ],
          [
            76.72309,
            30.32624
          ],
          [
            76.72294,
            30.32595
          ],
          [
            76.72276,
            30.32554
          ],
          [
            76.72264,
            30.32518
          ],
          [
            76.72254,
            30.3248
          ],
          [
            76.72245,
            30.32421
          ],
          [
            76.72242,
            30.32396
          ],
          [
            76.72239,
            30.32378
          ],
          [
            76.72208,
            30.32118
          ],
          [
            76.72201,
            30.32059
          ],
          [
            76.72197,
            30.31944
          ],
          [
            76.72196,
            30.31879
          ],
          [
            76.72179,
            30.31011
          ],
          [
            76.72179,
            30.30979
          ],
          [
            76.72181,
            30.30943
          ],
          [
            76.72187,
            30.30902
          ],
          [
            76.722,
            30.30858
          ],
          [
            76.72214,
            30.3082
          ],
          [
            76.72243,
            30.30742
          ],
          [
            76.72256,
            30.30696
          ],
          [
            76.72257,
            30.30689
          ],
          [
            76.72263,
            30.30648
          ],
          [
            76.72264,
            30.30615
          ],
          [
            76.7226,
            30.30561
          ],
          [
            76.72253,
            30.3053
          ],
          [
            76.72243,
            30.30499
          ],
          [
            76.72232,
            30.30463
          ],
          [
            76.72181,
            30.30312
          ],
          [
            76.72085,
            30.30033
          ],
          [
            76.71954,
            30.29648
          ],
          [
            76.71841,
            30.29325
          ],
          [
            76.7178,
            30.29152
          ],
          [
            76.71695,
            30.28903
          ],
          [
            76.7169,
            30.28887
          ],
          [
            76.71674,
            30.28822
          ],
          [
            76.71673,
            30.28783
          ],
          [
            76.71675,
            30.28754
          ],
          [
            76.71679,
            30.28729
          ],
          [
            76.71686,
            30.28703
          ],
          [
            76.71697,
            30.28675
          ],
          [
            76.71713,
            30.28643
          ],
          [
            76.71744,
            30.28587
          ],
          [
            76.71795,
            30.28494
          ],
          [
            76.71834,
            30.28421
          ],
          [
            76.71844,
            30.28397
          ],
          [
            76.71852,
            30.28373
          ],
          [
            76.71857,
            30.28347
          ],
          [
            76.71861,
            30.28318
          ],
          [
            76.71863,
            30.28265
          ],
          [
            76.71857,
            30.28027
          ],
          [
            76.71855,
            30.27966
          ],
          [
            76.71852,
            30.27912
          ],
          [
            76.71849,
            30.27882
          ],
          [
            76.71841,
            30.27846
          ],
          [
            76.71828,
            30.27808
          ],
          [
            76.71817,
            30.27785
          ],
          [
            76.71794,
            30.27747
          ],
          [
            76.71772,
            30.27719
          ],
          [
            76.71744,
            30.27688
          ],
          [
            76.71542,
            30.27491
          ],
          [
            76.71517,
            30.27465
          ],
          [
            76.71508,
            30.27455
          ],
          [
            76.71485,
            30.27427
          ],
          [
            76.71456,
            30.27378
          ],
          [
            76.71449,
            30.27363
          ],
          [
            76.71436,
            30.27327
          ],
          [
            76.71426,
            30.27276
          ],
          [
            76.71246,
            30.25986
          ],
          [
            76.71244,
            30.25968
          ],
          [
            76.71167,
            30.25436
          ],
          [
            76.71133,
            30.25215
          ],
          [
            76.71093,
            30.25036
          ],
          [
            76.71019,
            30.24754
          ],
          [
            76.70973,
            30.24574
          ],
          [
            76.70933,
            30.24418
          ],
          [
            76.70922,
            30.24363
          ],
          [
            76.70891,
            30.24222
          ],
          [
            76.70864,
            30.24106
          ],
          [
            76.70812,
            30.23897
          ],
          [
            76.70809,
            30.23882
          ],
          [
            76.70785,
            30.23785
          ],
          [
            76.7073,
            30.23583
          ],
          [
            76.70706,
            30.23486
          ],
          [
            76.70695,
            30.23445
          ],
          [
            76.70685,
            30.23388
          ],
          [
            76.70681,
            30.23352
          ],
          [
            76.7068,
            30.233
          ],
          [
            76.70687,
            30.23192
          ],
          [
            76.70723,
            30.22783
          ],
          [
            76.70725,
            30.22744
          ],
          [
            76.70723,
            30.22701
          ],
          [
            76.70712,
            30.22633
          ],
          [
            76.70637,
            30.22238
          ],
          [
            76.70631,
            30.22209
          ],
          [
            76.70615,
            30.22117
          ],
          [
            76.70612,
            30.22076
          ],
          [
            76.70613,
            30.22034
          ],
          [
            76.70622,
            30.21985
          ],
          [
            76.70652,
            30.21885
          ],
          [
            76.70703,
            30.2172
          ],
          [
            76.7071,
            30.21698
          ],
          [
            76.70748,
            30.21565
          ],
          [
            76.70793,
            30.21416
          ],
          [
            76.70797,
            30.21395
          ],
          [
            76.70799,
            30.2137
          ],
          [
            76.70795,
            30.21344
          ],
          [
            76.70788,
            30.21321
          ],
          [
            76.70776,
            30.21297
          ],
          [
            76.70764,
            30.2128
          ],
          [
            76.70743,
            30.21259
          ],
          [
            76.70705,
            30.21231
          ],
          [
            76.70585,
            30.2115
          ],
          [
            76.70526,
            30.21104
          ],
          [
            76.7046,
            30.21044
          ],
          [
            76.70352,
            30.20942
          ],
          [
            76.70323,
            30.20911
          ],
          [
            76.70299,
            30.2088
          ],
          [
            76.70277,
            30.20848
          ],
          [
            76.70252,
            30.20798
          ],
          [
            76.70239,
            30.20761
          ],
          [
            76.70231,
            30.20728
          ],
          [
            76.70226,
            30.20695
          ],
          [
            76.70225,
            30.20673
          ],
          [
            76.70229,
            30.20619
          ],
          [
            76.70236,
            30.20579
          ],
          [
            76.70246,
            30.20544
          ],
          [
            76.70277,
            30.20461
          ],
          [
            76.70403,
            30.2013
          ],
          [
            76.70428,
            30.20068
          ],
          [
            76.70538,
            30.19832
          ],
          [
            76.70549,
            30.19806
          ],
          [
            76.70565,
            30.19767
          ],
          [
            76.70574,
            30.19733
          ],
          [
            76.70581,
            30.19701
          ],
          [
            76.70584,
            30.19685
          ],
          [
            76.70587,
            30.19657
          ],
          [
            76.7059,
            30.196
          ],
          [
            76.7059,
            30.19587
          ],
          [
            76.70589,
            30.19512
          ],
          [
            76.70587,
            30.19472
          ],
          [
            76.70577,
            30.19396
          ],
          [
            76.70551,
            30.19292
          ],
          [
            76.70516,
            30.19209
          ],
          [
            76.70495,
            30.19162
          ],
          [
            76.70448,
            30.19073
          ],
          [
            76.70418,
            30.19022
          ],
          [
            76.70376,
            30.18942
          ],
          [
            76.70195,
            30.18575
          ],
          [
            76.69844,
            30.17872
          ],
          [
            76.69763,
            30.17713
          ],
          [
            76.69748,
            30.17683
          ],
          [
            76.6973,
            30.17648
          ],
          [
            76.69601,
            30.17397
          ],
          [
            76.69502,
            30.17203
          ],
          [
            76.69488,
            30.17175
          ],
          [
            76.69405,
            30.16994
          ],
          [
            76.69376,
            30.16931
          ],
          [
            76.69357,
            30.1689
          ],
          [
            76.69165,
            30.16509
          ],
          [
            76.69051,
            30.16279
          ],
          [
            76.68823,
            30.15812
          ],
          [
            76.68767,
            30.15696
          ],
          [
            76.68732,
            30.15625
          ],
          [
            76.68636,
            30.1543
          ],
          [
            76.68557,
            30.15269
          ],
          [
            76.68543,
            30.1524
          ],
          [
            76.68512,
            30.15175
          ],
          [
            76.68494,
            30.15139
          ],
          [
            76.68423,
            30.14996
          ],
          [
            76.68394,
            30.14938
          ],
          [
            76.68351,
            30.1485
          ],
          [
            76.68321,
            30.14791
          ],
          [
            76.68308,
            30.14765
          ],
          [
            76.68288,
            30.14724
          ],
          [
            76.68151,
            30.14455
          ],
          [
            76.68133,
            30.14419
          ],
          [
            76.68038,
            30.14232
          ],
          [
            76.67942,
            30.14024
          ],
          [
            76.67923,
            30.13971
          ],
          [
            76.67908,
            30.13911
          ],
          [
            76.679,
            30.13852
          ],
          [
            76.67899,
            30.1383
          ],
          [
            76.67898,
            30.13785
          ],
          [
            76.67897,
            30.13696
          ],
          [
            76.679,
            30.13432
          ],
          [
            76.679,
            30.13412
          ],
          [
            76.679,
            30.13158
          ],
          [
            76.67904,
            30.13069
          ],
          [
            76.6791,
            30.13021
          ],
          [
            76.67943,
            30.12765
          ],
          [
            76.67945,
            30.12723
          ],
          [
            76.67941,
            30.1258
          ],
          [
            76.67938,
            30.12435
          ],
          [
            76.67938,
            30.12422
          ],
          [
            76.67938,
            30.12091
          ],
          [
            76.67937,
            30.11983
          ],
          [
            76.67931,
            30.11443
          ],
          [
            76.67931,
            30.11418
          ],
          [
            76.6793,
            30.11331
          ],
          [
            76.67927,
            30.11294
          ],
          [
            76.67922,
            30.11253
          ],
          [
            76.67914,
            30.11212
          ],
          [
            76.679,
            30.1116
          ],
          [
            76.67884,
            30.11114
          ],
          [
            76.67863,
            30.11066
          ],
          [
            76.67834,
            30.11013
          ],
          [
            76.67801,
            30.10966
          ],
          [
            76.67771,
            30.10928
          ],
          [
            76.6774,
            30.10894
          ],
          [
            76.67706,
            30.10863
          ],
          [
            76.67693,
            30.10851
          ],
          [
            76.67653,
            30.1082
          ],
          [
            76.67608,
            30.10788
          ],
          [
            76.67558,
            30.10759
          ],
          [
            76.6753,
            30.10745
          ],
          [
            76.67481,
            30.10722
          ],
          [
            76.67454,
            30.10712
          ],
          [
            76.67396,
            30.10693
          ],
          [
            76.67325,
            30.10674
          ],
          [
            76.6722,
            30.10648
          ],
          [
            76.67199,
            30.10643
          ],
          [
            76.67154,
            30.1063
          ],
          [
            76.67113,
            30.10615
          ],
          [
            76.67075,
            30.10598
          ],
          [
            76.67036,
            30.10578
          ],
          [
            76.66994,
            30.10552
          ],
          [
            76.6696,
            30.10527
          ],
          [
            76.66919,
            30.10493
          ],
          [
            76.66908,
            30.10481
          ],
          [
            76.66896,
            30.10468
          ],
          [
            76.66871,
            30.1044
          ],
          [
            76.66832,
            30.10387
          ],
          [
            76.66802,
            30.10334
          ],
          [
            76.66788,
            30.103
          ],
          [
            76.66782,
            30.10283
          ],
          [
            76.66769,
            30.10241
          ],
          [
            76.66762,
            30.10204
          ],
          [
            76.66757,
            30.10171
          ],
          [
            76.66755,
            30.10131
          ],
          [
            76.66755,
            30.10116
          ],
          [
            76.66753,
            30.09998
          ],
          [
            76.66751,
            30.09853
          ],
          [
            76.6675,
            30.09838
          ],
          [
            76.66748,
            30.09672
          ],
          [
            76.66747,
            30.09599
          ],
          [
            76.66747,
            30.09583
          ],
          [
            76.66745,
            30.09439
          ],
          [
            76.66744,
            30.09365
          ],
          [
            76.66744,
            30.09349
          ],
          [
            76.66742,
            30.09201
          ],
          [
            76.66742,
            30.09184
          ],
          [
            76.66741,
            30.09125
          ],
          [
            76.66739,
            30.08958
          ],
          [
            76.66739,
            30.08943
          ],
          [
            76.66737,
            30.08807
          ],
          [
            76.66733,
            30.08463
          ],
          [
            76.66733,
            30.08447
          ],
          [
            76.66733,
            30.08421
          ],
          [
            76.6673,
            30.08154
          ],
          [
            76.6673,
            30.08097
          ],
          [
            76.66732,
            30.08075
          ],
          [
            76.6674,
            30.08036
          ],
          [
            76.66746,
            30.08019
          ],
          [
            76.66761,
            30.07987
          ],
          [
            76.66787,
            30.07945
          ],
          [
            76.66797,
            30.0793
          ],
          [
            76.66912,
            30.07756
          ],
          [
            76.66935,
            30.07711
          ],
          [
            76.66953,
            30.07662
          ],
          [
            76.66963,
            30.07616
          ],
          [
            76.66967,
            30.07572
          ],
          [
            76.66968,
            30.07519
          ],
          [
            76.66974,
            30.07356
          ],
          [
            76.66974,
            30.07351
          ],
          [
            76.66972,
            30.07301
          ],
          [
            76.66966,
            30.07261
          ],
          [
            76.66953,
            30.07222
          ],
          [
            76.66945,
            30.07203
          ],
          [
            76.66924,
            30.07163
          ],
          [
            76.66911,
            30.07145
          ],
          [
            76.66884,
            30.07115
          ],
          [
            76.66857,
            30.07091
          ],
          [
            76.66819,
            30.07062
          ],
          [
            76.66805,
            30.07052
          ],
          [
            76.66165,
            30.06584
          ],
          [
            76.65824,
            30.06332
          ],
          [
            76.65726,
            30.06261
          ],
          [
            76.65629,
            30.06189
          ],
          [
            76.65436,
            30.06054
          ],
          [
            76.6524,
            30.05918
          ],
          [
            76.65192,
            30.05884
          ],
          [
            76.65171,
            30.05869
          ],
          [
            76.65145,
            30.05851
          ],
          [
            76.6514,
            30.05848
          ],
          [
            76.65124,
            30.05837
          ],
          [
            76.65095,
            30.05815
          ],
          [
            76.65059,
            30.05791
          ],
          [
            76.65039,
            30.05771
          ],
          [
            76.65022,
            30.0575
          ],
          [
            76.65012,
            30.05733
          ],
          [
            76.64998,
            30.057
          ],
          [
            76.64994,
            30.05676
          ],
          [
            76.64992,
            30.0566
          ],
          [
            76.64995,
            30.05614
          ],
          [
            76.64997,
            30.05579
          ],
          [
            76.65003,
            30.0549
          ],
          [
            76.65055,
            30.04852
          ],
          [
            76.65056,
            30.04843
          ],
          [
            76.65072,
            30.04658
          ],
          [
            76.651,
            30.04316
          ],
          [
            76.65101,
            30.04292
          ],
          [
            76.65104,
            30.04185
          ],
          [
            76.65094,
            30.03606
          ],
          [
            76.65093,
            30.0359
          ],
          [
            76.65089,
            30.03442
          ],
          [
            76.65089,
            30.03142
          ],
          [
            76.6508,
            30.02718
          ],
          [
            76.65071,
            30.02521
          ],
          [
            76.6507,
            30.02499
          ],
          [
            76.65067,
            30.02334
          ],
          [
            76.65066,
            30.02315
          ],
          [
            76.65067,
            30.02118
          ],
          [
            76.65058,
            30.01752
          ],
          [
            76.65058,
            30.01735
          ],
          [
            76.65047,
            30.01422
          ],
          [
            76.65047,
            30.01408
          ],
          [
            76.65042,
            30.01057
          ],
          [
            76.6503,
            30.00675
          ],
          [
            76.65022,
            30.00328
          ],
          [
            76.65022,
            30.00314
          ],
          [
            76.65009,
            29.99751
          ],
          [
            76.65,
            29.99528
          ],
          [
            76.64993,
            29.99428
          ],
          [
            76.64949,
            29.98924
          ],
          [
            76.64947,
            29.98904
          ],
          [
            76.64929,
            29.98689
          ],
          [
            76.64927,
            29.98671
          ],
          [
            76.64913,
            29.98487
          ],
          [
            76.64879,
            29.98111
          ],
          [
            76.64877,
            29.98083
          ],
          [
            76.64806,
            29.97279
          ],
          [
            76.6479,
            29.97083
          ],
          [
            76.64786,
            29.97007
          ],
          [
            76.64785,
            29.96977
          ],
          [
            76.64783,
            29.96775
          ],
          [
            76.64785,
            29.96624
          ],
          [
            76.64785,
            29.96549
          ],
          [
            76.64786,
            29.96527
          ],
          [
            76.64787,
            29.96421
          ],
          [
            76.64787,
            29.96405
          ],
          [
            76.64795,
            29.95988
          ],
          [
            76.64795,
            29.95967
          ],
          [
            76.64797,
            29.9569
          ],
          [
            76.64801,
            29.95497
          ],
          [
            76.64801,
            29.95485
          ],
          [
            76.64805,
            29.95249
          ],
          [
            76.64805,
            29.95211
          ],
          [
            76.6481,
            29.94899
          ],
          [
            76.6481,
            29.94878
          ],
          [
            76.64817,
            29.94403
          ],
          [
            76.64817,
            29.94387
          ],
          [
            76.64823,
            29.93975
          ],
          [
            76.64823,
            29.93961
          ],
          [
            76.64834,
            29.93233
          ],
          [
            76.64834,
            29.93219
          ],
          [
            76.64838,
            29.92911
          ],
          [
            76.64836,
            29.92833
          ],
          [
            76.64832,
            29.92715
          ],
          [
            76.64803,
            29.92235
          ],
          [
            76.64802,
            29.92216
          ],
          [
            76.64786,
            29.9196
          ],
          [
            76.64785,
            29.91942
          ],
          [
            76.64746,
            29.91315
          ],
          [
            76.64744,
            29.9124
          ],
          [
            76.64744,
            29.91174
          ],
          [
            76.64745,
            29.91107
          ],
          [
            76.64745,
            29.91039
          ],
          [
            76.64741,
            29.90956
          ],
          [
            76.6474,
            29.9094
          ],
          [
            76.64737,
            29.90898
          ],
          [
            76.64726,
            29.90811
          ],
          [
            76.6471,
            29.90678
          ],
          [
            76.647,
            29.90589
          ],
          [
            76.64675,
            29.90176
          ],
          [
            76.64674,
            29.9016
          ],
          [
            76.64623,
            29.89332
          ],
          [
            76.64615,
            29.89227
          ],
          [
            76.64606,
            29.89048
          ],
          [
            76.64604,
            29.89022
          ],
          [
            76.64585,
            29.88721
          ],
          [
            76.64584,
            29.88702
          ],
          [
            76.64554,
            29.88225
          ],
          [
            76.64544,
            29.88086
          ],
          [
            76.64538,
            29.88039
          ],
          [
            76.64536,
            29.88022
          ],
          [
            76.64531,
            29.87972
          ],
          [
            76.64505,
            29.87812
          ],
          [
            76.64502,
            29.87796
          ],
          [
            76.64388,
            29.87258
          ],
          [
            76.64311,
            29.869
          ],
          [
            76.64298,
            29.86841
          ],
          [
            76.64259,
            29.86652
          ],
          [
            76.64256,
            29.8664
          ],
          [
            76.64204,
            29.86391
          ],
          [
            76.64184,
            29.86295
          ],
          [
            76.6417,
            29.86231
          ],
          [
            76.64166,
            29.86214
          ],
          [
            76.64154,
            29.86157
          ],
          [
            76.64148,
            29.86128
          ],
          [
            76.64118,
            29.8599
          ],
          [
            76.64105,
            29.85934
          ],
          [
            76.64063,
            29.85738
          ],
          [
            76.64038,
            29.85623
          ],
          [
            76.64015,
            29.85511
          ],
          [
            76.63994,
            29.85429
          ],
          [
            76.6399,
            29.85415
          ],
          [
            76.63949,
            29.85295
          ],
          [
            76.63927,
            29.85236
          ],
          [
            76.63893,
            29.85157
          ],
          [
            76.63824,
            29.85015
          ],
          [
            76.63752,
            29.84877
          ],
          [
            76.63739,
            29.84854
          ],
          [
            76.62391,
            29.82298
          ],
          [
            76.62384,
            29.82284
          ],
          [
            76.62137,
            29.81813
          ],
          [
            76.62085,
            29.81713
          ],
          [
            76.61785,
            29.81091
          ],
          [
            76.61778,
            29.81075
          ],
          [
            76.61598,
            29.80702
          ],
          [
            76.60975,
            29.79405
          ],
          [
            76.60949,
            29.7935
          ],
          [
            76.60232,
            29.77859
          ],
          [
            76.60118,
            29.77622
          ],
          [
            76.601,
            29.77583
          ],
          [
            76.59985,
            29.77344
          ],
          [
            76.59942,
            29.77254
          ],
          [
            76.59928,
            29.77225
          ],
          [
            76.59854,
            29.77071
          ],
          [
            76.59837,
            29.77038
          ],
          [
            76.59474,
            29.76282
          ],
          [
            76.59385,
            29.76094
          ],
          [
            76.59299,
            29.75899
          ],
          [
            76.59191,
            29.75659
          ],
          [
            76.59005,
            29.75238
          ],
          [
            76.58997,
            29.7522
          ],
          [
            76.58645,
            29.74432
          ],
          [
            76.58355,
            29.73775
          ],
          [
            76.58343,
            29.73749
          ],
          [
            76.58317,
            29.73688
          ],
          [
            76.58208,
            29.73457
          ],
          [
            76.5795,
            29.72879
          ],
          [
            76.57883,
            29.72711
          ],
          [
            76.57845,
            29.72598
          ],
          [
            76.57796,
            29.72427
          ],
          [
            76.5757,
            29.71626
          ],
          [
            76.57448,
            29.71198
          ],
          [
            76.57439,
            29.71167
          ],
          [
            76.57186,
            29.70248
          ],
          [
            76.56942,
            29.69407
          ],
          [
            76.56936,
            29.69381
          ],
          [
            76.56834,
            29.68968
          ],
          [
            76.56784,
            29.68719
          ],
          [
            76.56616,
            29.67952
          ],
          [
            76.566,
            29.6788
          ],
          [
            76.5655,
            29.67644
          ],
          [
            76.56382,
            29.66877
          ],
          [
            76.5632,
            29.66633
          ],
          [
            76.56302,
            29.66548
          ],
          [
            76.56227,
            29.66238
          ],
          [
            76.56069,
            29.65599
          ],
          [
            76.56064,
            29.6558
          ],
          [
            76.55675,
            29.63983
          ],
          [
            76.55643,
            29.63798
          ],
          [
            76.55602,
            29.63462
          ],
          [
            76.55555,
            29.63194
          ],
          [
            76.55548,
            29.63147
          ],
          [
            76.5546,
            29.62455
          ],
          [
            76.55407,
            29.6223
          ],
          [
            76.5532,
            29.6192
          ],
          [
            76.55283,
            29.61762
          ],
          [
            76.55171,
            29.61308
          ],
          [
            76.55162,
            29.61266
          ],
          [
            76.55107,
            29.61009
          ],
          [
            76.55082,
            29.60896
          ],
          [
            76.54904,
            29.60111
          ],
          [
            76.54867,
            29.59926
          ],
          [
            76.54844,
            29.59635
          ],
          [
            76.54679,
            29.58023
          ],
          [
            76.54659,
            29.57858
          ],
          [
            76.54627,
            29.57709
          ],
          [
            76.54572,
            29.57551
          ],
          [
            76.54453,
            29.57293
          ],
          [
            76.54161,
            29.56721
          ],
          [
            76.53923,
            29.56246
          ],
          [
            76.53777,
            29.55947
          ],
          [
            76.53684,
            29.55763
          ],
          [
            76.53636,
            29.55659
          ],
          [
            76.53606,
            29.55589
          ],
          [
            76.53592,
            29.55553
          ],
          [
            76.53532,
            29.55407
          ],
          [
            76.53452,
            29.55194
          ],
          [
            76.5344,
            29.55161
          ],
          [
            76.53304,
            29.54785
          ],
          [
            76.53268,
            29.54685
          ],
          [
            76.53193,
            29.54499
          ],
          [
            76.52961,
            29.53826
          ],
          [
            76.52612,
            29.527
          ],
          [
            76.52514,
            29.52424
          ],
          [
            76.52172,
            29.51365
          ],
          [
            76.52036,
            29.50962
          ],
          [
            76.51957,
            29.50743
          ],
          [
            76.51777,
            29.5021
          ],
          [
            76.5164,
            29.49794
          ],
          [
            76.5154,
            29.49491
          ],
          [
            76.51499,
            29.49348
          ],
          [
            76.514,
            29.49046
          ],
          [
            76.51384,
            29.4899
          ],
          [
            76.51368,
            29.48935
          ],
          [
            76.51351,
            29.48865
          ],
          [
            76.51249,
            29.48537
          ],
          [
            76.51236,
            29.48492
          ],
          [
            76.51144,
            29.48166
          ],
          [
            76.51127,
            29.48105
          ],
          [
            76.51106,
            29.4803
          ],
          [
            76.5098,
            29.47577
          ],
          [
            76.50666,
            29.46531
          ],
          [
            76.5066,
            29.46513
          ],
          [
            76.50393,
            29.45599
          ],
          [
            76.50212,
            29.44977
          ],
          [
            76.50177,
            29.44848
          ],
          [
            76.50056,
            29.44446
          ],
          [
            76.49984,
            29.44213
          ],
          [
            76.49978,
            29.44192
          ],
          [
            76.49885,
            29.43886
          ],
          [
            76.4988,
            29.43872
          ],
          [
            76.49619,
            29.43019
          ],
          [
            76.49538,
            29.42723
          ],
          [
            76.49371,
            29.4201
          ],
          [
            76.49283,
            29.41645
          ],
          [
            76.49135,
            29.41012
          ],
          [
            76.49132,
            29.40999
          ],
          [
            76.49016,
            29.40507
          ],
          [
            76.48952,
            29.40233
          ],
          [
            76.48852,
            29.39795
          ],
          [
            76.48788,
            29.39531
          ],
          [
            76.48669,
            29.39039
          ],
          [
            76.48594,
            29.38719
          ],
          [
            76.48554,
            29.38559
          ],
          [
            76.48388,
            29.37846
          ],
          [
            76.48367,
            29.37756
          ],
          [
            76.48278,
            29.37358
          ],
          [
            76.48206,
            29.37061
          ],
          [
            76.48197,
            29.37021
          ],
          [
            76.48188,
            29.36987
          ],
          [
            76.48149,
            29.36821
          ],
          [
            76.48133,
            29.36752
          ],
          [
            76.48115,
            29.36676
          ],
          [
            76.48068,
            29.36467
          ],
          [
            76.48052,
            29.36371
          ],
          [
            76.48044,
            29.36305
          ],
          [
            76.48032,
            29.36106
          ],
          [
            76.48015,
            29.35742
          ],
          [
            76.47989,
            29.35011
          ],
          [
            76.47984,
            29.34858
          ],
          [
            76.47929,
            29.33427
          ],
          [
            76.47929,
            29.33402
          ],
          [
            76.47923,
            29.33229
          ],
          [
            76.47901,
            29.32704
          ],
          [
            76.47892,
            29.32603
          ],
          [
            76.4789,
            29.32586
          ],
          [
            76.47853,
            29.3222
          ],
          [
            76.478,
            29.31756
          ],
          [
            76.47767,
            29.31449
          ],
          [
            76.47765,
            29.31431
          ],
          [
            76.47597,
            29.29786
          ],
          [
            76.47594,
            29.29758
          ],
          [
            76.4757,
            29.29605
          ],
          [
            76.47441,
            29.28985
          ],
          [
            76.47438,
            29.28973
          ],
          [
            76.47341,
            29.28505
          ],
          [
            76.47331,
            29.28459
          ],
          [
            76.47327,
            29.28435
          ],
          [
            76.47324,
            29.2842
          ],
          [
            76.4727,
            29.28165
          ],
          [
            76.47264,
            29.28138
          ],
          [
            76.47223,
            29.27943
          ],
          [
            76.47205,
            29.27857
          ],
          [
            76.472,
            29.27834
          ],
          [
            76.47189,
            29.27785
          ],
          [
            76.4718,
            29.27739
          ],
          [
            76.47081,
            29.27262
          ],
          [
            76.4706,
            29.27174
          ],
          [
            76.46777,
            29.25776
          ],
          [
            76.46772,
            29.25744
          ],
          [
            76.46729,
            29.25504
          ],
          [
            76.46694,
            29.25285
          ],
          [
            76.46659,
            29.2505
          ],
          [
            76.46555,
            29.24244
          ],
          [
            76.46552,
            29.2422
          ],
          [
            76.46517,
            29.23959
          ],
          [
            76.46469,
            29.23584
          ],
          [
            76.46467,
            29.23567
          ],
          [
            76.46423,
            29.23217
          ],
          [
            76.46409,
            29.23102
          ],
          [
            76.46404,
            29.23062
          ],
          [
            76.4616,
            29.21169
          ],
          [
            76.46157,
            29.21152
          ],
          [
            76.46111,
            29.20791
          ],
          [
            76.46033,
            29.2015
          ],
          [
            76.45986,
            29.19812
          ],
          [
            76.45966,
            29.19651
          ],
          [
            76.45897,
            29.19097
          ],
          [
            76.4583,
            29.18598
          ],
          [
            76.45791,
            29.18239
          ],
          [
            76.45765,
            29.18018
          ],
          [
            76.45732,
            29.17776
          ],
          [
            76.45707,
            29.17543
          ],
          [
            76.45704,
            29.1752
          ],
          [
            76.45589,
            29.16585
          ],
          [
            76.45563,
            29.16348
          ],
          [
            76.45502,
            29.15939
          ],
          [
            76.45499,
            29.15921
          ],
          [
            76.45233,
            29.14387
          ],
          [
            76.4523,
            29.1437
          ],
          [
            76.44955,
            29.12782
          ],
          [
            76.44934,
            29.12676
          ],
          [
            76.44912,
            29.12574
          ],
          [
            76.44878,
            29.12465
          ],
          [
            76.4483,
            29.12348
          ],
          [
            76.44671,
            29.12068
          ],
          [
            76.44449,
            29.11791
          ],
          [
            76.4416,
            29.11453
          ],
          [
            76.44022,
            29.11287
          ],
          [
            76.43551,
            29.10735
          ],
          [
            76.43194,
            29.1031
          ],
          [
            76.43129,
            29.1023
          ],
          [
            76.42713,
            29.09742
          ],
          [
            76.42686,
            29.09711
          ],
          [
            76.42657,
            29.09677
          ],
          [
            76.42543,
            29.09543
          ],
          [
            76.42537,
            29.09536
          ],
          [
            76.42495,
            29.09487
          ],
          [
            76.42431,
            29.09411
          ],
          [
            76.42402,
            29.09377
          ],
          [
            76.42045,
            29.08956
          ],
          [
            76.41989,
            29.08888
          ],
          [
            76.4168,
            29.08529
          ],
          [
            76.41407,
            29.08208
          ],
          [
            76.41339,
            29.08118
          ],
          [
            76.41248,
            29.07984
          ],
          [
            76.4122,
            29.07938
          ],
          [
            76.41152,
            29.07812
          ],
          [
            76.41105,
            29.07712
          ],
          [
            76.41054,
            29.07572
          ],
          [
            76.41015,
            29.07429
          ],
          [
            76.40924,
            29.06983
          ],
          [
            76.40856,
            29.06631
          ],
          [
            76.40824,
            29.0643
          ],
          [
            76.40756,
            29.06053
          ],
          [
            76.40695,
            29.05785
          ],
          [
            76.40533,
            29.04926
          ],
          [
            76.40483,
            29.04677
          ],
          [
            76.40459,
            29.04563
          ],
          [
            76.4044,
            29.04477
          ],
          [
            76.4041,
            29.04356
          ],
          [
            76.40316,
            29.03985
          ],
          [
            76.40066,
            29.03026
          ],
          [
            76.39954,
            29.02597
          ],
          [
            76.39929,
            29.025
          ],
          [
            76.39914,
            29.02441
          ],
          [
            76.39725,
            29.01712
          ],
          [
            76.39669,
            29.01528
          ],
          [
            76.39648,
            29.01464
          ],
          [
            76.39608,
            29.01359
          ],
          [
            76.39562,
            29.01248
          ],
          [
            76.39466,
            29.01035
          ],
          [
            76.39361,
            29.00801
          ],
          [
            76.39335,
            29.00739
          ],
          [
            76.39331,
            29.00729
          ],
          [
            76.39268,
            29.0058
          ],
          [
            76.39262,
            29.00568
          ],
          [
            76.39208,
            29.00448
          ],
          [
            76.39118,
            29.00251
          ],
          [
            76.39112,
            29.00237
          ],
          [
            76.39063,
            29.00128
          ],
          [
            76.39057,
            29.00115
          ],
          [
            76.38794,
            28.99544
          ],
          [
            76.38786,
            28.99526
          ],
          [
            76.38406,
            28.98698
          ],
          [
            76.38399,
            28.98683
          ],
          [
            76.38076,
            28.97983
          ],
          [
            76.37926,
            28.97653
          ],
          [
            76.3792,
            28.9764
          ],
          [
            76.37833,
            28.9745
          ],
          [
            76.37808,
            28.97386
          ],
          [
            76.37771,
            28.97279
          ],
          [
            76.37766,
            28.97263
          ],
          [
            76.37744,
            28.97184
          ],
          [
            76.37724,
            28.97094
          ],
          [
            76.37709,
            28.97005
          ],
          [
            76.37699,
            28.96936
          ],
          [
            76.37671,
            28.96568
          ],
          [
            76.37669,
            28.96549
          ],
          [
            76.37633,
            28.9608
          ],
          [
            76.37632,
            28.96065
          ],
          [
            76.37606,
            28.95745
          ],
          [
            76.37605,
            28.95729
          ],
          [
            76.37539,
            28.94857
          ],
          [
            76.37537,
            28.94842
          ],
          [
            76.37531,
            28.94757
          ],
          [
            76.3753,
            28.94742
          ],
          [
            76.37522,
            28.94642
          ],
          [
            76.37516,
            28.94561
          ],
          [
            76.37489,
            28.94219
          ],
          [
            76.37488,
            28.94207
          ],
          [
            76.37425,
            28.93393
          ],
          [
            76.37423,
            28.93363
          ],
          [
            76.37415,
            28.93267
          ],
          [
            76.37411,
            28.93209
          ],
          [
            76.37387,
            28.92899
          ],
          [
            76.37384,
            28.92864
          ],
          [
            76.37382,
            28.92833
          ],
          [
            76.37374,
            28.92742
          ],
          [
            76.37352,
            28.92583
          ],
          [
            76.37345,
            28.92546
          ],
          [
            76.37334,
            28.92489
          ],
          [
            76.37299,
            28.92341
          ],
          [
            76.37263,
            28.92194
          ],
          [
            76.3726,
            28.92179
          ],
          [
            76.37097,
            28.91483
          ],
          [
            76.3708,
            28.91407
          ],
          [
            76.36989,
            28.91031
          ],
          [
            76.3698,
            28.90992
          ],
          [
            76.36913,
            28.90722
          ],
          [
            76.36893,
            28.9065
          ],
          [
            76.36837,
            28.90465
          ],
          [
            76.36832,
            28.9045
          ],
          [
            76.36734,
            28.90142
          ],
          [
            76.3673,
            28.9013
          ],
          [
            76.36622,
            28.89798
          ],
          [
            76.36506,
            28.8943
          ],
          [
            76.36496,
            28.89397
          ],
          [
            76.36283,
            28.8874
          ],
          [
            76.36279,
            28.88725
          ],
          [
            76.36195,
            28.88463
          ],
          [
            76.36175,
            28.88389
          ],
          [
            76.36135,
            28.8823
          ],
          [
            76.36084,
            28.88017
          ],
          [
            76.36079,
            28.87995
          ],
          [
            76.35946,
            28.87439
          ],
          [
            76.35805,
            28.86862
          ],
          [
            76.35635,
            28.86192
          ],
          [
            76.35426,
            28.85305
          ],
          [
            76.35334,
            28.84933
          ],
          [
            76.3533,
            28.84917
          ],
          [
            76.35078,
            28.839
          ],
          [
            76.35035,
            28.83707
          ],
          [
            76.34953,
            28.83311
          ],
          [
            76.3493,
            28.83208
          ],
          [
            76.34897,
            28.83063
          ],
          [
            76.34844,
            28.8282
          ],
          [
            76.34818,
            28.82671
          ],
          [
            76.34813,
            28.82636
          ],
          [
            76.34803,
            28.82535
          ],
          [
            76.34799,
            28.82436
          ],
          [
            76.34798,
            28.82367
          ],
          [
            76.34802,
            28.82264
          ],
          [
            76.3481,
            28.82182
          ],
          [
            76.34862,
            28.81857
          ],
          [
            76.34868,
            28.81817
          ],
          [
            76.34948,
            28.81301
          ],
          [
            76.35052,
            28.80672
          ],
          [
            76.35088,
            28.80463
          ],
          [
            76.35171,
            28.80041
          ],
          [
            76.35176,
            28.80014
          ],
          [
            76.35181,
            28.79988
          ],
          [
            76.35296,
            28.79285
          ],
          [
            76.35325,
            28.79099
          ],
          [
            76.35333,
            28.79019
          ],
          [
            76.35339,
            28.78886
          ],
          [
            76.35338,
            28.78804
          ],
          [
            76.35334,
            28.78725
          ],
          [
            76.35333,
            28.78708
          ],
          [
            76.35326,
            28.78627
          ],
          [
            76.35234,
            28.77947
          ],
          [
            76.35202,
            28.77701
          ],
          [
            76.352,
            28.77686
          ],
          [
            76.35158,
            28.77382
          ],
          [
            76.35157,
            28.77369
          ],
          [
            76.34967,
            28.75958
          ],
          [
            76.34964,
            28.75936
          ],
          [
            76.34926,
            28.75652
          ],
          [
            76.34881,
            28.75326
          ],
          [
            76.34861,
            28.75208
          ],
          [
            76.34838,
            28.75089
          ],
          [
            76.34753,
            28.74729
          ],
          [
            76.34633,
            28.74239
          ],
          [
            76.34629,
            28.74223
          ],
          [
            76.34255,
            28.72696
          ],
          [
            76.34244,
            28.7265
          ],
          [
            76.34177,
            28.72373
          ],
          [
            76.34172,
            28.7235
          ],
          [
            76.3411,
            28.72096
          ],
          [
            76.34097,
            28.72041
          ],
          [
            76.34085,
            28.71993
          ],
          [
            76.3408,
            28.71973
          ],
          [
            76.3398,
            28.71575
          ],
          [
            76.33949,
            28.71469
          ],
          [
            76.3392,
            28.7138
          ],
          [
            76.33832,
            28.71126
          ],
          [
            76.3377,
            28.70952
          ],
          [
            76.33764,
            28.70934
          ],
          [
            76.33097,
            28.69041
          ],
          [
            76.3296,
            28.68648
          ],
          [
            76.32956,
            28.68636
          ],
          [
            76.32702,
            28.67913
          ],
          [
            76.32695,
            28.67894
          ],
          [
            76.32429,
            28.67137
          ],
          [
            76.32424,
            28.67123
          ],
          [
            76.32142,
            28.66335
          ],
          [
            76.32137,
            28.6632
          ],
          [
            76.32128,
            28.66294
          ],
          [
            76.31628,
            28.64863
          ],
          [
            76.31557,
            28.64657
          ],
          [
            76.3126,
            28.63813
          ],
          [
            76.31245,
            28.63769
          ],
          [
            76.31016,
            28.6312
          ],
          [
            76.3092,
            28.62827
          ],
          [
            76.30851,
            28.62599
          ],
          [
            76.30798,
            28.62398
          ],
          [
            76.30795,
            28.62384
          ],
          [
            76.30608,
            28.61666
          ],
          [
            76.30481,
            28.6118
          ],
          [
            76.3044,
            28.61026
          ],
          [
            76.30338,
            28.60649
          ],
          [
            76.30327,
            28.60609
          ],
          [
            76.30256,
            28.60336
          ],
          [
            76.30242,
            28.60282
          ],
          [
            76.30232,
            28.60244
          ],
          [
            76.30191,
            28.60078
          ],
          [
            76.29993,
            28.59308
          ],
          [
            76.29885,
            28.58895
          ],
          [
            76.29794,
            28.58566
          ],
          [
            76.29738,
            28.58351
          ],
          [
            76.29717,
            28.58268
          ],
          [
            76.29711,
            28.58247
          ],
          [
            76.29703,
            28.58215
          ],
          [
            76.29688,
            28.58164
          ],
          [
            76.29636,
            28.58002
          ],
          [
            76.2959,
            28.57889
          ],
          [
            76.29541,
            28.57783
          ],
          [
            76.2949,
            28.57689
          ],
          [
            76.29275,
            28.57339
          ],
          [
            76.28927,
            28.56778
          ],
          [
            76.2892,
            28.56767
          ],
          [
            76.28762,
            28.56509
          ],
          [
            76.28446,
            28.56003
          ],
          [
            76.28197,
            28.55595
          ],
          [
            76.27925,
            28.55158
          ],
          [
            76.27808,
            28.54967
          ],
          [
            76.27559,
            28.54569
          ],
          [
            76.27545,
            28.54547
          ],
          [
            76.27484,
            28.5445
          ],
          [
            76.27435,
            28.54357
          ],
          [
            76.27396,
            28.54277
          ],
          [
            76.27216,
            28.53855
          ],
          [
            76.27083,
            28.53527
          ],
          [
            76.27017,
            28.53371
          ],
          [
            76.26957,
            28.53227
          ],
          [
            76.26705,
            28.52605
          ],
          [
            76.26699,
            28.52589
          ],
          [
            76.26601,
            28.52353
          ],
          [
            76.26078,
            28.51097
          ],
          [
            76.26023,
            28.50961
          ],
          [
            76.25985,
            28.5086
          ],
          [
            76.25946,
            28.50743
          ],
          [
            76.25902,
            28.50597
          ],
          [
            76.25604,
            28.49559
          ],
          [
            76.2558,
            28.49479
          ],
          [
            76.2547,
            28.49096
          ],
          [
            76.25421,
            28.4892
          ],
          [
            76.2525,
            28.48341
          ],
          [
            76.25221,
            28.48236
          ],
          [
            76.25203,
            28.48161
          ],
          [
            76.25191,
            28.48099
          ],
          [
            76.25173,
            28.47988
          ],
          [
            76.25158,
            28.47865
          ],
          [
            76.25147,
            28.47705
          ],
          [
            76.2512,
            28.47366
          ],
          [
            76.25056,
            28.4648
          ],
          [
            76.25028,
            28.46107
          ],
          [
            76.24935,
            28.44835
          ],
          [
            76.24931,
            28.44786
          ],
          [
            76.24822,
            28.43336
          ],
          [
            76.2476,
            28.4247
          ],
          [
            76.24758,
            28.42451
          ],
          [
            76.24753,
            28.42396
          ],
          [
            76.24751,
            28.42365
          ],
          [
            76.24702,
            28.41722
          ],
          [
            76.24687,
            28.41481
          ],
          [
            76.24557,
            28.39754
          ],
          [
            76.24555,
            28.39737
          ],
          [
            76.24541,
            28.39553
          ],
          [
            76.2454,
            28.39534
          ],
          [
            76.24525,
            28.39325
          ],
          [
            76.24431,
            28.38063
          ],
          [
            76.24426,
            28.38003
          ],
          [
            76.24417,
            28.37916
          ],
          [
            76.24402,
            28.37831
          ],
          [
            76.24378,
            28.37723
          ],
          [
            76.24358,
            28.37654
          ],
          [
            76.24083,
            28.36783
          ],
          [
            76.24077,
            28.36764
          ],
          [
            76.23891,
            28.36178
          ],
          [
            76.23712,
            28.35607
          ],
          [
            76.23514,
            28.34989
          ],
          [
            76.23509,
            28.34972
          ],
          [
            76.23464,
            28.34829
          ],
          [
            76.23459,
            28.34809
          ],
          [
            76.23124,
            28.33753
          ],
          [
            76.23112,
            28.33713
          ],
          [
            76.23048,
            28.33509
          ],
          [
            76.23041,
            28.33488
          ],
          [
            76.22967,
            28.33256
          ],
          [
            76.2293,
            28.33128
          ],
          [
            76.22872,
            28.32873
          ],
          [
            76.22787,
            28.32465
          ],
          [
            76.22782,
            28.32446
          ],
          [
            76.22676,
            28.31945
          ],
          [
            76.22673,
            28.31927
          ],
          [
            76.22472,
            28.30976
          ],
          [
            76.22425,
            28.30757
          ],
          [
            76.22372,
            28.30492
          ],
          [
            76.22365,
            28.30457
          ],
          [
            76.2233,
            28.30283
          ],
          [
            76.22271,
            28.30009
          ],
          [
            76.22262,
            28.29968
          ],
          [
            76.22241,
            28.29863
          ],
          [
            76.22206,
            28.29715
          ],
          [
            76.22183,
            28.29641
          ],
          [
            76.22159,
            28.29566
          ],
          [
            76.22124,
            28.2947
          ],
          [
            76.22112,
            28.29441
          ],
          [
            76.22104,
            28.29422
          ],
          [
            76.22042,
            28.29278
          ],
          [
            76.21937,
            28.29043
          ],
          [
            76.21931,
            28.2903
          ],
          [
            76.21809,
            28.28766
          ],
          [
            76.21735,
            28.28597
          ],
          [
            76.21665,
            28.28445
          ],
          [
            76.21601,
            28.28296
          ],
          [
            76.21596,
            28.28285
          ],
          [
            76.2141,
            28.27874
          ],
          [
            76.21401,
            28.27854
          ],
          [
            76.21286,
            28.27624
          ],
          [
            76.2128,
            28.27612
          ],
          [
            76.21229,
            28.27507
          ],
          [
            76.2115,
            28.27356
          ],
          [
            76.21088,
            28.27225
          ],
          [
            76.20839,
            28.26723
          ],
          [
            76.20833,
            28.2671
          ],
          [
            76.20402,
            28.25841
          ],
          [
            76.20394,
            28.25825
          ],
          [
            76.20222,
            28.25478
          ],
          [
            76.20218,
            28.25469
          ],
          [
            76.2018,
            28.25394
          ],
          [
            76.20172,
            28.25376
          ],
          [
            76.20126,
            28.25272
          ],
          [
            76.20096,
            28.25192
          ],
          [
            76.20076,
            28.25133
          ],
          [
            76.20047,
            28.25034
          ],
          [
            76.20029,
            28.24958
          ],
          [
            76.19999,
            28.24804
          ],
          [
            76.19959,
            28.24557
          ],
          [
            76.19936,
            28.24433
          ],
          [
            76.1993,
            28.24399
          ],
          [
            76.19878,
            28.24121
          ],
          [
            76.19868,
            28.24063
          ],
          [
            76.19777,
            28.23555
          ],
          [
            76.19773,
            28.23535
          ],
          [
            76.19699,
            28.23093
          ],
          [
            76.19615,
            28.22619
          ],
          [
            76.19492,
            28.21902
          ],
          [
            76.19459,
            28.2172
          ],
          [
            76.1944,
            28.21602
          ],
          [
            76.19359,
            28.21127
          ],
          [
            76.19356,
            28.21108
          ],
          [
            76.19281,
            28.20664
          ],
          [
            76.19278,
            28.20648
          ],
          [
            76.19166,
            28.20001
          ],
          [
            76.19162,
            28.19978
          ],
          [
            76.19158,
            28.19951
          ],
          [
            76.19016,
            28.19115
          ],
          [
            76.19013,
            28.19099
          ],
          [
            76.1891,
            28.18489
          ],
          [
            76.18892,
            28.18379
          ],
          [
            76.18814,
            28.17939
          ],
          [
            76.18707,
            28.17305
          ],
          [
            76.18704,
            28.17287
          ],
          [
            76.18613,
            28.16754
          ],
          [
            76.18595,
            28.16619
          ],
          [
            76.18581,
            28.16464
          ],
          [
            76.18579,
            28.16445
          ],
          [
            76.18551,
            28.16021
          ],
          [
            76.18528,
            28.15644
          ],
          [
            76.18527,
            28.15626
          ],
          [
            76.1852,
            28.15525
          ],
          [
            76.18519,
            28.15502
          ],
          [
            76.18517,
            28.15477
          ],
          [
            76.18494,
            28.15092
          ],
          [
            76.18493,
            28.15078
          ],
          [
            76.18457,
            28.14542
          ],
          [
            76.18442,
            28.14389
          ],
          [
            76.18412,
            28.14164
          ],
          [
            76.18399,
            28.1409
          ],
          [
            76.18382,
            28.14011
          ],
          [
            76.18379,
            28.13995
          ],
          [
            76.18374,
            28.13972
          ],
          [
            76.18371,
            28.13955
          ],
          [
            76.18364,
            28.13922
          ],
          [
            76.18257,
            28.13483
          ],
          [
            76.1817,
            28.1313
          ],
          [
            76.18098,
            28.12829
          ],
          [
            76.18094,
            28.1281
          ],
          [
            76.18063,
            28.12681
          ],
          [
            76.18027,
            28.12499
          ],
          [
            76.17993,
            28.12263
          ],
          [
            76.17969,
            28.12154
          ],
          [
            76.17961,
            28.12123
          ],
          [
            76.17958,
            28.12111
          ],
          [
            76.17949,
            28.12076
          ],
          [
            76.17921,
            28.11987
          ],
          [
            76.17858,
            28.1182
          ],
          [
            76.17834,
            28.11742
          ],
          [
            76.17771,
            28.11494
          ],
          [
            76.17758,
            28.11447
          ],
          [
            76.17743,
            28.11404
          ],
          [
            76.17737,
            28.11386
          ],
          [
            76.17724,
            28.11346
          ],
          [
            76.1768,
            28.11241
          ],
          [
            76.17613,
            28.11106
          ],
          [
            76.1752,
            28.10943
          ],
          [
            76.17418,
            28.10797
          ],
          [
            76.17311,
            28.10664
          ],
          [
            76.17213,
            28.1056
          ],
          [
            76.17139,
            28.10489
          ],
          [
            76.17029,
            28.10394
          ],
          [
            76.16901,
            28.10294
          ],
          [
            76.16643,
            28.10117
          ],
          [
            76.16628,
            28.10106
          ],
          [
            76.16078,
            28.09727
          ],
          [
            76.16065,
            28.09718
          ],
          [
            76.15869,
            28.09582
          ],
          [
            76.15141,
            28.0908
          ],
          [
            76.15127,
            28.0907
          ],
          [
            76.14981,
            28.0897
          ],
          [
            76.14867,
            28.08876
          ],
          [
            76.14781,
            28.08802
          ],
          [
            76.14701,
            28.08745
          ],
          [
            76.14686,
            28.08731
          ],
          [
            76.14671,
            28.08712
          ],
          [
            76.14661,
            28.08693
          ],
          [
            76.14657,
            28.08682
          ],
          [
            76.14652,
            28.08662
          ],
          [
            76.14651,
            28.08641
          ],
          [
            76.14654,
            28.08619
          ],
          [
            76.14667,
            28.0858
          ],
          [
            76.14677,
            28.08546
          ],
          [
            76.14749,
            28.08467
          ],
          [
            76.15033,
            28.0814
          ],
          [
            76.15396,
            28.07715
          ],
          [
            76.15601,
            28.07483
          ],
          [
            76.15712,
            28.07349
          ],
          [
            76.1575,
            28.07306
          ],
          [
            76.15862,
            28.07174
          ],
          [
            76.15891,
            28.07133
          ],
          [
            76.15918,
            28.07089
          ],
          [
            76.15941,
            28.07044
          ],
          [
            76.15965,
            28.06981
          ],
          [
            76.15984,
            28.06912
          ],
          [
            76.15996,
            28.06844
          ],
          [
            76.16005,
            28.06748
          ],
          [
            76.16008,
            28.06663
          ],
          [
            76.16013,
            28.06545
          ],
          [
            76.16038,
            28.06168
          ],
          [
            76.1607,
            28.06022
          ],
          [
            76.16099,
            28.05921
          ],
          [
            76.16138,
            28.05805
          ],
          [
            76.1629,
            28.05316
          ],
          [
            76.16333,
            28.05172
          ],
          [
            76.16336,
            28.0516
          ],
          [
            76.16362,
            28.05073
          ],
          [
            76.16382,
            28.04984
          ],
          [
            76.16395,
            28.04909
          ],
          [
            76.16404,
            28.04834
          ],
          [
            76.1641,
            28.04733
          ],
          [
            76.16411,
            28.04637
          ],
          [
            76.164,
            28.04494
          ],
          [
            76.16325,
            28.04075
          ],
          [
            76.16319,
            28.04047
          ],
          [
            76.16268,
            28.03815
          ],
          [
            76.16246,
            28.03663
          ],
          [
            76.16233,
            28.03516
          ],
          [
            76.16211,
            28.03138
          ],
          [
            76.162,
            28.02903
          ],
          [
            76.16192,
            28.02837
          ],
          [
            76.16152,
            28.02706
          ],
          [
            76.16093,
            28.02601
          ],
          [
            76.16059,
            28.02553
          ],
          [
            76.1605,
            28.0254
          ],
          [
            76.16013,
            28.02495
          ],
          [
            76.15926,
            28.02416
          ],
          [
            76.15854,
            28.02364
          ],
          [
            76.15758,
            28.02311
          ],
          [
            76.15372,
            28.02131
          ],
          [
            76.15361,
            28.02123
          ],
          [
            76.15266,
            28.02068
          ],
          [
            76.15175,
            28.02009
          ],
          [
            76.14992,
            28.01865
          ],
          [
            76.14951,
            28.01827
          ],
          [
            76.14755,
            28.01612
          ],
          [
            76.14439,
            28.01245
          ],
          [
            76.13963,
            28.00699
          ],
          [
            76.13738,
            28.00441
          ],
          [
            76.13692,
            28.00384
          ],
          [
            76.1365,
            28.00325
          ],
          [
            76.13619,
            28.00267
          ],
          [
            76.13595,
            28.00209
          ],
          [
            76.13578,
            28.00159
          ],
          [
            76.13559,
            28.00071
          ],
          [
            76.13552,
            27.99974
          ],
          [
            76.13559,
            27.99893
          ],
          [
            76.13583,
            27.99797
          ],
          [
            76.13631,
            27.99671
          ],
          [
            76.13638,
            27.99654
          ],
          [
            76.13804,
            27.99264
          ],
          [
            76.13839,
            27.9917
          ],
          [
            76.1387,
            27.9905
          ],
          [
            76.13887,
            27.98957
          ],
          [
            76.13901,
            27.98803
          ],
          [
            76.13901,
            27.98703
          ],
          [
            76.13895,
            27.98628
          ],
          [
            76.13892,
            27.98595
          ],
          [
            76.13882,
            27.98545
          ],
          [
            76.13867,
            27.98483
          ],
          [
            76.13837,
            27.98371
          ],
          [
            76.1381,
            27.98295
          ],
          [
            76.13765,
            27.98156
          ],
          [
            76.13724,
            27.9801
          ],
          [
            76.13706,
            27.97928
          ],
          [
            76.13674,
            27.97768
          ],
          [
            76.13659,
            27.97696
          ],
          [
            76.13537,
            27.96978
          ],
          [
            76.13478,
            27.96628
          ],
          [
            76.1342,
            27.96286
          ],
          [
            76.13246,
            27.95296
          ],
          [
            76.13203,
            27.95019
          ],
          [
            76.13134,
            27.94612
          ],
          [
            76.13125,
            27.94569
          ],
          [
            76.1312,
            27.94548
          ],
          [
            76.13099,
            27.94472
          ],
          [
            76.12994,
            27.94135
          ],
          [
            76.12811,
            27.93535
          ],
          [
            76.12736,
            27.93263
          ],
          [
            76.12637,
            27.92995
          ],
          [
            76.12585,
            27.92828
          ],
          [
            76.12536,
            27.92684
          ],
          [
            76.12357,
            27.92127
          ],
          [
            76.12253,
            27.91803
          ],
          [
            76.12201,
            27.91624
          ],
          [
            76.12075,
            27.9123
          ],
          [
            76.12015,
            27.91019
          ],
          [
            76.12006,
            27.90917
          ],
          [
            76.12006,
            27.9083
          ],
          [
            76.12017,
            27.90749
          ],
          [
            76.1203,
            27.90703
          ],
          [
            76.12053,
            27.90636
          ],
          [
            76.12086,
            27.90567
          ],
          [
            76.12129,
            27.905
          ],
          [
            76.12188,
            27.90429
          ],
          [
            76.124,
            27.90158
          ],
          [
            76.12519,
            27.90011
          ],
          [
            76.12534,
            27.89992
          ],
          [
            76.12567,
            27.89951
          ],
          [
            76.12783,
            27.89682
          ],
          [
            76.12858,
            27.89579
          ],
          [
            76.12888,
            27.89531
          ],
          [
            76.12922,
            27.89445
          ],
          [
            76.12927,
            27.89417
          ],
          [
            76.12932,
            27.89336
          ],
          [
            76.12922,
            27.89268
          ],
          [
            76.12893,
            27.89174
          ],
          [
            76.12823,
            27.88965
          ],
          [
            76.12763,
            27.88801
          ],
          [
            76.12723,
            27.88679
          ],
          [
            76.12681,
            27.88563
          ],
          [
            76.12663,
            27.88504
          ],
          [
            76.12649,
            27.8847
          ],
          [
            76.12621,
            27.88394
          ],
          [
            76.12596,
            27.88343
          ],
          [
            76.12553,
            27.88287
          ],
          [
            76.12505,
            27.88241
          ],
          [
            76.12428,
            27.88198
          ],
          [
            76.12332,
            27.88162
          ],
          [
            76.12195,
            27.88125
          ],
          [
            76.12086,
            27.88088
          ],
          [
            76.12034,
            27.88065
          ],
          [
            76.11971,
            27.88028
          ],
          [
            76.1193,
            27.87998
          ],
          [
            76.11876,
            27.87948
          ],
          [
            76.11844,
            27.87913
          ],
          [
            76.1181,
            27.87859
          ],
          [
            76.11793,
            27.8783
          ],
          [
            76.11756,
            27.87748
          ],
          [
            76.11742,
            27.87699
          ],
          [
            76.11735,
            27.87664
          ],
          [
            76.1173,
            27.87611
          ],
          [
            76.1173,
            27.8758
          ],
          [
            76.11732,
            27.87538
          ],
          [
            76.11742,
            27.8746
          ],
          [
            76.1183,
            27.86919
          ],
          [
            76.11887,
            27.86589
          ],
          [
            76.11905,
            27.86462
          ],
          [
            76.1192,
            27.86392
          ],
          [
            76.11941,
            27.86321
          ],
          [
            76.11975,
            27.86243
          ],
          [
            76.11997,
            27.862
          ],
          [
            76.12019,
            27.86162
          ],
          [
            76.12054,
            27.86117
          ],
          [
            76.12111,
            27.86053
          ],
          [
            76.12216,
            27.85964
          ],
          [
            76.1257,
            27.85704
          ],
          [
            76.12913,
            27.85445
          ],
          [
            76.12935,
            27.85429
          ],
          [
            76.13722,
            27.84847
          ],
          [
            76.14016,
            27.84624
          ],
          [
            76.14052,
            27.84596
          ],
          [
            76.14641,
            27.84157
          ],
          [
            76.14663,
            27.8414
          ],
          [
            76.14771,
            27.84058
          ],
          [
            76.14794,
            27.84041
          ],
          [
            76.15296,
            27.83661
          ],
          [
            76.15313,
            27.83647
          ],
          [
            76.15415,
            27.83562
          ],
          [
            76.15489,
            27.83493
          ],
          [
            76.1648,
            27.82544
          ],
          [
            76.16525,
            27.82504
          ],
          [
            76.16662,
            27.82375
          ],
          [
            76.16859,
            27.82187
          ],
          [
            76.17011,
            27.82042
          ],
          [
            76.17029,
            27.82025
          ],
          [
            76.178,
            27.81299
          ],
          [
            76.18332,
            27.80789
          ],
          [
            76.18399,
            27.80719
          ],
          [
            76.18471,
            27.80641
          ],
          [
            76.18598,
            27.80494
          ],
          [
            76.18614,
            27.80474
          ],
          [
            76.18749,
            27.80308
          ],
          [
            76.1886,
            27.80162
          ],
          [
            76.18904,
            27.80116
          ],
          [
            76.18948,
            27.80076
          ],
          [
            76.18993,
            27.8004
          ],
          [
            76.19032,
            27.80012
          ],
          [
            76.19091,
            27.79977
          ],
          [
            76.19514,
            27.79781
          ],
          [
            76.19603,
            27.79738
          ],
          [
            76.19752,
            27.79665
          ],
          [
            76.19798,
            27.79647
          ],
          [
            76.19867,
            27.79624
          ],
          [
            76.20059,
            27.79586
          ],
          [
            76.20165,
            27.79564
          ],
          [
            76.2024,
            27.79547
          ],
          [
            76.20339,
            27.79513
          ],
          [
            76.20757,
            27.79337
          ],
          [
            76.20799,
            27.7932
          ],
          [
            76.22013,
            27.78811
          ],
          [
            76.22021,
            27.78808
          ],
          [
            76.22106,
            27.78771
          ],
          [
            76.22699,
            27.78523
          ],
          [
            76.22754,
            27.78508
          ],
          [
            76.22794,
            27.78502
          ],
          [
            76.22869,
            27.78498
          ],
          [
            76.22902,
            27.78492
          ],
          [
            76.22923,
            27.78486
          ],
          [
            76.22944,
            27.78471
          ],
          [
            76.22961,
            27.78455
          ],
          [
            76.22975,
            27.78424
          ],
          [
            76.2298,
            27.78402
          ],
          [
            76.22982,
            27.7837
          ],
          [
            76.22989,
            27.78299
          ],
          [
            76.22995,
            27.7826
          ],
          [
            76.23006,
            27.78212
          ],
          [
            76.2302,
            27.7817
          ],
          [
            76.23041,
            27.78127
          ],
          [
            76.23093,
            27.78024
          ],
          [
            76.23105,
            27.77992
          ],
          [
            76.2311,
            27.77966
          ],
          [
            76.23113,
            27.77935
          ],
          [
            76.23111,
            27.77908
          ],
          [
            76.23098,
            27.77859
          ],
          [
            76.23078,
            27.77815
          ],
          [
            76.23053,
            27.7778
          ],
          [
            76.23002,
            27.77723
          ],
          [
            76.22949,
            27.77675
          ],
          [
            76.22923,
            27.77601
          ],
          [
            76.22895,
            27.77527
          ],
          [
            76.22882,
            27.7753
          ],
          [
            76.22812,
            27.77344
          ],
          [
            76.22655,
            27.76918
          ],
          [
            76.2262,
            27.7682
          ],
          [
            76.22592,
            27.76744
          ],
          [
            76.22503,
            27.76504
          ],
          [
            76.22416,
            27.76267
          ],
          [
            76.22385,
            27.76183
          ],
          [
            76.2236,
            27.76118
          ],
          [
            76.22226,
            27.75758
          ],
          [
            76.22079,
            27.75364
          ],
          [
            76.21921,
            27.74939
          ],
          [
            76.21729,
            27.74409
          ],
          [
            76.21642,
            27.74183
          ],
          [
            76.21633,
            27.7416
          ],
          [
            76.2157,
            27.73984
          ],
          [
            76.21515,
            27.7384
          ],
          [
            76.21442,
            27.7365
          ],
          [
            76.21316,
            27.73319
          ],
          [
            76.21234,
            27.73132
          ],
          [
            76.21173,
            27.72997
          ],
          [
            76.21117,
            27.72878
          ],
          [
            76.20957,
            27.72524
          ],
          [
            76.20693,
            27.7195
          ],
          [
            76.2067,
            27.71895
          ],
          [
            76.206,
            27.71749
          ],
          [
            76.20568,
            27.71687
          ],
          [
            76.20552,
            27.7166
          ],
          [
            76.20531,
            27.71628
          ],
          [
            76.20512,
            27.71603
          ],
          [
            76.20448,
            27.71533
          ],
          [
            76.20404,
            27.71492
          ],
          [
            76.20289,
            27.71404
          ],
          [
            76.20206,
            27.71343
          ],
          [
            76.20172,
            27.71317
          ],
          [
            76.19944,
            27.71144
          ],
          [
            76.19878,
            27.71093
          ],
          [
            76.19782,
            27.71024
          ],
          [
            76.1969,
            27.70955
          ],
          [
            76.19662,
            27.7093
          ],
          [
            76.19601,
            27.70872
          ],
          [
            76.19584,
            27.70853
          ],
          [
            76.19545,
            27.70799
          ],
          [
            76.19515,
            27.70755
          ],
          [
            76.19462,
            27.70652
          ],
          [
            76.19427,
            27.70575
          ],
          [
            76.19388,
            27.70496
          ],
          [
            76.19305,
            27.70347
          ],
          [
            76.19292,
            27.70324
          ],
          [
            76.1914,
            27.70061
          ],
          [
            76.19079,
            27.69955
          ],
          [
            76.18929,
            27.69701
          ],
          [
            76.18776,
            27.69436
          ],
          [
            76.18694,
            27.693
          ],
          [
            76.1861,
            27.6915
          ],
          [
            76.18426,
            27.68835
          ],
          [
            76.18399,
            27.68798
          ],
          [
            76.18361,
            27.68754
          ],
          [
            76.18321,
            27.68714
          ],
          [
            76.18284,
            27.6868
          ],
          [
            76.18244,
            27.68649
          ],
          [
            76.17882,
            27.68402
          ],
          [
            76.1768,
            27.68266
          ],
          [
            76.17558,
            27.68182
          ],
          [
            76.17388,
            27.68068
          ],
          [
            76.17327,
            27.68026
          ],
          [
            76.17263,
            27.67977
          ],
          [
            76.17088,
            27.67834
          ],
          [
            76.16915,
            27.67686
          ],
          [
            76.16549,
            27.67381
          ],
          [
            76.16482,
            27.67325
          ],
          [
            76.16382,
            27.67244
          ],
          [
            76.16208,
            27.67095
          ],
          [
            76.16066,
            27.66973
          ],
          [
            76.15982,
            27.66899
          ],
          [
            76.15967,
            27.66886
          ],
          [
            76.15845,
            27.66777
          ],
          [
            76.15782,
            27.66718
          ],
          [
            76.15639,
            27.66591
          ],
          [
            76.15582,
            27.66541
          ],
          [
            76.15145,
            27.66149
          ],
          [
            76.15074,
            27.66085
          ],
          [
            76.14956,
            27.65981
          ],
          [
            76.14857,
            27.65893
          ],
          [
            76.14702,
            27.65754
          ],
          [
            76.14604,
            27.65667
          ],
          [
            76.14533,
            27.65604
          ],
          [
            76.143,
            27.65395
          ],
          [
            76.14166,
            27.65274
          ],
          [
            76.14113,
            27.65227
          ],
          [
            76.13846,
            27.64995
          ],
          [
            76.1383,
            27.64982
          ],
          [
            76.13524,
            27.64726
          ],
          [
            76.13394,
            27.64616
          ],
          [
            76.12973,
            27.64265
          ],
          [
            76.12792,
            27.64111
          ],
          [
            76.12638,
            27.63984
          ],
          [
            76.12599,
            27.63952
          ],
          [
            76.12545,
            27.63901
          ],
          [
            76.12465,
            27.63814
          ],
          [
            76.1235,
            27.6369
          ],
          [
            76.12344,
            27.63684
          ],
          [
            76.12288,
            27.63625
          ],
          [
            76.12252,
            27.63589
          ],
          [
            76.1214,
            27.6347
          ],
          [
            76.12003,
            27.63327
          ],
          [
            76.11958,
            27.6328
          ],
          [
            76.11797,
            27.63105
          ],
          [
            76.11617,
            27.62917
          ],
          [
            76.11603,
            27.62902
          ],
          [
            76.11323,
            27.62608
          ],
          [
            76.11211,
            27.62488
          ],
          [
            76.10936,
            27.62192
          ],
          [
            76.10878,
            27.62138
          ],
          [
            76.10807,
            27.62082
          ],
          [
            76.10555,
            27.61894
          ],
          [
            76.10499,
            27.61841
          ],
          [
            76.10319,
            27.61659
          ],
          [
            76.10231,
            27.61574
          ],
          [
            76.10098,
            27.61444
          ],
          [
            76.10039,
            27.61384
          ],
          [
            76.09999,
            27.61338
          ],
          [
            76.09944,
            27.61264
          ],
          [
            76.09809,
            27.6104
          ],
          [
            76.09722,
            27.60895
          ],
          [
            76.09614,
            27.60711
          ],
          [
            76.09436,
            27.6041
          ],
          [
            76.09423,
            27.60387
          ],
          [
            76.09397,
            27.60348
          ],
          [
            76.09385,
            27.60332
          ],
          [
            76.09353,
            27.60296
          ],
          [
            76.09299,
            27.60251
          ],
          [
            76.09105,
            27.60129
          ],
          [
            76.08167,
            27.59544
          ],
          [
            76.08125,
            27.59518
          ],
          [
            76.07932,
            27.59399
          ],
          [
            76.07901,
            27.59376
          ],
          [
            76.07867,
            27.59347
          ],
          [
            76.07846,
            27.59325
          ],
          [
            76.07823,
            27.59293
          ],
          [
            76.07806,
            27.59267
          ],
          [
            76.07791,
            27.59232
          ],
          [
            76.07766,
            27.59156
          ],
          [
            76.07757,
            27.59126
          ],
          [
            76.07745,
            27.5909
          ],
          [
            76.07706,
            27.58936
          ],
          [
            76.07627,
            27.58621
          ],
          [
            76.07578,
            27.58403
          ],
          [
            76.07573,
            27.58383
          ],
          [
            76.07534,
            27.58205
          ],
          [
            76.07522,
            27.58156
          ],
          [
            76.07467,
            27.57934
          ],
          [
            76.07449,
            27.57865
          ],
          [
            76.07444,
            27.57836
          ],
          [
            76.07398,
            27.57496
          ],
          [
            76.07388,
            27.57409
          ],
          [
            76.07362,
            27.57226
          ],
          [
            76.07343,
            27.57084
          ],
          [
            76.07323,
            27.56924
          ],
          [
            76.07322,
            27.569
          ],
          [
            76.07323,
            27.56873
          ],
          [
            76.07329,
            27.5683
          ],
          [
            76.07339,
            27.56777
          ],
          [
            76.07387,
            27.56579
          ],
          [
            76.07394,
            27.56552
          ],
          [
            76.07447,
            27.56341
          ],
          [
            76.07507,
            27.56088
          ],
          [
            76.0753,
            27.55984
          ],
          [
            76.07533,
            27.55961
          ],
          [
            76.07538,
            27.55888
          ],
          [
            76.07529,
            27.55769
          ],
          [
            76.07516,
            27.55653
          ],
          [
            76.07494,
            27.5546
          ],
          [
            76.07486,
            27.55401
          ],
          [
            76.07467,
            27.55243
          ],
          [
            76.07454,
            27.55102
          ],
          [
            76.07435,
            27.54979
          ],
          [
            76.07428,
            27.54953
          ],
          [
            76.07415,
            27.54916
          ],
          [
            76.0732,
            27.54695
          ],
          [
            76.07296,
            27.54641
          ],
          [
            76.07268,
            27.54577
          ],
          [
            76.07025,
            27.5402
          ],
          [
            76.06992,
            27.53945
          ],
          [
            76.06812,
            27.53534
          ],
          [
            76.06733,
            27.53339
          ],
          [
            76.06679,
            27.53219
          ],
          [
            76.06675,
            27.53209
          ],
          [
            76.06618,
            27.53085
          ],
          [
            76.06571,
            27.52966
          ],
          [
            76.06518,
            27.52842
          ],
          [
            76.06421,
            27.52614
          ],
          [
            76.06405,
            27.52579
          ],
          [
            76.06386,
            27.52526
          ],
          [
            76.06378,
            27.52496
          ],
          [
            76.06374,
            27.5247
          ],
          [
            76.06371,
            27.52436
          ],
          [
            76.06379,
            27.52154
          ],
          [
            76.06384,
            27.51934
          ],
          [
            76.0639,
            27.51659
          ],
          [
            76.06384,
            27.51605
          ],
          [
            76.06365,
            27.51516
          ],
          [
            76.06347,
            27.51464
          ],
          [
            76.06181,
            27.51068
          ],
          [
            76.06162,
            27.51023
          ],
          [
            76.05904,
            27.504
          ],
          [
            76.05845,
            27.50263
          ],
          [
            76.05667,
            27.49833
          ],
          [
            76.05657,
            27.49811
          ],
          [
            76.05524,
            27.49493
          ],
          [
            76.05333,
            27.49036
          ],
          [
            76.05268,
            27.48927
          ],
          [
            76.05246,
            27.48889
          ],
          [
            76.0521,
            27.48826
          ],
          [
            76.05184,
            27.4878
          ],
          [
            76.0515,
            27.48706
          ],
          [
            76.05138,
            27.48675
          ],
          [
            76.05121,
            27.48616
          ],
          [
            76.05104,
            27.48553
          ],
          [
            76.05099,
            27.48526
          ],
          [
            76.05087,
            27.48468
          ],
          [
            76.05077,
            27.48433
          ],
          [
            76.05051,
            27.48361
          ],
          [
            76.05012,
            27.48263
          ],
          [
            76.0492,
            27.48035
          ],
          [
            76.04814,
            27.47768
          ],
          [
            76.04788,
            27.47701
          ],
          [
            76.0468,
            27.47427
          ],
          [
            76.04584,
            27.4719
          ],
          [
            76.04443,
            27.46836
          ],
          [
            76.04393,
            27.4671
          ],
          [
            76.04372,
            27.46659
          ],
          [
            76.04348,
            27.46594
          ],
          [
            76.04297,
            27.46456
          ],
          [
            76.04271,
            27.46392
          ],
          [
            76.04249,
            27.46346
          ],
          [
            76.04215,
            27.46288
          ],
          [
            76.04183,
            27.46248
          ],
          [
            76.0414,
            27.46205
          ],
          [
            76.0412,
            27.46187
          ],
          [
            76.04073,
            27.46152
          ],
          [
            76.03806,
            27.45959
          ],
          [
            76.03299,
            27.45595
          ],
          [
            76.03229,
            27.45544
          ],
          [
            76.03194,
            27.45523
          ],
          [
            76.03123,
            27.45489
          ],
          [
            76.03081,
            27.45473
          ],
          [
            76.03055,
            27.45465
          ],
          [
            76.03012,
            27.45454
          ],
          [
            76.02926,
            27.45436
          ],
          [
            76.02702,
            27.45391
          ],
          [
            76.02516,
            27.45351
          ],
          [
            76.02419,
            27.45326
          ],
          [
            76.0225,
            27.45279
          ],
          [
            76.02116,
            27.45238
          ],
          [
            76.02063,
            27.45216
          ],
          [
            76.02037,
            27.45202
          ],
          [
            76.02007,
            27.45181
          ],
          [
            76.01979,
            27.45155
          ],
          [
            76.0195,
            27.45123
          ],
          [
            76.01932,
            27.45099
          ],
          [
            76.01921,
            27.45079
          ],
          [
            76.0191,
            27.45055
          ],
          [
            76.01895,
            27.45015
          ],
          [
            76.01886,
            27.44968
          ],
          [
            76.01887,
            27.44922
          ],
          [
            76.01908,
            27.44774
          ],
          [
            76.01915,
            27.44722
          ],
          [
            76.01941,
            27.44551
          ],
          [
            76.01962,
            27.44431
          ],
          [
            76.01984,
            27.443
          ],
          [
            76.02005,
            27.44143
          ],
          [
            76.02009,
            27.44085
          ],
          [
            76.02009,
            27.44043
          ],
          [
            76.02003,
            27.43994
          ],
          [
            76.01997,
            27.43958
          ],
          [
            76.01989,
            27.4393
          ],
          [
            76.01966,
            27.43865
          ],
          [
            76.01944,
            27.4382
          ],
          [
            76.01912,
            27.43774
          ],
          [
            76.01726,
            27.43559
          ],
          [
            76.01712,
            27.43542
          ],
          [
            76.01508,
            27.43298
          ],
          [
            76.01457,
            27.43244
          ],
          [
            76.01407,
            27.43183
          ],
          [
            76.0133,
            27.43095
          ],
          [
            76.00974,
            27.42682
          ],
          [
            76.00913,
            27.42615
          ],
          [
            76.00811,
            27.42499
          ],
          [
            76.00782,
            27.42466
          ],
          [
            76.00744,
            27.4242
          ],
          [
            76.0068,
            27.42343
          ],
          [
            76.00336,
            27.41942
          ],
          [
            76.00194,
            27.41784
          ],
          [
            76.00157,
            27.4175
          ],
          [
            75.99838,
            27.41497
          ],
          [
            75.99803,
            27.41467
          ],
          [
            75.99782,
            27.41444
          ],
          [
            75.99745,
            27.41404
          ],
          [
            75.99724,
            27.41377
          ],
          [
            75.99691,
            27.4133
          ],
          [
            75.99617,
            27.41216
          ],
          [
            75.99581,
            27.41165
          ],
          [
            75.99574,
            27.41155
          ],
          [
            75.99559,
            27.41132
          ],
          [
            75.99491,
            27.41018
          ],
          [
            75.99451,
            27.40957
          ],
          [
            75.99347,
            27.40799
          ],
          [
            75.99282,
            27.40705
          ],
          [
            75.99263,
            27.40682
          ],
          [
            75.99215,
            27.40625
          ],
          [
            75.99175,
            27.40585
          ],
          [
            75.99089,
            27.40512
          ],
          [
            75.98832,
            27.40321
          ],
          [
            75.98576,
            27.40131
          ],
          [
            75.98558,
            27.40117
          ],
          [
            75.985,
            27.40078
          ],
          [
            75.98443,
            27.40047
          ],
          [
            75.98419,
            27.40036
          ],
          [
            75.98314,
            27.40003
          ],
          [
            75.98175,
            27.39954
          ],
          [
            75.9808,
            27.39926
          ],
          [
            75.97979,
            27.39902
          ],
          [
            75.97709,
            27.39837
          ],
          [
            75.97616,
            27.39814
          ],
          [
            75.97518,
            27.39789
          ],
          [
            75.97507,
            27.39786
          ],
          [
            75.97487,
            27.3978
          ],
          [
            75.97457,
            27.39768
          ],
          [
            75.97175,
            27.39634
          ],
          [
            75.97143,
            27.39616
          ],
          [
            75.97117,
            27.39598
          ],
          [
            75.97089,
            27.39571
          ],
          [
            75.97066,
            27.39546
          ],
          [
            75.97049,
            27.39523
          ],
          [
            75.97015,
            27.39472
          ],
          [
            75.9685,
            27.39228
          ],
          [
            75.9682,
            27.39178
          ],
          [
            75.96798,
            27.39134
          ],
          [
            75.96784,
            27.39096
          ],
          [
            75.96733,
            27.38996
          ],
          [
            75.96693,
            27.38913
          ],
          [
            75.96679,
            27.38894
          ],
          [
            75.96665,
            27.3888
          ],
          [
            75.96658,
            27.38872
          ],
          [
            75.96622,
            27.3881
          ],
          [
            75.96573,
            27.38721
          ],
          [
            75.96276,
            27.38149
          ],
          [
            75.96191,
            27.37981
          ],
          [
            75.96155,
            27.37907
          ],
          [
            75.96113,
            27.37815
          ],
          [
            75.95951,
            27.37499
          ],
          [
            75.95874,
            27.37355
          ],
          [
            75.95679,
            27.36971
          ],
          [
            75.95646,
            27.36882
          ],
          [
            75.95496,
            27.36202
          ],
          [
            75.95467,
            27.36034
          ],
          [
            75.95445,
            27.35874
          ],
          [
            75.95443,
            27.3586
          ],
          [
            75.95433,
            27.35788
          ],
          [
            75.95426,
            27.35722
          ],
          [
            75.9543,
            27.35662
          ],
          [
            75.95441,
            27.3562
          ],
          [
            75.95457,
            27.35569
          ],
          [
            75.95476,
            27.35506
          ],
          [
            75.95498,
            27.35423
          ],
          [
            75.95502,
            27.35376
          ],
          [
            75.95502,
            27.35328
          ],
          [
            75.95502,
            27.35159
          ],
          [
            75.95502,
            27.35084
          ],
          [
            75.95509,
            27.35034
          ],
          [
            75.95527,
            27.34959
          ],
          [
            75.95592,
            27.34736
          ],
          [
            75.95634,
            27.34598
          ],
          [
            75.95644,
            27.34549
          ],
          [
            75.95646,
            27.34492
          ],
          [
            75.9564,
            27.34435
          ],
          [
            75.95618,
            27.34361
          ],
          [
            75.95459,
            27.34054
          ],
          [
            75.95405,
            27.33951
          ],
          [
            75.9539,
            27.33922
          ],
          [
            75.9534,
            27.33799
          ],
          [
            75.95301,
            27.3356
          ],
          [
            75.95278,
            27.33412
          ],
          [
            75.95198,
            27.32815
          ],
          [
            75.95187,
            27.32732
          ],
          [
            75.95161,
            27.32443
          ],
          [
            75.95157,
            27.32392
          ],
          [
            75.95155,
            27.32353
          ],
          [
            75.95151,
            27.32211
          ],
          [
            75.95156,
            27.32139
          ],
          [
            75.95174,
            27.32
          ],
          [
            75.95185,
            27.31938
          ],
          [
            75.95197,
            27.31862
          ],
          [
            75.95213,
            27.31757
          ],
          [
            75.95218,
            27.31729
          ],
          [
            75.95226,
            27.31631
          ],
          [
            75.95227,
            27.31548
          ],
          [
            75.95218,
            27.31456
          ],
          [
            75.95203,
            27.31336
          ],
          [
            75.95201,
            27.31321
          ],
          [
            75.95181,
            27.31168
          ],
          [
            75.95173,
            27.31105
          ],
          [
            75.95172,
            27.3104
          ],
          [
            75.95176,
            27.30987
          ],
          [
            75.95178,
            27.30978
          ],
          [
            75.95189,
            27.30926
          ],
          [
            75.95204,
            27.30878
          ],
          [
            75.95229,
            27.3082
          ],
          [
            75.95236,
            27.30803
          ],
          [
            75.95356,
            27.30564
          ],
          [
            75.95402,
            27.3046
          ],
          [
            75.95429,
            27.30406
          ],
          [
            75.95472,
            27.30333
          ],
          [
            75.95588,
            27.30144
          ],
          [
            75.95701,
            27.2997
          ],
          [
            75.95718,
            27.29944
          ],
          [
            75.95793,
            27.29821
          ],
          [
            75.9606,
            27.29401
          ],
          [
            75.96138,
            27.29276
          ],
          [
            75.96176,
            27.29218
          ],
          [
            75.96199,
            27.29173
          ],
          [
            75.96215,
            27.2913
          ],
          [
            75.96226,
            27.29089
          ],
          [
            75.96234,
            27.29045
          ],
          [
            75.96235,
            27.29003
          ],
          [
            75.9623,
            27.28951
          ],
          [
            75.96222,
            27.28908
          ],
          [
            75.96211,
            27.28864
          ],
          [
            75.96198,
            27.28821
          ],
          [
            75.96179,
            27.28785
          ],
          [
            75.96153,
            27.28746
          ],
          [
            75.96127,
            27.28714
          ],
          [
            75.96094,
            27.28683
          ],
          [
            75.96034,
            27.28637
          ],
          [
            75.96001,
            27.28618
          ],
          [
            75.95847,
            27.28541
          ],
          [
            75.95776,
            27.28506
          ],
          [
            75.95761,
            27.28498
          ],
          [
            75.95653,
            27.2844
          ],
          [
            75.95592,
            27.28396
          ],
          [
            75.95548,
            27.28353
          ],
          [
            75.95484,
            27.28269
          ],
          [
            75.95381,
            27.28116
          ],
          [
            75.9533,
            27.28057
          ],
          [
            75.95286,
            27.28016
          ],
          [
            75.95247,
            27.27985
          ],
          [
            75.95181,
            27.27949
          ],
          [
            75.9506,
            27.27899
          ],
          [
            75.94955,
            27.27858
          ],
          [
            75.94915,
            27.27834
          ],
          [
            75.94884,
            27.2781
          ],
          [
            75.94853,
            27.27782
          ],
          [
            75.94822,
            27.27746
          ],
          [
            75.94789,
            27.277
          ],
          [
            75.9477,
            27.27658
          ],
          [
            75.94762,
            27.27634
          ],
          [
            75.94752,
            27.27581
          ],
          [
            75.9475,
            27.27526
          ],
          [
            75.94757,
            27.27479
          ],
          [
            75.94842,
            27.27225
          ],
          [
            75.94969,
            27.26845
          ],
          [
            75.94997,
            27.26764
          ],
          [
            75.95086,
            27.26477
          ],
          [
            75.9511,
            27.26398
          ],
          [
            75.95118,
            27.26363
          ],
          [
            75.95128,
            27.26297
          ],
          [
            75.9513,
            27.26287
          ],
          [
            75.9513,
            27.2624
          ],
          [
            75.95131,
            27.26192
          ],
          [
            75.95121,
            27.25969
          ],
          [
            75.95121,
            27.25805
          ],
          [
            75.95119,
            27.25725
          ],
          [
            75.95121,
            27.25661
          ],
          [
            75.95129,
            27.25573
          ],
          [
            75.95129,
            27.25517
          ],
          [
            75.95112,
            27.25355
          ],
          [
            75.95097,
            27.25189
          ],
          [
            75.95097,
            27.2498
          ],
          [
            75.95102,
            27.24902
          ],
          [
            75.95117,
            27.24653
          ],
          [
            75.95113,
            27.24572
          ],
          [
            75.95084,
            27.24434
          ],
          [
            75.95061,
            27.24338
          ],
          [
            75.95038,
            27.24272
          ],
          [
            75.94995,
            27.24171
          ],
          [
            75.94979,
            27.24076
          ],
          [
            75.94954,
            27.23946
          ],
          [
            75.94895,
            27.23567
          ],
          [
            75.94871,
            27.23408
          ],
          [
            75.94849,
            27.23249
          ],
          [
            75.94832,
            27.23106
          ],
          [
            75.9482,
            27.22865
          ],
          [
            75.94812,
            27.22736
          ],
          [
            75.94809,
            27.22693
          ],
          [
            75.94807,
            27.22674
          ],
          [
            75.94806,
            27.22653
          ],
          [
            75.94802,
            27.22525
          ],
          [
            75.94794,
            27.22455
          ],
          [
            75.94785,
            27.22408
          ],
          [
            75.94682,
            27.22116
          ],
          [
            75.9467,
            27.22079
          ],
          [
            75.94664,
            27.22034
          ],
          [
            75.94664,
            27.21987
          ],
          [
            75.94669,
            27.2195
          ],
          [
            75.94678,
            27.21915
          ],
          [
            75.94687,
            27.2189
          ],
          [
            75.94708,
            27.21847
          ],
          [
            75.94878,
            27.21547
          ],
          [
            75.94896,
            27.21508
          ],
          [
            75.94915,
            27.21461
          ],
          [
            75.94923,
            27.21432
          ],
          [
            75.9493,
            27.214
          ],
          [
            75.94973,
            27.21058
          ],
          [
            75.94986,
            27.20977
          ],
          [
            75.95012,
            27.20859
          ],
          [
            75.95048,
            27.20715
          ],
          [
            75.95081,
            27.20555
          ],
          [
            75.9514,
            27.20343
          ],
          [
            75.9517,
            27.20262
          ],
          [
            75.95193,
            27.2021
          ],
          [
            75.95232,
            27.20132
          ],
          [
            75.95272,
            27.20061
          ],
          [
            75.95325,
            27.19975
          ],
          [
            75.95372,
            27.19896
          ],
          [
            75.95442,
            27.19774
          ],
          [
            75.95461,
            27.19733
          ],
          [
            75.95487,
            27.19671
          ],
          [
            75.95521,
            27.19559
          ],
          [
            75.95565,
            27.19373
          ],
          [
            75.95568,
            27.19363
          ],
          [
            75.95569,
            27.19356
          ],
          [
            75.95667,
            27.18933
          ],
          [
            75.95736,
            27.18623
          ],
          [
            75.95813,
            27.18294
          ],
          [
            75.95897,
            27.17987
          ],
          [
            75.95947,
            27.1781
          ],
          [
            75.95963,
            27.17765
          ],
          [
            75.95981,
            27.17734
          ],
          [
            75.96006,
            27.17695
          ],
          [
            75.9604,
            27.17657
          ],
          [
            75.96101,
            27.17585
          ],
          [
            75.9612,
            27.1755
          ],
          [
            75.96135,
            27.17507
          ],
          [
            75.9614,
            27.17477
          ],
          [
            75.96139,
            27.17446
          ],
          [
            75.96134,
            27.17414
          ],
          [
            75.9605,
            27.1708
          ],
          [
            75.96041,
            27.17027
          ],
          [
            75.96039,
            27.16991
          ],
          [
            75.9604,
            27.16899
          ],
          [
            75.96043,
            27.16811
          ],
          [
            75.96059,
            27.16377
          ],
          [
            75.96057,
            27.16303
          ],
          [
            75.96056,
            27.16271
          ],
          [
            75.9605,
            27.16178
          ],
          [
            75.96021,
            27.15828
          ],
          [
            75.96014,
            27.15734
          ],
          [
            75.96014,
            27.15643
          ],
          [
            75.96025,
            27.15515
          ],
          [
            75.96046,
            27.15351
          ],
          [
            75.96079,
            27.15126
          ],
          [
            75.96086,
            27.15044
          ],
          [
            75.96117,
            27.14859
          ],
          [
            75.96157,
            27.14573
          ],
          [
            75.96172,
            27.14472
          ],
          [
            75.96235,
            27.14176
          ],
          [
            75.96242,
            27.14132
          ],
          [
            75.96246,
            27.14083
          ],
          [
            75.96238,
            27.13977
          ],
          [
            75.96235,
            27.13952
          ],
          [
            75.9623,
            27.13886
          ],
          [
            75.96223,
            27.1381
          ],
          [
            75.96212,
            27.13683
          ],
          [
            75.96207,
            27.13623
          ],
          [
            75.96205,
            27.13597
          ],
          [
            75.96194,
            27.13485
          ],
          [
            75.96188,
            27.13417
          ],
          [
            75.9618,
            27.13373
          ],
          [
            75.96156,
            27.13298
          ],
          [
            75.96086,
            27.13089
          ],
          [
            75.96076,
            27.13054
          ],
          [
            75.9607,
            27.13003
          ],
          [
            75.96068,
            27.12965
          ],
          [
            75.96071,
            27.12904
          ],
          [
            75.96074,
            27.12884
          ],
          [
            75.96089,
            27.12788
          ],
          [
            75.96094,
            27.12758
          ],
          [
            75.96097,
            27.12716
          ],
          [
            75.96095,
            27.12667
          ],
          [
            75.96092,
            27.12631
          ],
          [
            75.9609,
            27.12599
          ],
          [
            75.96087,
            27.12557
          ],
          [
            75.96076,
            27.12363
          ],
          [
            75.96075,
            27.12348
          ],
          [
            75.96071,
            27.12227
          ],
          [
            75.96071,
            27.12112
          ],
          [
            75.96072,
            27.11973
          ],
          [
            75.96076,
            27.11834
          ],
          [
            75.96071,
            27.11761
          ],
          [
            75.96066,
            27.1171
          ],
          [
            75.9605,
            27.11634
          ],
          [
            75.96029,
            27.11557
          ],
          [
            75.95989,
            27.1144
          ],
          [
            75.95964,
            27.11374
          ],
          [
            75.95941,
            27.11314
          ],
          [
            75.95907,
            27.11213
          ],
          [
            75.95892,
            27.11148
          ],
          [
            75.95885,
            27.11107
          ],
          [
            75.95852,
            27.10933
          ],
          [
            75.95782,
            27.10581
          ],
          [
            75.95766,
            27.10517
          ],
          [
            75.95745,
            27.10466
          ],
          [
            75.9571,
            27.10391
          ],
          [
            75.95272,
            27.09505
          ],
          [
            75.95235,
            27.09424
          ],
          [
            75.95197,
            27.09326
          ],
          [
            75.95135,
            27.0918
          ],
          [
            75.95103,
            27.09114
          ],
          [
            75.95086,
            27.09088
          ],
          [
            75.95058,
            27.09056
          ],
          [
            75.9501,
            27.09015
          ],
          [
            75.94976,
            27.08993
          ],
          [
            75.94835,
            27.08919
          ],
          [
            75.94488,
            27.08744
          ],
          [
            75.94435,
            27.08716
          ],
          [
            75.94407,
            27.08699
          ],
          [
            75.94386,
            27.08683
          ],
          [
            75.94363,
            27.08662
          ],
          [
            75.94343,
            27.08639
          ],
          [
            75.94317,
            27.08605
          ],
          [
            75.94291,
            27.08562
          ],
          [
            75.94258,
            27.08497
          ],
          [
            75.9408,
            27.08133
          ],
          [
            75.93923,
            27.07801
          ],
          [
            75.93839,
            27.07617
          ],
          [
            75.938,
            27.07522
          ],
          [
            75.93747,
            27.07419
          ],
          [
            75.93724,
            27.07362
          ],
          [
            75.93707,
            27.0733
          ],
          [
            75.93684,
            27.07301
          ],
          [
            75.93663,
            27.07279
          ],
          [
            75.93604,
            27.07234
          ],
          [
            75.93548,
            27.07196
          ],
          [
            75.93514,
            27.07173
          ],
          [
            75.93257,
            27.06971
          ],
          [
            75.93165,
            27.06894
          ],
          [
            75.9289,
            27.06647
          ],
          [
            75.92806,
            27.06569
          ],
          [
            75.92124,
            27.05965
          ],
          [
            75.92087,
            27.05933
          ],
          [
            75.91986,
            27.05853
          ],
          [
            75.91926,
            27.05804
          ],
          [
            75.91839,
            27.05737
          ],
          [
            75.91563,
            27.05516
          ],
          [
            75.91379,
            27.05376
          ],
          [
            75.91269,
            27.05309
          ],
          [
            75.91133,
            27.05229
          ],
          [
            75.90735,
            27.04994
          ],
          [
            75.90598,
            27.04889
          ],
          [
            75.90438,
            27.04783
          ],
          [
            75.90273,
            27.04672
          ],
          [
            75.90191,
            27.04615
          ],
          [
            75.8976,
            27.04291
          ],
          [
            75.89758,
            27.0429
          ],
          [
            75.89747,
            27.04282
          ],
          [
            75.89615,
            27.04185
          ],
          [
            75.89493,
            27.04093
          ],
          [
            75.89486,
            27.04088
          ],
          [
            75.8932,
            27.03965
          ],
          [
            75.89232,
            27.039
          ],
          [
            75.89181,
            27.0386
          ],
          [
            75.89155,
            27.03837
          ],
          [
            75.89128,
            27.03809
          ],
          [
            75.8895,
            27.036
          ],
          [
            75.88818,
            27.03437
          ],
          [
            75.88784,
            27.03396
          ],
          [
            75.8876,
            27.03367
          ],
          [
            75.88664,
            27.03246
          ],
          [
            75.88494,
            27.03041
          ],
          [
            75.88386,
            27.02906
          ],
          [
            75.88366,
            27.02877
          ],
          [
            75.88346,
            27.02837
          ],
          [
            75.88328,
            27.02801
          ],
          [
            75.8832,
            27.02776
          ],
          [
            75.88305,
            27.02718
          ],
          [
            75.88288,
            27.02664
          ],
          [
            75.88258,
            27.02552
          ],
          [
            75.88191,
            27.0232
          ],
          [
            75.88056,
            27.01823
          ],
          [
            75.87991,
            27.01591
          ],
          [
            75.87971,
            27.01518
          ],
          [
            75.87959,
            27.01475
          ],
          [
            75.87938,
            27.01404
          ],
          [
            75.87868,
            27.01198
          ],
          [
            75.87835,
            27.01096
          ],
          [
            75.87826,
            27.0105
          ],
          [
            75.87821,
            27.01017
          ],
          [
            75.87819,
            27.0095
          ],
          [
            75.87812,
            27.00874
          ],
          [
            75.87806,
            27.00771
          ],
          [
            75.87798,
            27.00707
          ],
          [
            75.87796,
            27.007
          ],
          [
            75.87791,
            27.00681
          ],
          [
            75.87776,
            27.00646
          ],
          [
            75.8775,
            27.00595
          ],
          [
            75.8773,
            27.0055
          ],
          [
            75.87715,
            27.00514
          ],
          [
            75.877,
            27.00464
          ],
          [
            75.87669,
            27.00341
          ],
          [
            75.87651,
            27.00253
          ],
          [
            75.8764,
            27.00181
          ],
          [
            75.8763,
            27.00117
          ],
          [
            75.87627,
            27.00058
          ],
          [
            75.87628,
            27.00035
          ],
          [
            75.87635,
            26.99899
          ],
          [
            75.87636,
            26.99839
          ],
          [
            75.87637,
            26.99823
          ],
          [
            75.87642,
            26.99642
          ],
          [
            75.87639,
            26.99602
          ],
          [
            75.876,
            26.99458
          ],
          [
            75.87597,
            26.99446
          ],
          [
            75.87569,
            26.9932
          ],
          [
            75.87552,
            26.99248
          ],
          [
            75.87519,
            26.99113
          ],
          [
            75.87516,
            26.99082
          ],
          [
            75.87515,
            26.99033
          ],
          [
            75.8755,
            26.98796
          ],
          [
            75.87567,
            26.98679
          ],
          [
            75.87572,
            26.9861
          ],
          [
            75.87568,
            26.98538
          ],
          [
            75.87564,
            26.98469
          ],
          [
            75.87555,
            26.98384
          ],
          [
            75.87541,
            26.98327
          ],
          [
            75.87531,
            26.98299
          ],
          [
            75.87513,
            26.98257
          ],
          [
            75.87412,
            26.98048
          ],
          [
            75.87344,
            26.97914
          ],
          [
            75.87321,
            26.9787
          ],
          [
            75.87226,
            26.97682
          ],
          [
            75.87201,
            26.97616
          ],
          [
            75.87187,
            26.97541
          ],
          [
            75.87184,
            26.97517
          ],
          [
            75.87173,
            26.97406
          ],
          [
            75.87167,
            26.97355
          ],
          [
            75.87144,
            26.97129
          ],
          [
            75.87119,
            26.96862
          ],
          [
            75.87107,
            26.96761
          ],
          [
            75.87098,
            26.96702
          ],
          [
            75.8709,
            26.96668
          ],
          [
            75.87074,
            26.96616
          ],
          [
            75.87035,
            26.96528
          ],
          [
            75.87007,
            26.96479
          ],
          [
            75.86963,
            26.96415
          ],
          [
            75.86915,
            26.96348
          ],
          [
            75.86811,
            26.96202
          ],
          [
            75.86752,
            26.96116
          ],
          [
            75.86738,
            26.96093
          ],
          [
            75.86718,
            26.96067
          ],
          [
            75.86678,
            26.96009
          ],
          [
            75.86667,
            26.95984
          ],
          [
            75.86657,
            26.95952
          ],
          [
            75.86645,
            26.95909
          ],
          [
            75.86585,
            26.95662
          ],
          [
            75.86574,
            26.95619
          ],
          [
            75.8657,
            26.95601
          ],
          [
            75.86556,
            26.95541
          ],
          [
            75.86541,
            26.95489
          ],
          [
            75.86531,
            26.9546
          ],
          [
            75.86516,
            26.95424
          ],
          [
            75.8648,
            26.95361
          ],
          [
            75.86459,
            26.95327
          ],
          [
            75.86452,
            26.95319
          ],
          [
            75.86437,
            26.953
          ],
          [
            75.8642,
            26.9528
          ],
          [
            75.86403,
            26.95264
          ],
          [
            75.86349,
            26.95217
          ],
          [
            75.86316,
            26.95191
          ],
          [
            75.86238,
            26.95129
          ],
          [
            75.86205,
            26.95106
          ],
          [
            75.86166,
            26.95077
          ],
          [
            75.86116,
            26.95048
          ],
          [
            75.86098,
            26.95042
          ],
          [
            75.86076,
            26.95036
          ],
          [
            75.86052,
            26.95032
          ],
          [
            75.86015,
            26.95027
          ],
          [
            75.85704,
            26.94995
          ],
          [
            75.85647,
            26.94987
          ],
          [
            75.85615,
            26.94981
          ],
          [
            75.85589,
            26.94974
          ],
          [
            75.85568,
            26.94965
          ],
          [
            75.85554,
            26.94958
          ],
          [
            75.8551,
            26.94929
          ],
          [
            75.85177,
            26.94697
          ],
          [
            75.85107,
            26.94647
          ],
          [
            75.85047,
            26.946
          ],
          [
            75.8504,
            26.94591
          ],
          [
            75.85027,
            26.94561
          ],
          [
            75.8502,
            26.94536
          ],
          [
            75.85016,
            26.94511
          ],
          [
            75.85015,
            26.945
          ],
          [
            75.85003,
            26.94426
          ],
          [
            75.84994,
            26.94395
          ],
          [
            75.84982,
            26.94362
          ],
          [
            75.84952,
            26.94301
          ],
          [
            75.84921,
            26.94232
          ],
          [
            75.84891,
            26.94161
          ],
          [
            75.84884,
            26.94147
          ],
          [
            75.84867,
            26.94116
          ],
          [
            75.84854,
            26.9409
          ],
          [
            75.84843,
            26.94074
          ],
          [
            75.84813,
            26.94035
          ],
          [
            75.84708,
            26.93899
          ],
          [
            75.84693,
            26.93877
          ],
          [
            75.84684,
            26.93861
          ],
          [
            75.84672,
            26.93826
          ],
          [
            75.84655,
            26.93763
          ],
          [
            75.84653,
            26.93754
          ],
          [
            75.8464,
            26.93693
          ],
          [
            75.84629,
            26.93622
          ],
          [
            75.84619,
            26.93573
          ],
          [
            75.84611,
            26.93537
          ],
          [
            75.84607,
            26.93515
          ],
          [
            75.84603,
            26.93497
          ],
          [
            75.84599,
            26.93466
          ],
          [
            75.84593,
            26.93441
          ],
          [
            75.84591,
            26.93428
          ],
          [
            75.84586,
            26.9341
          ],
          [
            75.84571,
            26.93331
          ],
          [
            75.8456,
            26.93276
          ],
          [
            75.84544,
            26.93199
          ],
          [
            75.84527,
            26.9312
          ],
          [
            75.8452,
            26.93092
          ],
          [
            75.84515,
            26.93064
          ],
          [
            75.84495,
            26.92958
          ],
          [
            75.84494,
            26.92953
          ],
          [
            75.84492,
            26.92926
          ],
          [
            75.84492,
            26.92898
          ],
          [
            75.84495,
            26.9287
          ],
          [
            75.84507,
            26.92793
          ],
          [
            75.8451,
            26.92777
          ],
          [
            75.84512,
            26.92764
          ],
          [
            75.84513,
            26.92759
          ],
          [
            75.84522,
            26.92708
          ],
          [
            75.8453,
            26.9266
          ],
          [
            75.84539,
            26.92602
          ],
          [
            75.84546,
            26.92537
          ],
          [
            75.84553,
            26.92463
          ],
          [
            75.84558,
            26.92403
          ],
          [
            75.84563,
            26.92375
          ],
          [
            75.84571,
            26.92351
          ],
          [
            75.84586,
            26.92313
          ],
          [
            75.84605,
            26.92279
          ],
          [
            75.84715,
            26.92141
          ],
          [
            75.84845,
            26.91984
          ],
          [
            75.84883,
            26.91923
          ],
          [
            75.84885,
            26.91917
          ],
          [
            75.84892,
            26.91899
          ],
          [
            75.84895,
            26.91881
          ],
          [
            75.849,
            26.91858
          ],
          [
            75.84901,
            26.9183
          ],
          [
            75.84901,
            26.91822
          ],
          [
            75.84896,
            26.91779
          ],
          [
            75.84888,
            26.91745
          ],
          [
            75.84852,
            26.91584
          ],
          [
            75.84826,
            26.91482
          ],
          [
            75.84809,
            26.91407
          ],
          [
            75.84796,
            26.91345
          ],
          [
            75.84765,
            26.91208
          ],
          [
            75.84741,
            26.91102
          ],
          [
            75.84713,
            26.90975
          ],
          [
            75.84697,
            26.90892
          ],
          [
            75.84674,
            26.90783
          ],
          [
            75.84658,
            26.90726
          ],
          [
            75.84639,
            26.90684
          ],
          [
            75.84627,
            26.90662
          ],
          [
            75.84621,
            26.90655
          ],
          [
            75.8462,
            26.90647
          ],
          [
            75.84605,
            26.90626
          ],
          [
            75.84473,
            26.90448
          ],
          [
            75.84394,
            26.90351
          ],
          [
            75.84374,
            26.90317
          ],
          [
            75.84364,
            26.90287
          ],
          [
            75.8436,
            26.9026
          ],
          [
            75.84359,
            26.90176
          ],
          [
            75.84361,
            26.90157
          ],
          [
            75.84365,
            26.90144
          ],
          [
            75.8437,
            26.90136
          ],
          [
            75.84383,
            26.90125
          ],
          [
            75.84399,
            26.90111
          ],
          [
            75.8441,
            26.90107
          ],
          [
            75.84413,
            26.90104
          ],
          [
            75.84419,
            26.90098
          ],
          [
            75.84423,
            26.90088
          ],
          [
            75.84422,
            26.90077
          ],
          [
            75.84417,
            26.90067
          ],
          [
            75.84408,
            26.90059
          ],
          [
            75.84396,
            26.90055
          ],
          [
            75.84371,
            26.90042
          ],
          [
            75.84366,
            26.90036
          ],
          [
            75.84364,
            26.9003
          ],
          [
            75.84362,
            26.89976
          ],
          [
            75.84361,
            26.89913
          ],
          [
            75.84356,
            26.899
          ],
          [
            75.84346,
            26.89811
          ],
          [
            75.84348,
            26.89776
          ],
          [
            75.84347,
            26.89705
          ],
          [
            75.84345,
            26.89671
          ],
          [
            75.84345,
            26.89662
          ],
          [
            75.84346,
            26.8962
          ],
          [
            75.84346,
            26.89614
          ],
          [
            75.84347,
            26.89576
          ],
          [
            75.84343,
            26.89494
          ],
          [
            75.84333,
            26.89422
          ],
          [
            75.84319,
            26.89376
          ],
          [
            75.8431,
            26.89356
          ],
          [
            75.84291,
            26.89331
          ],
          [
            75.84222,
            26.89248
          ],
          [
            75.8418,
            26.89201
          ],
          [
            75.84148,
            26.89168
          ],
          [
            75.84129,
            26.89149
          ],
          [
            75.84086,
            26.89104
          ],
          [
            75.84077,
            26.89094
          ],
          [
            75.8405,
            26.89066
          ],
          [
            75.84016,
            26.89032
          ],
          [
            75.83983,
            26.88998
          ],
          [
            75.8398,
            26.88994
          ],
          [
            75.83953,
            26.88967
          ],
          [
            75.83949,
            26.88963
          ],
          [
            75.83926,
            26.88937
          ],
          [
            75.83871,
            26.8888
          ],
          [
            75.83853,
            26.88861
          ],
          [
            75.83823,
            26.88831
          ],
          [
            75.83785,
            26.88788
          ],
          [
            75.8376,
            26.88762
          ],
          [
            75.83729,
            26.88726
          ],
          [
            75.83685,
            26.88683
          ],
          [
            75.83591,
            26.88587
          ],
          [
            75.83499,
            26.88494
          ],
          [
            75.83475,
            26.88471
          ],
          [
            75.83449,
            26.88446
          ],
          [
            75.83444,
            26.88441
          ],
          [
            75.83414,
            26.8841
          ],
          [
            75.83405,
            26.88401
          ],
          [
            75.83382,
            26.88377
          ],
          [
            75.83349,
            26.88342
          ],
          [
            75.83323,
            26.88308
          ],
          [
            75.83319,
            26.88303
          ],
          [
            75.83273,
            26.88248
          ],
          [
            75.83254,
            26.88229
          ],
          [
            75.83234,
            26.88204
          ],
          [
            75.83207,
            26.88177
          ],
          [
            75.83169,
            26.88151
          ],
          [
            75.82816,
            26.87966
          ],
          [
            75.82415,
            26.87747
          ],
          [
            75.82344,
            26.87708
          ],
          [
            75.82212,
            26.87634
          ],
          [
            75.82153,
            26.87612
          ],
          [
            75.82088,
            26.87592
          ],
          [
            75.82045,
            26.87581
          ],
          [
            75.82053,
            26.87531
          ],
          [
            75.82057,
            26.87514
          ],
          [
            75.82071,
            26.87451
          ],
          [
            75.82093,
            26.87358
          ],
          [
            75.82133,
            26.87195
          ],
          [
            75.82139,
            26.8717
          ],
          [
            75.82167,
            26.8709
          ],
          [
            75.82183,
            26.87044
          ],
          [
            75.82203,
            26.86985
          ],
          [
            75.82213,
            26.8695
          ],
          [
            75.82238,
            26.86812
          ],
          [
            75.82251,
            26.86651
          ],
          [
            75.82253,
            26.86636
          ],
          [
            75.82243,
            26.86635
          ],
          [
            75.82213,
            26.86631
          ],
          [
            75.82175,
            26.86626
          ],
          [
            75.82067,
            26.86613
          ],
          [
            75.8193,
            26.86592
          ],
          [
            75.81867,
            26.86585
          ],
          [
            75.81836,
            26.86581
          ],
          [
            75.81776,
            26.86577
          ],
          [
            75.81731,
            26.86583
          ],
          [
            75.81677,
            26.86592
          ],
          [
            75.81243,
            26.86684
          ],
          [
            75.81204,
            26.86692
          ],
          [
            75.80854,
            26.86767
          ],
          [
            75.8084,
            26.8677
          ],
          [
            75.80822,
            26.86769
          ],
          [
            75.80807,
            26.86772
          ],
          [
            75.8077,
            26.86776
          ],
          [
            75.80729,
            26.86779
          ],
          [
            75.80574,
            26.86789
          ],
          [
            75.80521,
            26.86782
          ],
          [
            75.80412,
            26.86752
          ],
          [
            75.80344,
            26.86722
          ],
          [
            75.80321,
            26.86709
          ],
          [
            75.80234,
            26.86653
          ],
          [
            75.80089,
            26.86542
          ],
          [
            75.80052,
            26.86507
          ],
          [
            75.80024,
            26.86469
          ],
          [
            75.79965,
            26.86364
          ],
          [
            75.79919,
            26.8629
          ],
          [
            75.7991,
            26.86281
          ],
          [
            75.79904,
            26.86273
          ],
          [
            75.79882,
            26.86256
          ],
          [
            75.79849,
            26.86237
          ],
          [
            75.79821,
            26.86225
          ],
          [
            75.79805,
            26.86221
          ],
          [
            75.79787,
            26.86218
          ],
          [
            75.79767,
            26.86217
          ],
          [
            75.79608,
            26.86234
          ],
          [
            75.79606,
            26.86205
          ],
          [
            75.79601,
            26.86167
          ],
          [
            75.79594,
            26.8612
          ],
          [
            75.79579,
            26.86005
          ],
          [
            75.79573,
            26.85968
          ],
          [
            75.79557,
            26.8587
          ],
          [
            75.7955,
            26.85858
          ],
          [
            75.79543,
            26.85806
          ],
          [
            75.79536,
            26.8577
          ],
          [
            75.79532,
            26.85725
          ],
          [
            75.79525,
            26.85678
          ],
          [
            75.79495,
            26.85484
          ],
          [
            75.79486,
            26.85428
          ],
          [
            75.79475,
            26.8534
          ],
          [
            75.79475,
            26.85333
          ],
          [
            75.79459,
            26.85222
          ],
          [
            75.79413,
            26.8503
          ],
          [
            75.79404,
            26.84984
          ],
          [
            75.79392,
            26.84899
          ],
          [
            75.79386,
            26.84832
          ],
          [
            75.79361,
            26.84461
          ],
          [
            75.79362,
            26.84367
          ],
          [
            75.79366,
            26.84284
          ],
          [
            75.79366,
            26.84268
          ],
          [
            75.79369,
            26.84199
          ],
          [
            75.79377,
            26.84144
          ],
          [
            75.79381,
            26.84093
          ],
          [
            75.79381,
            26.8408
          ],
          [
            75.79383,
            26.84028
          ],
          [
            75.79385,
            26.83928
          ],
          [
            75.79388,
            26.83873
          ],
          [
            75.79389,
            26.83865
          ],
          [
            75.7939,
            26.83822
          ],
          [
            75.79391,
            26.83694
          ],
          [
            75.79389,
            26.83617
          ],
          [
            75.79389,
            26.83609
          ],
          [
            75.79387,
            26.83542
          ],
          [
            75.79387,
            26.83443
          ],
          [
            75.79397,
            26.83295
          ],
          [
            75.79401,
            26.83249
          ],
          [
            75.79408,
            26.83137
          ],
          [
            75.79414,
            26.83037
          ],
          [
            75.79418,
            26.82961
          ],
          [
            75.79419,
            26.82948
          ],
          [
            75.79422,
            26.82877
          ],
          [
            75.79431,
            26.82683
          ],
          [
            75.79435,
            26.82657
          ],
          [
            75.79456,
            26.82566
          ],
          [
            75.79471,
            26.825
          ],
          [
            75.79498,
            26.82399
          ],
          [
            75.79539,
            26.8223
          ],
          [
            75.79555,
            26.82152
          ],
          [
            75.79565,
            26.82139
          ],
          [
            75.79576,
            26.82097
          ],
          [
            75.79579,
            26.82084
          ],
          [
            75.79589,
            26.82059
          ],
          [
            75.79609,
            26.82021
          ],
          [
            75.7965,
            26.81968
          ],
          [
            75.7971,
            26.81895
          ],
          [
            75.79715,
            26.81889
          ],
          [
            75.79782,
            26.81804
          ],
          [
            75.79833,
            26.81741
          ],
          [
            75.79878,
            26.81683
          ],
          [
            75.79891,
            26.81666
          ],
          [
            75.79918,
            26.8163
          ],
          [
            75.79916,
            26.81619
          ],
          [
            75.79941,
            26.81584
          ],
          [
            75.7998,
            26.81531
          ],
          [
            75.80016,
            26.81481
          ],
          [
            75.80099,
            26.81367
          ],
          [
            75.80127,
            26.81328
          ],
          [
            75.80164,
            26.81275
          ],
          [
            75.80189,
            26.81239
          ],
          [
            75.80214,
            26.81206
          ],
          [
            75.80306,
            26.81083
          ],
          [
            75.80379,
            26.80985
          ],
          [
            75.80425,
            26.80925
          ],
          [
            75.80446,
            26.80895
          ],
          [
            75.8067,
            26.80601
          ],
          [
            75.80848,
            26.80367
          ],
          [
            75.80856,
            26.80357
          ],
          [
            75.80871,
            26.80335
          ],
          [
            75.81017,
            26.80147
          ],
          [
            75.81071,
            26.80075
          ],
          [
            75.81191,
            26.79918
          ],
          [
            75.81231,
            26.79868
          ],
          [
            75.81302,
            26.79773
          ],
          [
            75.81378,
            26.79677
          ],
          [
            75.8139,
            26.79662
          ],
          [
            75.81451,
            26.79573
          ],
          [
            75.81481,
            26.79532
          ],
          [
            75.81521,
            26.79484
          ],
          [
            75.81593,
            26.79389
          ],
          [
            75.81644,
            26.79319
          ],
          [
            75.8173,
            26.79201
          ],
          [
            75.81801,
            26.79112
          ],
          [
            75.81878,
            26.79005
          ],
          [
            75.81947,
            26.78914
          ],
          [
            75.81975,
            26.78878
          ],
          [
            75.82001,
            26.78844
          ],
          [
            75.82058,
            26.7877
          ],
          [
            75.82073,
            26.78751
          ],
          [
            75.82227,
            26.78547
          ],
          [
            75.82239,
            26.78533
          ],
          [
            75.82247,
            26.78522
          ],
          [
            75.82275,
            26.78483
          ],
          [
            75.82343,
            26.78396
          ],
          [
            75.82375,
            26.78355
          ],
          [
            75.82436,
            26.78273
          ],
          [
            75.82516,
            26.78166
          ],
          [
            75.82668,
            26.77963
          ],
          [
            75.82673,
            26.77957
          ],
          [
            75.82678,
            26.77951
          ],
          [
            75.82691,
            26.77934
          ],
          [
            75.82694,
            26.7793
          ],
          [
            75.82714,
            26.77906
          ],
          [
            75.82803,
            26.77795
          ],
          [
            75.82936,
            26.77628
          ],
          [
            75.83026,
            26.77503
          ],
          [
            75.83053,
            26.77458
          ],
          [
            75.83105,
            26.77365
          ],
          [
            75.83125,
            26.77336
          ],
          [
            75.83138,
            26.7732
          ],
          [
            75.8318,
            26.77275
          ],
          [
            75.83258,
            26.77197
          ],
          [
            75.83279,
            26.77176
          ],
          [
            75.83367,
            26.77095
          ],
          [
            75.83399,
            26.77062
          ],
          [
            75.83459,
            26.76993
          ],
          [
            75.8352,
            26.76913
          ],
          [
            75.83541,
            26.76885
          ],
          [
            75.83574,
            26.76843
          ],
          [
            75.83617,
            26.76795
          ],
          [
            75.83641,
            26.76771
          ],
          [
            75.83824,
            26.76599
          ],
          [
            75.83902,
            26.76528
          ],
          [
            75.84017,
            26.76419
          ],
          [
            75.84221,
            26.76203
          ],
          [
            75.84417,
            26.75996
          ],
          [
            75.84827,
            26.75575
          ],
          [
            75.84998,
            26.754
          ],
          [
            75.85014,
            26.75383
          ],
          [
            75.85028,
            26.7537
          ],
          [
            75.85382,
            26.75009
          ],
          [
            75.8558,
            26.74806
          ],
          [
            75.85748,
            26.74643
          ],
          [
            75.86298,
            26.74078
          ],
          [
            75.86371,
            26.74004
          ],
          [
            75.86453,
            26.73918
          ],
          [
            75.8661,
            26.73756
          ],
          [
            75.8663,
            26.73735
          ],
          [
            75.8683,
            26.73525
          ],
          [
            75.86905,
            26.73448
          ],
          [
            75.87178,
            26.73163
          ],
          [
            75.87219,
            26.73121
          ],
          [
            75.87336,
            26.73
          ],
          [
            75.87433,
            26.72897
          ],
          [
            75.87472,
            26.72855
          ],
          [
            75.87489,
            26.72832
          ],
          [
            75.87503,
            26.72812
          ],
          [
            75.8753,
            26.72761
          ],
          [
            75.87539,
            26.72739
          ],
          [
            75.87549,
            26.72707
          ],
          [
            75.87557,
            26.72685
          ],
          [
            75.87564,
            26.72626
          ],
          [
            75.87566,
            26.72587
          ],
          [
            75.87557,
            26.72516
          ],
          [
            75.87543,
            26.72454
          ],
          [
            75.8754,
            26.72427
          ],
          [
            75.87539,
            26.72377
          ],
          [
            75.87545,
            26.72338
          ],
          [
            75.87553,
            26.72314
          ],
          [
            75.87577,
            26.72258
          ],
          [
            75.87587,
            26.72238
          ],
          [
            75.87604,
            26.72209
          ],
          [
            75.87624,
            26.72183
          ],
          [
            75.87645,
            26.72159
          ],
          [
            75.87668,
            26.72138
          ],
          [
            75.87694,
            26.72118
          ],
          [
            75.87728,
            26.72097
          ],
          [
            75.87761,
            26.72078
          ],
          [
            75.87793,
            26.72066
          ],
          [
            75.8784,
            26.72052
          ],
          [
            75.8798,
            26.7202
          ],
          [
            75.8807,
            26.72001
          ],
          [
            75.88163,
            26.71978
          ],
          [
            75.88246,
            26.71947
          ],
          [
            75.88277,
            26.71931
          ],
          [
            75.88305,
            26.71914
          ],
          [
            75.88328,
            26.71898
          ],
          [
            75.88354,
            26.71876
          ],
          [
            75.88414,
            26.71816
          ],
          [
            75.88433,
            26.71795
          ],
          [
            75.88443,
            26.71785
          ],
          [
            75.88473,
            26.71754
          ],
          [
            75.88561,
            26.71668
          ],
          [
            75.88604,
            26.71628
          ],
          [
            75.88665,
            26.71577
          ],
          [
            75.8882,
            26.71439
          ],
          [
            75.88884,
            26.71382
          ],
          [
            75.88904,
            26.71362
          ],
          [
            75.88912,
            26.71353
          ],
          [
            75.88936,
            26.71328
          ],
          [
            75.88968,
            26.71282
          ],
          [
            75.88986,
            26.7125
          ],
          [
            75.88998,
            26.71221
          ],
          [
            75.89007,
            26.71197
          ],
          [
            75.89012,
            26.71181
          ],
          [
            75.89018,
            26.71152
          ],
          [
            75.89024,
            26.71105
          ],
          [
            75.89023,
            26.71056
          ],
          [
            75.89021,
            26.71026
          ],
          [
            75.89008,
            26.70914
          ],
          [
            75.88997,
            26.7079
          ],
          [
            75.88997,
            26.70738
          ],
          [
            75.88999,
            26.70705
          ],
          [
            75.89007,
            26.70645
          ],
          [
            75.89013,
            26.70617
          ],
          [
            75.89021,
            26.70585
          ],
          [
            75.89032,
            26.7055
          ],
          [
            75.89077,
            26.70434
          ],
          [
            75.89104,
            26.70381
          ],
          [
            75.89122,
            26.70353
          ],
          [
            75.8916,
            26.703
          ],
          [
            75.8919,
            26.70264
          ],
          [
            75.89213,
            26.70239
          ],
          [
            75.8926,
            26.70193
          ],
          [
            75.89311,
            26.70152
          ],
          [
            75.89368,
            26.70111
          ],
          [
            75.89394,
            26.70093
          ],
          [
            75.89462,
            26.70056
          ],
          [
            75.89491,
            26.7004
          ],
          [
            75.8964,
            26.69952
          ],
          [
            75.8974,
            26.69901
          ],
          [
            75.89814,
            26.6986
          ],
          [
            75.89903,
            26.6981
          ],
          [
            75.89921,
            26.69798
          ],
          [
            75.89938,
            26.69787
          ],
          [
            75.89944,
            26.69782
          ],
          [
            75.89961,
            26.69768
          ],
          [
            75.90013,
            26.69717
          ],
          [
            75.90042,
            26.6968
          ],
          [
            75.90055,
            26.69661
          ],
          [
            75.90087,
            26.69605
          ],
          [
            75.90205,
            26.69367
          ],
          [
            75.90431,
            26.68913
          ],
          [
            75.90501,
            26.68783
          ],
          [
            75.90511,
            26.68763
          ],
          [
            75.90563,
            26.6865
          ],
          [
            75.90612,
            26.68552
          ],
          [
            75.90643,
            26.68502
          ],
          [
            75.90788,
            26.68299
          ],
          [
            75.91133,
            26.67816
          ],
          [
            75.91218,
            26.67689
          ],
          [
            75.91361,
            26.67475
          ],
          [
            75.91453,
            26.67339
          ],
          [
            75.91493,
            26.67283
          ],
          [
            75.91549,
            26.67218
          ],
          [
            75.9157,
            26.67196
          ],
          [
            75.91611,
            26.67159
          ],
          [
            75.91617,
            26.67153
          ],
          [
            75.9167,
            26.67113
          ],
          [
            75.91718,
            26.67079
          ],
          [
            75.91779,
            26.67043
          ],
          [
            75.91828,
            26.67017
          ],
          [
            75.91883,
            26.66993
          ],
          [
            75.91931,
            26.66974
          ],
          [
            75.91974,
            26.66959
          ],
          [
            75.92011,
            26.66948
          ],
          [
            75.92064,
            26.66935
          ],
          [
            75.92127,
            26.66924
          ],
          [
            75.92199,
            26.66916
          ],
          [
            75.92411,
            26.66887
          ],
          [
            75.92678,
            26.66848
          ],
          [
            75.9281,
            26.66831
          ],
          [
            75.92908,
            26.66823
          ],
          [
            75.93046,
            26.66814
          ],
          [
            75.93391,
            26.66796
          ],
          [
            75.93522,
            26.66786
          ],
          [
            75.9374,
            26.66759
          ],
          [
            75.93828,
            26.66745
          ],
          [
            75.93928,
            26.66727
          ],
          [
            75.94019,
            26.66709
          ],
          [
            75.94129,
            26.66684
          ],
          [
            75.94488,
            26.66595
          ],
          [
            75.94758,
            26.6653
          ],
          [
            75.94897,
            26.66495
          ],
          [
            75.9515,
            26.66438
          ],
          [
            75.95182,
            26.66432
          ],
          [
            75.95189,
            26.66432
          ],
          [
            75.95283,
            26.66412
          ],
          [
            75.95375,
            26.6639
          ],
          [
            75.95474,
            26.66369
          ],
          [
            75.95971,
            26.66256
          ],
          [
            75.96184,
            26.66211
          ],
          [
            75.9667,
            26.66102
          ],
          [
            75.96734,
            26.66086
          ],
          [
            75.96784,
            26.66071
          ],
          [
            75.96871,
            26.66036
          ],
          [
            75.96906,
            26.66016
          ],
          [
            75.96971,
            26.65971
          ],
          [
            75.97001,
            26.65946
          ],
          [
            75.97029,
            26.65919
          ],
          [
            75.97049,
            26.65898
          ],
          [
            75.9707,
            26.65872
          ],
          [
            75.97089,
            26.65845
          ],
          [
            75.97113,
            26.65806
          ],
          [
            75.97128,
            26.65777
          ],
          [
            75.97147,
            26.65735
          ],
          [
            75.97156,
            26.65708
          ],
          [
            75.97164,
            26.65677
          ],
          [
            75.97172,
            26.6564
          ],
          [
            75.97201,
            26.65446
          ],
          [
            75.97218,
            26.65336
          ],
          [
            75.97229,
            26.65283
          ],
          [
            75.97279,
            26.65048
          ],
          [
            75.97439,
            26.64337
          ],
          [
            75.97577,
            26.63648
          ],
          [
            75.97591,
            26.63573
          ],
          [
            75.97593,
            26.63565
          ],
          [
            75.97601,
            26.63522
          ],
          [
            75.97715,
            26.62948
          ],
          [
            75.97831,
            26.62336
          ],
          [
            75.97848,
            26.62252
          ],
          [
            75.97868,
            26.62165
          ],
          [
            75.97879,
            26.62114
          ],
          [
            75.98053,
            26.6147
          ],
          [
            75.98097,
            26.613
          ],
          [
            75.98107,
            26.61253
          ],
          [
            75.98113,
            26.61198
          ],
          [
            75.9811,
            26.61139
          ],
          [
            75.98101,
            26.61086
          ],
          [
            75.98053,
            26.60877
          ],
          [
            75.98023,
            26.60752
          ],
          [
            75.97899,
            26.60223
          ],
          [
            75.97877,
            26.6012
          ],
          [
            75.97862,
            26.60037
          ],
          [
            75.97839,
            26.59913
          ],
          [
            75.97768,
            26.59605
          ],
          [
            75.97734,
            26.59451
          ],
          [
            75.97725,
            26.59408
          ],
          [
            75.97612,
            26.58984
          ],
          [
            75.97589,
            26.58871
          ],
          [
            75.97545,
            26.58606
          ],
          [
            75.97508,
            26.58436
          ],
          [
            75.97404,
            26.5803
          ],
          [
            75.97377,
            26.57942
          ],
          [
            75.97352,
            26.57876
          ],
          [
            75.97331,
            26.57827
          ],
          [
            75.97271,
            26.57704
          ],
          [
            75.97237,
            26.57647
          ],
          [
            75.97171,
            26.57546
          ],
          [
            75.97104,
            26.57455
          ],
          [
            75.97078,
            26.57422
          ],
          [
            75.96898,
            26.57174
          ],
          [
            75.9682,
            26.57073
          ],
          [
            75.96332,
            26.56473
          ],
          [
            75.96163,
            26.56268
          ],
          [
            75.96003,
            26.56071
          ],
          [
            75.95844,
            26.55878
          ],
          [
            75.9571,
            26.5571
          ],
          [
            75.95629,
            26.55616
          ],
          [
            75.9552,
            26.55481
          ],
          [
            75.9537,
            26.55304
          ],
          [
            75.95293,
            26.55213
          ],
          [
            75.95171,
            26.55071
          ],
          [
            75.94873,
            26.54722
          ],
          [
            75.94853,
            26.54696
          ],
          [
            75.94832,
            26.54662
          ],
          [
            75.94818,
            26.54633
          ],
          [
            75.94809,
            26.5461
          ],
          [
            75.94796,
            26.54558
          ],
          [
            75.94792,
            26.54529
          ],
          [
            75.94788,
            26.54494
          ],
          [
            75.94777,
            26.54276
          ],
          [
            75.94768,
            26.54139
          ],
          [
            75.94768,
            26.54106
          ],
          [
            75.9477,
            26.54071
          ],
          [
            75.94778,
            26.5403
          ],
          [
            75.94847,
            26.53747
          ],
          [
            75.94944,
            26.53351
          ],
          [
            75.95004,
            26.53115
          ],
          [
            75.95013,
            26.53068
          ],
          [
            75.95023,
            26.52999
          ],
          [
            75.95046,
            26.52699
          ],
          [
            75.95048,
            26.52658
          ],
          [
            75.95078,
            26.52092
          ],
          [
            75.95085,
            26.51879
          ],
          [
            75.95098,
            26.51584
          ],
          [
            75.95107,
            26.51412
          ],
          [
            75.95107,
            26.5136
          ],
          [
            75.95105,
            26.51224
          ],
          [
            75.95093,
            26.51109
          ],
          [
            75.95076,
            26.51014
          ],
          [
            75.9505,
            26.50896
          ],
          [
            75.95026,
            26.50806
          ],
          [
            75.94999,
            26.50711
          ],
          [
            75.94983,
            26.50662
          ],
          [
            75.94925,
            26.50503
          ],
          [
            75.94881,
            26.50384
          ],
          [
            75.94827,
            26.50241
          ],
          [
            75.94805,
            26.50174
          ],
          [
            75.94788,
            26.50108
          ],
          [
            75.9468,
            26.49476
          ],
          [
            75.94585,
            26.48948
          ],
          [
            75.9454,
            26.48675
          ],
          [
            75.94492,
            26.48424
          ],
          [
            75.94461,
            26.48303
          ],
          [
            75.94401,
            26.48042
          ],
          [
            75.94344,
            26.47805
          ],
          [
            75.94336,
            26.47768
          ],
          [
            75.94296,
            26.47557
          ],
          [
            75.94272,
            26.47454
          ],
          [
            75.94239,
            26.47236
          ],
          [
            75.94223,
            26.47093
          ],
          [
            75.94195,
            26.46746
          ],
          [
            75.94189,
            26.466
          ],
          [
            75.94172,
            26.46107
          ],
          [
            75.94166,
            26.45878
          ],
          [
            75.94159,
            26.4571
          ],
          [
            75.94149,
            26.45587
          ],
          [
            75.94135,
            26.45202
          ],
          [
            75.94136,
            26.45078
          ],
          [
            75.94141,
            26.44968
          ],
          [
            75.94165,
            26.44832
          ],
          [
            75.9417,
            26.4482
          ],
          [
            75.94221,
            26.44701
          ],
          [
            75.94277,
            26.44598
          ],
          [
            75.94353,
            26.44489
          ],
          [
            75.94391,
            26.4443
          ],
          [
            75.94421,
            26.44358
          ],
          [
            75.94436,
            26.44293
          ],
          [
            75.9444,
            26.44229
          ],
          [
            75.94434,
            26.44158
          ],
          [
            75.9438,
            26.43941
          ],
          [
            75.94339,
            26.43779
          ],
          [
            75.94308,
            26.43709
          ],
          [
            75.94256,
            26.43628
          ],
          [
            75.94186,
            26.43549
          ],
          [
            75.94065,
            26.43447
          ],
          [
            75.93958,
            26.43362
          ],
          [
            75.939,
            26.43281
          ],
          [
            75.93885,
            26.43251
          ],
          [
            75.93878,
            26.43235
          ],
          [
            75.93858,
            26.4318
          ],
          [
            75.93848,
            26.4313
          ],
          [
            75.93831,
            26.43005
          ],
          [
            75.93799,
            26.42752
          ],
          [
            75.93761,
            26.42358
          ],
          [
            75.93704,
            26.41973
          ],
          [
            75.93702,
            26.41914
          ],
          [
            75.93708,
            26.4185
          ],
          [
            75.93736,
            26.4167
          ],
          [
            75.93752,
            26.4155
          ],
          [
            75.93762,
            26.41492
          ],
          [
            75.93803,
            26.4128
          ],
          [
            75.93962,
            26.40689
          ],
          [
            75.94107,
            26.40163
          ],
          [
            75.94258,
            26.39676
          ],
          [
            75.94296,
            26.39552
          ],
          [
            75.94336,
            26.39434
          ],
          [
            75.94358,
            26.39351
          ],
          [
            75.94432,
            26.38897
          ],
          [
            75.94611,
            26.37766
          ],
          [
            75.94725,
            26.37148
          ],
          [
            75.94863,
            26.36313
          ],
          [
            75.94872,
            26.36259
          ],
          [
            75.9492,
            26.35979
          ],
          [
            75.94932,
            26.35915
          ],
          [
            75.94938,
            26.35861
          ],
          [
            75.94941,
            26.35839
          ],
          [
            75.94933,
            26.35752
          ],
          [
            75.94924,
            26.35685
          ],
          [
            75.94895,
            26.35611
          ],
          [
            75.94853,
            26.35537
          ],
          [
            75.94795,
            26.35466
          ],
          [
            75.9475,
            26.35421
          ],
          [
            75.94572,
            26.35249
          ],
          [
            75.9443,
            26.35108
          ],
          [
            75.94307,
            26.35003
          ],
          [
            75.9428,
            26.3498
          ],
          [
            75.94128,
            26.3485
          ],
          [
            75.93205,
            26.34041
          ],
          [
            75.9302,
            26.33877
          ],
          [
            75.92952,
            26.33816
          ],
          [
            75.92211,
            26.33075
          ],
          [
            75.92087,
            26.32957
          ],
          [
            75.92026,
            26.32902
          ],
          [
            75.91958,
            26.32854
          ],
          [
            75.91831,
            26.32781
          ],
          [
            75.91523,
            26.32594
          ],
          [
            75.91311,
            26.32473
          ],
          [
            75.91269,
            26.32445
          ],
          [
            75.91243,
            26.32423
          ],
          [
            75.9123,
            26.32412
          ],
          [
            75.91207,
            26.32388
          ],
          [
            75.91178,
            26.32351
          ],
          [
            75.91153,
            26.32313
          ],
          [
            75.91115,
            26.32244
          ],
          [
            75.91086,
            26.32184
          ],
          [
            75.91066,
            26.32149
          ],
          [
            75.91057,
            26.32124
          ],
          [
            75.91015,
            26.32043
          ],
          [
            75.90953,
            26.31919
          ],
          [
            75.90797,
            26.31612
          ],
          [
            75.90757,
            26.31535
          ],
          [
            75.90549,
            26.31128
          ],
          [
            75.90521,
            26.31073
          ],
          [
            75.90492,
            26.31014
          ],
          [
            75.90445,
            26.30925
          ],
          [
            75.90392,
            26.30818
          ],
          [
            75.90321,
            26.3068
          ],
          [
            75.90287,
            26.30613
          ],
          [
            75.90204,
            26.30445
          ],
          [
            75.90141,
            26.30322
          ],
          [
            75.89884,
            26.29806
          ],
          [
            75.89801,
            26.29637
          ],
          [
            75.89491,
            26.29037
          ],
          [
            75.89187,
            26.28439
          ],
          [
            75.89134,
            26.28346
          ],
          [
            75.89109,
            26.28307
          ],
          [
            75.89084,
            26.28274
          ],
          [
            75.89062,
            26.28248
          ],
          [
            75.89034,
            26.2822
          ],
          [
            75.88999,
            26.28186
          ],
          [
            75.88954,
            26.28147
          ],
          [
            75.88881,
            26.28088
          ],
          [
            75.88512,
            26.27822
          ],
          [
            75.88417,
            26.2775
          ],
          [
            75.8828,
            26.27647
          ],
          [
            75.87745,
            26.27256
          ],
          [
            75.87499,
            26.27073
          ],
          [
            75.87359,
            26.26968
          ],
          [
            75.87185,
            26.2684
          ],
          [
            75.86877,
            26.26614
          ],
          [
            75.86535,
            26.26366
          ],
          [
            75.86517,
            26.26353
          ],
          [
            75.86493,
            26.26334
          ],
          [
            75.86436,
            26.26291
          ],
          [
            75.86406,
            26.26268
          ],
          [
            75.86377,
            26.26242
          ],
          [
            75.86349,
            26.26214
          ],
          [
            75.86328,
            26.26187
          ],
          [
            75.86273,
            26.26099
          ],
          [
            75.86221,
            26.26004
          ],
          [
            75.86114,
            26.25789
          ],
          [
            75.86081,
            26.25725
          ],
          [
            75.85872,
            26.25315
          ],
          [
            75.85737,
            26.25053
          ],
          [
            75.85525,
            26.24635
          ],
          [
            75.85468,
            26.24528
          ],
          [
            75.85429,
            26.24447
          ],
          [
            75.85405,
            26.24379
          ],
          [
            75.85396,
            26.24331
          ],
          [
            75.85393,
            26.2429
          ],
          [
            75.85392,
            26.24283
          ],
          [
            75.85393,
            26.24253
          ],
          [
            75.85434,
            26.23925
          ],
          [
            75.85443,
            26.23858
          ],
          [
            75.85454,
            26.23775
          ],
          [
            75.85461,
            26.23725
          ],
          [
            75.8547,
            26.23619
          ],
          [
            75.85469,
            26.23597
          ],
          [
            75.85469,
            26.23561
          ],
          [
            75.85459,
            26.23505
          ],
          [
            75.8544,
            26.23445
          ],
          [
            75.85377,
            26.23281
          ],
          [
            75.85315,
            26.23127
          ],
          [
            75.85302,
            26.23103
          ],
          [
            75.85262,
            26.23045
          ],
          [
            75.85237,
            26.23017
          ],
          [
            75.85192,
            26.22973
          ],
          [
            75.85043,
            26.22835
          ],
          [
            75.85025,
            26.22817
          ],
          [
            75.84986,
            26.22782
          ],
          [
            75.84825,
            26.22614
          ],
          [
            75.84803,
            26.22588
          ],
          [
            75.84783,
            26.22557
          ],
          [
            75.8477,
            26.22534
          ],
          [
            75.84753,
            26.22496
          ],
          [
            75.84738,
            26.22448
          ],
          [
            75.84727,
            26.22396
          ],
          [
            75.84713,
            26.2227
          ],
          [
            75.84702,
            26.22156
          ],
          [
            75.84696,
            26.2207
          ],
          [
            75.84682,
            26.21925
          ],
          [
            75.84665,
            26.21742
          ],
          [
            75.84643,
            26.21556
          ],
          [
            75.84641,
            26.21502
          ],
          [
            75.84643,
            26.21438
          ],
          [
            75.8465,
            26.21342
          ],
          [
            75.8465,
            26.21333
          ],
          [
            75.84654,
            26.21302
          ],
          [
            75.84659,
            26.21217
          ],
          [
            75.84661,
            26.21164
          ],
          [
            75.84651,
            26.21073
          ],
          [
            75.84634,
            26.20969
          ],
          [
            75.84604,
            26.20781
          ],
          [
            75.84591,
            26.20673
          ],
          [
            75.84584,
            26.20566
          ],
          [
            75.84585,
            26.20533
          ],
          [
            75.8459,
            26.20478
          ],
          [
            75.84615,
            26.20331
          ],
          [
            75.8462,
            26.20268
          ],
          [
            75.84621,
            26.20215
          ],
          [
            75.84618,
            26.20176
          ],
          [
            75.84613,
            26.20158
          ],
          [
            75.84593,
            26.20111
          ],
          [
            75.84566,
            26.20067
          ],
          [
            75.84518,
            26.20001
          ],
          [
            75.84009,
            26.19347
          ],
          [
            75.83893,
            26.19202
          ],
          [
            75.83873,
            26.19176
          ],
          [
            75.83822,
            26.19125
          ],
          [
            75.8378,
            26.19091
          ],
          [
            75.83719,
            26.19055
          ],
          [
            75.83674,
            26.19035
          ],
          [
            75.8362,
            26.19014
          ],
          [
            75.83487,
            26.18962
          ],
          [
            75.8321,
            26.18859
          ],
          [
            75.83195,
            26.18853
          ],
          [
            75.83079,
            26.18803
          ],
          [
            75.83019,
            26.18775
          ],
          [
            75.82972,
            26.1875
          ],
          [
            75.82718,
            26.18606
          ],
          [
            75.82592,
            26.18536
          ],
          [
            75.82462,
            26.18465
          ],
          [
            75.82325,
            26.1839
          ],
          [
            75.82166,
            26.183
          ],
          [
            75.82068,
            26.18245
          ],
          [
            75.81898,
            26.18148
          ],
          [
            75.81803,
            26.18096
          ],
          [
            75.81615,
            26.17991
          ],
          [
            75.81425,
            26.17887
          ],
          [
            75.81393,
            26.17867
          ],
          [
            75.81334,
            26.1782
          ],
          [
            75.81311,
            26.17796
          ],
          [
            75.81292,
            26.17775
          ],
          [
            75.81275,
            26.17754
          ],
          [
            75.81246,
            26.17715
          ],
          [
            75.81226,
            26.17692
          ],
          [
            75.80836,
            26.17143
          ],
          [
            75.80784,
            26.17068
          ],
          [
            75.80773,
            26.17051
          ],
          [
            75.80602,
            26.16816
          ],
          [
            75.80525,
            26.16713
          ],
          [
            75.80495,
            26.16675
          ],
          [
            75.80483,
            26.16658
          ],
          [
            75.80025,
            26.16047
          ],
          [
            75.79878,
            26.15849
          ],
          [
            75.79708,
            26.15627
          ],
          [
            75.79587,
            26.15461
          ],
          [
            75.79269,
            26.15031
          ],
          [
            75.79233,
            26.14982
          ],
          [
            75.79176,
            26.14905
          ],
          [
            75.79058,
            26.14753
          ],
          [
            75.78897,
            26.14537
          ],
          [
            75.78868,
            26.14498
          ],
          [
            75.78815,
            26.1443
          ],
          [
            75.78778,
            26.14389
          ],
          [
            75.78744,
            26.14357
          ],
          [
            75.78718,
            26.14336
          ],
          [
            75.78673,
            26.14307
          ],
          [
            75.78647,
            26.14292
          ],
          [
            75.78617,
            26.14279
          ],
          [
            75.78567,
            26.14259
          ],
          [
            75.77708,
            26.13968
          ],
          [
            75.77358,
            26.13849
          ],
          [
            75.77069,
            26.13752
          ],
          [
            75.7666,
            26.13614
          ],
          [
            75.76605,
            26.13592
          ],
          [
            75.76597,
            26.13589
          ],
          [
            75.76566,
            26.13575
          ],
          [
            75.76529,
            26.13555
          ],
          [
            75.76512,
            26.13543
          ],
          [
            75.76472,
            26.13512
          ],
          [
            75.76445,
            26.13487
          ],
          [
            75.76421,
            26.13461
          ],
          [
            75.76391,
            26.13424
          ],
          [
            75.76323,
            26.13341
          ],
          [
            75.76274,
            26.13277
          ],
          [
            75.76234,
            26.1323
          ],
          [
            75.75826,
            26.12724
          ],
          [
            75.75745,
            26.12618
          ],
          [
            75.75728,
            26.12597
          ],
          [
            75.75705,
            26.12566
          ],
          [
            75.75677,
            26.1253
          ],
          [
            75.75389,
            26.12152
          ],
          [
            75.75368,
            26.12126
          ],
          [
            75.75307,
            26.12046
          ],
          [
            75.75058,
            26.11724
          ],
          [
            75.74654,
            26.11196
          ],
          [
            75.74519,
            26.11022
          ],
          [
            75.7444,
            26.10917
          ],
          [
            75.74331,
            26.10775
          ],
          [
            75.74262,
            26.10685
          ],
          [
            75.73845,
            26.10144
          ],
          [
            75.73404,
            26.09569
          ],
          [
            75.72845,
            26.08828
          ],
          [
            75.72779,
            26.08737
          ],
          [
            75.72659,
            26.08579
          ],
          [
            75.72345,
            26.08172
          ],
          [
            75.72209,
            26.07994
          ],
          [
            75.72192,
            26.07969
          ],
          [
            75.72172,
            26.07938
          ],
          [
            75.72149,
            26.07885
          ],
          [
            75.72147,
            26.07878
          ],
          [
            75.72136,
            26.07837
          ],
          [
            75.72131,
            26.07792
          ],
          [
            75.72123,
            26.07572
          ],
          [
            75.72117,
            26.07517
          ],
          [
            75.72111,
            26.07487
          ],
          [
            75.72102,
            26.07447
          ],
          [
            75.72092,
            26.07413
          ],
          [
            75.72071,
            26.0736
          ],
          [
            75.72041,
            26.07297
          ],
          [
            75.72007,
            26.07243
          ],
          [
            75.71981,
            26.07207
          ],
          [
            75.71825,
            26.07014
          ],
          [
            75.71673,
            26.0683
          ],
          [
            75.71668,
            26.06824
          ],
          [
            75.71637,
            26.06781
          ],
          [
            75.71613,
            26.06743
          ],
          [
            75.71592,
            26.06694
          ],
          [
            75.71575,
            26.0664
          ],
          [
            75.71519,
            26.06465
          ],
          [
            75.71394,
            26.0605
          ],
          [
            75.71387,
            26.06024
          ],
          [
            75.71231,
            26.05523
          ],
          [
            75.71229,
            26.05516
          ],
          [
            75.71228,
            26.05512
          ],
          [
            75.71175,
            26.05342
          ],
          [
            75.71123,
            26.052
          ],
          [
            75.71097,
            26.05125
          ],
          [
            75.70856,
            26.0434
          ],
          [
            75.70846,
            26.04308
          ],
          [
            75.7076,
            26.04028
          ],
          [
            75.70737,
            26.03955
          ],
          [
            75.70627,
            26.03599
          ],
          [
            75.70338,
            26.02688
          ],
          [
            75.70323,
            26.02642
          ],
          [
            75.70301,
            26.02573
          ],
          [
            75.70283,
            26.02528
          ],
          [
            75.70267,
            26.02498
          ],
          [
            75.70247,
            26.02467
          ],
          [
            75.70219,
            26.02432
          ],
          [
            75.70202,
            26.02415
          ],
          [
            75.70175,
            26.02393
          ],
          [
            75.69902,
            26.02192
          ],
          [
            75.69696,
            26.02043
          ],
          [
            75.69631,
            26.01994
          ],
          [
            75.69531,
            26.01924
          ],
          [
            75.69511,
            26.0191
          ],
          [
            75.69483,
            26.01895
          ],
          [
            75.69476,
            26.01891
          ],
          [
            75.69429,
            26.01868
          ],
          [
            75.6936,
            26.01841
          ],
          [
            75.69257,
            26.01801
          ],
          [
            75.692,
            26.0178
          ],
          [
            75.69148,
            26.01763
          ],
          [
            75.68979,
            26.01716
          ],
          [
            75.68905,
            26.01689
          ],
          [
            75.68848,
            26.01664
          ],
          [
            75.68767,
            26.0162
          ],
          [
            75.68731,
            26.01596
          ],
          [
            75.68681,
            26.01562
          ],
          [
            75.68651,
            26.01538
          ],
          [
            75.68602,
            26.01493
          ],
          [
            75.68573,
            26.01462
          ],
          [
            75.68538,
            26.01423
          ],
          [
            75.68481,
            26.01347
          ],
          [
            75.68434,
            26.0126
          ],
          [
            75.68415,
            26.01217
          ],
          [
            75.68309,
            26.00968
          ],
          [
            75.68266,
            26.00849
          ],
          [
            75.68133,
            26.0044
          ],
          [
            75.68043,
            26.00166
          ],
          [
            75.67999,
            26.0005
          ],
          [
            75.67959,
            25.99971
          ],
          [
            75.67922,
            25.99923
          ],
          [
            75.6784,
            25.99829
          ],
          [
            75.67799,
            25.99781
          ],
          [
            75.67713,
            25.99666
          ],
          [
            75.67657,
            25.99575
          ],
          [
            75.67612,
            25.99492
          ],
          [
            75.67566,
            25.99368
          ],
          [
            75.675,
            25.99146
          ],
          [
            75.67457,
            25.98978
          ],
          [
            75.67421,
            25.98811
          ],
          [
            75.67399,
            25.98722
          ],
          [
            75.67375,
            25.98671
          ],
          [
            75.67323,
            25.98584
          ],
          [
            75.671,
            25.9832
          ],
          [
            75.66936,
            25.98124
          ],
          [
            75.6679,
            25.97952
          ],
          [
            75.6657,
            25.97689
          ],
          [
            75.66502,
            25.97611
          ],
          [
            75.66406,
            25.9748
          ],
          [
            75.66281,
            25.97316
          ],
          [
            75.6619,
            25.9719
          ],
          [
            75.66116,
            25.97111
          ],
          [
            75.66078,
            25.97081
          ],
          [
            75.66018,
            25.97034
          ],
          [
            75.65958,
            25.96998
          ],
          [
            75.65899,
            25.96966
          ],
          [
            75.65858,
            25.96951
          ],
          [
            75.65756,
            25.96915
          ],
          [
            75.65692,
            25.96891
          ],
          [
            75.65563,
            25.96844
          ],
          [
            75.65517,
            25.96826
          ],
          [
            75.65473,
            25.96807
          ],
          [
            75.65439,
            25.9679
          ],
          [
            75.65396,
            25.96762
          ],
          [
            75.65324,
            25.96705
          ],
          [
            75.64924,
            25.96354
          ],
          [
            75.64759,
            25.96219
          ],
          [
            75.64575,
            25.96071
          ],
          [
            75.64476,
            25.95994
          ],
          [
            75.64335,
            25.95878
          ],
          [
            75.64123,
            25.95707
          ],
          [
            75.63348,
            25.95079
          ],
          [
            75.62751,
            25.94602
          ],
          [
            75.6195,
            25.93956
          ],
          [
            75.61549,
            25.93629
          ],
          [
            75.61264,
            25.93398
          ],
          [
            75.6121,
            25.93354
          ],
          [
            75.60603,
            25.92862
          ],
          [
            75.6054,
            25.92808
          ],
          [
            75.605,
            25.92762
          ],
          [
            75.60447,
            25.92681
          ],
          [
            75.59734,
            25.91311
          ],
          [
            75.59298,
            25.90469
          ],
          [
            75.59251,
            25.90387
          ],
          [
            75.59217,
            25.90341
          ],
          [
            75.5917,
            25.90289
          ],
          [
            75.58854,
            25.89985
          ],
          [
            75.58803,
            25.89934
          ],
          [
            75.58608,
            25.89748
          ],
          [
            75.58483,
            25.89633
          ],
          [
            75.58382,
            25.89549
          ],
          [
            75.57693,
            25.89021
          ],
          [
            75.56948,
            25.88441
          ],
          [
            75.56753,
            25.88295
          ],
          [
            75.56613,
            25.88183
          ],
          [
            75.56292,
            25.87938
          ],
          [
            75.55954,
            25.8766
          ],
          [
            75.55761,
            25.87506
          ],
          [
            75.55624,
            25.87394
          ],
          [
            75.5544,
            25.87253
          ],
          [
            75.55245,
            25.87099
          ],
          [
            75.55095,
            25.86975
          ],
          [
            75.5493,
            25.8685
          ],
          [
            75.54852,
            25.868
          ],
          [
            75.54808,
            25.86775
          ],
          [
            75.54726,
            25.86728
          ],
          [
            75.54677,
            25.86701
          ],
          [
            75.54234,
            25.86454
          ],
          [
            75.54112,
            25.86384
          ],
          [
            75.54047,
            25.86346
          ],
          [
            75.53969,
            25.86296
          ],
          [
            75.53655,
            25.86054
          ],
          [
            75.53459,
            25.85899
          ],
          [
            75.53372,
            25.85831
          ],
          [
            75.53158,
            25.85665
          ],
          [
            75.53077,
            25.85601
          ],
          [
            75.53012,
            25.85557
          ],
          [
            75.52954,
            25.85525
          ],
          [
            75.52712,
            25.85404
          ],
          [
            75.5211,
            25.85094
          ],
          [
            75.5166,
            25.84865
          ],
          [
            75.5056,
            25.84305
          ],
          [
            75.50455,
            25.84251
          ],
          [
            75.50324,
            25.84182
          ],
          [
            75.50246,
            25.84134
          ],
          [
            75.50174,
            25.84079
          ],
          [
            75.50136,
            25.84041
          ],
          [
            75.5006,
            25.83973
          ],
          [
            75.49993,
            25.83899
          ],
          [
            75.49958,
            25.83857
          ],
          [
            75.49871,
            25.83758
          ],
          [
            75.49832,
            25.83725
          ],
          [
            75.49798,
            25.83698
          ],
          [
            75.4972,
            25.83657
          ],
          [
            75.49404,
            25.83498
          ],
          [
            75.48888,
            25.83231
          ],
          [
            75.48724,
            25.83145
          ],
          [
            75.48487,
            25.83023
          ],
          [
            75.48223,
            25.82883
          ],
          [
            75.48138,
            25.82833
          ],
          [
            75.47706,
            25.82576
          ],
          [
            75.47669,
            25.82554
          ],
          [
            75.4764,
            25.82538
          ],
          [
            75.47595,
            25.82511
          ],
          [
            75.47481,
            25.82436
          ],
          [
            75.47012,
            25.82153
          ],
          [
            75.46797,
            25.82025
          ],
          [
            75.46739,
            25.81995
          ],
          [
            75.46702,
            25.8198
          ],
          [
            75.46672,
            25.81969
          ],
          [
            75.4662,
            25.81952
          ],
          [
            75.46306,
            25.81867
          ],
          [
            75.46201,
            25.8184
          ],
          [
            75.46123,
            25.8182
          ],
          [
            75.45872,
            25.8175
          ],
          [
            75.45836,
            25.81738
          ],
          [
            75.45804,
            25.81727
          ],
          [
            75.45763,
            25.8171
          ],
          [
            75.45732,
            25.81696
          ],
          [
            75.457,
            25.81678
          ],
          [
            75.4564,
            25.81641
          ],
          [
            75.45531,
            25.81569
          ],
          [
            75.45488,
            25.81542
          ],
          [
            75.45366,
            25.81459
          ],
          [
            75.44882,
            25.81139
          ],
          [
            75.44799,
            25.81086
          ],
          [
            75.44691,
            25.81012
          ],
          [
            75.44522,
            25.80901
          ],
          [
            75.44463,
            25.80861
          ],
          [
            75.4435,
            25.80787
          ],
          [
            75.44295,
            25.8075
          ],
          [
            75.44189,
            25.80681
          ],
          [
            75.4412,
            25.80635
          ],
          [
            75.43963,
            25.80532
          ],
          [
            75.43833,
            25.80445
          ],
          [
            75.43758,
            25.80392
          ],
          [
            75.43589,
            25.80274
          ],
          [
            75.43544,
            25.80246
          ],
          [
            75.43467,
            25.80193
          ],
          [
            75.43278,
            25.80071
          ],
          [
            75.43137,
            25.79987
          ],
          [
            75.42684,
            25.79737
          ],
          [
            75.42588,
            25.79684
          ],
          [
            75.42381,
            25.7957
          ],
          [
            75.42264,
            25.79507
          ],
          [
            75.42154,
            25.79445
          ],
          [
            75.42036,
            25.7938
          ],
          [
            75.41802,
            25.79248
          ],
          [
            75.41697,
            25.79193
          ],
          [
            75.41559,
            25.79115
          ],
          [
            75.41269,
            25.78954
          ],
          [
            75.4121,
            25.78922
          ],
          [
            75.41119,
            25.78876
          ],
          [
            75.40899,
            25.78769
          ],
          [
            75.40828,
            25.78733
          ],
          [
            75.40671,
            25.78645
          ],
          [
            75.40613,
            25.78604
          ],
          [
            75.40376,
            25.78473
          ],
          [
            75.40328,
            25.78444
          ],
          [
            75.40255,
            25.78387
          ],
          [
            75.40243,
            25.78387
          ],
          [
            75.40223,
            25.78404
          ],
          [
            75.4022,
            25.78407
          ],
          [
            75.40184,
            25.78372
          ],
          [
            75.40132,
            25.78332
          ],
          [
            75.4005,
            25.78276
          ],
          [
            75.39853,
            25.78131
          ],
          [
            75.3969,
            25.77974
          ],
          [
            75.39448,
            25.77729
          ],
          [
            75.39053,
            25.77349
          ],
          [
            75.38856,
            25.77058
          ],
          [
            75.3862,
            25.76719
          ],
          [
            75.38616,
            25.76713
          ],
          [
            75.38604,
            25.76682
          ],
          [
            75.38607,
            25.76655
          ],
          [
            75.38616,
            25.76624
          ],
          [
            75.38655,
            25.76573
          ],
          [
            75.38704,
            25.76517
          ],
          [
            75.38714,
            25.76489
          ],
          [
            75.38709,
            25.7646
          ],
          [
            75.38683,
            25.76382
          ],
          [
            75.38564,
            25.76042
          ],
          [
            75.38546,
            25.75989
          ],
          [
            75.38524,
            25.75923
          ],
          [
            75.38471,
            25.75773
          ],
          [
            75.38441,
            25.75689
          ],
          [
            75.38427,
            25.75646
          ],
          [
            75.38317,
            25.75683
          ],
          [
            75.38186,
            25.75723
          ],
          [
            75.38066,
            25.75762
          ],
          [
            75.37967,
            25.75795
          ],
          [
            75.37674,
            25.75891
          ],
          [
            75.37552,
            25.75934
          ],
          [
            75.37534,
            25.7594
          ],
          [
            75.37355,
            25.76016
          ],
          [
            75.37281,
            25.75864
          ],
          [
            75.37256,
            25.75811
          ],
          [
            75.37233,
            25.75764
          ],
          [
            75.3723,
            25.75754
          ],
          [
            75.37203,
            25.75668
          ],
          [
            75.37174,
            25.75593
          ],
          [
            75.37149,
            25.75532
          ],
          [
            75.37058,
            25.75373
          ],
          [
            75.36911,
            25.75081
          ],
          [
            75.36841,
            25.75006
          ],
          [
            75.36727,
            25.74894
          ],
          [
            75.36681,
            25.74838
          ],
          [
            75.36646,
            25.74777
          ],
          [
            75.36619,
            25.7472
          ],
          [
            75.36595,
            25.74656
          ],
          [
            75.36402,
            25.74081
          ],
          [
            75.36266,
            25.73725
          ],
          [
            75.35852,
            25.72636
          ],
          [
            75.355,
            25.72014
          ],
          [
            75.3543,
            25.7189
          ],
          [
            75.3541,
            25.71863
          ],
          [
            75.35307,
            25.71739
          ],
          [
            75.34762,
            25.71079
          ],
          [
            75.34527,
            25.70796
          ],
          [
            75.3376,
            25.69676
          ],
          [
            75.33382,
            25.69132
          ],
          [
            75.33358,
            25.69112
          ],
          [
            75.33326,
            25.69096
          ],
          [
            75.33272,
            25.69082
          ],
          [
            75.33236,
            25.69071
          ],
          [
            75.33205,
            25.69054
          ],
          [
            75.32842,
            25.68672
          ],
          [
            75.32672,
            25.68498
          ],
          [
            75.32537,
            25.684
          ],
          [
            75.32438,
            25.68331
          ],
          [
            75.3217,
            25.68147
          ],
          [
            75.32099,
            25.68091
          ],
          [
            75.31638,
            25.67646
          ],
          [
            75.31155,
            25.67162
          ],
          [
            75.31001,
            25.67009
          ],
          [
            75.30775,
            25.66781
          ],
          [
            75.30757,
            25.66763
          ],
          [
            75.30533,
            25.66538
          ],
          [
            75.29964,
            25.65975
          ],
          [
            75.29068,
            25.65089
          ],
          [
            75.29052,
            25.65062
          ],
          [
            75.29032,
            25.65014
          ],
          [
            75.28828,
            25.64488
          ],
          [
            75.2882,
            25.64444
          ],
          [
            75.28804,
            25.64144
          ],
          [
            75.28795,
            25.64113
          ],
          [
            75.2877,
            25.64088
          ],
          [
            75.28688,
            25.64035
          ],
          [
            75.28671,
            25.6402
          ],
          [
            75.28665,
            25.64005
          ],
          [
            75.28659,
            25.63978
          ],
          [
            75.28659,
            25.63957
          ],
          [
            75.28669,
            25.6394
          ],
          [
            75.28691,
            25.63926
          ],
          [
            75.28792,
            25.6387
          ],
          [
            75.28811,
            25.63855
          ],
          [
            75.28823,
            25.6384
          ],
          [
            75.2883,
            25.63825
          ],
          [
            75.28833,
            25.6381
          ],
          [
            75.28828,
            25.63787
          ],
          [
            75.28756,
            25.63583
          ],
          [
            75.28683,
            25.63381
          ],
          [
            75.2856,
            25.6303
          ],
          [
            75.28533,
            25.62953
          ],
          [
            75.28489,
            25.62814
          ],
          [
            75.28441,
            25.62682
          ],
          [
            75.28359,
            25.62408
          ],
          [
            75.28339,
            25.62356
          ],
          [
            75.28324,
            25.62336
          ],
          [
            75.28272,
            25.62291
          ],
          [
            75.28172,
            25.62219
          ],
          [
            75.28155,
            25.62176
          ],
          [
            75.28153,
            25.62148
          ],
          [
            75.28143,
            25.62106
          ],
          [
            75.28142,
            25.62066
          ],
          [
            75.28146,
            25.62042
          ],
          [
            75.28167,
            25.61987
          ],
          [
            75.28202,
            25.61926
          ],
          [
            75.28249,
            25.61832
          ],
          [
            75.28254,
            25.61777
          ],
          [
            75.28254,
            25.61763
          ],
          [
            75.28263,
            25.61648
          ],
          [
            75.28257,
            25.61547
          ],
          [
            75.28267,
            25.61475
          ],
          [
            75.28293,
            25.61419
          ],
          [
            75.28339,
            25.6134
          ],
          [
            75.28368,
            25.61307
          ],
          [
            75.28402,
            25.61284
          ],
          [
            75.28411,
            25.61273
          ],
          [
            75.28422,
            25.6125
          ],
          [
            75.28424,
            25.61227
          ],
          [
            75.28418,
            25.61194
          ],
          [
            75.28408,
            25.61166
          ],
          [
            75.28388,
            25.61134
          ],
          [
            75.28383,
            25.61107
          ],
          [
            75.28385,
            25.61081
          ],
          [
            75.28391,
            25.61066
          ],
          [
            75.284,
            25.61054
          ],
          [
            75.28421,
            25.61037
          ],
          [
            75.2844,
            25.61034
          ],
          [
            75.28457,
            25.61037
          ],
          [
            75.2848,
            25.61046
          ],
          [
            75.28552,
            25.61084
          ],
          [
            75.28609,
            25.61118
          ],
          [
            75.28679,
            25.61169
          ],
          [
            75.2873,
            25.61184
          ],
          [
            75.28746,
            25.61184
          ],
          [
            75.28755,
            25.61181
          ],
          [
            75.28764,
            25.61174
          ],
          [
            75.28767,
            25.61164
          ],
          [
            75.2875,
            25.61073
          ],
          [
            75.28733,
            25.6104
          ],
          [
            75.28708,
            25.61006
          ],
          [
            75.28686,
            25.60961
          ],
          [
            75.28676,
            25.60947
          ],
          [
            75.28665,
            25.60919
          ],
          [
            75.28658,
            25.60894
          ],
          [
            75.2866,
            25.60858
          ],
          [
            75.28685,
            25.60774
          ],
          [
            75.28696,
            25.6072
          ],
          [
            75.28811,
            25.60385
          ],
          [
            75.28844,
            25.60303
          ],
          [
            75.2888,
            25.60191
          ],
          [
            75.28912,
            25.60101
          ],
          [
            75.28936,
            25.60023
          ],
          [
            75.28957,
            25.59894
          ],
          [
            75.28957,
            25.59834
          ],
          [
            75.28946,
            25.59795
          ],
          [
            75.2892,
            25.59735
          ],
          [
            75.28888,
            25.59642
          ],
          [
            75.2888,
            25.59603
          ],
          [
            75.2888,
            25.59563
          ],
          [
            75.28906,
            25.59468
          ],
          [
            75.28924,
            25.59377
          ],
          [
            75.28934,
            25.59287
          ],
          [
            75.2892,
            25.59199
          ],
          [
            75.28903,
            25.59118
          ],
          [
            75.28895,
            25.59092
          ],
          [
            75.28888,
            25.59047
          ],
          [
            75.28885,
            25.58985
          ],
          [
            75.28889,
            25.58916
          ],
          [
            75.28909,
            25.5882
          ],
          [
            75.28927,
            25.58426
          ],
          [
            75.28896,
            25.58225
          ],
          [
            75.28878,
            25.58091
          ],
          [
            75.28877,
            25.57982
          ],
          [
            75.28896,
            25.57933
          ],
          [
            75.29086,
            25.57622
          ],
          [
            75.29292,
            25.57295
          ],
          [
            75.29434,
            25.5706
          ],
          [
            75.29595,
            25.56917
          ],
          [
            75.29803,
            25.56803
          ],
          [
            75.29871,
            25.56753
          ],
          [
            75.29887,
            25.56725
          ],
          [
            75.29903,
            25.56676
          ],
          [
            75.29936,
            25.56546
          ],
          [
            75.29954,
            25.56473
          ],
          [
            75.29969,
            25.56394
          ],
          [
            75.29994,
            25.56284
          ],
          [
            75.30164,
            25.55725
          ],
          [
            75.30173,
            25.5571
          ],
          [
            75.3027,
            25.55626
          ],
          [
            75.30505,
            25.5544
          ],
          [
            75.30623,
            25.55332
          ],
          [
            75.30657,
            25.55294
          ],
          [
            75.30727,
            25.55193
          ],
          [
            75.30755,
            25.55149
          ],
          [
            75.30812,
            25.55063
          ],
          [
            75.30842,
            25.55013
          ],
          [
            75.30913,
            25.54909
          ],
          [
            75.30998,
            25.54775
          ],
          [
            75.3102,
            25.54752
          ],
          [
            75.31237,
            25.54619
          ],
          [
            75.31397,
            25.54527
          ],
          [
            75.3147,
            25.54488
          ],
          [
            75.31497,
            25.54464
          ],
          [
            75.31579,
            25.5436
          ],
          [
            75.31621,
            25.54287
          ],
          [
            75.31639,
            25.54248
          ],
          [
            75.31655,
            25.54191
          ],
          [
            75.31661,
            25.54161
          ],
          [
            75.31693,
            25.54039
          ],
          [
            75.31717,
            25.53969
          ],
          [
            75.31745,
            25.53845
          ],
          [
            75.31753,
            25.53789
          ],
          [
            75.3176,
            25.53761
          ],
          [
            75.31763,
            25.53691
          ],
          [
            75.31783,
            25.53614
          ],
          [
            75.31788,
            25.53567
          ],
          [
            75.31798,
            25.53545
          ],
          [
            75.31817,
            25.5351
          ],
          [
            75.31853,
            25.53455
          ],
          [
            75.31896,
            25.53387
          ],
          [
            75.31945,
            25.5332
          ],
          [
            75.31969,
            25.53274
          ],
          [
            75.31986,
            25.53244
          ],
          [
            75.31997,
            25.5321
          ],
          [
            75.32003,
            25.53172
          ],
          [
            75.32002,
            25.53154
          ],
          [
            75.32,
            25.5309
          ],
          [
            75.31992,
            25.53006
          ],
          [
            75.3198,
            25.52944
          ],
          [
            75.31976,
            25.52891
          ],
          [
            75.31963,
            25.52799
          ],
          [
            75.31946,
            25.52597
          ],
          [
            75.31917,
            25.52409
          ],
          [
            75.31893,
            25.5232
          ],
          [
            75.31879,
            25.5226
          ],
          [
            75.31873,
            25.52221
          ],
          [
            75.31843,
            25.52055
          ],
          [
            75.31834,
            25.52014
          ],
          [
            75.31821,
            25.5193
          ],
          [
            75.31808,
            25.5189
          ],
          [
            75.31803,
            25.51865
          ],
          [
            75.31778,
            25.51797
          ],
          [
            75.31759,
            25.51751
          ],
          [
            75.31747,
            25.51723
          ],
          [
            75.31638,
            25.51544
          ],
          [
            75.31621,
            25.51509
          ],
          [
            75.31615,
            25.51494
          ],
          [
            75.31602,
            25.51456
          ],
          [
            75.31598,
            25.51432
          ],
          [
            75.31594,
            25.51393
          ],
          [
            75.31596,
            25.51342
          ],
          [
            75.31622,
            25.51167
          ],
          [
            75.3162,
            25.51116
          ],
          [
            75.31613,
            25.51074
          ],
          [
            75.31561,
            25.50937
          ],
          [
            75.31548,
            25.50875
          ],
          [
            75.31553,
            25.50778
          ],
          [
            75.31553,
            25.50506
          ],
          [
            75.31558,
            25.50201
          ],
          [
            75.31561,
            25.50076
          ],
          [
            75.31567,
            25.49976
          ],
          [
            75.31574,
            25.49895
          ],
          [
            75.31564,
            25.4985
          ],
          [
            75.31552,
            25.49803
          ],
          [
            75.31473,
            25.49622
          ],
          [
            75.31404,
            25.49397
          ],
          [
            75.31378,
            25.49303
          ],
          [
            75.31363,
            25.49254
          ],
          [
            75.31351,
            25.49192
          ],
          [
            75.31341,
            25.49141
          ],
          [
            75.31322,
            25.49002
          ],
          [
            75.31327,
            25.48806
          ],
          [
            75.31347,
            25.48537
          ],
          [
            75.31343,
            25.4829
          ],
          [
            75.31351,
            25.48039
          ],
          [
            75.31394,
            25.47896
          ],
          [
            75.31438,
            25.47761
          ],
          [
            75.31544,
            25.47431
          ],
          [
            75.31557,
            25.47388
          ],
          [
            75.31563,
            25.47357
          ],
          [
            75.31576,
            25.47326
          ],
          [
            75.3159,
            25.47296
          ],
          [
            75.31611,
            25.47259
          ],
          [
            75.3164,
            25.47214
          ],
          [
            75.31669,
            25.47177
          ],
          [
            75.3171,
            25.47133
          ],
          [
            75.31738,
            25.47117
          ],
          [
            75.31776,
            25.47092
          ],
          [
            75.31834,
            25.47059
          ],
          [
            75.31874,
            25.47028
          ],
          [
            75.31904,
            25.47001
          ],
          [
            75.31945,
            25.4694
          ],
          [
            75.31982,
            25.46844
          ],
          [
            75.32002,
            25.46738
          ],
          [
            75.31999,
            25.46676
          ],
          [
            75.31977,
            25.46612
          ],
          [
            75.31956,
            25.46545
          ],
          [
            75.31935,
            25.4649
          ],
          [
            75.31897,
            25.46403
          ],
          [
            75.31758,
            25.46132
          ],
          [
            75.31714,
            25.46052
          ],
          [
            75.31686,
            25.4598
          ],
          [
            75.31676,
            25.45935
          ],
          [
            75.31675,
            25.45903
          ],
          [
            75.31678,
            25.45871
          ],
          [
            75.31693,
            25.45791
          ],
          [
            75.31717,
            25.45735
          ],
          [
            75.31761,
            25.45666
          ],
          [
            75.31869,
            25.45574
          ],
          [
            75.31969,
            25.45499
          ],
          [
            75.31986,
            25.45484
          ],
          [
            75.32032,
            25.45438
          ],
          [
            75.32069,
            25.45405
          ],
          [
            75.32162,
            25.45325
          ],
          [
            75.32257,
            25.45239
          ],
          [
            75.32341,
            25.45158
          ],
          [
            75.32335,
            25.45123
          ],
          [
            75.32309,
            25.44847
          ],
          [
            75.32291,
            25.44582
          ],
          [
            75.32262,
            25.44306
          ],
          [
            75.32266,
            25.44254
          ],
          [
            75.32411,
            25.43694
          ],
          [
            75.32459,
            25.43518
          ],
          [
            75.32517,
            25.43277
          ],
          [
            75.32578,
            25.4306
          ],
          [
            75.32649,
            25.4268
          ],
          [
            75.32679,
            25.42518
          ],
          [
            75.3271,
            25.42363
          ],
          [
            75.32732,
            25.4227
          ],
          [
            75.32766,
            25.42087
          ],
          [
            75.32797,
            25.41841
          ],
          [
            75.32851,
            25.41569
          ],
          [
            75.32885,
            25.4141
          ],
          [
            75.32899,
            25.41286
          ],
          [
            75.32883,
            25.41038
          ],
          [
            75.32849,
            25.40678
          ],
          [
            75.32856,
            25.40631
          ],
          [
            75.32917,
            25.40535
          ],
          [
            75.33045,
            25.4034
          ],
          [
            75.33186,
            25.40134
          ],
          [
            75.33232,
            25.40082
          ],
          [
            75.33257,
            25.40034
          ],
          [
            75.33271,
            25.39867
          ],
          [
            75.33265,
            25.39826
          ],
          [
            75.33195,
            25.39777
          ],
          [
            75.32996,
            25.39719
          ],
          [
            75.32951,
            25.39695
          ],
          [
            75.32879,
            25.39668
          ],
          [
            75.32756,
            25.39643
          ],
          [
            75.32705,
            25.39627
          ],
          [
            75.32582,
            25.39551
          ],
          [
            75.32401,
            25.39431
          ],
          [
            75.32371,
            25.39404
          ],
          [
            75.32361,
            25.39387
          ],
          [
            75.32358,
            25.39348
          ],
          [
            75.32359,
            25.39291
          ],
          [
            75.32447,
            25.38867
          ],
          [
            75.32448,
            25.3883
          ],
          [
            75.32435,
            25.38795
          ],
          [
            75.32407,
            25.38756
          ],
          [
            75.32282,
            25.38665
          ],
          [
            75.321,
            25.38559
          ],
          [
            75.31896,
            25.38449
          ],
          [
            75.31693,
            25.38362
          ],
          [
            75.31575,
            25.38287
          ],
          [
            75.31569,
            25.38274
          ],
          [
            75.31564,
            25.38261
          ],
          [
            75.31577,
            25.38216
          ],
          [
            75.3179,
            25.37704
          ],
          [
            75.31843,
            25.37553
          ],
          [
            75.31865,
            25.37496
          ],
          [
            75.3187,
            25.3739
          ],
          [
            75.31868,
            25.37324
          ],
          [
            75.31863,
            25.37304
          ],
          [
            75.31857,
            25.37282
          ],
          [
            75.31827,
            25.37247
          ],
          [
            75.31579,
            25.36994
          ],
          [
            75.31359,
            25.36725
          ],
          [
            75.31249,
            25.36599
          ],
          [
            75.31232,
            25.36558
          ],
          [
            75.31218,
            25.36508
          ],
          [
            75.31167,
            25.36201
          ],
          [
            75.31132,
            25.36152
          ],
          [
            75.30985,
            25.35988
          ],
          [
            75.30918,
            25.35918
          ],
          [
            75.30884,
            25.35862
          ],
          [
            75.30867,
            25.35822
          ],
          [
            75.30867,
            25.35814
          ],
          [
            75.30871,
            25.35779
          ],
          [
            75.30952,
            25.35555
          ],
          [
            75.3095,
            25.35455
          ],
          [
            75.30992,
            25.35219
          ],
          [
            75.30991,
            25.35184
          ],
          [
            75.30972,
            25.35006
          ],
          [
            75.3093,
            25.34714
          ],
          [
            75.30896,
            25.34452
          ],
          [
            75.30883,
            25.34331
          ],
          [
            75.30849,
            25.3424
          ],
          [
            75.30839,
            25.34214
          ],
          [
            75.30793,
            25.34089
          ],
          [
            75.30754,
            25.33992
          ],
          [
            75.30693,
            25.33929
          ],
          [
            75.30638,
            25.33866
          ],
          [
            75.30626,
            25.33842
          ],
          [
            75.30625,
            25.33798
          ],
          [
            75.30647,
            25.33725
          ],
          [
            75.30663,
            25.33687
          ],
          [
            75.30787,
            25.33557
          ],
          [
            75.30807,
            25.33531
          ],
          [
            75.30819,
            25.3349
          ],
          [
            75.30813,
            25.33443
          ],
          [
            75.3076,
            25.33354
          ],
          [
            75.30703,
            25.33167
          ],
          [
            75.30663,
            25.33024
          ],
          [
            75.30637,
            25.32975
          ],
          [
            75.30598,
            25.32914
          ],
          [
            75.30419,
            25.32495
          ],
          [
            75.30355,
            25.3227
          ],
          [
            75.30329,
            25.32185
          ],
          [
            75.30326,
            25.32158
          ],
          [
            75.30331,
            25.32131
          ],
          [
            75.30392,
            25.32019
          ],
          [
            75.30417,
            25.31967
          ],
          [
            75.30454,
            25.31859
          ],
          [
            75.30481,
            25.31782
          ],
          [
            75.30508,
            25.3169
          ],
          [
            75.3053,
            25.31576
          ],
          [
            75.30534,
            25.3149
          ],
          [
            75.30556,
            25.31317
          ],
          [
            75.30583,
            25.31216
          ],
          [
            75.30597,
            25.31149
          ],
          [
            75.30601,
            25.30582
          ],
          [
            75.30576,
            25.30322
          ],
          [
            75.30565,
            25.30145
          ],
          [
            75.30568,
            25.30115
          ],
          [
            75.30604,
            25.30071
          ],
          [
            75.3068,
            25.2999
          ],
          [
            75.30701,
            25.29961
          ],
          [
            75.30721,
            25.29907
          ],
          [
            75.30715,
            25.29874
          ],
          [
            75.3052,
            25.29492
          ],
          [
            75.30714,
            25.29403
          ],
          [
            75.30733,
            25.29385
          ],
          [
            75.30758,
            25.29313
          ],
          [
            75.30792,
            25.29236
          ],
          [
            75.30979,
            25.29045
          ],
          [
            75.31121,
            25.28903
          ],
          [
            75.31253,
            25.28769
          ],
          [
            75.31582,
            25.28616
          ],
          [
            75.31635,
            25.28583
          ],
          [
            75.31699,
            25.28516
          ],
          [
            75.31759,
            25.28439
          ],
          [
            75.31845,
            25.28326
          ],
          [
            75.31915,
            25.28188
          ],
          [
            75.32006,
            25.27997
          ],
          [
            75.32112,
            25.27827
          ],
          [
            75.32166,
            25.27754
          ],
          [
            75.32189,
            25.27705
          ],
          [
            75.32187,
            25.27677
          ],
          [
            75.3219,
            25.27594
          ],
          [
            75.32174,
            25.27499
          ],
          [
            75.3217,
            25.2744
          ],
          [
            75.32244,
            25.2721
          ],
          [
            75.32261,
            25.27163
          ],
          [
            75.32282,
            25.27142
          ],
          [
            75.32363,
            25.27074
          ],
          [
            75.32398,
            25.27059
          ],
          [
            75.32462,
            25.27046
          ],
          [
            75.32502,
            25.2703
          ],
          [
            75.32888,
            25.26764
          ],
          [
            75.33139,
            25.26605
          ],
          [
            75.33204,
            25.26549
          ],
          [
            75.33783,
            25.25839
          ],
          [
            75.34025,
            25.25554
          ],
          [
            75.34299,
            25.25237
          ],
          [
            75.34403,
            25.25113
          ],
          [
            75.34404,
            25.25092
          ],
          [
            75.34401,
            25.25071
          ],
          [
            75.34388,
            25.25042
          ],
          [
            75.34371,
            25.25019
          ],
          [
            75.34329,
            25.24989
          ],
          [
            75.3422,
            25.24917
          ],
          [
            75.34197,
            25.24896
          ],
          [
            75.3419,
            25.24886
          ],
          [
            75.34188,
            25.24876
          ],
          [
            75.34189,
            25.24863
          ],
          [
            75.34194,
            25.24856
          ],
          [
            75.34213,
            25.24841
          ],
          [
            75.3441,
            25.24795
          ],
          [
            75.34459,
            25.24776
          ],
          [
            75.345,
            25.24762
          ],
          [
            75.34527,
            25.24764
          ],
          [
            75.34545,
            25.24775
          ],
          [
            75.34558,
            25.24798
          ],
          [
            75.34566,
            25.24815
          ],
          [
            75.34582,
            25.24831
          ],
          [
            75.34603,
            25.24838
          ],
          [
            75.34636,
            25.24836
          ],
          [
            75.34658,
            25.24822
          ],
          [
            75.34675,
            25.24796
          ],
          [
            75.34682,
            25.24768
          ],
          [
            75.34663,
            25.24719
          ],
          [
            75.34598,
            25.24615
          ],
          [
            75.34541,
            25.24528
          ],
          [
            75.34383,
            25.24272
          ],
          [
            75.3416,
            25.23908
          ],
          [
            75.33856,
            25.23437
          ],
          [
            75.33813,
            25.23346
          ],
          [
            75.33802,
            25.23274
          ],
          [
            75.33805,
            25.23211
          ],
          [
            75.33852,
            25.23008
          ],
          [
            75.33912,
            25.22806
          ],
          [
            75.33916,
            25.22765
          ],
          [
            75.33917,
            25.22718
          ],
          [
            75.33843,
            25.22459
          ],
          [
            75.33729,
            25.22121
          ],
          [
            75.33652,
            25.21899
          ],
          [
            75.33624,
            25.21834
          ],
          [
            75.33579,
            25.21761
          ],
          [
            75.33146,
            25.21082
          ],
          [
            75.33066,
            25.20933
          ],
          [
            75.32998,
            25.20768
          ],
          [
            75.32986,
            25.20719
          ],
          [
            75.3298,
            25.20652
          ],
          [
            75.33022,
            25.20482
          ],
          [
            75.33031,
            25.20014
          ],
          [
            75.3304,
            25.19791
          ],
          [
            75.33048,
            25.19757
          ],
          [
            75.33088,
            25.19658
          ],
          [
            75.3315,
            25.19528
          ],
          [
            75.33172,
            25.19467
          ],
          [
            75.33179,
            25.19431
          ],
          [
            75.33175,
            25.19395
          ],
          [
            75.33079,
            25.19076
          ],
          [
            75.33057,
            25.19013
          ],
          [
            75.32908,
            25.18715
          ],
          [
            75.3281,
            25.18528
          ],
          [
            75.3272,
            25.1833
          ],
          [
            75.32643,
            25.18066
          ],
          [
            75.32595,
            25.17909
          ],
          [
            75.32567,
            25.17795
          ],
          [
            75.32566,
            25.17707
          ],
          [
            75.32572,
            25.17619
          ],
          [
            75.32588,
            25.17549
          ],
          [
            75.32618,
            25.17462
          ],
          [
            75.32651,
            25.17404
          ],
          [
            75.32831,
            25.17133
          ],
          [
            75.32953,
            25.16946
          ],
          [
            75.32989,
            25.16879
          ],
          [
            75.3301,
            25.16817
          ],
          [
            75.33021,
            25.1674
          ],
          [
            75.33023,
            25.16638
          ],
          [
            75.33026,
            25.16445
          ],
          [
            75.33029,
            25.1634
          ],
          [
            75.33039,
            25.16108
          ],
          [
            75.3304,
            25.16002
          ],
          [
            75.33062,
            25.15934
          ],
          [
            75.33108,
            25.15853
          ],
          [
            75.33123,
            25.15826
          ],
          [
            75.33173,
            25.15761
          ],
          [
            75.3329,
            25.15689
          ],
          [
            75.33349,
            25.15644
          ],
          [
            75.3336,
            25.15626
          ],
          [
            75.33375,
            25.15595
          ],
          [
            75.33388,
            25.15519
          ],
          [
            75.33396,
            25.15431
          ],
          [
            75.33355,
            25.15258
          ],
          [
            75.33251,
            25.14866
          ],
          [
            75.33244,
            25.14857
          ],
          [
            75.33236,
            25.14818
          ],
          [
            75.33218,
            25.14759
          ],
          [
            75.33199,
            25.14668
          ],
          [
            75.33185,
            25.14614
          ],
          [
            75.33188,
            25.14569
          ],
          [
            75.33206,
            25.14525
          ],
          [
            75.33243,
            25.14475
          ],
          [
            75.33343,
            25.14372
          ],
          [
            75.33484,
            25.14223
          ],
          [
            75.33634,
            25.14055
          ],
          [
            75.33686,
            25.13989
          ],
          [
            75.33719,
            25.13922
          ],
          [
            75.33729,
            25.13884
          ],
          [
            75.33772,
            25.1363
          ],
          [
            75.33808,
            25.13438
          ],
          [
            75.33828,
            25.13364
          ],
          [
            75.33889,
            25.13183
          ],
          [
            75.33905,
            25.13121
          ],
          [
            75.33917,
            25.1305
          ],
          [
            75.33922,
            25.13002
          ],
          [
            75.33903,
            25.12815
          ],
          [
            75.33996,
            25.12785
          ],
          [
            75.3412,
            25.12737
          ],
          [
            75.34442,
            25.12607
          ],
          [
            75.34769,
            25.12484
          ],
          [
            75.34808,
            25.12467
          ],
          [
            75.34845,
            25.12434
          ],
          [
            75.34858,
            25.12404
          ],
          [
            75.3487,
            25.12365
          ],
          [
            75.34881,
            25.12247
          ],
          [
            75.34883,
            25.12193
          ],
          [
            75.34956,
            25.12145
          ],
          [
            75.35044,
            25.12103
          ],
          [
            75.35174,
            25.12058
          ],
          [
            75.35212,
            25.12056
          ],
          [
            75.3525,
            25.12061
          ],
          [
            75.35307,
            25.12074
          ],
          [
            75.35375,
            25.12082
          ],
          [
            75.35426,
            25.12081
          ],
          [
            75.35446,
            25.12077
          ],
          [
            75.35488,
            25.12054
          ],
          [
            75.3572,
            25.1182
          ],
          [
            75.35763,
            25.118
          ],
          [
            75.35809,
            25.11788
          ],
          [
            75.36223,
            25.11742
          ],
          [
            75.36423,
            25.11717
          ],
          [
            75.36538,
            25.11705
          ],
          [
            75.36615,
            25.1169
          ],
          [
            75.36716,
            25.11656
          ],
          [
            75.36961,
            25.1153
          ],
          [
            75.37071,
            25.11471
          ],
          [
            75.37126,
            25.11428
          ],
          [
            75.37167,
            25.11393
          ],
          [
            75.37189,
            25.11343
          ],
          [
            75.37199,
            25.11298
          ],
          [
            75.37273,
            25.10925
          ],
          [
            75.3731,
            25.10756
          ],
          [
            75.3736,
            25.10495
          ],
          [
            75.37363,
            25.10345
          ],
          [
            75.37365,
            25.10316
          ],
          [
            75.37391,
            25.10274
          ],
          [
            75.37464,
            25.10216
          ],
          [
            75.37497,
            25.10172
          ],
          [
            75.37588,
            25.09984
          ],
          [
            75.37637,
            25.09893
          ],
          [
            75.37681,
            25.09774
          ],
          [
            75.37693,
            25.09717
          ],
          [
            75.37689,
            25.09569
          ],
          [
            75.37686,
            25.09352
          ],
          [
            75.37734,
            25.0921
          ],
          [
            75.37749,
            25.09156
          ],
          [
            75.37768,
            25.09145
          ],
          [
            75.37802,
            25.09141
          ],
          [
            75.37884,
            25.09144
          ],
          [
            75.37968,
            25.09141
          ],
          [
            75.38007,
            25.09114
          ],
          [
            75.38212,
            25.08911
          ],
          [
            75.38322,
            25.08824
          ],
          [
            75.38379,
            25.08789
          ],
          [
            75.38451,
            25.08629
          ],
          [
            75.38514,
            25.08551
          ],
          [
            75.38626,
            25.08417
          ],
          [
            75.38707,
            25.08325
          ],
          [
            75.38759,
            25.08341
          ],
          [
            75.38815,
            25.08363
          ],
          [
            75.38866,
            25.0837
          ],
          [
            75.38925,
            25.08369
          ],
          [
            75.38963,
            25.08355
          ],
          [
            75.39041,
            25.08224
          ],
          [
            75.39097,
            25.0811
          ],
          [
            75.39132,
            25.08027
          ],
          [
            75.39144,
            25.07887
          ],
          [
            75.39174,
            25.07825
          ],
          [
            75.39255,
            25.07684
          ],
          [
            75.39315,
            25.07584
          ],
          [
            75.39422,
            25.07456
          ],
          [
            75.39511,
            25.07354
          ],
          [
            75.39593,
            25.07252
          ],
          [
            75.39657,
            25.07179
          ],
          [
            75.39731,
            25.07095
          ],
          [
            75.3986,
            25.06979
          ],
          [
            75.3992,
            25.0694
          ],
          [
            75.39957,
            25.06918
          ],
          [
            75.40024,
            25.06901
          ],
          [
            75.40107,
            25.06891
          ],
          [
            75.40181,
            25.06904
          ],
          [
            75.40351,
            25.06965
          ],
          [
            75.40493,
            25.07012
          ],
          [
            75.40531,
            25.07013
          ],
          [
            75.40593,
            25.06998
          ],
          [
            75.40786,
            25.06892
          ],
          [
            75.41038,
            25.06767
          ],
          [
            75.41379,
            25.06594
          ],
          [
            75.4157,
            25.06494
          ],
          [
            75.41673,
            25.06441
          ],
          [
            75.41872,
            25.06337
          ],
          [
            75.41948,
            25.06274
          ],
          [
            75.42529,
            25.05293
          ],
          [
            75.42553,
            25.05241
          ],
          [
            75.42568,
            25.05193
          ],
          [
            75.42589,
            25.05077
          ],
          [
            75.42598,
            25.05007
          ],
          [
            75.42614,
            25.04945
          ],
          [
            75.42635,
            25.04895
          ],
          [
            75.42704,
            25.04834
          ],
          [
            75.42728,
            25.04818
          ],
          [
            75.42781,
            25.04801
          ],
          [
            75.42914,
            25.04769
          ],
          [
            75.42991,
            25.04754
          ],
          [
            75.43033,
            25.04744
          ],
          [
            75.4305,
            25.04732
          ],
          [
            75.43036,
            25.04691
          ],
          [
            75.43001,
            25.04572
          ],
          [
            75.42987,
            25.04537
          ],
          [
            75.42993,
            25.04465
          ],
          [
            75.43014,
            25.04443
          ],
          [
            75.43062,
            25.04421
          ],
          [
            75.43071,
            25.04405
          ],
          [
            75.4307,
            25.04366
          ],
          [
            75.43064,
            25.0432
          ],
          [
            75.43105,
            25.0429
          ],
          [
            75.43109,
            25.04278
          ],
          [
            75.43118,
            25.04243
          ],
          [
            75.43142,
            25.04217
          ],
          [
            75.43195,
            25.04182
          ],
          [
            75.4321,
            25.04168
          ],
          [
            75.43221,
            25.0414
          ],
          [
            75.43223,
            25.04117
          ],
          [
            75.43219,
            25.04097
          ],
          [
            75.43208,
            25.04067
          ],
          [
            75.43208,
            25.0399
          ],
          [
            75.4331,
            25.0399
          ],
          [
            75.43704,
            25.03967
          ],
          [
            75.4422,
            25.0393
          ],
          [
            75.44754,
            25.03901
          ],
          [
            75.45014,
            25.03892
          ],
          [
            75.45187,
            25.03881
          ],
          [
            75.4652,
            25.03714
          ],
          [
            75.46776,
            25.03761
          ],
          [
            75.46901,
            25.03776
          ],
          [
            75.4763,
            25.03783
          ],
          [
            75.47889,
            25.03794
          ],
          [
            75.48061,
            25.03799
          ],
          [
            75.48121,
            25.03816
          ],
          [
            75.48179,
            25.03854
          ],
          [
            75.48317,
            25.03947
          ],
          [
            75.48384,
            25.03923
          ],
          [
            75.48434,
            25.03892
          ],
          [
            75.48461,
            25.03872
          ],
          [
            75.48501,
            25.03814
          ],
          [
            75.48549,
            25.03774
          ],
          [
            75.48589,
            25.03737
          ],
          [
            75.48623,
            25.03737
          ],
          [
            75.48682,
            25.0373
          ],
          [
            75.48701,
            25.03721
          ],
          [
            75.48717,
            25.03705
          ],
          [
            75.48782,
            25.03672
          ],
          [
            75.48789,
            25.03655
          ],
          [
            75.48788,
            25.03613
          ],
          [
            75.48795,
            25.03599
          ],
          [
            75.48817,
            25.03574
          ],
          [
            75.48827,
            25.0356
          ],
          [
            75.48877,
            25.03542
          ],
          [
            75.48884,
            25.03533
          ],
          [
            75.48909,
            25.03472
          ],
          [
            75.4892,
            25.03457
          ],
          [
            75.48923,
            25.03446
          ],
          [
            75.4892,
            25.03436
          ],
          [
            75.48909,
            25.03422
          ],
          [
            75.48894,
            25.0337
          ],
          [
            75.48893,
            25.03354
          ],
          [
            75.48898,
            25.03346
          ],
          [
            75.4891,
            25.03333
          ],
          [
            75.48912,
            25.03325
          ],
          [
            75.4891,
            25.03313
          ],
          [
            75.48905,
            25.033
          ],
          [
            75.48896,
            25.03291
          ],
          [
            75.48894,
            25.03282
          ],
          [
            75.48897,
            25.03273
          ],
          [
            75.48924,
            25.03227
          ],
          [
            75.48926,
            25.03217
          ],
          [
            75.48926,
            25.03208
          ],
          [
            75.48919,
            25.03187
          ],
          [
            75.48918,
            25.03179
          ],
          [
            75.48921,
            25.0317
          ],
          [
            75.4893,
            25.03158
          ],
          [
            75.4898,
            25.03104
          ],
          [
            75.49024,
            25.03061
          ],
          [
            75.49039,
            25.03044
          ],
          [
            75.49063,
            25.02997
          ],
          [
            75.49073,
            25.02988
          ],
          [
            75.49083,
            25.02983
          ],
          [
            75.49093,
            25.02975
          ],
          [
            75.491,
            25.02963
          ],
          [
            75.49108,
            25.02937
          ],
          [
            75.49148,
            25.0288
          ],
          [
            75.49161,
            25.02872
          ],
          [
            75.49209,
            25.02855
          ],
          [
            75.49223,
            25.02847
          ],
          [
            75.49234,
            25.02836
          ],
          [
            75.49247,
            25.02814
          ],
          [
            75.49279,
            25.02748
          ],
          [
            75.49326,
            25.02709
          ],
          [
            75.49354,
            25.02683
          ],
          [
            75.49367,
            25.02666
          ],
          [
            75.49385,
            25.02625
          ],
          [
            75.49396,
            25.02605
          ],
          [
            75.49402,
            25.02584
          ],
          [
            75.49421,
            25.02559
          ],
          [
            75.49425,
            25.02545
          ],
          [
            75.49437,
            25.02518
          ],
          [
            75.49449,
            25.02496
          ],
          [
            75.49465,
            25.02471
          ],
          [
            75.49492,
            25.02441
          ],
          [
            75.49513,
            25.02406
          ],
          [
            75.49542,
            25.02363
          ],
          [
            75.4955,
            25.02353
          ],
          [
            75.49565,
            25.02341
          ],
          [
            75.49578,
            25.02336
          ],
          [
            75.49591,
            25.02333
          ],
          [
            75.49613,
            25.02326
          ],
          [
            75.49622,
            25.02315
          ],
          [
            75.49622,
            25.02307
          ],
          [
            75.49619,
            25.02299
          ],
          [
            75.49605,
            25.02285
          ],
          [
            75.49594,
            25.02277
          ],
          [
            75.49569,
            25.02271
          ],
          [
            75.49551,
            25.02266
          ],
          [
            75.49494,
            25.02233
          ],
          [
            75.49478,
            25.02218
          ],
          [
            75.49443,
            25.02158
          ],
          [
            75.49443,
            25.02145
          ],
          [
            75.49446,
            25.02144
          ],
          [
            75.49453,
            25.02144
          ],
          [
            75.49466,
            25.02161
          ],
          [
            75.49481,
            25.02175
          ],
          [
            75.49504,
            25.0219
          ],
          [
            75.49544,
            25.02205
          ],
          [
            75.49571,
            25.02213
          ],
          [
            75.49596,
            25.02214
          ],
          [
            75.49617,
            25.0221
          ],
          [
            75.49637,
            25.02202
          ],
          [
            75.49681,
            25.02176
          ],
          [
            75.49725,
            25.02144
          ],
          [
            75.49732,
            25.02133
          ],
          [
            75.49731,
            25.02128
          ],
          [
            75.49729,
            25.02127
          ],
          [
            75.49719,
            25.02125
          ],
          [
            75.49691,
            25.0213
          ],
          [
            75.49608,
            25.02137
          ],
          [
            75.49595,
            25.02134
          ],
          [
            75.49559,
            25.02115
          ],
          [
            75.49527,
            25.02103
          ],
          [
            75.4951,
            25.02092
          ],
          [
            75.49481,
            25.02048
          ],
          [
            75.49479,
            25.02039
          ],
          [
            75.49479,
            25.02011
          ],
          [
            75.49434,
            25.01948
          ],
          [
            75.49428,
            25.01934
          ],
          [
            75.49423,
            25.01894
          ],
          [
            75.49415,
            25.01871
          ],
          [
            75.49396,
            25.01836
          ],
          [
            75.49382,
            25.01814
          ],
          [
            75.4937,
            25.01774
          ],
          [
            75.49362,
            25.01755
          ],
          [
            75.49341,
            25.01735
          ],
          [
            75.49325,
            25.01728
          ],
          [
            75.493,
            25.01708
          ],
          [
            75.49299,
            25.01694
          ],
          [
            75.49294,
            25.01671
          ],
          [
            75.49281,
            25.01654
          ],
          [
            75.49194,
            25.01578
          ],
          [
            75.49185,
            25.01566
          ],
          [
            75.49177,
            25.01547
          ],
          [
            75.49169,
            25.01519
          ],
          [
            75.49157,
            25.01503
          ],
          [
            75.49131,
            25.01475
          ],
          [
            75.49111,
            25.01448
          ],
          [
            75.49101,
            25.01439
          ],
          [
            75.49089,
            25.01435
          ],
          [
            75.49052,
            25.01414
          ],
          [
            75.49014,
            25.01385
          ],
          [
            75.48967,
            25.01343
          ],
          [
            75.48939,
            25.01328
          ],
          [
            75.48899,
            25.01302
          ],
          [
            75.48857,
            25.0129
          ],
          [
            75.48835,
            25.01277
          ],
          [
            75.488,
            25.01259
          ],
          [
            75.48765,
            25.01237
          ],
          [
            75.48747,
            25.01224
          ],
          [
            75.48722,
            25.01203
          ],
          [
            75.48684,
            25.01175
          ],
          [
            75.48652,
            25.01148
          ],
          [
            75.48636,
            25.01131
          ],
          [
            75.48604,
            25.01088
          ],
          [
            75.48553,
            25.01034
          ],
          [
            75.48527,
            25.0101
          ],
          [
            75.48481,
            25.0096
          ],
          [
            75.48469,
            25.00946
          ],
          [
            75.48464,
            25.00934
          ],
          [
            75.48432,
            25.00912
          ],
          [
            75.48401,
            25.0087
          ],
          [
            75.48344,
            25.00814
          ],
          [
            75.48314,
            25.0078
          ],
          [
            75.48281,
            25.00729
          ],
          [
            75.48263,
            25.00705
          ],
          [
            75.48186,
            25.00609
          ],
          [
            75.48165,
            25.00579
          ],
          [
            75.48135,
            25.00558
          ],
          [
            75.48121,
            25.00546
          ],
          [
            75.48106,
            25.00527
          ],
          [
            75.48098,
            25.00508
          ],
          [
            75.48095,
            25.00489
          ],
          [
            75.48098,
            25.00478
          ],
          [
            75.48098,
            25.00467
          ],
          [
            75.48092,
            25.00459
          ],
          [
            75.4808,
            25.00448
          ],
          [
            75.48066,
            25.00438
          ],
          [
            75.48055,
            25.00434
          ],
          [
            75.48041,
            25.00435
          ],
          [
            75.48023,
            25.00428
          ],
          [
            75.47973,
            25.00392
          ],
          [
            75.47926,
            25.00352
          ],
          [
            75.47845,
            25.003
          ],
          [
            75.47813,
            25.00287
          ],
          [
            75.47757,
            25.00253
          ],
          [
            75.47726,
            25.00224
          ],
          [
            75.47636,
            25.00182
          ],
          [
            75.47614,
            25.0017
          ],
          [
            75.47604,
            25.00167
          ],
          [
            75.47599,
            25.00163
          ],
          [
            75.47596,
            25.00145
          ],
          [
            75.4759,
            25.00137
          ],
          [
            75.47584,
            25.00133
          ],
          [
            75.47545,
            25.00123
          ],
          [
            75.47509,
            25.00066
          ],
          [
            75.47504,
            25.00052
          ],
          [
            75.47504,
            25.00034
          ],
          [
            75.47498,
            25.00014
          ],
          [
            75.47498,
            25.00003
          ],
          [
            75.475,
            24.99997
          ],
          [
            75.47504,
            24.99993
          ],
          [
            75.47534,
            24.99984
          ],
          [
            75.47553,
            24.99982
          ],
          [
            75.47565,
            24.99981
          ],
          [
            75.47593,
            24.99989
          ],
          [
            75.47612,
            24.99991
          ],
          [
            75.4762,
            24.9999
          ],
          [
            75.4763,
            24.99984
          ],
          [
            75.47634,
            24.99972
          ],
          [
            75.4764,
            24.99927
          ],
          [
            75.47664,
            24.99856
          ],
          [
            75.47653,
            24.99714
          ],
          [
            75.47659,
            24.99612
          ],
          [
            75.47666,
            24.99578
          ],
          [
            75.47668,
            24.99475
          ],
          [
            75.47668,
            24.99355
          ],
          [
            75.47677,
            24.99285
          ],
          [
            75.47687,
            24.99242
          ],
          [
            75.47705,
            24.99178
          ],
          [
            75.47755,
            24.99019
          ],
          [
            75.47803,
            24.98855
          ],
          [
            75.47829,
            24.98777
          ],
          [
            75.47862,
            24.98699
          ],
          [
            75.47911,
            24.98595
          ],
          [
            75.4793,
            24.98568
          ],
          [
            75.4795,
            24.98545
          ],
          [
            75.47969,
            24.98537
          ],
          [
            75.4802,
            24.98525
          ],
          [
            75.48061,
            24.98508
          ],
          [
            75.48083,
            24.98495
          ],
          [
            75.48182,
            24.98404
          ],
          [
            75.4819,
            24.98393
          ],
          [
            75.48194,
            24.98371
          ],
          [
            75.48184,
            24.98347
          ],
          [
            75.48174,
            24.98331
          ],
          [
            75.48136,
            24.98292
          ],
          [
            75.48124,
            24.98268
          ],
          [
            75.48094,
            24.98198
          ],
          [
            75.48099,
            24.98124
          ],
          [
            75.48098,
            24.98093
          ],
          [
            75.48101,
            24.98084
          ],
          [
            75.48119,
            24.98055
          ],
          [
            75.4812,
            24.98043
          ],
          [
            75.48112,
            24.98018
          ],
          [
            75.48113,
            24.98003
          ],
          [
            75.48116,
            24.97995
          ],
          [
            75.48185,
            24.97941
          ],
          [
            75.4821,
            24.97918
          ],
          [
            75.4822,
            24.97906
          ],
          [
            75.48226,
            24.97892
          ],
          [
            75.48228,
            24.97868
          ],
          [
            75.48227,
            24.97815
          ],
          [
            75.48236,
            24.97766
          ],
          [
            75.48241,
            24.97715
          ],
          [
            75.48262,
            24.97591
          ],
          [
            75.48276,
            24.97556
          ],
          [
            75.48299,
            24.97517
          ],
          [
            75.48313,
            24.97485
          ],
          [
            75.48332,
            24.97426
          ],
          [
            75.48343,
            24.97396
          ],
          [
            75.48354,
            24.97374
          ],
          [
            75.48358,
            24.97376
          ],
          [
            75.4878,
            24.97666
          ],
          [
            75.48848,
            24.97704
          ],
          [
            75.49048,
            24.97766
          ],
          [
            75.49098,
            24.97802
          ],
          [
            75.49197,
            24.97914
          ],
          [
            75.4936,
            24.98036
          ],
          [
            75.49403,
            24.98072
          ],
          [
            75.49415,
            24.98103
          ],
          [
            75.49426,
            24.98149
          ],
          [
            75.4945,
            24.98182
          ],
          [
            75.49508,
            24.98213
          ],
          [
            75.49553,
            24.98228
          ],
          [
            75.49593,
            24.98226
          ],
          [
            75.49622,
            24.98218
          ],
          [
            75.49649,
            24.9822
          ],
          [
            75.49676,
            24.98235
          ],
          [
            75.4974,
            24.98301
          ],
          [
            75.49812,
            24.98372
          ],
          [
            75.49852,
            24.9838
          ],
          [
            75.49945,
            24.98376
          ],
          [
            75.49989,
            24.98371
          ],
          [
            75.50105,
            24.98392
          ],
          [
            75.50215,
            24.98406
          ],
          [
            75.50309,
            24.98412
          ],
          [
            75.50363,
            24.98406
          ],
          [
            75.50453,
            24.98369
          ],
          [
            75.50485,
            24.98351
          ],
          [
            75.50527,
            24.98331
          ],
          [
            75.50568,
            24.98326
          ],
          [
            75.50698,
            24.98325
          ],
          [
            75.50844,
            24.98337
          ],
          [
            75.51226,
            24.98308
          ],
          [
            75.51392,
            24.98315
          ],
          [
            75.51484,
            24.9832
          ],
          [
            75.51516,
            24.98328
          ],
          [
            75.51536,
            24.98341
          ],
          [
            75.51633,
            24.98428
          ],
          [
            75.51719,
            24.98511
          ],
          [
            75.51758,
            24.98558
          ],
          [
            75.51814,
            24.98659
          ],
          [
            75.51887,
            24.98776
          ],
          [
            75.5192,
            24.98824
          ],
          [
            75.51945,
            24.98841
          ],
          [
            75.52013,
            24.98867
          ],
          [
            75.52299,
            24.98961
          ],
          [
            75.52377,
            24.98984
          ],
          [
            75.52396,
            24.98994
          ],
          [
            75.52428,
            24.99026
          ],
          [
            75.5252,
            24.99127
          ],
          [
            75.52546,
            24.99151
          ],
          [
            75.52556,
            24.99155
          ],
          [
            75.52568,
            24.99152
          ],
          [
            75.52581,
            24.99135
          ],
          [
            75.52595,
            24.99102
          ],
          [
            75.52674,
            24.98958
          ],
          [
            75.5279,
            24.98813
          ],
          [
            75.52859,
            24.98756
          ],
          [
            75.52883,
            24.9874
          ],
          [
            75.52902,
            24.98717
          ],
          [
            75.52912,
            24.98696
          ],
          [
            75.52895,
            24.98502
          ],
          [
            75.52879,
            24.98393
          ],
          [
            75.52879,
            24.98342
          ],
          [
            75.52894,
            24.98272
          ],
          [
            75.52939,
            24.98164
          ],
          [
            75.52985,
            24.98085
          ],
          [
            75.53283,
            24.9773
          ],
          [
            75.53437,
            24.97583
          ],
          [
            75.53487,
            24.97543
          ],
          [
            75.53582,
            24.9747
          ],
          [
            75.53647,
            24.97422
          ],
          [
            75.53691,
            24.97401
          ],
          [
            75.53722,
            24.9739
          ],
          [
            75.53795,
            24.97371
          ],
          [
            75.53839,
            24.97365
          ],
          [
            75.53932,
            24.97359
          ],
          [
            75.54088,
            24.97357
          ],
          [
            75.54137,
            24.97348
          ],
          [
            75.54202,
            24.97321
          ],
          [
            75.54261,
            24.9729
          ],
          [
            75.5431,
            24.9727
          ],
          [
            75.54463,
            24.97247
          ],
          [
            75.54639,
            24.97229
          ],
          [
            75.54816,
            24.97197
          ],
          [
            75.54837,
            24.97201
          ],
          [
            75.54864,
            24.97223
          ],
          [
            75.54866,
            24.97242
          ],
          [
            75.54884,
            24.97318
          ],
          [
            75.54889,
            24.97354
          ],
          [
            75.54898,
            24.97371
          ],
          [
            75.54916,
            24.97382
          ],
          [
            75.54956,
            24.97391
          ],
          [
            75.55004,
            24.974
          ],
          [
            75.5506,
            24.97398
          ],
          [
            75.55108,
            24.9739
          ],
          [
            75.55197,
            24.97321
          ],
          [
            75.55231,
            24.97292
          ],
          [
            75.55255,
            24.97267
          ],
          [
            75.55264,
            24.97249
          ],
          [
            75.5527,
            24.97223
          ],
          [
            75.55264,
            24.9717
          ],
          [
            75.55248,
            24.97096
          ],
          [
            75.55248,
            24.97074
          ],
          [
            75.55281,
            24.96979
          ],
          [
            75.55318,
            24.9689
          ],
          [
            75.55336,
            24.96871
          ],
          [
            75.55366,
            24.96848
          ],
          [
            75.55388,
            24.96838
          ],
          [
            75.55451,
            24.9683
          ],
          [
            75.55459,
            24.96833
          ],
          [
            75.55465,
            24.96844
          ],
          [
            75.55464,
            24.96865
          ],
          [
            75.55458,
            24.96883
          ],
          [
            75.55453,
            24.96911
          ],
          [
            75.55459,
            24.9693
          ],
          [
            75.55466,
            24.96936
          ],
          [
            75.55497,
            24.96942
          ],
          [
            75.55548,
            24.96943
          ],
          [
            75.55585,
            24.96933
          ],
          [
            75.55627,
            24.96906
          ],
          [
            75.55656,
            24.96881
          ],
          [
            75.55721,
            24.96777
          ],
          [
            75.55733,
            24.96752
          ],
          [
            75.55728,
            24.96709
          ],
          [
            75.55706,
            24.96594
          ],
          [
            75.55705,
            24.96566
          ],
          [
            75.55713,
            24.9654
          ],
          [
            75.55749,
            24.96488
          ],
          [
            75.55958,
            24.96205
          ],
          [
            75.56039,
            24.96102
          ],
          [
            75.56064,
            24.96062
          ],
          [
            75.56077,
            24.96033
          ],
          [
            75.56075,
            24.95986
          ],
          [
            75.56055,
            24.95868
          ],
          [
            75.56037,
            24.95774
          ],
          [
            75.56028,
            24.95699
          ],
          [
            75.56026,
            24.95655
          ],
          [
            75.56052,
            24.95188
          ],
          [
            75.56055,
            24.95168
          ],
          [
            75.56063,
            24.95138
          ],
          [
            75.56102,
            24.95068
          ],
          [
            75.56128,
            24.95028
          ],
          [
            75.56148,
            24.95004
          ],
          [
            75.56171,
            24.94982
          ],
          [
            75.56346,
            24.94873
          ],
          [
            75.56583,
            24.94733
          ],
          [
            75.56871,
            24.94636
          ],
          [
            75.56958,
            24.94609
          ],
          [
            75.57013,
            24.94588
          ],
          [
            75.5705,
            24.94567
          ],
          [
            75.57078,
            24.94541
          ],
          [
            75.571,
            24.9451
          ],
          [
            75.57113,
            24.94488
          ],
          [
            75.57121,
            24.94471
          ],
          [
            75.5718,
            24.94131
          ],
          [
            75.57244,
            24.93747
          ],
          [
            75.57249,
            24.93726
          ],
          [
            75.57255,
            24.93715
          ],
          [
            75.57274,
            24.93712
          ],
          [
            75.57437,
            24.93717
          ],
          [
            75.57514,
            24.93725
          ],
          [
            75.5757,
            24.93728
          ],
          [
            75.57917,
            24.93703
          ],
          [
            75.5797,
            24.937
          ],
          [
            75.58284,
            24.93677
          ],
          [
            75.58483,
            24.93666
          ],
          [
            75.58538,
            24.93669
          ],
          [
            75.58578,
            24.93678
          ],
          [
            75.58594,
            24.93683
          ],
          [
            75.58629,
            24.93696
          ],
          [
            75.58675,
            24.93708
          ],
          [
            75.58685,
            24.937
          ],
          [
            75.58705,
            24.93681
          ],
          [
            75.58761,
            24.93651
          ],
          [
            75.58807,
            24.93632
          ],
          [
            75.5894,
            24.93564
          ],
          [
            75.58969,
            24.93549
          ],
          [
            75.59081,
            24.93494
          ],
          [
            75.59096,
            24.93474
          ],
          [
            75.59111,
            24.9344
          ],
          [
            75.59116,
            24.93379
          ],
          [
            75.59119,
            24.93341
          ],
          [
            75.59125,
            24.93274
          ],
          [
            75.59119,
            24.93251
          ],
          [
            75.59078,
            24.93183
          ],
          [
            75.59067,
            24.93156
          ],
          [
            75.59065,
            24.93133
          ],
          [
            75.59065,
            24.93116
          ],
          [
            75.59069,
            24.93101
          ],
          [
            75.59072,
            24.93087
          ],
          [
            75.59087,
            24.93061
          ],
          [
            75.59122,
            24.93039
          ],
          [
            75.59169,
            24.93026
          ],
          [
            75.59227,
            24.93017
          ],
          [
            75.59266,
            24.9301
          ],
          [
            75.59312,
            24.9301
          ],
          [
            75.59352,
            24.93003
          ],
          [
            75.59385,
            24.92999
          ],
          [
            75.59456,
            24.92991
          ],
          [
            75.59529,
            24.92991
          ],
          [
            75.5958,
            24.92995
          ],
          [
            75.59651,
            24.93024
          ],
          [
            75.5981,
            24.93097
          ],
          [
            75.60044,
            24.93216
          ],
          [
            75.60331,
            24.93387
          ],
          [
            75.60543,
            24.93514
          ],
          [
            75.60554,
            24.93521
          ],
          [
            75.60573,
            24.93532
          ],
          [
            75.60631,
            24.93552
          ],
          [
            75.60714,
            24.93565
          ],
          [
            75.61158,
            24.93598
          ],
          [
            75.61199,
            24.936
          ],
          [
            75.61205,
            24.936
          ],
          [
            75.61267,
            24.93591
          ],
          [
            75.61335,
            24.93577
          ],
          [
            75.61398,
            24.93564
          ],
          [
            75.61553,
            24.93531
          ],
          [
            75.61664,
            24.93507
          ],
          [
            75.61672,
            24.93505
          ],
          [
            75.61712,
            24.93497
          ],
          [
            75.61742,
            24.9349
          ],
          [
            75.61786,
            24.93481
          ],
          [
            75.61819,
            24.93474
          ],
          [
            75.61925,
            24.93451
          ],
          [
            75.61936,
            24.93448
          ],
          [
            75.62002,
            24.93423
          ],
          [
            75.6208,
            24.93379
          ],
          [
            75.62153,
            24.93337
          ],
          [
            75.62175,
            24.93325
          ],
          [
            75.62214,
            24.93297
          ],
          [
            75.62234,
            24.93288
          ],
          [
            75.62251,
            24.93278
          ],
          [
            75.62309,
            24.93245
          ],
          [
            75.62341,
            24.93223
          ],
          [
            75.624,
            24.93177
          ],
          [
            75.62406,
            24.93173
          ],
          [
            75.62413,
            24.93172
          ],
          [
            75.62417,
            24.93167
          ],
          [
            75.62437,
            24.93166
          ],
          [
            75.62462,
            24.93162
          ],
          [
            75.62494,
            24.93158
          ],
          [
            75.62587,
            24.9315
          ],
          [
            75.62878,
            24.93111
          ],
          [
            75.62901,
            24.93111
          ],
          [
            75.62915,
            24.93116
          ],
          [
            75.63019,
            24.93207
          ],
          [
            75.63069,
            24.93246
          ],
          [
            75.63079,
            24.93248
          ],
          [
            75.63091,
            24.93247
          ],
          [
            75.63112,
            24.93228
          ],
          [
            75.63138,
            24.93212
          ],
          [
            75.6318,
            24.93194
          ],
          [
            75.63216,
            24.9319
          ],
          [
            75.63252,
            24.93192
          ],
          [
            75.63284,
            24.93207
          ],
          [
            75.63294,
            24.93209
          ],
          [
            75.63308,
            24.93209
          ],
          [
            75.63338,
            24.93204
          ],
          [
            75.63372,
            24.93191
          ],
          [
            75.63434,
            24.93159
          ],
          [
            75.63549,
            24.93095
          ],
          [
            75.63642,
            24.93048
          ],
          [
            75.63656,
            24.93041
          ],
          [
            75.63665,
            24.93042
          ],
          [
            75.6367,
            24.93047
          ],
          [
            75.63671,
            24.93053
          ],
          [
            75.63662,
            24.9312
          ],
          [
            75.63673,
            24.93246
          ],
          [
            75.63676,
            24.9326
          ],
          [
            75.63681,
            24.93268
          ],
          [
            75.63685,
            24.93273
          ],
          [
            75.63692,
            24.93275
          ],
          [
            75.63704,
            24.9327
          ],
          [
            75.63722,
            24.93249
          ],
          [
            75.6374,
            24.93238
          ],
          [
            75.63781,
            24.93221
          ],
          [
            75.63792,
            24.93213
          ],
          [
            75.63801,
            24.93198
          ],
          [
            75.63813,
            24.93187
          ],
          [
            75.63825,
            24.9318
          ],
          [
            75.63848,
            24.93172
          ],
          [
            75.63872,
            24.93166
          ],
          [
            75.63905,
            24.93163
          ],
          [
            75.63944,
            24.93164
          ],
          [
            75.63952,
            24.93166
          ],
          [
            75.63959,
            24.93175
          ],
          [
            75.63981,
            24.93263
          ],
          [
            75.63986,
            24.93276
          ],
          [
            75.63994,
            24.93282
          ],
          [
            75.64217,
            24.93419
          ],
          [
            75.64278,
            24.93434
          ],
          [
            75.6433,
            24.93438
          ],
          [
            75.64418,
            24.93424
          ],
          [
            75.6447,
            24.93412
          ],
          [
            75.64733,
            24.9331
          ],
          [
            75.64793,
            24.93292
          ],
          [
            75.65077,
            24.93243
          ],
          [
            75.65452,
            24.93175
          ],
          [
            75.65753,
            24.93108
          ],
          [
            75.65806,
            24.931
          ],
          [
            75.65835,
            24.93098
          ],
          [
            75.65914,
            24.93116
          ],
          [
            75.6604,
            24.93149
          ],
          [
            75.66083,
            24.93157
          ],
          [
            75.66211,
            24.93174
          ],
          [
            75.66299,
            24.93182
          ],
          [
            75.66332,
            24.93181
          ],
          [
            75.66375,
            24.93172
          ],
          [
            75.66391,
            24.9317
          ],
          [
            75.66408,
            24.93171
          ],
          [
            75.6643,
            24.93174
          ],
          [
            75.66472,
            24.93191
          ],
          [
            75.66503,
            24.93201
          ],
          [
            75.66517,
            24.93202
          ],
          [
            75.66583,
            24.93197
          ],
          [
            75.66612,
            24.93192
          ],
          [
            75.66623,
            24.93189
          ],
          [
            75.66651,
            24.93171
          ],
          [
            75.66675,
            24.9316
          ],
          [
            75.66789,
            24.93129
          ],
          [
            75.66821,
            24.9311
          ],
          [
            75.66835,
            24.93104
          ],
          [
            75.66853,
            24.93099
          ],
          [
            75.66983,
            24.93074
          ],
          [
            75.6702,
            24.9307
          ],
          [
            75.67037,
            24.93064
          ],
          [
            75.67073,
            24.93036
          ],
          [
            75.67101,
            24.9302
          ],
          [
            75.6712,
            24.93014
          ],
          [
            75.67155,
            24.93009
          ],
          [
            75.6717,
            24.93003
          ],
          [
            75.67274,
            24.92947
          ],
          [
            75.67291,
            24.92941
          ],
          [
            75.6731,
            24.92937
          ],
          [
            75.67341,
            24.92932
          ],
          [
            75.67377,
            24.92923
          ],
          [
            75.67393,
            24.92917
          ],
          [
            75.67418,
            24.92903
          ],
          [
            75.67431,
            24.92891
          ],
          [
            75.67438,
            24.92879
          ],
          [
            75.67452,
            24.92839
          ],
          [
            75.67458,
            24.92827
          ],
          [
            75.67465,
            24.92818
          ],
          [
            75.67477,
            24.92807
          ],
          [
            75.67495,
            24.92794
          ],
          [
            75.6751,
            24.92786
          ],
          [
            75.67561,
            24.92761
          ],
          [
            75.67592,
            24.92743
          ],
          [
            75.67639,
            24.92721
          ],
          [
            75.67649,
            24.92711
          ],
          [
            75.67656,
            24.92701
          ],
          [
            75.67658,
            24.92689
          ],
          [
            75.67661,
            24.92655
          ],
          [
            75.67666,
            24.92645
          ],
          [
            75.67675,
            24.92637
          ],
          [
            75.67694,
            24.92626
          ],
          [
            75.67718,
            24.9262
          ],
          [
            75.67745,
            24.92616
          ],
          [
            75.67761,
            24.92611
          ],
          [
            75.6777,
            24.92605
          ],
          [
            75.67777,
            24.92596
          ],
          [
            75.67778,
            24.92587
          ],
          [
            75.67775,
            24.92574
          ],
          [
            75.67762,
            24.92552
          ],
          [
            75.67738,
            24.9252
          ],
          [
            75.6771,
            24.92492
          ],
          [
            75.67616,
            24.92408
          ],
          [
            75.67578,
            24.92377
          ],
          [
            75.67548,
            24.92342
          ],
          [
            75.67529,
            24.92317
          ],
          [
            75.67518,
            24.92295
          ],
          [
            75.67502,
            24.92229
          ],
          [
            75.67503,
            24.92207
          ],
          [
            75.67513,
            24.92186
          ],
          [
            75.67529,
            24.92166
          ],
          [
            75.67607,
            24.92095
          ],
          [
            75.67629,
            24.92077
          ],
          [
            75.67654,
            24.92061
          ],
          [
            75.67765,
            24.91999
          ],
          [
            75.67782,
            24.91994
          ],
          [
            75.67896,
            24.91983
          ],
          [
            75.67921,
            24.91974
          ],
          [
            75.67951,
            24.91957
          ],
          [
            75.67971,
            24.91951
          ],
          [
            75.6799,
            24.91948
          ],
          [
            75.68019,
            24.91948
          ],
          [
            75.68053,
            24.91951
          ],
          [
            75.68078,
            24.91951
          ],
          [
            75.68123,
            24.91942
          ],
          [
            75.68169,
            24.91928
          ],
          [
            75.68274,
            24.91907
          ],
          [
            75.68373,
            24.91871
          ],
          [
            75.6844,
            24.91833
          ],
          [
            75.68522,
            24.91782
          ],
          [
            75.6855,
            24.9176
          ],
          [
            75.68563,
            24.91744
          ],
          [
            75.68575,
            24.91723
          ],
          [
            75.68595,
            24.91663
          ],
          [
            75.68603,
            24.91648
          ],
          [
            75.68624,
            24.91625
          ],
          [
            75.68656,
            24.91596
          ],
          [
            75.68699,
            24.91559
          ],
          [
            75.68726,
            24.91539
          ],
          [
            75.68754,
            24.91528
          ],
          [
            75.68796,
            24.91516
          ],
          [
            75.68868,
            24.91499
          ],
          [
            75.68891,
            24.91492
          ],
          [
            75.68905,
            24.91486
          ],
          [
            75.68975,
            24.91437
          ],
          [
            75.69041,
            24.91387
          ],
          [
            75.6908,
            24.91363
          ],
          [
            75.69223,
            24.91286
          ],
          [
            75.69258,
            24.91266
          ],
          [
            75.69281,
            24.9125
          ],
          [
            75.69304,
            24.91225
          ],
          [
            75.6933,
            24.91183
          ],
          [
            75.69358,
            24.9113
          ],
          [
            75.69386,
            24.91073
          ],
          [
            75.69412,
            24.91026
          ],
          [
            75.69427,
            24.91003
          ],
          [
            75.69469,
            24.90947
          ],
          [
            75.69492,
            24.90914
          ],
          [
            75.696,
            24.90722
          ],
          [
            75.69619,
            24.90691
          ],
          [
            75.69651,
            24.90626
          ],
          [
            75.69676,
            24.90595
          ],
          [
            75.6992,
            24.90394
          ],
          [
            75.70004,
            24.9033
          ],
          [
            75.70058,
            24.90295
          ],
          [
            75.70091,
            24.90271
          ],
          [
            75.70109,
            24.90254
          ],
          [
            75.70155,
            24.90194
          ],
          [
            75.70187,
            24.90175
          ],
          [
            75.70218,
            24.90164
          ],
          [
            75.70268,
            24.9014
          ],
          [
            75.7028,
            24.90129
          ],
          [
            75.70296,
            24.90108
          ],
          [
            75.7031,
            24.90096
          ],
          [
            75.70324,
            24.90089
          ],
          [
            75.7034,
            24.90087
          ],
          [
            75.70368,
            24.9008
          ],
          [
            75.70407,
            24.90085
          ],
          [
            75.70426,
            24.90091
          ],
          [
            75.70445,
            24.90092
          ],
          [
            75.70544,
            24.90092
          ],
          [
            75.70594,
            24.90091
          ],
          [
            75.70613,
            24.90089
          ],
          [
            75.7062,
            24.90085
          ],
          [
            75.70624,
            24.90073
          ],
          [
            75.70623,
            24.90059
          ],
          [
            75.70612,
            24.9003
          ],
          [
            75.70602,
            24.89993
          ],
          [
            75.70605,
            24.89972
          ],
          [
            75.70611,
            24.89962
          ],
          [
            75.70624,
            24.89955
          ],
          [
            75.70705,
            24.89922
          ],
          [
            75.7075,
            24.89906
          ],
          [
            75.70773,
            24.89894
          ],
          [
            75.70804,
            24.89874
          ],
          [
            75.70878,
            24.89801
          ],
          [
            75.70952,
            24.8974
          ],
          [
            75.71036,
            24.89678
          ],
          [
            75.71103,
            24.89637
          ],
          [
            75.71212,
            24.89575
          ],
          [
            75.71309,
            24.89517
          ],
          [
            75.71383,
            24.89463
          ],
          [
            75.71476,
            24.89388
          ],
          [
            75.71552,
            24.89314
          ],
          [
            75.71565,
            24.89296
          ],
          [
            75.71576,
            24.8924
          ],
          [
            75.71589,
            24.89113
          ],
          [
            75.716,
            24.88978
          ],
          [
            75.71618,
            24.88873
          ],
          [
            75.71639,
            24.88849
          ],
          [
            75.71769,
            24.88718
          ],
          [
            75.71778,
            24.88707
          ],
          [
            75.71783,
            24.88681
          ],
          [
            75.71771,
            24.88452
          ],
          [
            75.71818,
            24.87928
          ],
          [
            75.71819,
            24.87887
          ],
          [
            75.71827,
            24.87857
          ],
          [
            75.71841,
            24.87832
          ],
          [
            75.7197,
            24.87666
          ],
          [
            75.72028,
            24.87603
          ],
          [
            75.72248,
            24.87384
          ],
          [
            75.72303,
            24.87328
          ],
          [
            75.72358,
            24.87262
          ],
          [
            75.72418,
            24.87203
          ],
          [
            75.72455,
            24.87171
          ],
          [
            75.72474,
            24.87161
          ],
          [
            75.728,
            24.87019
          ],
          [
            75.73002,
            24.86922
          ],
          [
            75.73095,
            24.86886
          ],
          [
            75.73122,
            24.86881
          ],
          [
            75.73182,
            24.86874
          ],
          [
            75.73405,
            24.86862
          ],
          [
            75.73495,
            24.86861
          ],
          [
            75.73595,
            24.86866
          ],
          [
            75.73641,
            24.86864
          ],
          [
            75.73669,
            24.86859
          ],
          [
            75.73875,
            24.86808
          ],
          [
            75.73956,
            24.86781
          ],
          [
            75.73966,
            24.86778
          ],
          [
            75.73992,
            24.8676
          ],
          [
            75.74017,
            24.86735
          ],
          [
            75.7403,
            24.86725
          ],
          [
            75.74051,
            24.86715
          ],
          [
            75.74099,
            24.86702
          ],
          [
            75.74225,
            24.86674
          ],
          [
            75.74246,
            24.86666
          ],
          [
            75.74258,
            24.86653
          ],
          [
            75.74263,
            24.86636
          ],
          [
            75.74274,
            24.86567
          ],
          [
            75.74292,
            24.86442
          ],
          [
            75.74305,
            24.86425
          ],
          [
            75.74328,
            24.86409
          ],
          [
            75.74363,
            24.86395
          ],
          [
            75.74417,
            24.86377
          ],
          [
            75.74459,
            24.86368
          ],
          [
            75.74482,
            24.8636
          ],
          [
            75.74493,
            24.86352
          ],
          [
            75.74502,
            24.8633
          ],
          [
            75.74527,
            24.86257
          ],
          [
            75.74548,
            24.86204
          ],
          [
            75.74569,
            24.86184
          ],
          [
            75.74602,
            24.86167
          ],
          [
            75.74713,
            24.8612
          ],
          [
            75.74727,
            24.8611
          ],
          [
            75.74736,
            24.86097
          ],
          [
            75.74749,
            24.86038
          ],
          [
            75.74755,
            24.8603
          ],
          [
            75.74759,
            24.86025
          ],
          [
            75.74857,
            24.85933
          ],
          [
            75.74877,
            24.85922
          ],
          [
            75.75107,
            24.85852
          ],
          [
            75.75123,
            24.85839
          ],
          [
            75.75128,
            24.85827
          ],
          [
            75.75159,
            24.85692
          ],
          [
            75.75166,
            24.8555
          ],
          [
            75.75164,
            24.85514
          ],
          [
            75.75144,
            24.85405
          ],
          [
            75.75133,
            24.85356
          ],
          [
            75.75126,
            24.85328
          ],
          [
            75.75124,
            24.85302
          ],
          [
            75.75127,
            24.85287
          ],
          [
            75.75145,
            24.85251
          ],
          [
            75.75155,
            24.8523
          ],
          [
            75.75164,
            24.85186
          ],
          [
            75.75187,
            24.85136
          ],
          [
            75.75256,
            24.85027
          ],
          [
            75.75257,
            24.85009
          ],
          [
            75.75249,
            24.84971
          ],
          [
            75.75218,
            24.8487
          ],
          [
            75.75217,
            24.84845
          ],
          [
            75.75221,
            24.8476
          ],
          [
            75.75226,
            24.84745
          ],
          [
            75.75234,
            24.84734
          ],
          [
            75.75247,
            24.84727
          ],
          [
            75.75484,
            24.84675
          ],
          [
            75.75889,
            24.84493
          ],
          [
            75.7592,
            24.84483
          ],
          [
            75.75971,
            24.84475
          ],
          [
            75.76054,
            24.84469
          ],
          [
            75.76103,
            24.8446
          ],
          [
            75.7633,
            24.84406
          ],
          [
            75.7636,
            24.84404
          ],
          [
            75.76529,
            24.84498
          ],
          [
            75.76546,
            24.84503
          ],
          [
            75.76573,
            24.845
          ],
          [
            75.76615,
            24.84491
          ],
          [
            75.76671,
            24.8447
          ],
          [
            75.76718,
            24.84457
          ],
          [
            75.76755,
            24.84455
          ],
          [
            75.76791,
            24.8445
          ],
          [
            75.76831,
            24.84441
          ],
          [
            75.76864,
            24.8443
          ],
          [
            75.76892,
            24.84418
          ],
          [
            75.76973,
            24.84392
          ],
          [
            75.77008,
            24.84379
          ],
          [
            75.77082,
            24.84363
          ],
          [
            75.77184,
            24.84356
          ],
          [
            75.77229,
            24.84349
          ],
          [
            75.77241,
            24.84344
          ],
          [
            75.77277,
            24.8433
          ],
          [
            75.77399,
            24.8427
          ],
          [
            75.77487,
            24.84232
          ],
          [
            75.77574,
            24.8419
          ],
          [
            75.777,
            24.84157
          ],
          [
            75.77807,
            24.84133
          ],
          [
            75.78235,
            24.84045
          ],
          [
            75.78259,
            24.84044
          ],
          [
            75.78282,
            24.84052
          ],
          [
            75.7843,
            24.84141
          ],
          [
            75.78452,
            24.84148
          ],
          [
            75.7849,
            24.84147
          ],
          [
            75.78536,
            24.84151
          ],
          [
            75.78595,
            24.84174
          ],
          [
            75.78639,
            24.84203
          ],
          [
            75.78668,
            24.84207
          ],
          [
            75.78697,
            24.84207
          ],
          [
            75.78741,
            24.84215
          ],
          [
            75.78768,
            24.84216
          ],
          [
            75.78784,
            24.84229
          ],
          [
            75.78794,
            24.84243
          ],
          [
            75.7881,
            24.84245
          ],
          [
            75.78822,
            24.84244
          ],
          [
            75.78839,
            24.84239
          ],
          [
            75.78876,
            24.84216
          ],
          [
            75.78905,
            24.84196
          ],
          [
            75.78911,
            24.84194
          ],
          [
            75.78918,
            24.84196
          ],
          [
            75.78933,
            24.84207
          ],
          [
            75.7896,
            24.84217
          ],
          [
            75.78991,
            24.84226
          ],
          [
            75.79004,
            24.84227
          ],
          [
            75.79016,
            24.84226
          ],
          [
            75.79032,
            24.84217
          ],
          [
            75.79086,
            24.84204
          ],
          [
            75.79098,
            24.84198
          ],
          [
            75.79112,
            24.84188
          ],
          [
            75.79133,
            24.84175
          ],
          [
            75.79177,
            24.84154
          ],
          [
            75.79216,
            24.84147
          ],
          [
            75.79255,
            24.84146
          ],
          [
            75.79301,
            24.84138
          ],
          [
            75.79534,
            24.84088
          ],
          [
            75.79651,
            24.8406
          ],
          [
            75.79719,
            24.84042
          ],
          [
            75.79791,
            24.84029
          ],
          [
            75.79885,
            24.8401
          ],
          [
            75.79987,
            24.8398
          ],
          [
            75.80023,
            24.83962
          ],
          [
            75.80089,
            24.83919
          ],
          [
            75.80189,
            24.83858
          ],
          [
            75.80311,
            24.8379
          ],
          [
            75.80421,
            24.8374
          ],
          [
            75.80459,
            24.83712
          ],
          [
            75.80491,
            24.83683
          ],
          [
            75.80552,
            24.83644
          ],
          [
            75.80619,
            24.83617
          ],
          [
            75.80735,
            24.83566
          ],
          [
            75.80888,
            24.83487
          ],
          [
            75.81136,
            24.83354
          ],
          [
            75.81182,
            24.83325
          ],
          [
            75.81318,
            24.83231
          ],
          [
            75.81459,
            24.8314
          ],
          [
            75.8149,
            24.83121
          ],
          [
            75.8153,
            24.83099
          ],
          [
            75.81614,
            24.83067
          ],
          [
            75.81705,
            24.83033
          ],
          [
            75.81796,
            24.83006
          ],
          [
            75.82175,
            24.82874
          ],
          [
            75.82274,
            24.82866
          ],
          [
            75.82326,
            24.82864
          ],
          [
            75.82363,
            24.8286
          ],
          [
            75.82414,
            24.82843
          ],
          [
            75.82474,
            24.8282
          ],
          [
            75.82552,
            24.82787
          ],
          [
            75.82593,
            24.82766
          ],
          [
            75.82615,
            24.82759
          ],
          [
            75.82622,
            24.82761
          ],
          [
            75.8263,
            24.82764
          ],
          [
            75.82705,
            24.82851
          ],
          [
            75.82738,
            24.82887
          ],
          [
            75.82752,
            24.82898
          ],
          [
            75.82791,
            24.82906
          ],
          [
            75.8283,
            24.82909
          ],
          [
            75.82867,
            24.82905
          ],
          [
            75.8292,
            24.82891
          ],
          [
            75.83089,
            24.82864
          ],
          [
            75.83135,
            24.82867
          ],
          [
            75.83425,
            24.82922
          ],
          [
            75.83434,
            24.82921
          ],
          [
            75.8344,
            24.82916
          ],
          [
            75.83445,
            24.8291
          ],
          [
            75.83447,
            24.82904
          ],
          [
            75.83491,
            24.82747
          ],
          [
            75.83527,
            24.82629
          ],
          [
            75.8354,
            24.82575
          ],
          [
            75.83549,
            24.82528
          ],
          [
            75.83552,
            24.82448
          ],
          [
            75.83563,
            24.82301
          ],
          [
            75.8357,
            24.82285
          ],
          [
            75.83584,
            24.82274
          ],
          [
            75.83645,
            24.82257
          ],
          [
            75.83848,
            24.82211
          ],
          [
            75.8391,
            24.82191
          ],
          [
            75.84039,
            24.82141
          ],
          [
            75.84095,
            24.82118
          ],
          [
            75.84162,
            24.82091
          ],
          [
            75.84216,
            24.82074
          ],
          [
            75.84278,
            24.82047
          ],
          [
            75.84321,
            24.82025
          ],
          [
            75.84441,
            24.81957
          ],
          [
            75.84551,
            24.81896
          ],
          [
            75.84605,
            24.81855
          ],
          [
            75.84626,
            24.81833
          ],
          [
            75.84659,
            24.81784
          ],
          [
            75.84697,
            24.81736
          ],
          [
            75.84742,
            24.81696
          ],
          [
            75.84789,
            24.81662
          ],
          [
            75.84836,
            24.81631
          ],
          [
            75.84881,
            24.8161
          ],
          [
            75.84922,
            24.81597
          ],
          [
            75.85059,
            24.81591
          ],
          [
            75.85078,
            24.81581
          ],
          [
            75.85205,
            24.8149
          ],
          [
            75.85254,
            24.81463
          ],
          [
            75.85296,
            24.81443
          ],
          [
            75.85499,
            24.81331
          ],
          [
            75.85568,
            24.81287
          ],
          [
            75.85678,
            24.81205
          ],
          [
            75.8571,
            24.81178
          ],
          [
            75.85753,
            24.81124
          ],
          [
            75.85878,
            24.80978
          ],
          [
            75.85973,
            24.80869
          ],
          [
            75.86003,
            24.80837
          ],
          [
            75.8603,
            24.80808
          ],
          [
            75.86089,
            24.80739
          ],
          [
            75.8615,
            24.80676
          ],
          [
            75.86176,
            24.80649
          ],
          [
            75.86211,
            24.80617
          ],
          [
            75.86234,
            24.80603
          ],
          [
            75.86266,
            24.8058
          ],
          [
            75.86307,
            24.8056
          ],
          [
            75.86333,
            24.80549
          ],
          [
            75.86414,
            24.80531
          ],
          [
            75.86422,
            24.80523
          ],
          [
            75.86425,
            24.8052
          ],
          [
            75.86425,
            24.80428
          ],
          [
            75.86438,
            24.80396
          ],
          [
            75.86458,
            24.80332
          ],
          [
            75.86465,
            24.80319
          ],
          [
            75.86502,
            24.80284
          ],
          [
            75.86554,
            24.80229
          ],
          [
            75.86563,
            24.80216
          ],
          [
            75.86596,
            24.80178
          ],
          [
            75.86667,
            24.80097
          ],
          [
            75.86783,
            24.79949
          ],
          [
            75.869,
            24.79781
          ],
          [
            75.87065,
            24.79535
          ],
          [
            75.87141,
            24.7938
          ],
          [
            75.87223,
            24.7916
          ],
          [
            75.87237,
            24.79099
          ],
          [
            75.87248,
            24.79024
          ],
          [
            75.87264,
            24.78768
          ],
          [
            75.87262,
            24.78713
          ],
          [
            75.87269,
            24.78679
          ],
          [
            75.87282,
            24.78639
          ],
          [
            75.87326,
            24.78524
          ],
          [
            75.87346,
            24.78453
          ],
          [
            75.87363,
            24.7842
          ],
          [
            75.87393,
            24.78377
          ],
          [
            75.87597,
            24.78044
          ],
          [
            75.87753,
            24.77778
          ],
          [
            75.87834,
            24.77641
          ],
          [
            75.87885,
            24.77551
          ],
          [
            75.87945,
            24.77457
          ],
          [
            75.88122,
            24.772
          ],
          [
            75.88221,
            24.77052
          ],
          [
            75.88321,
            24.769
          ],
          [
            75.88385,
            24.76815
          ],
          [
            75.88434,
            24.76762
          ],
          [
            75.88484,
            24.76713
          ],
          [
            75.88505,
            24.76689
          ],
          [
            75.88626,
            24.76645
          ],
          [
            75.88729,
            24.7661
          ],
          [
            75.88855,
            24.76571
          ],
          [
            75.8892,
            24.76545
          ],
          [
            75.88962,
            24.76529
          ],
          [
            75.88982,
            24.76532
          ],
          [
            75.8908,
            24.76552
          ],
          [
            75.89101,
            24.76555
          ],
          [
            75.89133,
            24.76547
          ],
          [
            75.89178,
            24.76534
          ],
          [
            75.8937,
            24.76464
          ],
          [
            75.89481,
            24.76419
          ],
          [
            75.89721,
            24.76327
          ],
          [
            75.8977,
            24.76302
          ],
          [
            75.89856,
            24.76242
          ],
          [
            75.89973,
            24.76156
          ],
          [
            75.90304,
            24.75927
          ],
          [
            75.90628,
            24.75744
          ],
          [
            75.90839,
            24.75932
          ],
          [
            75.90977,
            24.76038
          ],
          [
            75.91016,
            24.7608
          ],
          [
            75.91028,
            24.76122
          ],
          [
            75.91014,
            24.76167
          ],
          [
            75.90989,
            24.76196
          ],
          [
            75.90952,
            24.76222
          ],
          [
            75.90497,
            24.7591
          ],
          [
            75.90239,
            24.75788
          ],
          [
            75.89724,
            24.75615
          ],
          [
            75.89359,
            24.75349
          ],
          [
            75.89248,
            24.75218
          ],
          [
            75.89109,
            24.74935
          ],
          [
            75.89073,
            24.74692
          ],
          [
            75.89114,
            24.74285
          ],
          [
            75.89416,
            24.72677
          ],
          [
            75.89419,
            24.7266
          ],
          [
            75.89544,
            24.71993
          ],
          [
            75.89634,
            24.71532
          ],
          [
            75.8966,
            24.71268
          ],
          [
            75.89826,
            24.68815
          ],
          [
            75.89826,
            24.68714
          ],
          [
            75.8982,
            24.68609
          ],
          [
            75.89819,
            24.68603
          ],
          [
            75.89813,
            24.68521
          ],
          [
            75.89758,
            24.68266
          ],
          [
            75.89695,
            24.68091
          ],
          [
            75.89624,
            24.6794
          ],
          [
            75.8952,
            24.67771
          ],
          [
            75.89416,
            24.67637
          ],
          [
            75.89326,
            24.67539
          ],
          [
            75.89232,
            24.67446
          ],
          [
            75.88455,
            24.66729
          ],
          [
            75.88224,
            24.66507
          ],
          [
            75.87955,
            24.66214
          ],
          [
            75.87676,
            24.6575
          ],
          [
            75.8651,
            24.63271
          ],
          [
            75.85809,
            24.61789
          ],
          [
            75.85634,
            24.61391
          ],
          [
            75.85573,
            24.61248
          ],
          [
            75.85562,
            24.61225
          ],
          [
            75.85485,
            24.61046
          ],
          [
            75.84593,
            24.59106
          ],
          [
            75.84414,
            24.5874
          ],
          [
            75.83801,
            24.57734
          ],
          [
            75.83666,
            24.57469
          ],
          [
            75.83639,
            24.57406
          ],
          [
            75.83632,
            24.57389
          ],
          [
            75.8362,
            24.57358
          ],
          [
            75.83597,
            24.57269
          ],
          [
            75.8358,
            24.5718
          ],
          [
            75.83568,
            24.56911
          ],
          [
            75.83559,
            24.56775
          ],
          [
            75.8352,
            24.56515
          ],
          [
            75.83404,
            24.56025
          ],
          [
            75.833,
            24.55675
          ],
          [
            75.83211,
            24.55453
          ],
          [
            75.83071,
            24.55152
          ],
          [
            75.82967,
            24.5497
          ],
          [
            75.82736,
            24.5462
          ],
          [
            75.82379,
            24.54054
          ],
          [
            75.82122,
            24.53676
          ],
          [
            75.81971,
            24.53484
          ],
          [
            75.81781,
            24.53297
          ],
          [
            75.81368,
            24.52956
          ],
          [
            75.81279,
            24.52856
          ],
          [
            75.81184,
            24.52696
          ],
          [
            75.81144,
            24.52595
          ],
          [
            75.81062,
            24.52393
          ],
          [
            75.80982,
            24.52158
          ],
          [
            75.80961,
            24.52101
          ],
          [
            75.80824,
            24.51674
          ],
          [
            75.80767,
            24.51528
          ],
          [
            75.80708,
            24.51391
          ],
          [
            75.80638,
            24.51249
          ],
          [
            75.80316,
            24.5061
          ],
          [
            75.80306,
            24.5059
          ],
          [
            75.79865,
            24.49716
          ],
          [
            75.79527,
            24.49086
          ],
          [
            75.79482,
            24.49002
          ],
          [
            75.79285,
            24.48662
          ],
          [
            75.79027,
            24.4819
          ],
          [
            75.7881,
            24.47815
          ],
          [
            75.78666,
            24.47592
          ],
          [
            75.78564,
            24.47466
          ],
          [
            75.78411,
            24.4733
          ],
          [
            75.77842,
            24.46973
          ],
          [
            75.77584,
            24.46817
          ],
          [
            75.77417,
            24.46688
          ],
          [
            75.77178,
            24.46402
          ],
          [
            75.77063,
            24.46248
          ],
          [
            75.77044,
            24.46223
          ],
          [
            75.76855,
            24.45972
          ],
          [
            75.76486,
            24.45512
          ],
          [
            75.76392,
            24.45366
          ],
          [
            75.76137,
            24.44955
          ],
          [
            75.75865,
            24.44549
          ],
          [
            75.7528,
            24.43725
          ],
          [
            75.74863,
            24.43204
          ],
          [
            75.74748,
            24.43068
          ],
          [
            75.74612,
            24.42888
          ],
          [
            75.74089,
            24.42212
          ],
          [
            75.73473,
            24.41556
          ],
          [
            75.73043,
            24.41116
          ],
          [
            75.72807,
            24.40869
          ],
          [
            75.72772,
            24.40831
          ],
          [
            75.72684,
            24.40733
          ],
          [
            75.7241,
            24.40407
          ],
          [
            75.72155,
            24.40098
          ],
          [
            75.71718,
            24.39551
          ],
          [
            75.70883,
            24.38466
          ],
          [
            75.70873,
            24.38453
          ],
          [
            75.70233,
            24.37618
          ],
          [
            75.69574,
            24.36726
          ],
          [
            75.69559,
            24.36706
          ],
          [
            75.69196,
            24.36206
          ],
          [
            75.68664,
            24.35482
          ],
          [
            75.68634,
            24.35441
          ],
          [
            75.68273,
            24.34939
          ],
          [
            75.68165,
            24.34807
          ],
          [
            75.68013,
            24.34598
          ],
          [
            75.67782,
            24.34271
          ],
          [
            75.67648,
            24.34098
          ],
          [
            75.67639,
            24.34085
          ],
          [
            75.67576,
            24.33996
          ],
          [
            75.67357,
            24.33674
          ],
          [
            75.67177,
            24.33424
          ],
          [
            75.66746,
            24.32624
          ],
          [
            75.66674,
            24.3252
          ],
          [
            75.66652,
            24.32488
          ],
          [
            75.66593,
            24.32402
          ],
          [
            75.6621,
            24.31937
          ],
          [
            75.65839,
            24.3151
          ],
          [
            75.65817,
            24.31484
          ],
          [
            75.65353,
            24.30951
          ],
          [
            75.65329,
            24.30922
          ],
          [
            75.6527,
            24.30855
          ],
          [
            75.65245,
            24.30811
          ],
          [
            75.65186,
            24.30734
          ],
          [
            75.65166,
            24.30697
          ],
          [
            75.65163,
            24.30653
          ],
          [
            75.652,
            24.3047
          ],
          [
            75.652,
            24.30444
          ],
          [
            75.65183,
            24.30393
          ],
          [
            75.65166,
            24.30365
          ],
          [
            75.65127,
            24.30327
          ],
          [
            75.64934,
            24.30112
          ],
          [
            75.64796,
            24.29945
          ],
          [
            75.64709,
            24.29835
          ],
          [
            75.64696,
            24.29818
          ],
          [
            75.64595,
            24.29707
          ],
          [
            75.64526,
            24.29638
          ],
          [
            75.64222,
            24.2929
          ],
          [
            75.64204,
            24.29283
          ],
          [
            75.64189,
            24.29283
          ],
          [
            75.64168,
            24.29288
          ],
          [
            75.64132,
            24.29298
          ],
          [
            75.64117,
            24.29257
          ],
          [
            75.63996,
            24.28917
          ],
          [
            75.63923,
            24.28707
          ],
          [
            75.63837,
            24.28445
          ],
          [
            75.63758,
            24.28215
          ],
          [
            75.63738,
            24.2815
          ],
          [
            75.6373,
            24.28069
          ],
          [
            75.63727,
            24.28044
          ],
          [
            75.63724,
            24.2801
          ],
          [
            75.63713,
            24.27913
          ],
          [
            75.63722,
            24.27797
          ],
          [
            75.63753,
            24.27658
          ],
          [
            75.63926,
            24.27046
          ],
          [
            75.63991,
            24.26826
          ],
          [
            75.64152,
            24.26262
          ],
          [
            75.64184,
            24.26143
          ],
          [
            75.64366,
            24.25504
          ],
          [
            75.64623,
            24.24678
          ],
          [
            75.64798,
            24.24043
          ],
          [
            75.64989,
            24.23362
          ],
          [
            75.65199,
            24.22752
          ],
          [
            75.65268,
            24.22508
          ],
          [
            75.65287,
            24.22438
          ],
          [
            75.65358,
            24.22183
          ],
          [
            75.65401,
            24.22028
          ],
          [
            75.65485,
            24.2173
          ],
          [
            75.65497,
            24.21685
          ],
          [
            75.65638,
            24.21198
          ],
          [
            75.65759,
            24.20791
          ],
          [
            75.65936,
            24.20248
          ],
          [
            75.66151,
            24.19656
          ],
          [
            75.66352,
            24.19041
          ],
          [
            75.66365,
            24.19002
          ],
          [
            75.66444,
            24.18759
          ],
          [
            75.667,
            24.17944
          ],
          [
            75.66874,
            24.17434
          ],
          [
            75.67152,
            24.16874
          ],
          [
            75.6719,
            24.16813
          ],
          [
            75.67749,
            24.15858
          ],
          [
            75.67773,
            24.15815
          ],
          [
            75.67902,
            24.15597
          ],
          [
            75.6865,
            24.14282
          ],
          [
            75.6868,
            24.14229
          ],
          [
            75.68714,
            24.1417
          ],
          [
            75.68851,
            24.13871
          ],
          [
            75.69153,
            24.13235
          ],
          [
            75.6928,
            24.12928
          ],
          [
            75.69359,
            24.12572
          ],
          [
            75.69411,
            24.11694
          ],
          [
            75.69415,
            24.11615
          ],
          [
            75.69471,
            24.10681
          ],
          [
            75.69505,
            24.10239
          ],
          [
            75.69567,
            24.1001
          ],
          [
            75.69636,
            24.09819
          ],
          [
            75.69915,
            24.09271
          ],
          [
            75.70082,
            24.08893
          ],
          [
            75.70374,
            24.081
          ],
          [
            75.70516,
            24.07587
          ],
          [
            75.70614,
            24.07225
          ],
          [
            75.70656,
            24.07065
          ],
          [
            75.70877,
            24.06279
          ],
          [
            75.70995,
            24.05813
          ],
          [
            75.71047,
            24.05493
          ],
          [
            75.71045,
            24.05205
          ],
          [
            75.70993,
            24.04858
          ],
          [
            75.70962,
            24.04719
          ],
          [
            75.70897,
            24.04536
          ],
          [
            75.70815,
            24.04314
          ],
          [
            75.70557,
            24.03908
          ],
          [
            75.69967,
            24.02941
          ],
          [
            75.69934,
            24.02862
          ],
          [
            75.69926,
            24.0284
          ],
          [
            75.69831,
            24.0261
          ],
          [
            75.69751,
            24.02319
          ],
          [
            75.6969,
            24.01978
          ],
          [
            75.69673,
            24.01715
          ],
          [
            75.69684,
            24.01437
          ],
          [
            75.69761,
            24.00522
          ],
          [
            75.69836,
            23.99676
          ],
          [
            75.69903,
            23.98881
          ],
          [
            75.6991,
            23.98791
          ],
          [
            75.69944,
            23.98353
          ],
          [
            75.69948,
            23.98299
          ],
          [
            75.69969,
            23.98038
          ],
          [
            75.70005,
            23.97772
          ],
          [
            75.70039,
            23.97633
          ],
          [
            75.70104,
            23.97412
          ],
          [
            75.70221,
            23.97165
          ],
          [
            75.70358,
            23.96955
          ],
          [
            75.70564,
            23.96723
          ],
          [
            75.7146,
            23.95751
          ],
          [
            75.71963,
            23.95194
          ],
          [
            75.72011,
            23.95129
          ],
          [
            75.72142,
            23.94949
          ],
          [
            75.72236,
            23.94801
          ],
          [
            75.72299,
            23.94679
          ],
          [
            75.72524,
            23.94243
          ],
          [
            75.72549,
            23.94194
          ],
          [
            75.73029,
            23.93272
          ],
          [
            75.73211,
            23.92898
          ],
          [
            75.73297,
            23.92696
          ],
          [
            75.73312,
            23.92658
          ],
          [
            75.73359,
            23.92547
          ],
          [
            75.73474,
            23.92167
          ],
          [
            75.73504,
            23.91789
          ],
          [
            75.73534,
            23.91441
          ],
          [
            75.73597,
            23.90553
          ],
          [
            75.73608,
            23.9023
          ],
          [
            75.7361,
            23.90098
          ],
          [
            75.73617,
            23.89768
          ],
          [
            75.73616,
            23.89351
          ],
          [
            75.73615,
            23.89188
          ],
          [
            75.73627,
            23.88758
          ],
          [
            75.73628,
            23.88701
          ],
          [
            75.73635,
            23.88442
          ],
          [
            75.73626,
            23.86973
          ],
          [
            75.73636,
            23.86835
          ],
          [
            75.73681,
            23.86565
          ],
          [
            75.73705,
            23.86419
          ],
          [
            75.73714,
            23.86364
          ],
          [
            75.73774,
            23.85938
          ],
          [
            75.73813,
            23.85659
          ],
          [
            75.73868,
            23.85126
          ],
          [
            75.73968,
            23.84261
          ],
          [
            75.74096,
            23.83322
          ],
          [
            75.74118,
            23.83116
          ],
          [
            75.74104,
            23.82828
          ],
          [
            75.74072,
            23.82306
          ],
          [
            75.74072,
            23.81914
          ],
          [
            75.74081,
            23.81689
          ],
          [
            75.74104,
            23.81215
          ],
          [
            75.74116,
            23.80961
          ],
          [
            75.74141,
            23.8046
          ],
          [
            75.7414,
            23.80355
          ],
          [
            75.74139,
            23.8
          ],
          [
            75.74137,
            23.79477
          ],
          [
            75.74132,
            23.79199
          ],
          [
            75.74103,
            23.78962
          ],
          [
            75.74045,
            23.78737
          ],
          [
            75.73969,
            23.7843
          ],
          [
            75.73908,
            23.78152
          ],
          [
            75.73893,
            23.77748
          ],
          [
            75.73912,
            23.77231
          ],
          [
            75.73946,
            23.76473
          ],
          [
            75.73942,
            23.76173
          ],
          [
            75.73913,
            23.75893
          ],
          [
            75.7388,
            23.75673
          ],
          [
            75.73731,
            23.74974
          ],
          [
            75.7363,
            23.74509
          ],
          [
            75.73573,
            23.74267
          ],
          [
            75.73557,
            23.74083
          ],
          [
            75.73552,
            23.74005
          ],
          [
            75.73549,
            23.73879
          ],
          [
            75.7356,
            23.73751
          ],
          [
            75.73612,
            23.73473
          ],
          [
            75.73637,
            23.73365
          ],
          [
            75.73725,
            23.72974
          ],
          [
            75.73789,
            23.72679
          ],
          [
            75.73799,
            23.72632
          ],
          [
            75.74123,
            23.7115
          ],
          [
            75.74154,
            23.70997
          ],
          [
            75.74244,
            23.70547
          ],
          [
            75.74354,
            23.70019
          ],
          [
            75.74493,
            23.69299
          ],
          [
            75.74594,
            23.68761
          ],
          [
            75.74711,
            23.68169
          ],
          [
            75.74728,
            23.681
          ],
          [
            75.74784,
            23.67875
          ],
          [
            75.7496,
            23.67191
          ],
          [
            75.75219,
            23.6615
          ],
          [
            75.7531,
            23.65677
          ],
          [
            75.75456,
            23.6495
          ],
          [
            75.7557,
            23.64482
          ],
          [
            75.75592,
            23.64385
          ],
          [
            75.75682,
            23.63982
          ],
          [
            75.75794,
            23.6354
          ],
          [
            75.75893,
            23.63268
          ],
          [
            75.76051,
            23.62886
          ],
          [
            75.76245,
            23.62387
          ],
          [
            75.76341,
            23.62077
          ],
          [
            75.76396,
            23.61862
          ],
          [
            75.76424,
            23.61708
          ],
          [
            75.76452,
            23.61501
          ],
          [
            75.76461,
            23.61424
          ],
          [
            75.76529,
            23.6068
          ],
          [
            75.76594,
            23.6001
          ],
          [
            75.76601,
            23.59923
          ],
          [
            75.76605,
            23.59872
          ],
          [
            75.76645,
            23.59389
          ],
          [
            75.76723,
            23.58799
          ],
          [
            75.76765,
            23.58447
          ],
          [
            75.76934,
            23.57141
          ],
          [
            75.76935,
            23.5713
          ],
          [
            75.77064,
            23.56092
          ],
          [
            75.77097,
            23.55851
          ],
          [
            75.77121,
            23.55662
          ],
          [
            75.77168,
            23.55314
          ],
          [
            75.77214,
            23.55023
          ],
          [
            75.77221,
            23.54984
          ],
          [
            75.77263,
            23.54771
          ],
          [
            75.77407,
            23.54137
          ],
          [
            75.77478,
            23.53822
          ],
          [
            75.7757,
            23.53454
          ],
          [
            75.77689,
            23.52975
          ],
          [
            75.77696,
            23.52941
          ],
          [
            75.77778,
            23.52543
          ],
          [
            75.77811,
            23.52187
          ],
          [
            75.77883,
            23.51438
          ],
          [
            75.77933,
            23.50964
          ],
          [
            75.77937,
            23.50923
          ],
          [
            75.78022,
            23.501
          ],
          [
            75.78058,
            23.49715
          ],
          [
            75.78086,
            23.49404
          ],
          [
            75.78195,
            23.4831
          ],
          [
            75.78268,
            23.47559
          ],
          [
            75.78336,
            23.46815
          ],
          [
            75.78373,
            23.46463
          ],
          [
            75.78379,
            23.46408
          ],
          [
            75.78482,
            23.45403
          ],
          [
            75.7851,
            23.45039
          ],
          [
            75.78542,
            23.44333
          ],
          [
            75.78546,
            23.44263
          ],
          [
            75.78585,
            23.43263
          ],
          [
            75.78593,
            23.43014
          ],
          [
            75.78595,
            23.4295
          ],
          [
            75.78606,
            23.42637
          ],
          [
            75.78688,
            23.41341
          ],
          [
            75.78741,
            23.40637
          ],
          [
            75.78777,
            23.40207
          ],
          [
            75.78779,
            23.40005
          ],
          [
            75.78778,
            23.39902
          ],
          [
            75.78774,
            23.39241
          ],
          [
            75.78774,
            23.38781
          ],
          [
            75.78781,
            23.38703
          ],
          [
            75.78789,
            23.38625
          ],
          [
            75.78795,
            23.38566
          ],
          [
            75.78844,
            23.38324
          ],
          [
            75.78906,
            23.38136
          ],
          [
            75.79188,
            23.37571
          ],
          [
            75.79399,
            23.3712
          ],
          [
            75.7961,
            23.36731
          ],
          [
            75.7978,
            23.36411
          ],
          [
            75.79883,
            23.36094
          ],
          [
            75.79909,
            23.35877
          ],
          [
            75.79922,
            23.35139
          ],
          [
            75.79929,
            23.34397
          ],
          [
            75.79924,
            23.33924
          ],
          [
            75.79898,
            23.33101
          ],
          [
            75.79878,
            23.3252
          ],
          [
            75.79862,
            23.32256
          ],
          [
            75.79835,
            23.32036
          ],
          [
            75.79682,
            23.31165
          ],
          [
            75.79627,
            23.30848
          ],
          [
            75.79601,
            23.30549
          ],
          [
            75.79514,
            23.29636
          ],
          [
            75.79412,
            23.28679
          ],
          [
            75.79361,
            23.27908
          ],
          [
            75.79335,
            23.27556
          ],
          [
            75.7921,
            23.26844
          ],
          [
            75.79116,
            23.26273
          ],
          [
            75.79119,
            23.25992
          ],
          [
            75.79112,
            23.25219
          ],
          [
            75.79116,
            23.24697
          ],
          [
            75.79124,
            23.24587
          ],
          [
            75.7915,
            23.24479
          ],
          [
            75.79196,
            23.24246
          ],
          [
            75.79268,
            23.2402
          ],
          [
            75.79545,
            23.23295
          ],
          [
            75.79579,
            23.23192
          ],
          [
            75.79607,
            23.22902
          ],
          [
            75.7961,
            23.22872
          ],
          [
            75.79614,
            23.22696
          ],
          [
            75.79637,
            23.21776
          ],
          [
            75.79642,
            23.21741
          ],
          [
            75.79631,
            23.21731
          ],
          [
            75.79614,
            23.21714
          ],
          [
            75.79595,
            23.21697
          ],
          [
            75.79565,
            23.21663
          ],
          [
            75.79502,
            23.21587
          ],
          [
            75.79455,
            23.21524
          ],
          [
            75.79448,
            23.21512
          ],
          [
            75.7943,
            23.21466
          ],
          [
            75.79422,
            23.21426
          ],
          [
            75.79404,
            23.21379
          ],
          [
            75.79359,
            23.21306
          ],
          [
            75.79339,
            23.21274
          ],
          [
            75.79326,
            23.21251
          ],
          [
            75.79314,
            23.21229
          ],
          [
            75.79284,
            23.21184
          ],
          [
            75.79193,
            23.21053
          ],
          [
            75.79168,
            23.21013
          ],
          [
            75.7913,
            23.20946
          ],
          [
            75.79078,
            23.20833
          ],
          [
            75.79061,
            23.20786
          ],
          [
            75.79041,
            23.20724
          ],
          [
            75.79004,
            23.20565
          ],
          [
            75.78965,
            23.20327
          ],
          [
            75.78949,
            23.20248
          ],
          [
            75.78943,
            23.20218
          ],
          [
            75.78925,
            23.20149
          ],
          [
            75.78905,
            23.20081
          ],
          [
            75.78872,
            23.1997
          ],
          [
            75.78864,
            23.1995
          ],
          [
            75.78824,
            23.19829
          ],
          [
            75.7881,
            23.19786
          ],
          [
            75.78809,
            23.19783
          ],
          [
            75.788,
            23.19756
          ],
          [
            75.788,
            23.19744
          ],
          [
            75.78803,
            23.19735
          ],
          [
            75.7881,
            23.19722
          ],
          [
            75.78816,
            23.19714
          ],
          [
            75.78817,
            23.19704
          ],
          [
            75.78814,
            23.19695
          ],
          [
            75.78806,
            23.19688
          ],
          [
            75.78795,
            23.19685
          ],
          [
            75.78778,
            23.19675
          ],
          [
            75.7877,
            23.19668
          ],
          [
            75.78765,
            23.1966
          ],
          [
            75.78754,
            23.19634
          ],
          [
            75.78751,
            23.19626
          ],
          [
            75.78716,
            23.19521
          ],
          [
            75.78673,
            23.19413
          ],
          [
            75.7867,
            23.19407
          ],
          [
            75.78595,
            23.19206
          ],
          [
            75.78592,
            23.19201
          ],
          [
            75.78569,
            23.19137
          ],
          [
            75.78534,
            23.1904
          ],
          [
            75.78531,
            23.19031
          ],
          [
            75.78491,
            23.18917
          ],
          [
            75.78493,
            23.1891
          ],
          [
            75.78491,
            23.18905
          ],
          [
            75.78487,
            23.18902
          ],
          [
            75.78474,
            23.18869
          ],
          [
            75.78421,
            23.18731
          ],
          [
            75.78392,
            23.18648
          ],
          [
            75.78389,
            23.1864
          ],
          [
            75.78348,
            23.18532
          ],
          [
            75.78313,
            23.18432
          ],
          [
            75.78311,
            23.18423
          ],
          [
            75.78299,
            23.18391
          ],
          [
            75.78275,
            23.18317
          ],
          [
            75.78278,
            23.18311
          ],
          [
            75.78276,
            23.18304
          ],
          [
            75.78272,
            23.18301
          ],
          [
            75.78266,
            23.183
          ],
          [
            75.78219,
            23.18174
          ],
          [
            75.78198,
            23.18114
          ],
          [
            75.78191,
            23.18094
          ],
          [
            75.78178,
            23.18056
          ],
          [
            75.7817,
            23.18046
          ],
          [
            75.7816,
            23.1804
          ],
          [
            75.78112,
            23.18012
          ],
          [
            75.78026,
            23.17957
          ],
          [
            75.77982,
            23.17933
          ],
          [
            75.77946,
            23.17917
          ],
          [
            75.77923,
            23.17911
          ],
          [
            75.77856,
            23.17892
          ],
          [
            75.77822,
            23.1788
          ],
          [
            75.77822,
            23.17878
          ],
          [
            75.77817,
            23.17876
          ],
          [
            75.77773,
            23.17823
          ],
          [
            75.77703,
            23.17729
          ],
          [
            75.77692,
            23.17719
          ],
          [
            75.77682,
            23.17711
          ],
          [
            75.77669,
            23.17703
          ],
          [
            75.77641,
            23.17689
          ],
          [
            75.77607,
            23.17674
          ],
          [
            75.77568,
            23.17654
          ],
          [
            75.77551,
            23.17648
          ],
          [
            75.77544,
            23.17644
          ],
          [
            75.77528,
            23.17636
          ],
          [
            75.77446,
            23.17594
          ],
          [
            75.77363,
            23.17555
          ],
          [
            75.77336,
            23.17544
          ],
          [
            75.77321,
            23.17541
          ],
          [
            75.77305,
            23.1754
          ],
          [
            75.77214,
            23.17538
          ],
          [
            75.77222,
            23.1747
          ],
          [
            75.77236,
            23.17381
          ],
          [
            75.77244,
            23.17341
          ],
          [
            75.77273,
            23.17253
          ],
          [
            75.77323,
            23.17116
          ],
          [
            75.77326,
            23.17116
          ],
          [
            75.77334,
            23.17113
          ],
          [
            75.77342,
            23.17093
          ],
          [
            75.77346,
            23.17076
          ],
          [
            75.77344,
            23.17069
          ],
          [
            75.77362,
            23.17012
          ],
          [
            75.77378,
            23.16955
          ],
          [
            75.77417,
            23.16827
          ],
          [
            75.77439,
            23.16781
          ],
          [
            75.77666,
            23.16461
          ],
          [
            75.77802,
            23.16274
          ],
          [
            75.77991,
            23.16015
          ],
          [
            75.77999,
            23.16005
          ],
          [
            75.78127,
            23.15828
          ],
          [
            75.78131,
            23.15822
          ],
          [
            75.78159,
            23.15782
          ],
          [
            75.78176,
            23.15759
          ],
          [
            75.78182,
            23.15751
          ],
          [
            75.78201,
            23.15726
          ],
          [
            75.78235,
            23.15679
          ],
          [
            75.78244,
            23.15666
          ],
          [
            75.78315,
            23.15568
          ],
          [
            75.78712,
            23.15015
          ],
          [
            75.78796,
            23.14902
          ],
          [
            75.78807,
            23.14883
          ],
          [
            75.78812,
            23.14874
          ],
          [
            75.78823,
            23.1485
          ],
          [
            75.78841,
            23.14791
          ],
          [
            75.78868,
            23.14696
          ],
          [
            75.78956,
            23.14332
          ],
          [
            75.78958,
            23.1432
          ],
          [
            75.79001,
            23.14098
          ],
          [
            75.79044,
            23.1394
          ],
          [
            75.79046,
            23.13931
          ],
          [
            75.79063,
            23.1388
          ],
          [
            75.79086,
            23.13821
          ],
          [
            75.79133,
            23.13704
          ],
          [
            75.79196,
            23.13539
          ],
          [
            75.79203,
            23.13522
          ],
          [
            75.79208,
            23.13513
          ],
          [
            75.79219,
            23.13495
          ],
          [
            75.79243,
            23.13466
          ],
          [
            75.79267,
            23.13442
          ],
          [
            75.79285,
            23.13428
          ],
          [
            75.7933,
            23.13402
          ],
          [
            75.79446,
            23.13345
          ],
          [
            75.79488,
            23.13323
          ],
          [
            75.795,
            23.13315
          ],
          [
            75.79532,
            23.13288
          ],
          [
            75.79556,
            23.1326
          ],
          [
            75.79567,
            23.13242
          ],
          [
            75.79585,
            23.13211
          ],
          [
            75.79594,
            23.13182
          ],
          [
            75.79599,
            23.13146
          ],
          [
            75.796,
            23.13123
          ],
          [
            75.79596,
            23.13064
          ],
          [
            75.79594,
            23.13043
          ],
          [
            75.79579,
            23.12952
          ],
          [
            75.79573,
            23.12857
          ],
          [
            75.79563,
            23.12775
          ],
          [
            75.79554,
            23.12686
          ],
          [
            75.79553,
            23.1265
          ],
          [
            75.79556,
            23.12626
          ],
          [
            75.79559,
            23.126
          ],
          [
            75.79568,
            23.12567
          ],
          [
            75.79598,
            23.12483
          ],
          [
            75.79626,
            23.12414
          ],
          [
            75.79678,
            23.12286
          ],
          [
            75.79695,
            23.12239
          ],
          [
            75.79722,
            23.12175
          ],
          [
            75.79766,
            23.12077
          ],
          [
            75.7981,
            23.12005
          ],
          [
            75.79876,
            23.11902
          ],
          [
            75.7989,
            23.11881
          ],
          [
            75.79934,
            23.11808
          ],
          [
            75.79991,
            23.11706
          ],
          [
            75.80086,
            23.11532
          ],
          [
            75.80113,
            23.1149
          ],
          [
            75.8015,
            23.11441
          ],
          [
            75.80231,
            23.11339
          ],
          [
            75.80237,
            23.11331
          ],
          [
            75.8029,
            23.1126
          ],
          [
            75.80312,
            23.11225
          ],
          [
            75.80434,
            23.10991
          ],
          [
            75.80446,
            23.10969
          ],
          [
            75.80498,
            23.10888
          ],
          [
            75.8054,
            23.10829
          ],
          [
            75.80569,
            23.1079
          ],
          [
            75.80619,
            23.10725
          ],
          [
            75.8063,
            23.10706
          ],
          [
            75.8067,
            23.10641
          ],
          [
            75.8075,
            23.10508
          ],
          [
            75.80856,
            23.10286
          ],
          [
            75.80876,
            23.10246
          ],
          [
            75.80952,
            23.10119
          ],
          [
            75.81014,
            23.10018
          ],
          [
            75.81071,
            23.09934
          ],
          [
            75.81099,
            23.09896
          ],
          [
            75.81127,
            23.09868
          ],
          [
            75.81153,
            23.09849
          ],
          [
            75.8119,
            23.09827
          ],
          [
            75.81226,
            23.09811
          ],
          [
            75.81318,
            23.09766
          ],
          [
            75.81354,
            23.09749
          ],
          [
            75.81396,
            23.09722
          ],
          [
            75.81418,
            23.09706
          ],
          [
            75.8144,
            23.0969
          ],
          [
            75.81478,
            23.09657
          ],
          [
            75.81527,
            23.09608
          ],
          [
            75.81547,
            23.09585
          ],
          [
            75.81583,
            23.09532
          ],
          [
            75.8161,
            23.09483
          ],
          [
            75.81627,
            23.09444
          ],
          [
            75.81674,
            23.09312
          ],
          [
            75.81682,
            23.09286
          ],
          [
            75.81689,
            23.09243
          ],
          [
            75.81692,
            23.09124
          ],
          [
            75.81691,
            23.08943
          ],
          [
            75.81692,
            23.08879
          ],
          [
            75.81693,
            23.08788
          ],
          [
            75.81697,
            23.08697
          ],
          [
            75.8171,
            23.08569
          ],
          [
            75.81758,
            23.083
          ],
          [
            75.8182,
            23.07952
          ],
          [
            75.8184,
            23.07874
          ],
          [
            75.81872,
            23.07786
          ],
          [
            75.81902,
            23.07729
          ],
          [
            75.81929,
            23.07682
          ],
          [
            75.82114,
            23.07417
          ],
          [
            75.82143,
            23.07367
          ],
          [
            75.82155,
            23.07337
          ],
          [
            75.82162,
            23.07305
          ],
          [
            75.82164,
            23.07275
          ],
          [
            75.82161,
            23.07136
          ],
          [
            75.82165,
            23.07082
          ],
          [
            75.82167,
            23.07062
          ],
          [
            75.82198,
            23.06905
          ],
          [
            75.82324,
            23.06282
          ],
          [
            75.82355,
            23.06146
          ],
          [
            75.82386,
            23.06017
          ],
          [
            75.82405,
            23.05955
          ],
          [
            75.82437,
            23.05861
          ],
          [
            75.82447,
            23.05831
          ],
          [
            75.82523,
            23.05607
          ],
          [
            75.82555,
            23.05494
          ],
          [
            75.82576,
            23.05394
          ],
          [
            75.82607,
            23.05121
          ],
          [
            75.82613,
            23.05087
          ],
          [
            75.82624,
            23.05051
          ],
          [
            75.82634,
            23.05024
          ],
          [
            75.82652,
            23.04999
          ],
          [
            75.82707,
            23.04942
          ],
          [
            75.8287,
            23.04785
          ],
          [
            75.8292,
            23.04721
          ],
          [
            75.82961,
            23.04656
          ],
          [
            75.82985,
            23.04606
          ],
          [
            75.83002,
            23.04555
          ],
          [
            75.83015,
            23.04513
          ],
          [
            75.83026,
            23.04449
          ],
          [
            75.83031,
            23.04376
          ],
          [
            75.83031,
            23.04341
          ],
          [
            75.83029,
            23.04321
          ],
          [
            75.83023,
            23.04277
          ],
          [
            75.83008,
            23.04222
          ],
          [
            75.82995,
            23.04189
          ],
          [
            75.82965,
            23.04133
          ],
          [
            75.82829,
            23.0391
          ],
          [
            75.82798,
            23.03843
          ],
          [
            75.82777,
            23.03778
          ],
          [
            75.82766,
            23.03722
          ],
          [
            75.82762,
            23.03673
          ],
          [
            75.82762,
            23.03609
          ],
          [
            75.8277,
            23.03547
          ],
          [
            75.82781,
            23.03495
          ],
          [
            75.82823,
            23.03376
          ],
          [
            75.82974,
            23.02976
          ],
          [
            75.83117,
            23.02488
          ],
          [
            75.83166,
            23.02326
          ],
          [
            75.8326,
            23.02081
          ],
          [
            75.83384,
            23.01765
          ],
          [
            75.83413,
            23.01674
          ],
          [
            75.8344,
            23.01551
          ],
          [
            75.83459,
            23.0145
          ],
          [
            75.83535,
            23.01058
          ],
          [
            75.83557,
            23.0091
          ],
          [
            75.83573,
            23.00742
          ],
          [
            75.83554,
            23.00348
          ],
          [
            75.83505,
            22.99963
          ],
          [
            75.83452,
            22.9955
          ],
          [
            75.83447,
            22.99512
          ],
          [
            75.83417,
            22.99219
          ],
          [
            75.83409,
            22.99122
          ],
          [
            75.83408,
            22.99047
          ],
          [
            75.83412,
            22.98999
          ],
          [
            75.83416,
            22.98977
          ],
          [
            75.83422,
            22.98963
          ],
          [
            75.83449,
            22.98899
          ],
          [
            75.83473,
            22.98863
          ],
          [
            75.8355,
            22.98768
          ],
          [
            75.83863,
            22.98403
          ],
          [
            75.83869,
            22.98396
          ],
          [
            75.83978,
            22.98271
          ],
          [
            75.84027,
            22.98196
          ],
          [
            75.84091,
            22.98069
          ],
          [
            75.84132,
            22.97952
          ],
          [
            75.84156,
            22.97805
          ],
          [
            75.84155,
            22.9774
          ],
          [
            75.84155,
            22.97697
          ],
          [
            75.84148,
            22.97614
          ],
          [
            75.84113,
            22.97474
          ],
          [
            75.84045,
            22.97317
          ],
          [
            75.83972,
            22.97208
          ],
          [
            75.8389,
            22.97095
          ],
          [
            75.83842,
            22.97028
          ],
          [
            75.83812,
            22.96986
          ],
          [
            75.83793,
            22.96955
          ],
          [
            75.83763,
            22.96885
          ],
          [
            75.83755,
            22.9684
          ],
          [
            75.83751,
            22.96794
          ],
          [
            75.83768,
            22.96585
          ],
          [
            75.83776,
            22.96471
          ],
          [
            75.83796,
            22.96233
          ],
          [
            75.83806,
            22.96153
          ],
          [
            75.83834,
            22.95991
          ],
          [
            75.83856,
            22.95852
          ],
          [
            75.83875,
            22.95776
          ],
          [
            75.8388,
            22.95763
          ],
          [
            75.83897,
            22.95734
          ],
          [
            75.83915,
            22.95707
          ],
          [
            75.83947,
            22.95672
          ],
          [
            75.84055,
            22.95578
          ],
          [
            75.84099,
            22.95543
          ],
          [
            75.84249,
            22.95416
          ],
          [
            75.84301,
            22.95369
          ],
          [
            75.84347,
            22.9533
          ],
          [
            75.84421,
            22.95264
          ],
          [
            75.84455,
            22.95227
          ],
          [
            75.84502,
            22.95149
          ],
          [
            75.84579,
            22.9499
          ],
          [
            75.84623,
            22.949
          ],
          [
            75.84993,
            22.94155
          ],
          [
            75.85205,
            22.93716
          ],
          [
            75.85271,
            22.93579
          ],
          [
            75.85327,
            22.93467
          ],
          [
            75.85348,
            22.93434
          ],
          [
            75.85381,
            22.93361
          ],
          [
            75.85404,
            22.93264
          ],
          [
            75.85406,
            22.93139
          ],
          [
            75.85404,
            22.93071
          ],
          [
            75.85402,
            22.9295
          ],
          [
            75.85392,
            22.92745
          ],
          [
            75.85386,
            22.92537
          ],
          [
            75.85392,
            22.9242
          ],
          [
            75.85403,
            22.92311
          ],
          [
            75.85465,
            22.91891
          ],
          [
            75.85482,
            22.91792
          ],
          [
            75.85518,
            22.91636
          ],
          [
            75.85722,
            22.9076
          ],
          [
            75.85777,
            22.90535
          ],
          [
            75.85814,
            22.90371
          ],
          [
            75.85839,
            22.90264
          ],
          [
            75.85852,
            22.90194
          ],
          [
            75.85856,
            22.90148
          ],
          [
            75.85851,
            22.90091
          ],
          [
            75.85835,
            22.90021
          ],
          [
            75.85654,
            22.89322
          ],
          [
            75.85642,
            22.89273
          ],
          [
            75.85634,
            22.89239
          ],
          [
            75.85631,
            22.8922
          ],
          [
            75.85624,
            22.89176
          ],
          [
            75.85624,
            22.89111
          ],
          [
            75.85631,
            22.88867
          ],
          [
            75.85638,
            22.88678
          ],
          [
            75.85651,
            22.88579
          ],
          [
            75.85676,
            22.88417
          ],
          [
            75.85704,
            22.88212
          ],
          [
            75.85718,
            22.88134
          ],
          [
            75.85726,
            22.88099
          ],
          [
            75.8575,
            22.88051
          ],
          [
            75.85752,
            22.88049
          ],
          [
            75.85755,
            22.88042
          ],
          [
            75.85803,
            22.87974
          ],
          [
            75.85824,
            22.87946
          ],
          [
            75.8588,
            22.87875
          ],
          [
            75.85923,
            22.87806
          ],
          [
            75.85939,
            22.87759
          ],
          [
            75.85949,
            22.87713
          ],
          [
            75.85949,
            22.87701
          ],
          [
            75.85952,
            22.87646
          ],
          [
            75.85934,
            22.87419
          ],
          [
            75.85924,
            22.87345
          ],
          [
            75.85914,
            22.87294
          ],
          [
            75.85911,
            22.8727
          ],
          [
            75.85781,
            22.86909
          ],
          [
            75.85755,
            22.86852
          ],
          [
            75.85731,
            22.86809
          ],
          [
            75.85683,
            22.86746
          ],
          [
            75.85586,
            22.8664
          ],
          [
            75.85554,
            22.86599
          ],
          [
            75.85531,
            22.86565
          ],
          [
            75.85508,
            22.86527
          ],
          [
            75.85485,
            22.86478
          ],
          [
            75.85467,
            22.86432
          ],
          [
            75.85451,
            22.86384
          ],
          [
            75.85386,
            22.86067
          ],
          [
            75.85365,
            22.85966
          ],
          [
            75.85255,
            22.85426
          ],
          [
            75.85243,
            22.85355
          ],
          [
            75.85231,
            22.85259
          ],
          [
            75.85228,
            22.85199
          ],
          [
            75.85229,
            22.85146
          ],
          [
            75.85231,
            22.85082
          ],
          [
            75.85238,
            22.85016
          ],
          [
            75.85247,
            22.84959
          ],
          [
            75.85263,
            22.84886
          ],
          [
            75.85276,
            22.8483
          ],
          [
            75.85359,
            22.84555
          ],
          [
            75.85372,
            22.8451
          ],
          [
            75.85386,
            22.84446
          ],
          [
            75.85457,
            22.84103
          ],
          [
            75.8546,
            22.8409
          ],
          [
            75.85481,
            22.8398
          ],
          [
            75.85485,
            22.83939
          ],
          [
            75.85487,
            22.83883
          ],
          [
            75.8548,
            22.83817
          ],
          [
            75.85454,
            22.83706
          ],
          [
            75.85445,
            22.83681
          ],
          [
            75.85387,
            22.8355
          ],
          [
            75.85243,
            22.83233
          ],
          [
            75.85219,
            22.83175
          ],
          [
            75.85191,
            22.83094
          ],
          [
            75.85174,
            22.83042
          ],
          [
            75.85148,
            22.82945
          ],
          [
            75.85107,
            22.82788
          ],
          [
            75.85054,
            22.826
          ],
          [
            75.85038,
            22.82536
          ],
          [
            75.8502,
            22.82467
          ],
          [
            75.85007,
            22.82405
          ],
          [
            75.84997,
            22.82349
          ],
          [
            75.84945,
            22.81946
          ],
          [
            75.84906,
            22.81589
          ],
          [
            75.84899,
            22.81526
          ],
          [
            75.84881,
            22.81403
          ],
          [
            75.84862,
            22.81318
          ],
          [
            75.84825,
            22.81155
          ],
          [
            75.84811,
            22.81083
          ],
          [
            75.84796,
            22.8099
          ],
          [
            75.84788,
            22.80908
          ],
          [
            75.84776,
            22.80653
          ],
          [
            75.84765,
            22.80396
          ],
          [
            75.84759,
            22.80241
          ],
          [
            75.84757,
            22.80179
          ],
          [
            75.84755,
            22.80144
          ],
          [
            75.84749,
            22.79984
          ],
          [
            75.84748,
            22.79977
          ],
          [
            75.84733,
            22.7977
          ],
          [
            75.84733,
            22.79761
          ],
          [
            75.84726,
            22.79561
          ],
          [
            75.84736,
            22.79145
          ],
          [
            75.84739,
            22.78989
          ],
          [
            75.84739,
            22.78971
          ],
          [
            75.84725,
            22.78971
          ],
          [
            75.84715,
            22.78971
          ],
          [
            75.84655,
            22.78972
          ],
          [
            75.84498,
            22.78979
          ],
          [
            75.84456,
            22.7898
          ],
          [
            75.84428,
            22.78978
          ],
          [
            75.84371,
            22.78972
          ],
          [
            75.84285,
            22.78954
          ],
          [
            75.84226,
            22.78934
          ],
          [
            75.84179,
            22.78914
          ],
          [
            75.84097,
            22.78872
          ],
          [
            75.83544,
            22.78539
          ],
          [
            75.83517,
            22.78523
          ],
          [
            75.83334,
            22.7841
          ],
          [
            75.83232,
            22.78335
          ],
          [
            75.83132,
            22.7826
          ],
          [
            75.83086,
            22.78226
          ],
          [
            75.82995,
            22.78151
          ],
          [
            75.82839,
            22.78026
          ],
          [
            75.82784,
            22.77979
          ],
          [
            75.82607,
            22.7783
          ],
          [
            75.81999,
            22.77263
          ],
          [
            75.81704,
            22.76992
          ],
          [
            75.81569,
            22.76862
          ],
          [
            75.81509,
            22.76796
          ],
          [
            75.81435,
            22.76707
          ],
          [
            75.81349,
            22.76594
          ],
          [
            75.81235,
            22.76442
          ],
          [
            75.80835,
            22.75923
          ],
          [
            75.80596,
            22.75609
          ],
          [
            75.80379,
            22.7533
          ],
          [
            75.80362,
            22.75307
          ],
          [
            75.80324,
            22.75248
          ],
          [
            75.80295,
            22.75192
          ],
          [
            75.80271,
            22.75125
          ],
          [
            75.8023,
            22.74984
          ],
          [
            75.80108,
            22.74547
          ],
          [
            75.80082,
            22.74476
          ],
          [
            75.80073,
            22.74456
          ],
          [
            75.80059,
            22.74433
          ],
          [
            75.79925,
            22.74234
          ],
          [
            75.79875,
            22.74146
          ],
          [
            75.79832,
            22.74053
          ],
          [
            75.79682,
            22.73731
          ],
          [
            75.79641,
            22.73659
          ],
          [
            75.79569,
            22.73538
          ],
          [
            75.79564,
            22.73529
          ],
          [
            75.7954,
            22.7351
          ],
          [
            75.79506,
            22.73473
          ],
          [
            75.79452,
            22.73426
          ],
          [
            75.79391,
            22.7338
          ],
          [
            75.79347,
            22.73351
          ],
          [
            75.79297,
            22.73325
          ],
          [
            75.79261,
            22.73308
          ],
          [
            75.79152,
            22.73267
          ],
          [
            75.79079,
            22.73236
          ],
          [
            75.79035,
            22.73214
          ],
          [
            75.7898,
            22.73185
          ],
          [
            75.78962,
            22.73174
          ],
          [
            75.789,
            22.73135
          ],
          [
            75.78867,
            22.7311
          ],
          [
            75.78839,
            22.73087
          ],
          [
            75.78815,
            22.73064
          ],
          [
            75.78784,
            22.7303
          ],
          [
            75.78736,
            22.7297
          ],
          [
            75.78719,
            22.72944
          ],
          [
            75.78674,
            22.72842
          ],
          [
            75.78589,
            22.72619
          ],
          [
            75.78522,
            22.72478
          ],
          [
            75.78499,
            22.72435
          ],
          [
            75.78405,
            22.72284
          ],
          [
            75.7837,
            22.72257
          ],
          [
            75.78319,
            22.72225
          ],
          [
            75.78301,
            22.72214
          ],
          [
            75.78232,
            22.72183
          ],
          [
            75.78158,
            22.72149
          ],
          [
            75.781,
            22.72122
          ],
          [
            75.78039,
            22.72093
          ],
          [
            75.78,
            22.72062
          ],
          [
            75.77972,
            22.72046
          ],
          [
            75.77924,
            22.72019
          ],
          [
            75.77879,
            22.71995
          ],
          [
            75.77869,
            22.71989
          ],
          [
            75.77852,
            22.71984
          ],
          [
            75.77837,
            22.71982
          ],
          [
            75.77809,
            22.71985
          ],
          [
            75.7777,
            22.71994
          ],
          [
            75.77687,
            22.72021
          ],
          [
            75.77683,
            22.72023
          ],
          [
            75.77599,
            22.72048
          ],
          [
            75.77506,
            22.72083
          ],
          [
            75.77438,
            22.72117
          ],
          [
            75.77396,
            22.72144
          ],
          [
            75.77354,
            22.72174
          ],
          [
            75.77308,
            22.722
          ],
          [
            75.77301,
            22.72205
          ],
          [
            75.77287,
            22.7221
          ],
          [
            75.77269,
            22.72212
          ],
          [
            75.77173,
            22.72207
          ],
          [
            75.77103,
            22.72202
          ],
          [
            75.77044,
            22.72194
          ],
          [
            75.77011,
            22.72189
          ],
          [
            75.7693,
            22.72181
          ],
          [
            75.76679,
            22.72177
          ],
          [
            75.7633,
            22.72167
          ],
          [
            75.76312,
            22.72166
          ],
          [
            75.76304,
            22.72162
          ],
          [
            75.76298,
            22.72149
          ],
          [
            75.76301,
            22.72116
          ],
          [
            75.76318,
            22.71995
          ],
          [
            75.76362,
            22.71721
          ],
          [
            75.76378,
            22.71571
          ],
          [
            75.76382,
            22.71507
          ],
          [
            75.76388,
            22.7139
          ],
          [
            75.76395,
            22.71211
          ],
          [
            75.76396,
            22.71191
          ],
          [
            75.76423,
            22.70567
          ],
          [
            75.76426,
            22.70513
          ],
          [
            75.76444,
            22.70216
          ],
          [
            75.76451,
            22.70054
          ],
          [
            75.76451,
            22.70043
          ],
          [
            75.76458,
            22.69912
          ],
          [
            75.76462,
            22.69803
          ],
          [
            75.76478,
            22.69676
          ],
          [
            75.76497,
            22.69368
          ],
          [
            75.76497,
            22.69357
          ],
          [
            75.76514,
            22.69079
          ],
          [
            75.76531,
            22.68711
          ],
          [
            75.76534,
            22.68701
          ],
          [
            75.76544,
            22.68668
          ],
          [
            75.76493,
            22.68639
          ],
          [
            75.76255,
            22.6849
          ],
          [
            75.762,
            22.68466
          ],
          [
            75.76042,
            22.68379
          ],
          [
            75.75988,
            22.68353
          ],
          [
            75.75953,
            22.68339
          ],
          [
            75.75853,
            22.68297
          ],
          [
            75.75789,
            22.68271
          ],
          [
            75.7574,
            22.6825
          ],
          [
            75.75713,
            22.68238
          ],
          [
            75.75676,
            22.68222
          ],
          [
            75.75461,
            22.68126
          ],
          [
            75.75446,
            22.68119
          ],
          [
            75.75372,
            22.68084
          ],
          [
            75.75426,
            22.67958
          ],
          [
            75.75467,
            22.67827
          ],
          [
            75.75486,
            22.67686
          ],
          [
            75.75493,
            22.67608
          ],
          [
            75.755,
            22.67515
          ],
          [
            75.75501,
            22.67506
          ],
          [
            75.75506,
            22.67493
          ],
          [
            75.75526,
            22.67466
          ],
          [
            75.75552,
            22.6743
          ],
          [
            75.7556,
            22.67418
          ],
          [
            75.75568,
            22.67406
          ],
          [
            75.75574,
            22.67401
          ],
          [
            75.75622,
            22.67381
          ],
          [
            75.75626,
            22.67378
          ],
          [
            75.75629,
            22.67374
          ],
          [
            75.7563,
            22.67368
          ],
          [
            75.75618,
            22.67247
          ],
          [
            75.75616,
            22.67237
          ],
          [
            75.75524,
            22.67089
          ],
          [
            75.75511,
            22.67061
          ],
          [
            75.75503,
            22.67037
          ],
          [
            75.75468,
            22.66871
          ],
          [
            75.75463,
            22.66856
          ],
          [
            75.75431,
            22.66786
          ],
          [
            75.75415,
            22.66766
          ],
          [
            75.75393,
            22.66743
          ],
          [
            75.75374,
            22.66714
          ],
          [
            75.75368,
            22.667
          ],
          [
            75.75335,
            22.66597
          ],
          [
            75.75328,
            22.66562
          ],
          [
            75.75323,
            22.66524
          ],
          [
            75.7532,
            22.66456
          ],
          [
            75.75291,
            22.66239
          ],
          [
            75.7529,
            22.6613
          ],
          [
            75.75289,
            22.66118
          ],
          [
            75.75285,
            22.66098
          ],
          [
            75.75267,
            22.66044
          ],
          [
            75.75263,
            22.66036
          ],
          [
            75.75248,
            22.66016
          ],
          [
            75.75244,
            22.66008
          ],
          [
            75.75192,
            22.65881
          ],
          [
            75.75179,
            22.65848
          ],
          [
            75.75171,
            22.6582
          ],
          [
            75.75166,
            22.6579
          ],
          [
            75.75152,
            22.65638
          ],
          [
            75.75146,
            22.65632
          ],
          [
            75.7514,
            22.65617
          ],
          [
            75.75131,
            22.65606
          ],
          [
            75.75128,
            22.65599
          ],
          [
            75.75101,
            22.65516
          ],
          [
            75.75097,
            22.6551
          ],
          [
            75.75088,
            22.65503
          ],
          [
            75.75077,
            22.65498
          ],
          [
            75.74873,
            22.65426
          ],
          [
            75.74862,
            22.65419
          ],
          [
            75.74857,
            22.65415
          ],
          [
            75.74849,
            22.65402
          ],
          [
            75.74843,
            22.65388
          ],
          [
            75.74833,
            22.6537
          ],
          [
            75.74797,
            22.65305
          ],
          [
            75.74795,
            22.65301
          ],
          [
            75.74784,
            22.65278
          ],
          [
            75.74775,
            22.65248
          ],
          [
            75.74775,
            22.65231
          ],
          [
            75.74744,
            22.65143
          ],
          [
            75.74726,
            22.65103
          ],
          [
            75.74693,
            22.65048
          ],
          [
            75.74671,
            22.65015
          ],
          [
            75.74658,
            22.64992
          ],
          [
            75.74655,
            22.64974
          ],
          [
            75.74652,
            22.64943
          ],
          [
            75.74653,
            22.64883
          ],
          [
            75.74652,
            22.64866
          ],
          [
            75.74641,
            22.64787
          ],
          [
            75.74633,
            22.64734
          ],
          [
            75.74636,
            22.64637
          ],
          [
            75.74634,
            22.64603
          ],
          [
            75.74626,
            22.64543
          ],
          [
            75.74621,
            22.64507
          ],
          [
            75.74596,
            22.64378
          ],
          [
            75.74568,
            22.64173
          ],
          [
            75.74543,
            22.64016
          ],
          [
            75.74524,
            22.63943
          ],
          [
            75.74512,
            22.63874
          ],
          [
            75.74513,
            22.63817
          ],
          [
            75.74507,
            22.63654
          ],
          [
            75.74513,
            22.63628
          ],
          [
            75.74511,
            22.636
          ],
          [
            75.745,
            22.63571
          ],
          [
            75.74492,
            22.63539
          ],
          [
            75.74504,
            22.63433
          ],
          [
            75.74499,
            22.63397
          ],
          [
            75.74492,
            22.63371
          ],
          [
            75.74484,
            22.63354
          ],
          [
            75.74497,
            22.63318
          ],
          [
            75.74501,
            22.6328
          ],
          [
            75.74476,
            22.63167
          ],
          [
            75.74459,
            22.63108
          ],
          [
            75.74443,
            22.63024
          ],
          [
            75.74432,
            22.62953
          ],
          [
            75.74435,
            22.62775
          ],
          [
            75.74437,
            22.62748
          ],
          [
            75.74473,
            22.62632
          ],
          [
            75.74475,
            22.62624
          ],
          [
            75.74273,
            22.62556
          ],
          [
            75.74217,
            22.62539
          ],
          [
            75.74124,
            22.62516
          ],
          [
            75.74028,
            22.6249
          ],
          [
            75.73996,
            22.6248
          ],
          [
            75.73966,
            22.62468
          ],
          [
            75.73929,
            22.62449
          ],
          [
            75.73872,
            22.62408
          ],
          [
            75.73847,
            22.62383
          ],
          [
            75.73824,
            22.62356
          ],
          [
            75.73785,
            22.62303
          ],
          [
            75.73768,
            22.62284
          ],
          [
            75.73753,
            22.6227
          ],
          [
            75.7373,
            22.62257
          ],
          [
            75.73708,
            22.6225
          ],
          [
            75.73686,
            22.62247
          ],
          [
            75.73666,
            22.62245
          ],
          [
            75.73413,
            22.62245
          ],
          [
            75.73429,
            22.62156
          ],
          [
            75.73436,
            22.62083
          ],
          [
            75.73449,
            22.62016
          ],
          [
            75.73467,
            22.61956
          ],
          [
            75.73476,
            22.61915
          ],
          [
            75.73481,
            22.61889
          ],
          [
            75.73499,
            22.61843
          ],
          [
            75.73517,
            22.61812
          ],
          [
            75.73552,
            22.61761
          ],
          [
            75.73556,
            22.6175
          ],
          [
            75.73566,
            22.61711
          ],
          [
            75.73569,
            22.6168
          ],
          [
            75.73569,
            22.61635
          ],
          [
            75.7357,
            22.61579
          ],
          [
            75.73514,
            22.61571
          ],
          [
            75.73416,
            22.61547
          ],
          [
            75.73319,
            22.61516
          ],
          [
            75.73296,
            22.61516
          ],
          [
            75.72739,
            22.61236
          ],
          [
            75.72486,
            22.61106
          ],
          [
            75.72405,
            22.61061
          ],
          [
            75.72307,
            22.60999
          ],
          [
            75.72253,
            22.60962
          ],
          [
            75.72091,
            22.60842
          ],
          [
            75.71899,
            22.60702
          ],
          [
            75.71634,
            22.60506
          ],
          [
            75.71419,
            22.60349
          ],
          [
            75.71358,
            22.60305
          ],
          [
            75.71284,
            22.60247
          ],
          [
            75.71248,
            22.60217
          ],
          [
            75.71057,
            22.60045
          ],
          [
            75.70978,
            22.59971
          ],
          [
            75.709,
            22.59906
          ],
          [
            75.70811,
            22.59842
          ],
          [
            75.70763,
            22.59816
          ],
          [
            75.7071,
            22.5979
          ],
          [
            75.70654,
            22.59766
          ],
          [
            75.70588,
            22.59742
          ],
          [
            75.70523,
            22.59725
          ],
          [
            75.70411,
            22.59699
          ],
          [
            75.70371,
            22.59686
          ],
          [
            75.70323,
            22.59669
          ],
          [
            75.70295,
            22.59656
          ],
          [
            75.7027,
            22.59643
          ],
          [
            75.70228,
            22.59618
          ],
          [
            75.70189,
            22.5959
          ],
          [
            75.69947,
            22.59396
          ],
          [
            75.69874,
            22.5934
          ],
          [
            75.69794,
            22.59285
          ],
          [
            75.69605,
            22.5916
          ],
          [
            75.6955,
            22.59121
          ],
          [
            75.69511,
            22.59095
          ],
          [
            75.69465,
            22.59069
          ],
          [
            75.69413,
            22.59047
          ],
          [
            75.69396,
            22.59042
          ],
          [
            75.69374,
            22.59036
          ],
          [
            75.69312,
            22.59023
          ],
          [
            75.69282,
            22.5902
          ],
          [
            75.6922,
            22.59018
          ],
          [
            75.69187,
            22.5902
          ],
          [
            75.69146,
            22.59025
          ],
          [
            75.6913,
            22.59028
          ],
          [
            75.69097,
            22.59035
          ],
          [
            75.69063,
            22.59045
          ],
          [
            75.69015,
            22.59065
          ],
          [
            75.68855,
            22.59138
          ],
          [
            75.68759,
            22.59184
          ],
          [
            75.68635,
            22.59237
          ],
          [
            75.68584,
            22.59255
          ],
          [
            75.68535,
            22.59267
          ],
          [
            75.68428,
            22.59286
          ],
          [
            75.68048,
            22.59351
          ],
          [
            75.67741,
            22.59401
          ],
          [
            75.67198,
            22.59498
          ],
          [
            75.67165,
            22.59502
          ],
          [
            75.67078,
            22.59505
          ],
          [
            75.67038,
            22.59503
          ],
          [
            75.66986,
            22.59497
          ],
          [
            75.66931,
            22.59485
          ],
          [
            75.66873,
            22.59466
          ],
          [
            75.66835,
            22.5945
          ],
          [
            75.66789,
            22.59428
          ],
          [
            75.66661,
            22.59355
          ],
          [
            75.66627,
            22.59335
          ],
          [
            75.66617,
            22.5933
          ],
          [
            75.66602,
            22.59323
          ],
          [
            75.65943,
            22.58974
          ],
          [
            75.65909,
            22.58955
          ],
          [
            75.65866,
            22.58926
          ],
          [
            75.65805,
            22.58877
          ],
          [
            75.65773,
            22.58846
          ],
          [
            75.65744,
            22.58811
          ],
          [
            75.657,
            22.58752
          ],
          [
            75.65547,
            22.58493
          ],
          [
            75.65523,
            22.58461
          ],
          [
            75.65459,
            22.58392
          ],
          [
            75.65414,
            22.58348
          ],
          [
            75.65255,
            22.58204
          ],
          [
            75.6492,
            22.57899
          ],
          [
            75.64849,
            22.57833
          ],
          [
            75.64827,
            22.57808
          ],
          [
            75.64799,
            22.57774
          ],
          [
            75.64772,
            22.57736
          ],
          [
            75.64746,
            22.57693
          ],
          [
            75.64724,
            22.5765
          ],
          [
            75.64703,
            22.57593
          ],
          [
            75.64685,
            22.57526
          ],
          [
            75.64679,
            22.57492
          ],
          [
            75.64674,
            22.57436
          ],
          [
            75.64674,
            22.57397
          ],
          [
            75.64676,
            22.57344
          ],
          [
            75.64682,
            22.57306
          ],
          [
            75.64701,
            22.57229
          ],
          [
            75.64847,
            22.56669
          ],
          [
            75.64919,
            22.56391
          ],
          [
            75.64955,
            22.56248
          ],
          [
            75.65039,
            22.55908
          ],
          [
            75.65112,
            22.55611
          ],
          [
            75.65133,
            22.55523
          ],
          [
            75.65144,
            22.55465
          ],
          [
            75.65389,
            22.54108
          ],
          [
            75.65454,
            22.53742
          ],
          [
            75.65494,
            22.53528
          ],
          [
            75.65511,
            22.5343
          ],
          [
            75.65524,
            22.53328
          ],
          [
            75.65539,
            22.53145
          ],
          [
            75.65549,
            22.53053
          ],
          [
            75.65558,
            22.5293
          ],
          [
            75.6556,
            22.52912
          ],
          [
            75.65578,
            22.52689
          ],
          [
            75.65587,
            22.52595
          ],
          [
            75.656,
            22.52512
          ],
          [
            75.65616,
            22.52449
          ],
          [
            75.65626,
            22.5242
          ],
          [
            75.65663,
            22.5232
          ],
          [
            75.65749,
            22.52078
          ],
          [
            75.65758,
            22.52053
          ],
          [
            75.65836,
            22.51841
          ],
          [
            75.65957,
            22.51499
          ],
          [
            75.66054,
            22.51228
          ],
          [
            75.66089,
            22.51138
          ],
          [
            75.66124,
            22.51058
          ],
          [
            75.66318,
            22.50646
          ],
          [
            75.66358,
            22.50559
          ],
          [
            75.66397,
            22.50466
          ],
          [
            75.66421,
            22.50398
          ],
          [
            75.66453,
            22.50296
          ],
          [
            75.66475,
            22.50212
          ],
          [
            75.66516,
            22.50059
          ],
          [
            75.6654,
            22.49977
          ],
          [
            75.66612,
            22.49714
          ],
          [
            75.66616,
            22.49699
          ],
          [
            75.6665,
            22.4958
          ],
          [
            75.6669,
            22.49428
          ],
          [
            75.66695,
            22.49406
          ],
          [
            75.66705,
            22.49337
          ],
          [
            75.6671,
            22.49282
          ],
          [
            75.66709,
            22.49195
          ],
          [
            75.66701,
            22.49112
          ],
          [
            75.66688,
            22.49046
          ],
          [
            75.66681,
            22.49015
          ],
          [
            75.66674,
            22.48995
          ],
          [
            75.66669,
            22.4898
          ],
          [
            75.66667,
            22.48974
          ],
          [
            75.66648,
            22.4892
          ],
          [
            75.66631,
            22.4888
          ],
          [
            75.6661,
            22.48838
          ],
          [
            75.66582,
            22.48789
          ],
          [
            75.6644,
            22.48574
          ],
          [
            75.66327,
            22.48408
          ],
          [
            75.66277,
            22.48331
          ],
          [
            75.66035,
            22.47969
          ],
          [
            75.65771,
            22.47571
          ],
          [
            75.65568,
            22.47271
          ],
          [
            75.6552,
            22.47194
          ],
          [
            75.65376,
            22.46982
          ],
          [
            75.64943,
            22.46362
          ],
          [
            75.64909,
            22.4631
          ],
          [
            75.64892,
            22.46283
          ],
          [
            75.64879,
            22.46257
          ],
          [
            75.64856,
            22.46205
          ],
          [
            75.64818,
            22.46093
          ],
          [
            75.64814,
            22.46079
          ],
          [
            75.64795,
            22.46024
          ],
          [
            75.64769,
            22.45945
          ],
          [
            75.64752,
            22.45899
          ],
          [
            75.64731,
            22.45859
          ],
          [
            75.64707,
            22.45814
          ],
          [
            75.64597,
            22.45634
          ],
          [
            75.6457,
            22.45589
          ],
          [
            75.64549,
            22.45559
          ],
          [
            75.6453,
            22.45536
          ],
          [
            75.6451,
            22.45515
          ],
          [
            75.64475,
            22.45481
          ],
          [
            75.64406,
            22.45432
          ],
          [
            75.6422,
            22.4534
          ],
          [
            75.64175,
            22.45313
          ],
          [
            75.6415,
            22.45294
          ],
          [
            75.64091,
            22.4524
          ],
          [
            75.63967,
            22.45114
          ],
          [
            75.63824,
            22.44973
          ],
          [
            75.63772,
            22.4493
          ],
          [
            75.63652,
            22.44846
          ],
          [
            75.63514,
            22.44741
          ],
          [
            75.63189,
            22.44493
          ],
          [
            75.62988,
            22.44351
          ],
          [
            75.62905,
            22.44294
          ],
          [
            75.62768,
            22.44188
          ],
          [
            75.62608,
            22.44058
          ],
          [
            75.62542,
            22.44008
          ],
          [
            75.62514,
            22.43985
          ],
          [
            75.62484,
            22.43955
          ],
          [
            75.6244,
            22.43905
          ],
          [
            75.62414,
            22.4387
          ],
          [
            75.62396,
            22.43842
          ],
          [
            75.62331,
            22.43727
          ],
          [
            75.62178,
            22.43475
          ],
          [
            75.62123,
            22.43387
          ],
          [
            75.621,
            22.43358
          ],
          [
            75.62081,
            22.43336
          ],
          [
            75.62045,
            22.43303
          ],
          [
            75.61987,
            22.4326
          ],
          [
            75.61927,
            22.43219
          ],
          [
            75.6189,
            22.43192
          ],
          [
            75.61816,
            22.43137
          ],
          [
            75.61788,
            22.43119
          ],
          [
            75.61709,
            22.43065
          ],
          [
            75.61556,
            22.42956
          ],
          [
            75.61527,
            22.42936
          ],
          [
            75.61417,
            22.42856
          ],
          [
            75.61316,
            22.42787
          ],
          [
            75.61049,
            22.42596
          ],
          [
            75.6096,
            22.42535
          ],
          [
            75.60947,
            22.42526
          ],
          [
            75.60861,
            22.42463
          ],
          [
            75.60796,
            22.42419
          ],
          [
            75.60708,
            22.42368
          ],
          [
            75.60659,
            22.42344
          ],
          [
            75.60617,
            22.42325
          ],
          [
            75.60559,
            22.42301
          ],
          [
            75.6052,
            22.42287
          ],
          [
            75.60387,
            22.42247
          ],
          [
            75.60272,
            22.42214
          ],
          [
            75.602,
            22.42191
          ],
          [
            75.60167,
            22.42179
          ],
          [
            75.59831,
            22.42023
          ],
          [
            75.59702,
            22.41961
          ],
          [
            75.59431,
            22.41833
          ],
          [
            75.59371,
            22.41802
          ],
          [
            75.59257,
            22.4175
          ],
          [
            75.59141,
            22.41694
          ],
          [
            75.59107,
            22.41675
          ],
          [
            75.59069,
            22.41648
          ],
          [
            75.59044,
            22.41627
          ],
          [
            75.59014,
            22.41591
          ],
          [
            75.58993,
            22.41563
          ],
          [
            75.58959,
            22.41506
          ],
          [
            75.58899,
            22.41405
          ],
          [
            75.58871,
            22.41362
          ],
          [
            75.58841,
            22.41324
          ],
          [
            75.58821,
            22.41302
          ],
          [
            75.5879,
            22.41273
          ],
          [
            75.58762,
            22.41251
          ],
          [
            75.58726,
            22.41228
          ],
          [
            75.58693,
            22.41209
          ],
          [
            75.58656,
            22.41193
          ],
          [
            75.5862,
            22.4118
          ],
          [
            75.58527,
            22.4116
          ],
          [
            75.58262,
            22.41126
          ],
          [
            75.58213,
            22.41117
          ],
          [
            75.5819,
            22.41111
          ],
          [
            75.57956,
            22.41024
          ],
          [
            75.5781,
            22.40974
          ],
          [
            75.57566,
            22.40886
          ],
          [
            75.57409,
            22.40825
          ],
          [
            75.5724,
            22.40751
          ],
          [
            75.5716,
            22.40721
          ],
          [
            75.57093,
            22.40693
          ],
          [
            75.57043,
            22.40676
          ],
          [
            75.56977,
            22.40651
          ],
          [
            75.56922,
            22.40637
          ],
          [
            75.56891,
            22.40632
          ],
          [
            75.56806,
            22.40628
          ],
          [
            75.56729,
            22.40628
          ],
          [
            75.56545,
            22.40625
          ],
          [
            75.56501,
            22.40627
          ],
          [
            75.56378,
            22.40632
          ],
          [
            75.56283,
            22.40643
          ],
          [
            75.56169,
            22.4065
          ],
          [
            75.56125,
            22.40649
          ],
          [
            75.55989,
            22.40638
          ],
          [
            75.55937,
            22.40636
          ],
          [
            75.55904,
            22.40635
          ],
          [
            75.55702,
            22.40636
          ],
          [
            75.55655,
            22.40634
          ],
          [
            75.55624,
            22.40629
          ],
          [
            75.55591,
            22.40621
          ],
          [
            75.55452,
            22.40557
          ],
          [
            75.55402,
            22.4053
          ],
          [
            75.55377,
            22.40513
          ],
          [
            75.55348,
            22.40489
          ],
          [
            75.5531,
            22.40449
          ],
          [
            75.5518,
            22.40287
          ],
          [
            75.55,
            22.40094
          ],
          [
            75.54966,
            22.40064
          ],
          [
            75.54941,
            22.40046
          ],
          [
            75.54901,
            22.40026
          ],
          [
            75.54859,
            22.4001
          ],
          [
            75.548,
            22.39992
          ],
          [
            75.54766,
            22.39984
          ],
          [
            75.54687,
            22.39961
          ],
          [
            75.54587,
            22.39938
          ],
          [
            75.54492,
            22.39908
          ],
          [
            75.54427,
            22.39872
          ],
          [
            75.544,
            22.39853
          ],
          [
            75.54337,
            22.39791
          ],
          [
            75.54229,
            22.39659
          ],
          [
            75.54178,
            22.39595
          ],
          [
            75.54107,
            22.39512
          ],
          [
            75.53964,
            22.39338
          ],
          [
            75.53897,
            22.39248
          ],
          [
            75.53842,
            22.39166
          ],
          [
            75.53817,
            22.39132
          ],
          [
            75.53799,
            22.39111
          ],
          [
            75.53751,
            22.39064
          ],
          [
            75.53719,
            22.39039
          ],
          [
            75.53669,
            22.39007
          ],
          [
            75.53611,
            22.3898
          ],
          [
            75.5355,
            22.3896
          ],
          [
            75.53404,
            22.38922
          ],
          [
            75.53379,
            22.38915
          ],
          [
            75.53357,
            22.38906
          ],
          [
            75.53322,
            22.38886
          ],
          [
            75.53295,
            22.38867
          ],
          [
            75.53274,
            22.38848
          ],
          [
            75.53256,
            22.38828
          ],
          [
            75.53241,
            22.38808
          ],
          [
            75.53225,
            22.38781
          ],
          [
            75.53217,
            22.38764
          ],
          [
            75.53208,
            22.3874
          ],
          [
            75.53202,
            22.38718
          ],
          [
            75.53196,
            22.38664
          ],
          [
            75.53201,
            22.38612
          ],
          [
            75.53238,
            22.38367
          ],
          [
            75.53244,
            22.38298
          ],
          [
            75.53244,
            22.3826
          ],
          [
            75.53235,
            22.38139
          ],
          [
            75.53233,
            22.3808
          ],
          [
            75.53239,
            22.38017
          ],
          [
            75.53255,
            22.37918
          ],
          [
            75.53257,
            22.37878
          ],
          [
            75.53254,
            22.37853
          ],
          [
            75.53243,
            22.37809
          ],
          [
            75.53236,
            22.37788
          ],
          [
            75.53219,
            22.3776
          ],
          [
            75.53202,
            22.37736
          ],
          [
            75.53182,
            22.37715
          ],
          [
            75.53157,
            22.37693
          ],
          [
            75.5313,
            22.37676
          ],
          [
            75.53104,
            22.37665
          ],
          [
            75.53022,
            22.37637
          ],
          [
            75.52909,
            22.37603
          ],
          [
            75.52672,
            22.37497
          ],
          [
            75.52647,
            22.37484
          ],
          [
            75.52621,
            22.37469
          ],
          [
            75.52582,
            22.37437
          ],
          [
            75.52563,
            22.37416
          ],
          [
            75.52546,
            22.37395
          ],
          [
            75.52481,
            22.37278
          ],
          [
            75.52448,
            22.3722
          ],
          [
            75.52412,
            22.37164
          ],
          [
            75.52285,
            22.36992
          ],
          [
            75.52244,
            22.36932
          ],
          [
            75.52226,
            22.36901
          ],
          [
            75.52193,
            22.36837
          ],
          [
            75.52086,
            22.36612
          ],
          [
            75.52061,
            22.36564
          ],
          [
            75.5203,
            22.36512
          ],
          [
            75.51966,
            22.36409
          ],
          [
            75.51808,
            22.36162
          ],
          [
            75.51748,
            22.36069
          ],
          [
            75.51711,
            22.36008
          ],
          [
            75.51694,
            22.35982
          ],
          [
            75.51666,
            22.3593
          ],
          [
            75.51461,
            22.35539
          ],
          [
            75.51432,
            22.35492
          ],
          [
            75.51416,
            22.35469
          ],
          [
            75.51364,
            22.35414
          ],
          [
            75.51324,
            22.35385
          ],
          [
            75.51295,
            22.35366
          ],
          [
            75.51161,
            22.35285
          ],
          [
            75.51107,
            22.35248
          ],
          [
            75.51081,
            22.35228
          ],
          [
            75.51037,
            22.35192
          ],
          [
            75.50975,
            22.35133
          ],
          [
            75.50948,
            22.35103
          ],
          [
            75.50918,
            22.35065
          ],
          [
            75.50866,
            22.34991
          ],
          [
            75.50839,
            22.34944
          ],
          [
            75.50815,
            22.34899
          ],
          [
            75.50562,
            22.34416
          ],
          [
            75.50537,
            22.34365
          ],
          [
            75.50511,
            22.34303
          ],
          [
            75.50494,
            22.34252
          ],
          [
            75.50479,
            22.34194
          ],
          [
            75.50469,
            22.34149
          ],
          [
            75.50448,
            22.33908
          ],
          [
            75.50444,
            22.33884
          ],
          [
            75.50433,
            22.33835
          ],
          [
            75.50426,
            22.33808
          ],
          [
            75.50408,
            22.33761
          ],
          [
            75.50395,
            22.33731
          ],
          [
            75.50382,
            22.33706
          ],
          [
            75.50353,
            22.33656
          ],
          [
            75.50279,
            22.33534
          ],
          [
            75.50165,
            22.33351
          ],
          [
            75.50126,
            22.33292
          ],
          [
            75.50004,
            22.3309
          ],
          [
            75.49869,
            22.32875
          ],
          [
            75.49689,
            22.32578
          ],
          [
            75.49663,
            22.32523
          ],
          [
            75.49653,
            22.32487
          ],
          [
            75.49643,
            22.32446
          ],
          [
            75.49638,
            22.3237
          ],
          [
            75.49641,
            22.32323
          ],
          [
            75.49647,
            22.32292
          ],
          [
            75.49655,
            22.32263
          ],
          [
            75.49673,
            22.32209
          ],
          [
            75.49695,
            22.32164
          ],
          [
            75.4971,
            22.32139
          ],
          [
            75.49731,
            22.32112
          ],
          [
            75.49751,
            22.32087
          ],
          [
            75.49783,
            22.32055
          ],
          [
            75.49937,
            22.31916
          ],
          [
            75.50139,
            22.31735
          ],
          [
            75.5018,
            22.31695
          ],
          [
            75.502,
            22.31673
          ],
          [
            75.50232,
            22.31628
          ],
          [
            75.50262,
            22.31576
          ],
          [
            75.50276,
            22.3154
          ],
          [
            75.50296,
            22.31469
          ],
          [
            75.50302,
            22.3141
          ],
          [
            75.50302,
            22.31366
          ],
          [
            75.50301,
            22.3133
          ],
          [
            75.50292,
            22.31188
          ],
          [
            75.50282,
            22.31057
          ],
          [
            75.50276,
            22.31004
          ],
          [
            75.50271,
            22.30902
          ],
          [
            75.5027,
            22.30714
          ],
          [
            75.50272,
            22.30492
          ],
          [
            75.50271,
            22.30357
          ],
          [
            75.50271,
            22.30308
          ],
          [
            75.50267,
            22.30253
          ],
          [
            75.50263,
            22.30205
          ],
          [
            75.50254,
            22.3015
          ],
          [
            75.50232,
            22.30075
          ],
          [
            75.50223,
            22.3005
          ],
          [
            75.50195,
            22.2999
          ],
          [
            75.50158,
            22.29925
          ],
          [
            75.5015,
            22.29911
          ],
          [
            75.50121,
            22.29873
          ],
          [
            75.50087,
            22.29833
          ],
          [
            75.49956,
            22.29695
          ],
          [
            75.49848,
            22.29579
          ],
          [
            75.49824,
            22.2955
          ],
          [
            75.49781,
            22.29492
          ],
          [
            75.49729,
            22.29409
          ],
          [
            75.49703,
            22.29359
          ],
          [
            75.49668,
            22.29284
          ],
          [
            75.49554,
            22.2901
          ],
          [
            75.49481,
            22.28804
          ],
          [
            75.49458,
            22.28745
          ],
          [
            75.49426,
            22.28657
          ],
          [
            75.49391,
            22.2856
          ],
          [
            75.49365,
            22.28488
          ],
          [
            75.49194,
            22.28028
          ],
          [
            75.49175,
            22.27973
          ],
          [
            75.49157,
            22.27911
          ],
          [
            75.49143,
            22.27831
          ],
          [
            75.49106,
            22.27566
          ],
          [
            75.49097,
            22.27521
          ],
          [
            75.49089,
            22.27491
          ],
          [
            75.49071,
            22.27446
          ],
          [
            75.49047,
            22.27397
          ],
          [
            75.48791,
            22.2693
          ],
          [
            75.4874,
            22.26825
          ],
          [
            75.48694,
            22.26733
          ],
          [
            75.4863,
            22.26599
          ],
          [
            75.48589,
            22.26506
          ],
          [
            75.48392,
            22.26056
          ],
          [
            75.48342,
            22.25945
          ],
          [
            75.48329,
            22.2592
          ],
          [
            75.48286,
            22.25859
          ],
          [
            75.48255,
            22.25822
          ],
          [
            75.48227,
            22.25794
          ],
          [
            75.482,
            22.25771
          ],
          [
            75.48178,
            22.25752
          ],
          [
            75.48157,
            22.25732
          ],
          [
            75.47981,
            22.25584
          ],
          [
            75.47573,
            22.25231
          ],
          [
            75.47532,
            22.25196
          ],
          [
            75.47429,
            22.2511
          ],
          [
            75.4734,
            22.25033
          ],
          [
            75.47273,
            22.24969
          ],
          [
            75.47209,
            22.24897
          ],
          [
            75.47181,
            22.24857
          ],
          [
            75.4712,
            22.2476
          ],
          [
            75.47099,
            22.24713
          ],
          [
            75.47079,
            22.24669
          ],
          [
            75.47054,
            22.24589
          ],
          [
            75.4704,
            22.24543
          ],
          [
            75.47025,
            22.24408
          ],
          [
            75.47025,
            22.24323
          ],
          [
            75.47075,
            22.23818
          ],
          [
            75.47079,
            22.2376
          ],
          [
            75.47079,
            22.23741
          ],
          [
            75.47079,
            22.23719
          ],
          [
            75.47067,
            22.23624
          ],
          [
            75.47052,
            22.23561
          ],
          [
            75.4704,
            22.23527
          ],
          [
            75.47022,
            22.23482
          ],
          [
            75.46985,
            22.23412
          ],
          [
            75.46963,
            22.23377
          ],
          [
            75.46903,
            22.23295
          ],
          [
            75.46716,
            22.23047
          ],
          [
            75.46638,
            22.22941
          ],
          [
            75.46409,
            22.22638
          ],
          [
            75.46378,
            22.22594
          ],
          [
            75.46329,
            22.22514
          ],
          [
            75.4632,
            22.22495
          ],
          [
            75.46291,
            22.22431
          ],
          [
            75.46271,
            22.22373
          ],
          [
            75.46254,
            22.2231
          ],
          [
            75.46238,
            22.22238
          ],
          [
            75.46199,
            22.22028
          ],
          [
            75.46194,
            22.21997
          ],
          [
            75.46051,
            22.21246
          ],
          [
            75.46033,
            22.21145
          ],
          [
            75.46022,
            22.2107
          ],
          [
            75.46012,
            22.20976
          ],
          [
            75.4601,
            22.20949
          ],
          [
            75.46008,
            22.20842
          ],
          [
            75.46009,
            22.20784
          ],
          [
            75.46012,
            22.20731
          ],
          [
            75.46017,
            22.20673
          ],
          [
            75.46026,
            22.20604
          ],
          [
            75.46038,
            22.20537
          ],
          [
            75.46054,
            22.20464
          ],
          [
            75.4607,
            22.20399
          ],
          [
            75.46139,
            22.2018
          ],
          [
            75.46162,
            22.20114
          ],
          [
            75.46269,
            22.19785
          ],
          [
            75.46402,
            22.19381
          ],
          [
            75.4643,
            22.19283
          ],
          [
            75.4644,
            22.19227
          ],
          [
            75.46442,
            22.19199
          ],
          [
            75.46443,
            22.19116
          ],
          [
            75.46438,
            22.19071
          ],
          [
            75.46437,
            22.19056
          ],
          [
            75.46425,
            22.18996
          ],
          [
            75.46409,
            22.18944
          ],
          [
            75.46393,
            22.18902
          ],
          [
            75.46369,
            22.18847
          ],
          [
            75.46202,
            22.18525
          ],
          [
            75.46172,
            22.1846
          ],
          [
            75.46082,
            22.18251
          ],
          [
            75.46004,
            22.18069
          ],
          [
            75.45971,
            22.17985
          ],
          [
            75.45761,
            22.17525
          ],
          [
            75.45619,
            22.1722
          ],
          [
            75.45472,
            22.16895
          ],
          [
            75.4546,
            22.16866
          ],
          [
            75.45416,
            22.16772
          ],
          [
            75.45381,
            22.16716
          ],
          [
            75.45372,
            22.16701
          ],
          [
            75.45334,
            22.16652
          ],
          [
            75.45306,
            22.16622
          ],
          [
            75.4512,
            22.16433
          ],
          [
            75.44658,
            22.1597
          ],
          [
            75.4462,
            22.15918
          ],
          [
            75.44598,
            22.1588
          ],
          [
            75.4458,
            22.15841
          ],
          [
            75.44568,
            22.15807
          ],
          [
            75.44556,
            22.15777
          ],
          [
            75.44552,
            22.15735
          ],
          [
            75.44551,
            22.15689
          ],
          [
            75.44566,
            22.15592
          ],
          [
            75.44623,
            22.15403
          ],
          [
            75.44772,
            22.14888
          ],
          [
            75.44818,
            22.14713
          ],
          [
            75.44833,
            22.14652
          ],
          [
            75.44851,
            22.14586
          ],
          [
            75.44858,
            22.14543
          ],
          [
            75.44859,
            22.14492
          ],
          [
            75.44857,
            22.14448
          ],
          [
            75.44841,
            22.14257
          ],
          [
            75.44837,
            22.1416
          ],
          [
            75.44818,
            22.13903
          ],
          [
            75.44813,
            22.13838
          ],
          [
            75.44811,
            22.13762
          ],
          [
            75.44812,
            22.13713
          ],
          [
            75.44829,
            22.13604
          ],
          [
            75.44834,
            22.13567
          ],
          [
            75.44839,
            22.13525
          ],
          [
            75.44857,
            22.13419
          ],
          [
            75.44867,
            22.13323
          ],
          [
            75.44885,
            22.1308
          ],
          [
            75.44897,
            22.12738
          ],
          [
            75.4489,
            22.12645
          ],
          [
            75.44884,
            22.12608
          ],
          [
            75.44824,
            22.12364
          ],
          [
            75.44739,
            22.12062
          ],
          [
            75.44711,
            22.11973
          ],
          [
            75.44692,
            22.11932
          ],
          [
            75.4467,
            22.11887
          ],
          [
            75.4464,
            22.11831
          ],
          [
            75.44603,
            22.11775
          ],
          [
            75.44577,
            22.1174
          ],
          [
            75.4452,
            22.11674
          ],
          [
            75.44405,
            22.11565
          ],
          [
            75.44369,
            22.11529
          ],
          [
            75.44337,
            22.11493
          ],
          [
            75.44305,
            22.11455
          ],
          [
            75.44275,
            22.11414
          ],
          [
            75.44241,
            22.11361
          ],
          [
            75.44219,
            22.11323
          ],
          [
            75.44201,
            22.11291
          ],
          [
            75.44083,
            22.11072
          ],
          [
            75.44036,
            22.10991
          ],
          [
            75.43997,
            22.10934
          ],
          [
            75.43969,
            22.10898
          ],
          [
            75.43905,
            22.10825
          ],
          [
            75.43721,
            22.1065
          ],
          [
            75.43484,
            22.10409
          ],
          [
            75.43309,
            22.10224
          ],
          [
            75.43055,
            22.0994
          ],
          [
            75.42869,
            22.09735
          ],
          [
            75.42616,
            22.09464
          ],
          [
            75.4253,
            22.09375
          ],
          [
            75.4247,
            22.09319
          ],
          [
            75.42144,
            22.09035
          ],
          [
            75.42046,
            22.08945
          ],
          [
            75.41659,
            22.0858
          ],
          [
            75.41562,
            22.08491
          ],
          [
            75.41299,
            22.08257
          ],
          [
            75.41209,
            22.08172
          ],
          [
            75.41122,
            22.08096
          ],
          [
            75.41069,
            22.0805
          ],
          [
            75.41019,
            22.08012
          ],
          [
            75.40957,
            22.07968
          ],
          [
            75.40846,
            22.07898
          ],
          [
            75.40768,
            22.07854
          ],
          [
            75.40699,
            22.07819
          ],
          [
            75.40311,
            22.07646
          ],
          [
            75.40089,
            22.07546
          ],
          [
            75.39412,
            22.07243
          ],
          [
            75.39345,
            22.07206
          ],
          [
            75.39311,
            22.07183
          ],
          [
            75.39256,
            22.07136
          ],
          [
            75.39205,
            22.07078
          ],
          [
            75.39181,
            22.07046
          ],
          [
            75.39155,
            22.07002
          ],
          [
            75.39134,
            22.06957
          ],
          [
            75.39114,
            22.06902
          ],
          [
            75.39105,
            22.06862
          ],
          [
            75.39098,
            22.06819
          ],
          [
            75.39096,
            22.06791
          ],
          [
            75.39095,
            22.06733
          ],
          [
            75.391,
            22.06571
          ],
          [
            75.39098,
            22.0651
          ],
          [
            75.39094,
            22.06475
          ],
          [
            75.39086,
            22.06427
          ],
          [
            75.39076,
            22.06388
          ],
          [
            75.39059,
            22.06336
          ],
          [
            75.39035,
            22.06281
          ],
          [
            75.39019,
            22.06244
          ],
          [
            75.39,
            22.06211
          ],
          [
            75.38951,
            22.06139
          ],
          [
            75.38904,
            22.06084
          ],
          [
            75.38827,
            22.06014
          ],
          [
            75.38772,
            22.05974
          ],
          [
            75.38736,
            22.0595
          ],
          [
            75.3856,
            22.05846
          ],
          [
            75.38301,
            22.05688
          ],
          [
            75.37954,
            22.0546
          ],
          [
            75.37916,
            22.05434
          ],
          [
            75.37876,
            22.05396
          ],
          [
            75.37833,
            22.05345
          ],
          [
            75.37816,
            22.05318
          ],
          [
            75.37795,
            22.05282
          ],
          [
            75.37783,
            22.05251
          ],
          [
            75.37768,
            22.05209
          ],
          [
            75.37761,
            22.05179
          ],
          [
            75.37753,
            22.05139
          ],
          [
            75.37752,
            22.05104
          ],
          [
            75.37753,
            22.05066
          ],
          [
            75.37763,
            22.04983
          ],
          [
            75.3778,
            22.04889
          ],
          [
            75.37806,
            22.04722
          ],
          [
            75.37854,
            22.04435
          ],
          [
            75.37876,
            22.04297
          ],
          [
            75.37878,
            22.04271
          ],
          [
            75.37877,
            22.04249
          ],
          [
            75.37873,
            22.04218
          ],
          [
            75.37867,
            22.04192
          ],
          [
            75.37859,
            22.04173
          ],
          [
            75.3784,
            22.04138
          ],
          [
            75.37826,
            22.04118
          ],
          [
            75.37809,
            22.041
          ],
          [
            75.3779,
            22.04084
          ],
          [
            75.37763,
            22.04064
          ],
          [
            75.37733,
            22.04048
          ],
          [
            75.37702,
            22.04035
          ],
          [
            75.37436,
            22.03942
          ],
          [
            75.37245,
            22.03877
          ],
          [
            75.37194,
            22.03863
          ],
          [
            75.36941,
            22.03803
          ],
          [
            75.36875,
            22.03793
          ],
          [
            75.36819,
            22.03787
          ],
          [
            75.36698,
            22.03776
          ],
          [
            75.3629,
            22.03732
          ],
          [
            75.36238,
            22.03725
          ],
          [
            75.36192,
            22.03716
          ],
          [
            75.36141,
            22.03702
          ],
          [
            75.36065,
            22.03674
          ],
          [
            75.36025,
            22.03656
          ],
          [
            75.35983,
            22.03633
          ],
          [
            75.35943,
            22.03609
          ],
          [
            75.35732,
            22.03468
          ],
          [
            75.35416,
            22.03256
          ],
          [
            75.35379,
            22.03228
          ],
          [
            75.35363,
            22.03214
          ],
          [
            75.35344,
            22.03192
          ],
          [
            75.3532,
            22.0316
          ],
          [
            75.35266,
            22.03081
          ],
          [
            75.35211,
            22.03008
          ],
          [
            75.35054,
            22.02811
          ],
          [
            75.35003,
            22.02743
          ],
          [
            75.34944,
            22.02669
          ],
          [
            75.34852,
            22.02548
          ],
          [
            75.34718,
            22.02374
          ],
          [
            75.34658,
            22.02299
          ],
          [
            75.34596,
            22.02219
          ],
          [
            75.34544,
            22.0215
          ],
          [
            75.34397,
            22.01948
          ],
          [
            75.34348,
            22.01873
          ],
          [
            75.34308,
            22.01803
          ],
          [
            75.34184,
            22.01563
          ],
          [
            75.34015,
            22.01258
          ],
          [
            75.33983,
            22.01213
          ],
          [
            75.33971,
            22.01199
          ],
          [
            75.33942,
            22.0117
          ],
          [
            75.33914,
            22.01147
          ],
          [
            75.33879,
            22.01124
          ],
          [
            75.33837,
            22.01103
          ],
          [
            75.33773,
            22.01075
          ],
          [
            75.33659,
            22.01028
          ],
          [
            75.33548,
            22.00979
          ],
          [
            75.33483,
            22.00948
          ],
          [
            75.33433,
            22.00916
          ],
          [
            75.33402,
            22.00892
          ],
          [
            75.3335,
            22.00841
          ],
          [
            75.33029,
            22.00427
          ],
          [
            75.32983,
            22.00363
          ],
          [
            75.32924,
            22.00266
          ],
          [
            75.32869,
            22.00161
          ],
          [
            75.32747,
            21.99915
          ],
          [
            75.32541,
            21.99506
          ],
          [
            75.32507,
            21.99447
          ],
          [
            75.32489,
            21.99423
          ],
          [
            75.32452,
            21.9938
          ],
          [
            75.32426,
            21.99354
          ],
          [
            75.32376,
            21.99314
          ],
          [
            75.32343,
            21.99294
          ],
          [
            75.32285,
            21.99266
          ],
          [
            75.32242,
            21.99248
          ],
          [
            75.32186,
            21.99232
          ],
          [
            75.32149,
            21.99225
          ],
          [
            75.32103,
            21.9922
          ],
          [
            75.31971,
            21.99211
          ],
          [
            75.31839,
            21.99206
          ],
          [
            75.31687,
            21.99196
          ],
          [
            75.31622,
            21.9919
          ],
          [
            75.31524,
            21.9917
          ],
          [
            75.31468,
            21.99154
          ],
          [
            75.31408,
            21.99133
          ],
          [
            75.31352,
            21.99107
          ],
          [
            75.31114,
            21.98982
          ],
          [
            75.30806,
            21.98816
          ],
          [
            75.30322,
            21.98552
          ],
          [
            75.30286,
            21.98531
          ],
          [
            75.30215,
            21.98479
          ],
          [
            75.30164,
            21.98439
          ],
          [
            75.30124,
            21.98403
          ],
          [
            75.30074,
            21.98353
          ],
          [
            75.30021,
            21.98292
          ],
          [
            75.29979,
            21.98236
          ],
          [
            75.29929,
            21.98157
          ],
          [
            75.29908,
            21.9812
          ],
          [
            75.29875,
            21.9805
          ],
          [
            75.29855,
            21.98
          ],
          [
            75.2983,
            21.97923
          ],
          [
            75.29805,
            21.97835
          ],
          [
            75.29771,
            21.97721
          ],
          [
            75.29684,
            21.97441
          ],
          [
            75.29655,
            21.97342
          ],
          [
            75.29598,
            21.9716
          ],
          [
            75.29573,
            21.97075
          ],
          [
            75.29503,
            21.969
          ],
          [
            75.29461,
            21.96804
          ],
          [
            75.29414,
            21.96718
          ],
          [
            75.29349,
            21.96629
          ],
          [
            75.2933,
            21.96606
          ],
          [
            75.29322,
            21.96597
          ],
          [
            75.2929,
            21.96565
          ],
          [
            75.29216,
            21.96501
          ],
          [
            75.29172,
            21.96469
          ],
          [
            75.29026,
            21.9637
          ],
          [
            75.285,
            21.96022
          ],
          [
            75.28471,
            21.95995
          ],
          [
            75.28431,
            21.95955
          ],
          [
            75.2838,
            21.9589
          ],
          [
            75.28253,
            21.95711
          ],
          [
            75.28211,
            21.95655
          ],
          [
            75.28151,
            21.95564
          ],
          [
            75.28092,
            21.95479
          ],
          [
            75.27912,
            21.95224
          ],
          [
            75.27849,
            21.9513
          ],
          [
            75.2763,
            21.94818
          ],
          [
            75.2757,
            21.94734
          ],
          [
            75.27498,
            21.94622
          ],
          [
            75.27478,
            21.94589
          ],
          [
            75.27457,
            21.94547
          ],
          [
            75.27434,
            21.94493
          ],
          [
            75.2732,
            21.94263
          ],
          [
            75.27268,
            21.94153
          ],
          [
            75.2725,
            21.94118
          ],
          [
            75.27219,
            21.94068
          ],
          [
            75.27184,
            21.94021
          ],
          [
            75.27121,
            21.93948
          ],
          [
            75.26683,
            21.93472
          ],
          [
            75.26655,
            21.9343
          ],
          [
            75.26602,
            21.93339
          ],
          [
            75.26566,
            21.93291
          ],
          [
            75.26539,
            21.9326
          ],
          [
            75.26516,
            21.93232
          ],
          [
            75.26459,
            21.93176
          ],
          [
            75.26411,
            21.93135
          ],
          [
            75.26329,
            21.93059
          ],
          [
            75.26298,
            21.93033
          ],
          [
            75.26236,
            21.92984
          ],
          [
            75.26172,
            21.92921
          ],
          [
            75.26103,
            21.92847
          ],
          [
            75.26022,
            21.92752
          ],
          [
            75.25953,
            21.92653
          ],
          [
            75.25834,
            21.92493
          ],
          [
            75.2574,
            21.92362
          ],
          [
            75.25666,
            21.92268
          ],
          [
            75.25604,
            21.92193
          ],
          [
            75.25528,
            21.9211
          ],
          [
            75.25425,
            21.92004
          ],
          [
            75.25014,
            21.91568
          ],
          [
            75.24818,
            21.91357
          ],
          [
            75.24777,
            21.91307
          ],
          [
            75.24745,
            21.91258
          ],
          [
            75.24704,
            21.91191
          ],
          [
            75.24685,
            21.91153
          ],
          [
            75.24604,
            21.90974
          ],
          [
            75.24566,
            21.90898
          ],
          [
            75.24548,
            21.90865
          ],
          [
            75.24504,
            21.90803
          ],
          [
            75.24349,
            21.90611
          ],
          [
            75.24182,
            21.90396
          ],
          [
            75.24008,
            21.90178
          ],
          [
            75.23968,
            21.90125
          ],
          [
            75.23946,
            21.9009
          ],
          [
            75.23918,
            21.90038
          ],
          [
            75.23762,
            21.89723
          ],
          [
            75.23716,
            21.89623
          ],
          [
            75.23668,
            21.89531
          ],
          [
            75.23593,
            21.89379
          ],
          [
            75.23516,
            21.89224
          ],
          [
            75.23415,
            21.89009
          ],
          [
            75.23372,
            21.88924
          ],
          [
            75.23336,
            21.88862
          ],
          [
            75.23309,
            21.88825
          ],
          [
            75.23262,
            21.8877
          ],
          [
            75.23229,
            21.88735
          ],
          [
            75.23159,
            21.88667
          ],
          [
            75.23076,
            21.88581
          ],
          [
            75.22285,
            21.87796
          ],
          [
            75.22215,
            21.87725
          ],
          [
            75.22077,
            21.87585
          ],
          [
            75.21989,
            21.87502
          ],
          [
            75.21905,
            21.87426
          ],
          [
            75.2183,
            21.87366
          ],
          [
            75.21743,
            21.87303
          ],
          [
            75.2151,
            21.87139
          ],
          [
            75.21407,
            21.87072
          ],
          [
            75.21375,
            21.87059
          ],
          [
            75.21366,
            21.87055
          ],
          [
            75.2132,
            21.87036
          ],
          [
            75.2123,
            21.87006
          ],
          [
            75.20933,
            21.86947
          ],
          [
            75.20574,
            21.86868
          ],
          [
            75.20508,
            21.86848
          ],
          [
            75.2045,
            21.86814
          ],
          [
            75.20388,
            21.86755
          ],
          [
            75.20345,
            21.86697
          ],
          [
            75.20333,
            21.86673
          ],
          [
            75.20305,
            21.86594
          ],
          [
            75.20298,
            21.86547
          ],
          [
            75.203,
            21.86451
          ],
          [
            75.20304,
            21.86406
          ],
          [
            75.2032,
            21.86183
          ],
          [
            75.20336,
            21.85939
          ],
          [
            75.20352,
            21.85722
          ],
          [
            75.20347,
            21.85548
          ],
          [
            75.20344,
            21.85536
          ],
          [
            75.20336,
            21.85479
          ],
          [
            75.20327,
            21.85441
          ],
          [
            75.20277,
            21.85309
          ],
          [
            75.20261,
            21.85267
          ],
          [
            75.20245,
            21.85227
          ],
          [
            75.20217,
            21.85171
          ],
          [
            75.20184,
            21.85111
          ],
          [
            75.20114,
            21.85016
          ],
          [
            75.19856,
            21.84747
          ],
          [
            75.19793,
            21.84677
          ],
          [
            75.19757,
            21.84631
          ],
          [
            75.19709,
            21.8456
          ],
          [
            75.19673,
            21.84501
          ],
          [
            75.19625,
            21.84414
          ],
          [
            75.19536,
            21.84275
          ],
          [
            75.19406,
            21.84098
          ],
          [
            75.19386,
            21.84065
          ],
          [
            75.19368,
            21.84029
          ],
          [
            75.19349,
            21.83979
          ],
          [
            75.19338,
            21.83919
          ],
          [
            75.19324,
            21.83816
          ],
          [
            75.19302,
            21.8367
          ],
          [
            75.19287,
            21.83607
          ],
          [
            75.19257,
            21.83536
          ],
          [
            75.1924,
            21.83508
          ],
          [
            75.19209,
            21.83463
          ],
          [
            75.19174,
            21.83422
          ],
          [
            75.18974,
            21.83233
          ],
          [
            75.18877,
            21.83128
          ],
          [
            75.18812,
            21.83046
          ],
          [
            75.18737,
            21.82934
          ],
          [
            75.18676,
            21.82842
          ],
          [
            75.18603,
            21.82721
          ],
          [
            75.18555,
            21.8264
          ],
          [
            75.18473,
            21.82514
          ],
          [
            75.18143,
            21.81994
          ],
          [
            75.18063,
            21.81864
          ],
          [
            75.17907,
            21.81623
          ],
          [
            75.1787,
            21.81556
          ],
          [
            75.17843,
            21.81504
          ],
          [
            75.17812,
            21.81434
          ],
          [
            75.17741,
            21.81262
          ],
          [
            75.17697,
            21.81151
          ],
          [
            75.17639,
            21.81017
          ],
          [
            75.17525,
            21.80764
          ],
          [
            75.17455,
            21.80624
          ],
          [
            75.17409,
            21.80524
          ],
          [
            75.17315,
            21.80301
          ],
          [
            75.17308,
            21.80285
          ],
          [
            75.17264,
            21.80192
          ],
          [
            75.17119,
            21.79799
          ],
          [
            75.17066,
            21.79675
          ],
          [
            75.17048,
            21.79582
          ],
          [
            75.17014,
            21.79425
          ],
          [
            75.17,
            21.79306
          ],
          [
            75.16989,
            21.79157
          ],
          [
            75.16983,
            21.78982
          ],
          [
            75.16963,
            21.78813
          ],
          [
            75.16906,
            21.78424
          ],
          [
            75.16876,
            21.78274
          ],
          [
            75.16851,
            21.78182
          ],
          [
            75.16727,
            21.77841
          ],
          [
            75.16653,
            21.77638
          ],
          [
            75.16596,
            21.77497
          ],
          [
            75.16581,
            21.7746
          ],
          [
            75.16503,
            21.77316
          ],
          [
            75.16378,
            21.77101
          ],
          [
            75.16328,
            21.76999
          ],
          [
            75.16308,
            21.76946
          ],
          [
            75.1629,
            21.76896
          ],
          [
            75.16268,
            21.76812
          ],
          [
            75.16235,
            21.76685
          ],
          [
            75.16143,
            21.76307
          ],
          [
            75.16129,
            21.76265
          ],
          [
            75.16108,
            21.76216
          ],
          [
            75.16092,
            21.76182
          ],
          [
            75.16059,
            21.76127
          ],
          [
            75.1603,
            21.76083
          ],
          [
            75.15973,
            21.76007
          ],
          [
            75.15876,
            21.75881
          ],
          [
            75.15808,
            21.75799
          ],
          [
            75.15658,
            21.75635
          ],
          [
            75.15518,
            21.75489
          ],
          [
            75.15151,
            21.75096
          ],
          [
            75.15127,
            21.75074
          ],
          [
            75.15098,
            21.75051
          ],
          [
            75.15059,
            21.75025
          ],
          [
            75.14913,
            21.74951
          ],
          [
            75.14791,
            21.74892
          ],
          [
            75.14657,
            21.74824
          ],
          [
            75.14613,
            21.74799
          ],
          [
            75.1459,
            21.74782
          ],
          [
            75.14567,
            21.74764
          ],
          [
            75.14302,
            21.74525
          ],
          [
            75.14236,
            21.7446
          ],
          [
            75.14042,
            21.74261
          ],
          [
            75.13983,
            21.74206
          ],
          [
            75.13944,
            21.74173
          ],
          [
            75.1375,
            21.74019
          ],
          [
            75.13687,
            21.73973
          ],
          [
            75.13582,
            21.739
          ],
          [
            75.13476,
            21.73829
          ],
          [
            75.13081,
            21.73559
          ],
          [
            75.12962,
            21.7346
          ],
          [
            75.12701,
            21.73228
          ],
          [
            75.12665,
            21.73193
          ],
          [
            75.12608,
            21.73132
          ],
          [
            75.12576,
            21.73093
          ],
          [
            75.12391,
            21.72864
          ],
          [
            75.12352,
            21.72806
          ],
          [
            75.12327,
            21.7276
          ],
          [
            75.12308,
            21.7272
          ],
          [
            75.12295,
            21.72684
          ],
          [
            75.12282,
            21.72636
          ],
          [
            75.12268,
            21.72541
          ],
          [
            75.12267,
            21.72532
          ],
          [
            75.12253,
            21.72421
          ],
          [
            75.1224,
            21.72364
          ],
          [
            75.12229,
            21.72331
          ],
          [
            75.12208,
            21.72276
          ],
          [
            75.12156,
            21.72173
          ],
          [
            75.12138,
            21.7213
          ],
          [
            75.12056,
            21.71961
          ],
          [
            75.12003,
            21.71856
          ],
          [
            75.11919,
            21.71686
          ],
          [
            75.1187,
            21.71581
          ],
          [
            75.11824,
            21.71492
          ],
          [
            75.11782,
            21.71402
          ],
          [
            75.11733,
            21.71305
          ],
          [
            75.11697,
            21.71229
          ],
          [
            75.11693,
            21.71217
          ],
          [
            75.11669,
            21.71161
          ],
          [
            75.11631,
            21.7109
          ],
          [
            75.11573,
            21.70975
          ],
          [
            75.11534,
            21.70874
          ],
          [
            75.11522,
            21.70837
          ],
          [
            75.11502,
            21.70755
          ],
          [
            75.1149,
            21.7068
          ],
          [
            75.11487,
            21.70631
          ],
          [
            75.11482,
            21.70496
          ],
          [
            75.11477,
            21.69817
          ],
          [
            75.11476,
            21.69453
          ],
          [
            75.11474,
            21.69387
          ],
          [
            75.11469,
            21.69298
          ],
          [
            75.11463,
            21.69226
          ],
          [
            75.11458,
            21.6918
          ],
          [
            75.11436,
            21.69047
          ],
          [
            75.1142,
            21.68975
          ],
          [
            75.11385,
            21.68833
          ],
          [
            75.1134,
            21.68687
          ],
          [
            75.11317,
            21.68624
          ],
          [
            75.11229,
            21.68428
          ],
          [
            75.11199,
            21.68369
          ],
          [
            75.11163,
            21.683
          ],
          [
            75.1112,
            21.68228
          ],
          [
            75.11077,
            21.68162
          ],
          [
            75.11027,
            21.68088
          ],
          [
            75.10988,
            21.68034
          ],
          [
            75.10933,
            21.67964
          ],
          [
            75.10828,
            21.67837
          ],
          [
            75.10754,
            21.67762
          ],
          [
            75.10702,
            21.67711
          ],
          [
            75.10335,
            21.67364
          ],
          [
            75.1014,
            21.67177
          ],
          [
            75.09728,
            21.66787
          ],
          [
            75.09667,
            21.6673
          ],
          [
            75.09604,
            21.66677
          ],
          [
            75.09545,
            21.6663
          ],
          [
            75.09477,
            21.66581
          ],
          [
            75.09411,
            21.66538
          ],
          [
            75.09333,
            21.66493
          ],
          [
            75.09249,
            21.66448
          ],
          [
            75.09174,
            21.66413
          ],
          [
            75.0911,
            21.66385
          ],
          [
            75.09042,
            21.66359
          ],
          [
            75.08345,
            21.6611
          ],
          [
            75.08174,
            21.66047
          ],
          [
            75.08135,
            21.66028
          ],
          [
            75.08112,
            21.66014
          ],
          [
            75.08088,
            21.65995
          ],
          [
            75.08062,
            21.65972
          ],
          [
            75.08027,
            21.65933
          ],
          [
            75.08006,
            21.65901
          ],
          [
            75.07994,
            21.65879
          ],
          [
            75.07981,
            21.6585
          ],
          [
            75.07967,
            21.658
          ],
          [
            75.07938,
            21.65597
          ],
          [
            75.07928,
            21.65544
          ],
          [
            75.07923,
            21.65522
          ],
          [
            75.07856,
            21.65287
          ],
          [
            75.07848,
            21.65249
          ],
          [
            75.07845,
            21.6522
          ],
          [
            75.07842,
            21.6516
          ],
          [
            75.07844,
            21.65089
          ],
          [
            75.07842,
            21.65028
          ],
          [
            75.07836,
            21.64976
          ],
          [
            75.07787,
            21.64811
          ],
          [
            75.07756,
            21.64697
          ],
          [
            75.07722,
            21.64503
          ],
          [
            75.07712,
            21.64441
          ],
          [
            75.0771,
            21.6441
          ],
          [
            75.07709,
            21.64229
          ],
          [
            75.07704,
            21.641
          ],
          [
            75.07702,
            21.63945
          ],
          [
            75.07686,
            21.63685
          ],
          [
            75.07682,
            21.63648
          ],
          [
            75.07669,
            21.63561
          ],
          [
            75.07619,
            21.63272
          ],
          [
            75.07608,
            21.63214
          ],
          [
            75.07599,
            21.63152
          ],
          [
            75.07593,
            21.63067
          ],
          [
            75.07587,
            21.62936
          ],
          [
            75.07573,
            21.62841
          ],
          [
            75.07549,
            21.62739
          ],
          [
            75.07528,
            21.62676
          ],
          [
            75.07444,
            21.62393
          ],
          [
            75.07428,
            21.62343
          ],
          [
            75.07399,
            21.62264
          ],
          [
            75.07367,
            21.62193
          ],
          [
            75.07274,
            21.62027
          ],
          [
            75.0726,
            21.62002
          ],
          [
            75.07247,
            21.6197
          ],
          [
            75.07225,
            21.61886
          ],
          [
            75.07175,
            21.61687
          ],
          [
            75.07148,
            21.61577
          ],
          [
            75.07117,
            21.61458
          ],
          [
            75.07082,
            21.61339
          ],
          [
            75.07029,
            21.61172
          ],
          [
            75.07022,
            21.61141
          ],
          [
            75.07016,
            21.611
          ],
          [
            75.07015,
            21.61067
          ],
          [
            75.07017,
            21.6103
          ],
          [
            75.07047,
            21.60849
          ],
          [
            75.07051,
            21.60813
          ],
          [
            75.07053,
            21.60777
          ],
          [
            75.0705,
            21.60716
          ],
          [
            75.07044,
            21.60681
          ],
          [
            75.07031,
            21.60632
          ],
          [
            75.07014,
            21.60586
          ],
          [
            75.06998,
            21.60551
          ],
          [
            75.06973,
            21.60507
          ],
          [
            75.0689,
            21.60369
          ],
          [
            75.06793,
            21.60215
          ],
          [
            75.0676,
            21.60171
          ],
          [
            75.06732,
            21.6014
          ],
          [
            75.06698,
            21.60106
          ],
          [
            75.06657,
            21.6007
          ],
          [
            75.0656,
            21.59994
          ],
          [
            75.06496,
            21.59939
          ],
          [
            75.06454,
            21.59895
          ],
          [
            75.06424,
            21.59861
          ],
          [
            75.064,
            21.5983
          ],
          [
            75.06369,
            21.59788
          ],
          [
            75.06336,
            21.59738
          ],
          [
            75.06289,
            21.5966
          ],
          [
            75.06226,
            21.59561
          ],
          [
            75.06181,
            21.59487
          ],
          [
            75.06166,
            21.5946
          ],
          [
            75.06139,
            21.59402
          ],
          [
            75.06087,
            21.59273
          ],
          [
            75.06061,
            21.59204
          ],
          [
            75.06034,
            21.59163
          ],
          [
            75.06025,
            21.59151
          ],
          [
            75.06008,
            21.5913
          ],
          [
            75.05973,
            21.59098
          ],
          [
            75.05909,
            21.59055
          ],
          [
            75.05868,
            21.59031
          ],
          [
            75.05818,
            21.58994
          ],
          [
            75.05774,
            21.58957
          ],
          [
            75.05749,
            21.58933
          ],
          [
            75.05715,
            21.58894
          ],
          [
            75.05659,
            21.588
          ],
          [
            75.05641,
            21.58753
          ],
          [
            75.05631,
            21.58724
          ],
          [
            75.05615,
            21.58659
          ],
          [
            75.05609,
            21.5859
          ],
          [
            75.05609,
            21.58526
          ],
          [
            75.05613,
            21.58496
          ],
          [
            75.0562,
            21.58462
          ],
          [
            75.05629,
            21.58433
          ],
          [
            75.0564,
            21.58404
          ],
          [
            75.05657,
            21.58364
          ],
          [
            75.05679,
            21.58324
          ],
          [
            75.05763,
            21.58144
          ],
          [
            75.05824,
            21.57998
          ],
          [
            75.05844,
            21.57953
          ],
          [
            75.05864,
            21.57886
          ],
          [
            75.05903,
            21.57817
          ],
          [
            75.05912,
            21.5779
          ],
          [
            75.05914,
            21.5777
          ],
          [
            75.05911,
            21.57736
          ],
          [
            75.05898,
            21.57698
          ],
          [
            75.05886,
            21.57681
          ],
          [
            75.05871,
            21.57664
          ],
          [
            75.05852,
            21.5765
          ],
          [
            75.05832,
            21.57638
          ],
          [
            75.05755,
            21.57606
          ],
          [
            75.05712,
            21.5759
          ],
          [
            75.05695,
            21.57586
          ],
          [
            75.05632,
            21.57578
          ],
          [
            75.05601,
            21.57568
          ],
          [
            75.05433,
            21.57491
          ],
          [
            75.05415,
            21.57485
          ],
          [
            75.05339,
            21.57465
          ],
          [
            75.05326,
            21.57459
          ],
          [
            75.05279,
            21.57422
          ],
          [
            75.05267,
            21.57416
          ],
          [
            75.05249,
            21.5741
          ],
          [
            75.05192,
            21.5741
          ],
          [
            75.05174,
            21.57408
          ],
          [
            75.05161,
            21.57403
          ],
          [
            75.05144,
            21.5739
          ],
          [
            75.0514,
            21.5738
          ],
          [
            75.05136,
            21.57365
          ],
          [
            75.05134,
            21.57342
          ],
          [
            75.05131,
            21.57328
          ],
          [
            75.05061,
            21.57198
          ],
          [
            75.05039,
            21.57165
          ],
          [
            75.04988,
            21.57096
          ],
          [
            75.04979,
            21.57077
          ],
          [
            75.04976,
            21.57065
          ],
          [
            75.04977,
            21.57049
          ],
          [
            75.04982,
            21.57034
          ],
          [
            75.04991,
            21.57024
          ],
          [
            75.0503,
            21.56996
          ],
          [
            75.05055,
            21.56974
          ],
          [
            75.05066,
            21.56961
          ],
          [
            75.05077,
            21.56942
          ],
          [
            75.05087,
            21.56924
          ],
          [
            75.05124,
            21.56794
          ],
          [
            75.05131,
            21.5678
          ],
          [
            75.05147,
            21.56763
          ],
          [
            75.05199,
            21.56731
          ],
          [
            75.05206,
            21.56724
          ],
          [
            75.05211,
            21.56716
          ],
          [
            75.05216,
            21.56704
          ],
          [
            75.05218,
            21.56691
          ],
          [
            75.05211,
            21.56599
          ],
          [
            75.05211,
            21.5659
          ],
          [
            75.05216,
            21.56571
          ],
          [
            75.05225,
            21.56552
          ],
          [
            75.05236,
            21.56538
          ],
          [
            75.05253,
            21.56521
          ],
          [
            75.05272,
            21.56498
          ],
          [
            75.05311,
            21.56439
          ],
          [
            75.0533,
            21.56405
          ],
          [
            75.05356,
            21.56349
          ],
          [
            75.0537,
            21.56294
          ],
          [
            75.05377,
            21.56239
          ],
          [
            75.05373,
            21.56172
          ],
          [
            75.05365,
            21.56111
          ],
          [
            75.0536,
            21.56046
          ],
          [
            75.05363,
            21.55985
          ],
          [
            75.0537,
            21.55944
          ],
          [
            75.05397,
            21.55853
          ],
          [
            75.05412,
            21.55799
          ],
          [
            75.05419,
            21.5573
          ],
          [
            75.05418,
            21.5569
          ],
          [
            75.05413,
            21.55658
          ],
          [
            75.05396,
            21.55586
          ],
          [
            75.05365,
            21.55434
          ],
          [
            75.05347,
            21.55359
          ],
          [
            75.05333,
            21.55292
          ],
          [
            75.05264,
            21.55078
          ],
          [
            75.05214,
            21.5493
          ],
          [
            75.05184,
            21.54828
          ],
          [
            75.05167,
            21.5476
          ],
          [
            75.05108,
            21.54474
          ],
          [
            75.0505,
            21.54233
          ],
          [
            75.05021,
            21.54122
          ],
          [
            75.05002,
            21.53992
          ],
          [
            75.04964,
            21.53697
          ],
          [
            75.04956,
            21.53647
          ],
          [
            75.04949,
            21.53581
          ],
          [
            75.04938,
            21.53532
          ],
          [
            75.04901,
            21.53415
          ],
          [
            75.04872,
            21.53351
          ],
          [
            75.04843,
            21.53295
          ],
          [
            75.04811,
            21.53241
          ],
          [
            75.04787,
            21.53206
          ],
          [
            75.04764,
            21.53177
          ],
          [
            75.04719,
            21.53122
          ],
          [
            75.04676,
            21.53077
          ],
          [
            75.04627,
            21.53031
          ],
          [
            75.0457,
            21.52987
          ],
          [
            75.04453,
            21.52893
          ],
          [
            75.04434,
            21.52876
          ],
          [
            75.04408,
            21.52848
          ],
          [
            75.04387,
            21.52817
          ],
          [
            75.04369,
            21.52784
          ],
          [
            75.04351,
            21.52747
          ],
          [
            75.04337,
            21.52705
          ],
          [
            75.04328,
            21.52662
          ],
          [
            75.04307,
            21.52461
          ],
          [
            75.04294,
            21.524
          ],
          [
            75.04273,
            21.52349
          ],
          [
            75.04244,
            21.52302
          ],
          [
            75.04226,
            21.52281
          ],
          [
            75.04145,
            21.522
          ],
          [
            75.04117,
            21.52172
          ],
          [
            75.0405,
            21.52113
          ],
          [
            75.03959,
            21.52029
          ],
          [
            75.03792,
            21.51852
          ],
          [
            75.03696,
            21.51758
          ],
          [
            75.03486,
            21.51563
          ],
          [
            75.03389,
            21.5148
          ],
          [
            75.03192,
            21.51337
          ],
          [
            75.02821,
            21.51071
          ],
          [
            75.02552,
            21.50867
          ],
          [
            75.02351,
            21.50722
          ],
          [
            75.02165,
            21.50594
          ],
          [
            75.02128,
            21.50564
          ],
          [
            75.02097,
            21.50536
          ],
          [
            75.02066,
            21.50504
          ],
          [
            75.01987,
            21.50407
          ],
          [
            75.0197,
            21.50384
          ],
          [
            75.0194,
            21.50347
          ],
          [
            75.01885,
            21.50276
          ],
          [
            75.01859,
            21.50246
          ],
          [
            75.01837,
            21.50223
          ],
          [
            75.01804,
            21.50195
          ],
          [
            75.01773,
            21.5017
          ],
          [
            75.01609,
            21.50058
          ],
          [
            75.01558,
            21.50014
          ],
          [
            75.01531,
            21.49984
          ],
          [
            75.0146,
            21.49897
          ],
          [
            75.0138,
            21.49802
          ],
          [
            75.01153,
            21.49527
          ],
          [
            75.01001,
            21.49368
          ],
          [
            75.00847,
            21.49212
          ],
          [
            75.00682,
            21.49038
          ],
          [
            75.00632,
            21.48974
          ],
          [
            75.00582,
            21.48899
          ],
          [
            75.0041,
            21.48621
          ],
          [
            75.00312,
            21.48458
          ],
          [
            75.00289,
            21.48417
          ],
          [
            75.00271,
            21.48376
          ],
          [
            75.00215,
            21.48217
          ],
          [
            75.00189,
            21.48164
          ],
          [
            75.00127,
            21.4805
          ],
          [
            75.00046,
            21.47899
          ],
          [
            74.99995,
            21.47806
          ],
          [
            74.99973,
            21.47764
          ],
          [
            74.99898,
            21.47631
          ],
          [
            74.99816,
            21.47471
          ],
          [
            74.99791,
            21.47426
          ],
          [
            74.99777,
            21.47393
          ],
          [
            74.9975,
            21.47313
          ],
          [
            74.99717,
            21.4722
          ],
          [
            74.99663,
            21.47079
          ],
          [
            74.99649,
            21.47042
          ],
          [
            74.9958,
            21.46878
          ],
          [
            74.99566,
            21.46841
          ],
          [
            74.99554,
            21.46802
          ],
          [
            74.99546,
            21.46764
          ],
          [
            74.99543,
            21.46725
          ],
          [
            74.99546,
            21.46686
          ],
          [
            74.9955,
            21.46645
          ],
          [
            74.9957,
            21.4653
          ],
          [
            74.99583,
            21.46439
          ],
          [
            74.99584,
            21.46394
          ],
          [
            74.99579,
            21.46365
          ],
          [
            74.9956,
            21.46302
          ],
          [
            74.99541,
            21.4627
          ],
          [
            74.9952,
            21.46238
          ],
          [
            74.99497,
            21.46188
          ],
          [
            74.99453,
            21.46116
          ],
          [
            74.9943,
            21.4608
          ],
          [
            74.99393,
            21.46034
          ],
          [
            74.99331,
            21.45957
          ],
          [
            74.99135,
            21.45723
          ],
          [
            74.99109,
            21.45685
          ],
          [
            74.99092,
            21.45651
          ],
          [
            74.99078,
            21.45614
          ],
          [
            74.9903,
            21.45464
          ],
          [
            74.9902,
            21.45419
          ],
          [
            74.99015,
            21.45391
          ],
          [
            74.99013,
            21.45359
          ],
          [
            74.99015,
            21.45327
          ],
          [
            74.99025,
            21.45272
          ],
          [
            74.99102,
            21.44938
          ],
          [
            74.99105,
            21.4491
          ],
          [
            74.99103,
            21.44863
          ],
          [
            74.991,
            21.44833
          ],
          [
            74.99093,
            21.44807
          ],
          [
            74.99078,
            21.44769
          ],
          [
            74.99061,
            21.44732
          ],
          [
            74.98934,
            21.44516
          ],
          [
            74.98913,
            21.44487
          ],
          [
            74.98889,
            21.44462
          ],
          [
            74.98756,
            21.44331
          ],
          [
            74.98679,
            21.44249
          ],
          [
            74.98665,
            21.44225
          ],
          [
            74.98652,
            21.44202
          ],
          [
            74.98641,
            21.4417
          ],
          [
            74.98635,
            21.44141
          ],
          [
            74.98635,
            21.44121
          ],
          [
            74.98636,
            21.44098
          ],
          [
            74.98639,
            21.44074
          ],
          [
            74.98652,
            21.44036
          ],
          [
            74.98684,
            21.43964
          ],
          [
            74.98752,
            21.43803
          ],
          [
            74.9877,
            21.43755
          ],
          [
            74.98777,
            21.43715
          ],
          [
            74.98778,
            21.43691
          ],
          [
            74.98776,
            21.43668
          ],
          [
            74.98769,
            21.43636
          ],
          [
            74.9876,
            21.43607
          ],
          [
            74.98738,
            21.43567
          ],
          [
            74.98715,
            21.43537
          ],
          [
            74.98657,
            21.43482
          ],
          [
            74.98502,
            21.43328
          ],
          [
            74.98418,
            21.4325
          ],
          [
            74.98333,
            21.43163
          ],
          [
            74.98317,
            21.43103
          ],
          [
            74.98216,
            21.42982
          ],
          [
            74.98188,
            21.42945
          ],
          [
            74.98155,
            21.42898
          ],
          [
            74.98136,
            21.42866
          ],
          [
            74.98096,
            21.42805
          ],
          [
            74.98059,
            21.42779
          ],
          [
            74.98028,
            21.42622
          ],
          [
            74.98015,
            21.42563
          ],
          [
            74.98004,
            21.42531
          ],
          [
            74.97988,
            21.42499
          ],
          [
            74.97966,
            21.4246
          ],
          [
            74.97861,
            21.42291
          ],
          [
            74.97842,
            21.42255
          ],
          [
            74.97825,
            21.42207
          ],
          [
            74.97798,
            21.42124
          ],
          [
            74.97796,
            21.42118
          ],
          [
            74.97787,
            21.42078
          ],
          [
            74.97776,
            21.42001
          ],
          [
            74.97769,
            21.41954
          ],
          [
            74.97758,
            21.41913
          ],
          [
            74.97747,
            21.41889
          ],
          [
            74.97714,
            21.41833
          ],
          [
            74.97662,
            21.41752
          ],
          [
            74.97634,
            21.41698
          ],
          [
            74.97615,
            21.41656
          ],
          [
            74.97596,
            21.41607
          ],
          [
            74.97583,
            21.41573
          ],
          [
            74.97551,
            21.41514
          ],
          [
            74.97497,
            21.41427
          ],
          [
            74.97435,
            21.413
          ],
          [
            74.97404,
            21.41243
          ],
          [
            74.97379,
            21.41204
          ],
          [
            74.97363,
            21.41184
          ],
          [
            74.97352,
            21.41169
          ],
          [
            74.97305,
            21.41109
          ],
          [
            74.97241,
            21.41022
          ],
          [
            74.97058,
            21.40789
          ],
          [
            74.96935,
            21.40652
          ],
          [
            74.96919,
            21.40631
          ],
          [
            74.96903,
            21.4061
          ],
          [
            74.96859,
            21.40522
          ],
          [
            74.9683,
            21.40458
          ],
          [
            74.96803,
            21.40391
          ],
          [
            74.96772,
            21.40306
          ],
          [
            74.96743,
            21.40235
          ],
          [
            74.96708,
            21.40159
          ],
          [
            74.96689,
            21.40108
          ],
          [
            74.9667,
            21.40063
          ],
          [
            74.9665,
            21.40024
          ],
          [
            74.96634,
            21.39999
          ],
          [
            74.96617,
            21.39977
          ],
          [
            74.96594,
            21.39951
          ],
          [
            74.96555,
            21.39917
          ],
          [
            74.96521,
            21.3989
          ],
          [
            74.96349,
            21.39769
          ],
          [
            74.96219,
            21.39676
          ],
          [
            74.96173,
            21.39633
          ],
          [
            74.96137,
            21.39595
          ],
          [
            74.96025,
            21.39469
          ],
          [
            74.95967,
            21.39394
          ],
          [
            74.95948,
            21.3936
          ],
          [
            74.95934,
            21.39332
          ],
          [
            74.95923,
            21.39303
          ],
          [
            74.95914,
            21.39269
          ],
          [
            74.95907,
            21.39222
          ],
          [
            74.95907,
            21.39135
          ],
          [
            74.95915,
            21.39006
          ],
          [
            74.95918,
            21.38885
          ],
          [
            74.95906,
            21.38714
          ],
          [
            74.95885,
            21.38488
          ],
          [
            74.95865,
            21.38244
          ],
          [
            74.95865,
            21.38206
          ],
          [
            74.95873,
            21.38068
          ],
          [
            74.95897,
            21.37756
          ],
          [
            74.95904,
            21.37556
          ],
          [
            74.95902,
            21.37522
          ],
          [
            74.95893,
            21.37468
          ],
          [
            74.95878,
            21.37421
          ],
          [
            74.95866,
            21.37396
          ],
          [
            74.95827,
            21.37319
          ],
          [
            74.95783,
            21.3724
          ],
          [
            74.95695,
            21.37071
          ],
          [
            74.95679,
            21.37039
          ],
          [
            74.95667,
            21.37006
          ],
          [
            74.9554,
            21.36471
          ],
          [
            74.95501,
            21.36325
          ],
          [
            74.95494,
            21.3629
          ],
          [
            74.95487,
            21.36258
          ],
          [
            74.95453,
            21.36124
          ],
          [
            74.9541,
            21.35945
          ],
          [
            74.95402,
            21.35906
          ],
          [
            74.95396,
            21.35857
          ],
          [
            74.95391,
            21.35834
          ],
          [
            74.95369,
            21.35787
          ],
          [
            74.95359,
            21.35773
          ],
          [
            74.95336,
            21.35743
          ],
          [
            74.9529,
            21.35691
          ],
          [
            74.95239,
            21.35638
          ],
          [
            74.95151,
            21.35547
          ],
          [
            74.95023,
            21.35424
          ],
          [
            74.94949,
            21.35346
          ],
          [
            74.94919,
            21.35308
          ],
          [
            74.94827,
            21.35171
          ],
          [
            74.94789,
            21.35107
          ],
          [
            74.94634,
            21.34791
          ],
          [
            74.94619,
            21.34766
          ],
          [
            74.94606,
            21.34747
          ],
          [
            74.94584,
            21.34719
          ],
          [
            74.9456,
            21.34695
          ],
          [
            74.9453,
            21.3467
          ],
          [
            74.94508,
            21.34654
          ],
          [
            74.94483,
            21.34638
          ],
          [
            74.9445,
            21.3462
          ],
          [
            74.94334,
            21.34562
          ],
          [
            74.94274,
            21.34529
          ],
          [
            74.94221,
            21.3449
          ],
          [
            74.94204,
            21.34475
          ],
          [
            74.94175,
            21.34445
          ],
          [
            74.94161,
            21.34427
          ],
          [
            74.94136,
            21.34387
          ],
          [
            74.94119,
            21.34357
          ],
          [
            74.94033,
            21.34181
          ],
          [
            74.94011,
            21.34141
          ],
          [
            74.93974,
            21.34097
          ],
          [
            74.93943,
            21.34066
          ],
          [
            74.93925,
            21.34052
          ],
          [
            74.93916,
            21.34044
          ],
          [
            74.9389,
            21.34026
          ],
          [
            74.93856,
            21.34008
          ],
          [
            74.93825,
            21.33995
          ],
          [
            74.93794,
            21.33984
          ],
          [
            74.93702,
            21.33959
          ],
          [
            74.93547,
            21.33921
          ],
          [
            74.935,
            21.33908
          ],
          [
            74.93461,
            21.33898
          ],
          [
            74.93407,
            21.33886
          ],
          [
            74.93308,
            21.3386
          ],
          [
            74.9316,
            21.33823
          ],
          [
            74.92989,
            21.33776
          ],
          [
            74.92895,
            21.33753
          ],
          [
            74.9271,
            21.33704
          ],
          [
            74.92341,
            21.33611
          ],
          [
            74.92141,
            21.33557
          ],
          [
            74.9186,
            21.33485
          ],
          [
            74.9167,
            21.33434
          ],
          [
            74.9153,
            21.33403
          ],
          [
            74.91053,
            21.33279
          ],
          [
            74.90515,
            21.33142
          ],
          [
            74.9035,
            21.33102
          ],
          [
            74.9007,
            21.3303
          ],
          [
            74.89852,
            21.32976
          ],
          [
            74.89812,
            21.32962
          ],
          [
            74.89771,
            21.32946
          ],
          [
            74.89742,
            21.32929
          ],
          [
            74.89706,
            21.32902
          ],
          [
            74.89651,
            21.32839
          ],
          [
            74.89499,
            21.32658
          ],
          [
            74.89426,
            21.32564
          ],
          [
            74.89403,
            21.32538
          ],
          [
            74.89348,
            21.32473
          ],
          [
            74.89205,
            21.32298
          ],
          [
            74.89138,
            21.32214
          ],
          [
            74.89014,
            21.32058
          ],
          [
            74.88932,
            21.31965
          ],
          [
            74.88814,
            21.31815
          ],
          [
            74.88751,
            21.31742
          ],
          [
            74.88613,
            21.31569
          ],
          [
            74.88245,
            21.31121
          ],
          [
            74.88145,
            21.30994
          ],
          [
            74.87991,
            21.30809
          ],
          [
            74.87766,
            21.30531
          ],
          [
            74.87727,
            21.30484
          ],
          [
            74.87696,
            21.30454
          ],
          [
            74.87665,
            21.30428
          ],
          [
            74.87515,
            21.30319
          ],
          [
            74.87341,
            21.30181
          ],
          [
            74.87242,
            21.30106
          ],
          [
            74.87124,
            21.30011
          ],
          [
            74.8695,
            21.29877
          ],
          [
            74.8667,
            21.29656
          ],
          [
            74.8624,
            21.29321
          ],
          [
            74.8613,
            21.29232
          ],
          [
            74.86016,
            21.29145
          ],
          [
            74.85651,
            21.28858
          ],
          [
            74.85616,
            21.28832
          ],
          [
            74.85548,
            21.28795
          ],
          [
            74.85524,
            21.28785
          ],
          [
            74.85487,
            21.28771
          ],
          [
            74.85433,
            21.28756
          ],
          [
            74.85219,
            21.28714
          ],
          [
            74.8517,
            21.28703
          ],
          [
            74.85133,
            21.28693
          ],
          [
            74.85105,
            21.28683
          ],
          [
            74.85079,
            21.28672
          ],
          [
            74.85052,
            21.28658
          ],
          [
            74.85016,
            21.28637
          ],
          [
            74.84982,
            21.28614
          ],
          [
            74.84947,
            21.28583
          ],
          [
            74.84886,
            21.28513
          ],
          [
            74.84868,
            21.28486
          ],
          [
            74.84849,
            21.28445
          ],
          [
            74.84836,
            21.28408
          ],
          [
            74.84815,
            21.28311
          ],
          [
            74.84763,
            21.27777
          ],
          [
            74.8476,
            21.27733
          ],
          [
            74.84761,
            21.27711
          ],
          [
            74.84756,
            21.27654
          ],
          [
            74.84736,
            21.27438
          ],
          [
            74.84735,
            21.2735
          ],
          [
            74.84742,
            21.27265
          ],
          [
            74.84754,
            21.27129
          ],
          [
            74.8479,
            21.26768
          ],
          [
            74.84789,
            21.26726
          ],
          [
            74.84785,
            21.26692
          ],
          [
            74.84775,
            21.26647
          ],
          [
            74.84765,
            21.2661
          ],
          [
            74.84743,
            21.26555
          ],
          [
            74.84713,
            21.26489
          ],
          [
            74.84669,
            21.26414
          ],
          [
            74.84564,
            21.26223
          ],
          [
            74.84546,
            21.26182
          ],
          [
            74.84519,
            21.26122
          ],
          [
            74.8449,
            21.2604
          ],
          [
            74.84464,
            21.25949
          ],
          [
            74.8443,
            21.2581
          ],
          [
            74.8438,
            21.25635
          ],
          [
            74.84292,
            21.25299
          ],
          [
            74.84247,
            21.25142
          ],
          [
            74.84152,
            21.24803
          ],
          [
            74.84112,
            21.24648
          ],
          [
            74.84078,
            21.24539
          ],
          [
            74.84004,
            21.24279
          ],
          [
            74.83951,
            21.24055
          ],
          [
            74.83911,
            21.23902
          ],
          [
            74.8386,
            21.23719
          ],
          [
            74.8382,
            21.23562
          ],
          [
            74.83725,
            21.23212
          ],
          [
            74.83683,
            21.23037
          ],
          [
            74.83634,
            21.22857
          ],
          [
            74.8358,
            21.2268
          ],
          [
            74.83532,
            21.22497
          ],
          [
            74.83431,
            21.22155
          ],
          [
            74.83364,
            21.21907
          ],
          [
            74.83245,
            21.21479
          ],
          [
            74.83217,
            21.21355
          ],
          [
            74.83139,
            21.21093
          ],
          [
            74.83126,
            21.21043
          ],
          [
            74.83112,
            21.21006
          ],
          [
            74.82939,
            21.20393
          ],
          [
            74.82908,
            21.20268
          ],
          [
            74.82885,
            21.20207
          ],
          [
            74.82872,
            21.2015
          ],
          [
            74.8287,
            21.20108
          ],
          [
            74.82873,
            21.20076
          ],
          [
            74.82891,
            21.20006
          ],
          [
            74.82942,
            21.19862
          ],
          [
            74.82958,
            21.19794
          ],
          [
            74.82963,
            21.19758
          ],
          [
            74.82963,
            21.19719
          ],
          [
            74.82961,
            21.19688
          ],
          [
            74.82953,
            21.19636
          ],
          [
            74.82946,
            21.19598
          ],
          [
            74.82881,
            21.19287
          ],
          [
            74.82776,
            21.18811
          ],
          [
            74.82753,
            21.18721
          ],
          [
            74.82737,
            21.18689
          ],
          [
            74.82718,
            21.1866
          ],
          [
            74.82649,
            21.18576
          ],
          [
            74.82572,
            21.18485
          ],
          [
            74.82408,
            21.183
          ],
          [
            74.82348,
            21.18225
          ],
          [
            74.82321,
            21.1817
          ],
          [
            74.82305,
            21.18126
          ],
          [
            74.82215,
            21.17848
          ],
          [
            74.8215,
            21.17654
          ],
          [
            74.82096,
            21.17477
          ],
          [
            74.81991,
            21.17143
          ],
          [
            74.81887,
            21.16844
          ],
          [
            74.81819,
            21.16626
          ],
          [
            74.81795,
            21.1658
          ],
          [
            74.81762,
            21.16524
          ],
          [
            74.81581,
            21.16228
          ],
          [
            74.81475,
            21.1606
          ],
          [
            74.81421,
            21.15972
          ],
          [
            74.81225,
            21.15649
          ],
          [
            74.81098,
            21.15443
          ],
          [
            74.8084,
            21.15016
          ],
          [
            74.80581,
            21.14578
          ],
          [
            74.8036,
            21.14213
          ],
          [
            74.80333,
            21.14168
          ],
          [
            74.80149,
            21.13862
          ],
          [
            74.80106,
            21.13796
          ],
          [
            74.80044,
            21.1369
          ],
          [
            74.7953,
            21.12824
          ],
          [
            74.79428,
            21.12656
          ],
          [
            74.79237,
            21.12335
          ],
          [
            74.79194,
            21.12259
          ],
          [
            74.79167,
            21.12215
          ],
          [
            74.79115,
            21.1213
          ],
          [
            74.79095,
            21.12093
          ],
          [
            74.79079,
            21.12051
          ],
          [
            74.7907,
            21.12008
          ],
          [
            74.79066,
            21.1197
          ],
          [
            74.79071,
            21.11921
          ],
          [
            74.79077,
            21.11892
          ],
          [
            74.79097,
            21.11825
          ],
          [
            74.79181,
            21.11608
          ],
          [
            74.79223,
            21.11492
          ],
          [
            74.79241,
            21.11432
          ],
          [
            74.79252,
            21.11372
          ],
          [
            74.7926,
            21.11317
          ],
          [
            74.79267,
            21.11246
          ],
          [
            74.79283,
            21.11142
          ],
          [
            74.79405,
            21.10564
          ],
          [
            74.79433,
            21.1044
          ],
          [
            74.79498,
            21.10123
          ],
          [
            74.79503,
            21.10075
          ],
          [
            74.79503,
            21.10035
          ],
          [
            74.79499,
            21.09993
          ],
          [
            74.79493,
            21.09959
          ],
          [
            74.79437,
            21.0978
          ],
          [
            74.79396,
            21.09666
          ],
          [
            74.79374,
            21.09596
          ],
          [
            74.79366,
            21.09577
          ],
          [
            74.79283,
            21.09392
          ],
          [
            74.79269,
            21.09364
          ],
          [
            74.79224,
            21.09277
          ],
          [
            74.79193,
            21.09209
          ],
          [
            74.79165,
            21.09154
          ],
          [
            74.79146,
            21.09095
          ],
          [
            74.79132,
            21.09038
          ],
          [
            74.7912,
            21.0896
          ],
          [
            74.79116,
            21.08871
          ],
          [
            74.79107,
            21.0878
          ],
          [
            74.79099,
            21.08661
          ],
          [
            74.79092,
            21.08583
          ],
          [
            74.7909,
            21.08546
          ],
          [
            74.79088,
            21.08525
          ],
          [
            74.79088,
            21.08449
          ],
          [
            74.79081,
            21.08327
          ],
          [
            74.79072,
            21.08151
          ],
          [
            74.79064,
            21.0811
          ],
          [
            74.79051,
            21.08082
          ],
          [
            74.79047,
            21.08069
          ],
          [
            74.79043,
            21.0806
          ],
          [
            74.79033,
            21.08029
          ],
          [
            74.78998,
            21.07959
          ],
          [
            74.78908,
            21.07791
          ],
          [
            74.78857,
            21.07689
          ],
          [
            74.78755,
            21.07475
          ],
          [
            74.78729,
            21.07415
          ],
          [
            74.78716,
            21.07362
          ],
          [
            74.78659,
            21.06978
          ],
          [
            74.78657,
            21.06967
          ],
          [
            74.78637,
            21.06818
          ],
          [
            74.78615,
            21.06674
          ],
          [
            74.78611,
            21.06651
          ],
          [
            74.78582,
            21.06455
          ],
          [
            74.78576,
            21.06405
          ],
          [
            74.78572,
            21.06322
          ],
          [
            74.78555,
            21.06099
          ],
          [
            74.78553,
            21.06054
          ],
          [
            74.78552,
            21.06033
          ],
          [
            74.78533,
            21.05689
          ],
          [
            74.78533,
            21.05679
          ],
          [
            74.78516,
            21.0538
          ],
          [
            74.78512,
            21.05269
          ],
          [
            74.78514,
            21.05102
          ],
          [
            74.78497,
            21.04991
          ],
          [
            74.78489,
            21.04923
          ],
          [
            74.78477,
            21.04774
          ],
          [
            74.78476,
            21.04744
          ],
          [
            74.78473,
            21.04695
          ],
          [
            74.78472,
            21.0456
          ],
          [
            74.78462,
            21.04422
          ],
          [
            74.78464,
            21.04346
          ],
          [
            74.78463,
            21.04169
          ],
          [
            74.78461,
            21.04118
          ],
          [
            74.78462,
            21.0408
          ],
          [
            74.78461,
            21.04011
          ],
          [
            74.7846,
            21.03984
          ],
          [
            74.78465,
            21.03849
          ],
          [
            74.78474,
            21.03782
          ],
          [
            74.78477,
            21.03692
          ],
          [
            74.78475,
            21.03631
          ],
          [
            74.78472,
            21.03586
          ],
          [
            74.78447,
            21.03219
          ],
          [
            74.78442,
            21.03143
          ],
          [
            74.7843,
            21.03019
          ],
          [
            74.78425,
            21.02896
          ],
          [
            74.78408,
            21.02635
          ],
          [
            74.78396,
            21.0243
          ],
          [
            74.78395,
            21.02392
          ],
          [
            74.78391,
            21.02294
          ],
          [
            74.78391,
            21.02241
          ],
          [
            74.78391,
            21.02145
          ],
          [
            74.78385,
            21.01826
          ],
          [
            74.78384,
            21.01799
          ],
          [
            74.78375,
            21.01696
          ],
          [
            74.78377,
            21.01473
          ],
          [
            74.78375,
            21.01333
          ],
          [
            74.78373,
            21.0129
          ],
          [
            74.78375,
            21.01171
          ],
          [
            74.78373,
            21.00969
          ],
          [
            74.78375,
            21.0083
          ],
          [
            74.78374,
            21.00735
          ],
          [
            74.78375,
            21.00507
          ],
          [
            74.78377,
            21.00401
          ],
          [
            74.78378,
            21.00362
          ],
          [
            74.78381,
            21.00108
          ],
          [
            74.78381,
            20.9995
          ],
          [
            74.7839,
            20.99563
          ],
          [
            74.78396,
            20.99439
          ],
          [
            74.78397,
            20.99322
          ],
          [
            74.78402,
            20.99132
          ],
          [
            74.78408,
            20.99027
          ],
          [
            74.78415,
            20.9897
          ],
          [
            74.78423,
            20.98897
          ],
          [
            74.7843,
            20.98827
          ],
          [
            74.78432,
            20.98805
          ],
          [
            74.78441,
            20.98747
          ],
          [
            74.78447,
            20.98692
          ],
          [
            74.78465,
            20.98478
          ],
          [
            74.78482,
            20.98369
          ],
          [
            74.78494,
            20.98263
          ],
          [
            74.7851,
            20.981
          ],
          [
            74.78513,
            20.98034
          ],
          [
            74.78516,
            20.98008
          ],
          [
            74.78529,
            20.97938
          ],
          [
            74.78549,
            20.97723
          ],
          [
            74.78558,
            20.97648
          ],
          [
            74.78568,
            20.97593
          ],
          [
            74.78576,
            20.97556
          ],
          [
            74.78592,
            20.97522
          ],
          [
            74.78617,
            20.97484
          ],
          [
            74.78632,
            20.97451
          ],
          [
            74.7865,
            20.97404
          ],
          [
            74.78658,
            20.97356
          ],
          [
            74.78661,
            20.97343
          ],
          [
            74.78666,
            20.97291
          ],
          [
            74.78664,
            20.97253
          ],
          [
            74.78657,
            20.97208
          ],
          [
            74.78649,
            20.97174
          ],
          [
            74.78642,
            20.9715
          ],
          [
            74.78616,
            20.97082
          ],
          [
            74.78486,
            20.9672
          ],
          [
            74.78414,
            20.96542
          ],
          [
            74.78366,
            20.96422
          ],
          [
            74.78362,
            20.96414
          ],
          [
            74.78193,
            20.9599
          ],
          [
            74.78158,
            20.95912
          ],
          [
            74.78152,
            20.95897
          ],
          [
            74.78099,
            20.95773
          ],
          [
            74.78092,
            20.95756
          ],
          [
            74.78053,
            20.95665
          ],
          [
            74.78021,
            20.95588
          ],
          [
            74.77981,
            20.9548
          ],
          [
            74.77903,
            20.95262
          ],
          [
            74.77871,
            20.95157
          ],
          [
            74.77868,
            20.95146
          ],
          [
            74.7783,
            20.94932
          ],
          [
            74.77807,
            20.94838
          ],
          [
            74.77783,
            20.94773
          ],
          [
            74.77729,
            20.9465
          ],
          [
            74.77694,
            20.94566
          ],
          [
            74.77644,
            20.94441
          ],
          [
            74.77556,
            20.94232
          ],
          [
            74.77547,
            20.94211
          ],
          [
            74.7753,
            20.94163
          ],
          [
            74.77522,
            20.94134
          ],
          [
            74.77515,
            20.94103
          ],
          [
            74.77511,
            20.94067
          ],
          [
            74.77509,
            20.94029
          ],
          [
            74.77514,
            20.9397
          ],
          [
            74.77529,
            20.93858
          ],
          [
            74.77536,
            20.9379
          ],
          [
            74.77553,
            20.93669
          ],
          [
            74.77564,
            20.93603
          ],
          [
            74.77577,
            20.93558
          ],
          [
            74.77601,
            20.93507
          ],
          [
            74.77621,
            20.93478
          ],
          [
            74.77667,
            20.93429
          ],
          [
            74.77707,
            20.934
          ],
          [
            74.77785,
            20.93367
          ],
          [
            74.77821,
            20.93356
          ],
          [
            74.78082,
            20.93295
          ],
          [
            74.78356,
            20.93218
          ],
          [
            74.78625,
            20.93139
          ],
          [
            74.78942,
            20.93051
          ],
          [
            74.79106,
            20.93006
          ],
          [
            74.79164,
            20.92986
          ],
          [
            74.79204,
            20.92966
          ],
          [
            74.79247,
            20.92939
          ],
          [
            74.79279,
            20.92913
          ],
          [
            74.79311,
            20.9288
          ],
          [
            74.79388,
            20.92778
          ],
          [
            74.79515,
            20.926
          ],
          [
            74.79602,
            20.9247
          ],
          [
            74.79702,
            20.92326
          ],
          [
            74.79755,
            20.92258
          ],
          [
            74.79895,
            20.92093
          ],
          [
            74.79918,
            20.92062
          ],
          [
            74.79932,
            20.92039
          ],
          [
            74.79949,
            20.92004
          ],
          [
            74.79967,
            20.91964
          ],
          [
            74.79981,
            20.91928
          ],
          [
            74.79993,
            20.91896
          ],
          [
            74.80002,
            20.91863
          ],
          [
            74.80009,
            20.918
          ],
          [
            74.80007,
            20.91707
          ],
          [
            74.80008,
            20.9163
          ],
          [
            74.80006,
            20.916
          ],
          [
            74.80004,
            20.91566
          ],
          [
            74.79999,
            20.91342
          ],
          [
            74.79999,
            20.91304
          ],
          [
            74.8,
            20.91281
          ],
          [
            74.80009,
            20.91236
          ],
          [
            74.80046,
            20.91077
          ],
          [
            74.80057,
            20.91019
          ],
          [
            74.8006,
            20.90984
          ],
          [
            74.80061,
            20.90961
          ],
          [
            74.80059,
            20.90871
          ],
          [
            74.80025,
            20.90584
          ],
          [
            74.80022,
            20.90542
          ],
          [
            74.80018,
            20.90508
          ],
          [
            74.7998,
            20.90165
          ],
          [
            74.79971,
            20.90086
          ],
          [
            74.79961,
            20.90024
          ],
          [
            74.79953,
            20.89993
          ],
          [
            74.79948,
            20.89971
          ],
          [
            74.7992,
            20.89898
          ],
          [
            74.79821,
            20.89676
          ],
          [
            74.79811,
            20.89651
          ],
          [
            74.79789,
            20.89604
          ],
          [
            74.79726,
            20.89457
          ],
          [
            74.79676,
            20.89329
          ],
          [
            74.79481,
            20.88748
          ],
          [
            74.79435,
            20.88597
          ],
          [
            74.79415,
            20.8852
          ],
          [
            74.79412,
            20.88509
          ],
          [
            74.79393,
            20.88439
          ],
          [
            74.79372,
            20.884
          ],
          [
            74.79329,
            20.88346
          ],
          [
            74.79275,
            20.88296
          ],
          [
            74.7917,
            20.88204
          ],
          [
            74.79091,
            20.88141
          ],
          [
            74.78972,
            20.8805
          ],
          [
            74.78902,
            20.87995
          ],
          [
            74.78814,
            20.87925
          ],
          [
            74.78776,
            20.87894
          ],
          [
            74.78639,
            20.87778
          ],
          [
            74.78503,
            20.87659
          ],
          [
            74.78467,
            20.87631
          ],
          [
            74.7841,
            20.87598
          ],
          [
            74.78296,
            20.87555
          ],
          [
            74.78258,
            20.87542
          ],
          [
            74.78247,
            20.87539
          ],
          [
            74.78223,
            20.87531
          ],
          [
            74.77989,
            20.87448
          ],
          [
            74.77901,
            20.87418
          ],
          [
            74.77744,
            20.87368
          ],
          [
            74.77561,
            20.87302
          ],
          [
            74.77323,
            20.87203
          ],
          [
            74.77273,
            20.87173
          ],
          [
            74.77241,
            20.87149
          ],
          [
            74.77207,
            20.87116
          ],
          [
            74.7716,
            20.87049
          ],
          [
            74.77135,
            20.86998
          ],
          [
            74.77067,
            20.86847
          ],
          [
            74.77052,
            20.8681
          ],
          [
            74.77009,
            20.86733
          ],
          [
            74.76931,
            20.86595
          ],
          [
            74.7684,
            20.86443
          ],
          [
            74.7679,
            20.8635
          ],
          [
            74.7677,
            20.86301
          ],
          [
            74.76696,
            20.86119
          ],
          [
            74.76692,
            20.86108
          ],
          [
            74.7667,
            20.86046
          ],
          [
            74.76656,
            20.85999
          ],
          [
            74.7662,
            20.85813
          ],
          [
            74.76582,
            20.85623
          ],
          [
            74.76569,
            20.85577
          ],
          [
            74.76509,
            20.85425
          ],
          [
            74.76447,
            20.85246
          ],
          [
            74.76415,
            20.85161
          ],
          [
            74.76368,
            20.85049
          ],
          [
            74.76308,
            20.84924
          ],
          [
            74.76292,
            20.84893
          ],
          [
            74.76243,
            20.84798
          ],
          [
            74.76094,
            20.84522
          ],
          [
            74.76076,
            20.84489
          ],
          [
            74.76064,
            20.84467
          ],
          [
            74.76024,
            20.8439
          ],
          [
            74.76002,
            20.84348
          ],
          [
            74.75914,
            20.84179
          ],
          [
            74.75799,
            20.83964
          ],
          [
            74.75733,
            20.83846
          ],
          [
            74.75682,
            20.83756
          ],
          [
            74.75533,
            20.83489
          ],
          [
            74.755,
            20.83426
          ],
          [
            74.75493,
            20.83413
          ],
          [
            74.75438,
            20.83304
          ],
          [
            74.75383,
            20.83213
          ],
          [
            74.7532,
            20.83111
          ],
          [
            74.75179,
            20.82857
          ],
          [
            74.7516,
            20.82821
          ],
          [
            74.75049,
            20.82626
          ],
          [
            74.74959,
            20.82465
          ],
          [
            74.74899,
            20.82354
          ],
          [
            74.74826,
            20.82217
          ],
          [
            74.74802,
            20.82171
          ],
          [
            74.74779,
            20.82138
          ],
          [
            74.74722,
            20.82074
          ],
          [
            74.74697,
            20.82044
          ],
          [
            74.74683,
            20.82024
          ],
          [
            74.7467,
            20.82004
          ],
          [
            74.74662,
            20.81981
          ],
          [
            74.74651,
            20.81918
          ],
          [
            74.7465,
            20.81867
          ],
          [
            74.7465,
            20.81725
          ],
          [
            74.74646,
            20.81696
          ],
          [
            74.74637,
            20.81666
          ],
          [
            74.7462,
            20.81631
          ],
          [
            74.74599,
            20.81597
          ],
          [
            74.74558,
            20.81554
          ],
          [
            74.74502,
            20.81499
          ],
          [
            74.74483,
            20.81467
          ],
          [
            74.74474,
            20.8145
          ],
          [
            74.74464,
            20.81425
          ],
          [
            74.74458,
            20.81402
          ],
          [
            74.74455,
            20.8137
          ],
          [
            74.74459,
            20.81286
          ],
          [
            74.74477,
            20.81158
          ],
          [
            74.7449,
            20.81032
          ],
          [
            74.74489,
            20.80968
          ],
          [
            74.74465,
            20.80817
          ],
          [
            74.74462,
            20.80784
          ],
          [
            74.74467,
            20.80691
          ],
          [
            74.74471,
            20.80645
          ],
          [
            74.74478,
            20.80518
          ],
          [
            74.74479,
            20.80392
          ],
          [
            74.74478,
            20.80273
          ],
          [
            74.74467,
            20.80149
          ],
          [
            74.74462,
            20.80035
          ],
          [
            74.7446,
            20.79781
          ],
          [
            74.74467,
            20.79577
          ],
          [
            74.74465,
            20.79482
          ],
          [
            74.74462,
            20.79448
          ],
          [
            74.74459,
            20.7942
          ],
          [
            74.74456,
            20.7939
          ],
          [
            74.7445,
            20.79326
          ],
          [
            74.74443,
            20.79281
          ],
          [
            74.74431,
            20.79222
          ],
          [
            74.74421,
            20.79194
          ],
          [
            74.74401,
            20.79152
          ],
          [
            74.74368,
            20.79111
          ],
          [
            74.74333,
            20.79068
          ],
          [
            74.74275,
            20.79006
          ],
          [
            74.74249,
            20.78984
          ],
          [
            74.74224,
            20.78967
          ],
          [
            74.74108,
            20.78909
          ],
          [
            74.73995,
            20.78849
          ],
          [
            74.73961,
            20.78829
          ],
          [
            74.73925,
            20.78802
          ],
          [
            74.73702,
            20.78619
          ],
          [
            74.73665,
            20.78585
          ],
          [
            74.73639,
            20.78557
          ],
          [
            74.73616,
            20.78528
          ],
          [
            74.73585,
            20.78483
          ],
          [
            74.73562,
            20.78441
          ],
          [
            74.73503,
            20.78323
          ],
          [
            74.73464,
            20.78261
          ],
          [
            74.73432,
            20.7822
          ],
          [
            74.73401,
            20.78185
          ],
          [
            74.73312,
            20.78099
          ],
          [
            74.7319,
            20.77987
          ],
          [
            74.73098,
            20.77906
          ],
          [
            74.73075,
            20.77883
          ],
          [
            74.73052,
            20.77855
          ],
          [
            74.73031,
            20.77827
          ],
          [
            74.73013,
            20.77791
          ],
          [
            74.73,
            20.77753
          ],
          [
            74.72994,
            20.77725
          ],
          [
            74.72988,
            20.77673
          ],
          [
            74.72988,
            20.77639
          ],
          [
            74.72993,
            20.77609
          ],
          [
            74.73002,
            20.77564
          ],
          [
            74.7304,
            20.7743
          ],
          [
            74.73049,
            20.77387
          ],
          [
            74.73053,
            20.77361
          ],
          [
            74.73053,
            20.77325
          ],
          [
            74.73052,
            20.773
          ],
          [
            74.73048,
            20.77267
          ],
          [
            74.73031,
            20.7719
          ],
          [
            74.72999,
            20.77066
          ],
          [
            74.72969,
            20.76958
          ],
          [
            74.72921,
            20.76834
          ],
          [
            74.72847,
            20.76656
          ],
          [
            74.72828,
            20.76617
          ],
          [
            74.7281,
            20.76587
          ],
          [
            74.72796,
            20.76566
          ],
          [
            74.72777,
            20.76544
          ],
          [
            74.72751,
            20.76514
          ],
          [
            74.72701,
            20.7647
          ],
          [
            74.72676,
            20.7645
          ],
          [
            74.72628,
            20.76409
          ],
          [
            74.72565,
            20.76357
          ],
          [
            74.7252,
            20.76312
          ],
          [
            74.72498,
            20.76283
          ],
          [
            74.72483,
            20.76259
          ],
          [
            74.72469,
            20.76231
          ],
          [
            74.72459,
            20.76203
          ],
          [
            74.72449,
            20.7617
          ],
          [
            74.72427,
            20.76065
          ],
          [
            74.72411,
            20.76005
          ],
          [
            74.72403,
            20.7598
          ],
          [
            74.72388,
            20.75945
          ],
          [
            74.72365,
            20.75906
          ],
          [
            74.72334,
            20.75856
          ],
          [
            74.72038,
            20.7539
          ],
          [
            74.71871,
            20.75131
          ],
          [
            74.71849,
            20.75105
          ],
          [
            74.71821,
            20.75078
          ],
          [
            74.71795,
            20.75058
          ],
          [
            74.71756,
            20.75034
          ],
          [
            74.71753,
            20.75033
          ],
          [
            74.71746,
            20.7503
          ],
          [
            74.71736,
            20.75024
          ],
          [
            74.71525,
            20.74926
          ],
          [
            74.7149,
            20.74909
          ],
          [
            74.71459,
            20.74891
          ],
          [
            74.7143,
            20.74869
          ],
          [
            74.71377,
            20.74815
          ],
          [
            74.7135,
            20.74779
          ],
          [
            74.71331,
            20.74745
          ],
          [
            74.71272,
            20.74653
          ],
          [
            74.71243,
            20.74614
          ],
          [
            74.71209,
            20.74573
          ],
          [
            74.71093,
            20.7445
          ],
          [
            74.71045,
            20.74395
          ],
          [
            74.71023,
            20.7437
          ],
          [
            74.70946,
            20.74248
          ],
          [
            74.70934,
            20.7423
          ],
          [
            74.70894,
            20.74169
          ],
          [
            74.70855,
            20.74115
          ],
          [
            74.70805,
            20.74052
          ],
          [
            74.70716,
            20.73947
          ],
          [
            74.70576,
            20.73788
          ],
          [
            74.70543,
            20.73751
          ],
          [
            74.7035,
            20.7353
          ],
          [
            74.70277,
            20.73447
          ],
          [
            74.70251,
            20.73409
          ],
          [
            74.70246,
            20.73401
          ],
          [
            74.70204,
            20.73323
          ],
          [
            74.70155,
            20.73225
          ],
          [
            74.70074,
            20.73061
          ],
          [
            74.70054,
            20.73014
          ],
          [
            74.70042,
            20.72978
          ],
          [
            74.70037,
            20.72953
          ],
          [
            74.70033,
            20.72918
          ],
          [
            74.70034,
            20.72887
          ],
          [
            74.7004,
            20.72832
          ],
          [
            74.70041,
            20.72825
          ],
          [
            74.70044,
            20.72809
          ],
          [
            74.70066,
            20.72695
          ],
          [
            74.70069,
            20.72661
          ],
          [
            74.70074,
            20.72611
          ],
          [
            74.70078,
            20.72465
          ],
          [
            74.70073,
            20.72411
          ],
          [
            74.70065,
            20.72379
          ],
          [
            74.70049,
            20.72336
          ],
          [
            74.70021,
            20.72287
          ],
          [
            74.69998,
            20.72251
          ],
          [
            74.69925,
            20.72144
          ],
          [
            74.69884,
            20.72061
          ],
          [
            74.69874,
            20.72034
          ],
          [
            74.69864,
            20.72005
          ],
          [
            74.6985,
            20.71959
          ],
          [
            74.69784,
            20.71724
          ],
          [
            74.69761,
            20.71653
          ],
          [
            74.69742,
            20.71606
          ],
          [
            74.69718,
            20.71556
          ],
          [
            74.69693,
            20.71509
          ],
          [
            74.69593,
            20.71342
          ],
          [
            74.69562,
            20.71282
          ],
          [
            74.69526,
            20.71196
          ],
          [
            74.69509,
            20.7114
          ],
          [
            74.69485,
            20.71058
          ],
          [
            74.69448,
            20.70945
          ],
          [
            74.69441,
            20.70929
          ],
          [
            74.69398,
            20.70807
          ],
          [
            74.69392,
            20.70783
          ],
          [
            74.69356,
            20.70662
          ],
          [
            74.69307,
            20.70498
          ],
          [
            74.69296,
            20.70465
          ],
          [
            74.69272,
            20.70398
          ],
          [
            74.69206,
            20.70234
          ],
          [
            74.69185,
            20.70192
          ],
          [
            74.69047,
            20.69974
          ],
          [
            74.69023,
            20.69933
          ],
          [
            74.68987,
            20.6985
          ],
          [
            74.68969,
            20.69801
          ],
          [
            74.68936,
            20.69719
          ],
          [
            74.68898,
            20.69619
          ],
          [
            74.68875,
            20.69536
          ],
          [
            74.68853,
            20.69441
          ],
          [
            74.68838,
            20.69368
          ],
          [
            74.68824,
            20.69326
          ],
          [
            74.68743,
            20.69135
          ],
          [
            74.68707,
            20.69046
          ],
          [
            74.68669,
            20.68948
          ],
          [
            74.68636,
            20.68869
          ],
          [
            74.68556,
            20.6872
          ],
          [
            74.68545,
            20.68696
          ],
          [
            74.68532,
            20.68662
          ],
          [
            74.68511,
            20.686
          ],
          [
            74.6849,
            20.68528
          ],
          [
            74.68464,
            20.68451
          ],
          [
            74.68446,
            20.684
          ],
          [
            74.68427,
            20.68359
          ],
          [
            74.68407,
            20.68327
          ],
          [
            74.68258,
            20.68103
          ],
          [
            74.68223,
            20.68039
          ],
          [
            74.68181,
            20.6794
          ],
          [
            74.68174,
            20.67919
          ],
          [
            74.68143,
            20.67839
          ],
          [
            74.68111,
            20.6775
          ],
          [
            74.6809,
            20.67699
          ],
          [
            74.68084,
            20.67687
          ],
          [
            74.68052,
            20.67637
          ],
          [
            74.67981,
            20.67532
          ],
          [
            74.6796,
            20.67495
          ],
          [
            74.67942,
            20.67459
          ],
          [
            74.67878,
            20.67306
          ],
          [
            74.67842,
            20.67217
          ],
          [
            74.67802,
            20.67125
          ],
          [
            74.67756,
            20.67032
          ],
          [
            74.6773,
            20.66983
          ],
          [
            74.67704,
            20.6693
          ],
          [
            74.67697,
            20.66911
          ],
          [
            74.67684,
            20.66868
          ],
          [
            74.67642,
            20.66693
          ],
          [
            74.67601,
            20.66543
          ],
          [
            74.67569,
            20.66427
          ],
          [
            74.67534,
            20.66314
          ],
          [
            74.67482,
            20.66167
          ],
          [
            74.67465,
            20.66122
          ],
          [
            74.67454,
            20.66099
          ],
          [
            74.67436,
            20.66068
          ],
          [
            74.67408,
            20.66029
          ],
          [
            74.6732,
            20.65924
          ],
          [
            74.67278,
            20.65861
          ],
          [
            74.67223,
            20.65767
          ],
          [
            74.67187,
            20.65695
          ],
          [
            74.67154,
            20.65595
          ],
          [
            74.67145,
            20.65568
          ],
          [
            74.67122,
            20.65509
          ],
          [
            74.671,
            20.65465
          ],
          [
            74.67072,
            20.65421
          ],
          [
            74.6703,
            20.65369
          ],
          [
            74.66916,
            20.65232
          ],
          [
            74.66876,
            20.65182
          ],
          [
            74.66829,
            20.65118
          ],
          [
            74.66776,
            20.65054
          ],
          [
            74.66728,
            20.65005
          ],
          [
            74.66581,
            20.64866
          ],
          [
            74.66523,
            20.64806
          ],
          [
            74.66498,
            20.64779
          ],
          [
            74.66416,
            20.64696
          ],
          [
            74.66354,
            20.64638
          ],
          [
            74.66297,
            20.64591
          ],
          [
            74.66256,
            20.64551
          ],
          [
            74.66222,
            20.64514
          ],
          [
            74.66213,
            20.64504
          ],
          [
            74.66184,
            20.64465
          ],
          [
            74.66117,
            20.6436
          ],
          [
            74.66103,
            20.64335
          ],
          [
            74.66045,
            20.64245
          ],
          [
            74.66012,
            20.64203
          ],
          [
            74.65974,
            20.64164
          ],
          [
            74.65931,
            20.64128
          ],
          [
            74.6578,
            20.64014
          ],
          [
            74.65727,
            20.63972
          ],
          [
            74.65561,
            20.63819
          ],
          [
            74.65498,
            20.63756
          ],
          [
            74.65372,
            20.63643
          ],
          [
            74.65328,
            20.63607
          ],
          [
            74.65308,
            20.63591
          ],
          [
            74.65291,
            20.63577
          ],
          [
            74.65228,
            20.63527
          ],
          [
            74.65148,
            20.63456
          ],
          [
            74.64952,
            20.63284
          ],
          [
            74.64625,
            20.6299
          ],
          [
            74.64541,
            20.62915
          ],
          [
            74.64456,
            20.62837
          ],
          [
            74.64385,
            20.62776
          ],
          [
            74.64322,
            20.62726
          ],
          [
            74.64212,
            20.62652
          ],
          [
            74.64114,
            20.62582
          ],
          [
            74.63888,
            20.62426
          ],
          [
            74.63824,
            20.62385
          ],
          [
            74.63737,
            20.62335
          ],
          [
            74.63696,
            20.62307
          ],
          [
            74.63583,
            20.62232
          ],
          [
            74.63487,
            20.62167
          ],
          [
            74.63468,
            20.62154
          ],
          [
            74.63329,
            20.62059
          ],
          [
            74.6328,
            20.62023
          ],
          [
            74.63241,
            20.61997
          ],
          [
            74.63136,
            20.61922
          ],
          [
            74.62905,
            20.61758
          ],
          [
            74.62829,
            20.61707
          ],
          [
            74.62739,
            20.61643
          ],
          [
            74.6265,
            20.61577
          ],
          [
            74.62597,
            20.61535
          ],
          [
            74.62574,
            20.61516
          ],
          [
            74.62452,
            20.6142
          ],
          [
            74.62377,
            20.61356
          ],
          [
            74.62205,
            20.61217
          ],
          [
            74.61968,
            20.61024
          ],
          [
            74.61904,
            20.60967
          ],
          [
            74.61769,
            20.60837
          ],
          [
            74.61719,
            20.60792
          ],
          [
            74.61658,
            20.60743
          ],
          [
            74.61571,
            20.60678
          ],
          [
            74.61392,
            20.60538
          ],
          [
            74.6108,
            20.60296
          ],
          [
            74.60839,
            20.60105
          ],
          [
            74.6074,
            20.60024
          ],
          [
            74.6047,
            20.59794
          ],
          [
            74.60375,
            20.59724
          ],
          [
            74.5989,
            20.59395
          ],
          [
            74.59878,
            20.59385
          ],
          [
            74.59872,
            20.5938
          ],
          [
            74.59838,
            20.59354
          ],
          [
            74.59781,
            20.59302
          ],
          [
            74.59743,
            20.5926
          ],
          [
            74.59647,
            20.59138
          ],
          [
            74.59576,
            20.59056
          ],
          [
            74.59527,
            20.59011
          ],
          [
            74.5935,
            20.58861
          ],
          [
            74.5929,
            20.58809
          ],
          [
            74.59251,
            20.58776
          ],
          [
            74.59191,
            20.58726
          ],
          [
            74.59125,
            20.58673
          ],
          [
            74.59095,
            20.58652
          ],
          [
            74.5909,
            20.58648
          ],
          [
            74.59059,
            20.58626
          ],
          [
            74.58734,
            20.5842
          ],
          [
            74.58642,
            20.58361
          ],
          [
            74.58575,
            20.58321
          ],
          [
            74.58517,
            20.58292
          ],
          [
            74.58377,
            20.58236
          ],
          [
            74.58133,
            20.58134
          ],
          [
            74.57917,
            20.58045
          ],
          [
            74.57906,
            20.58041
          ],
          [
            74.57865,
            20.58028
          ],
          [
            74.57855,
            20.58024
          ],
          [
            74.57828,
            20.58016
          ],
          [
            74.57822,
            20.58014
          ],
          [
            74.57267,
            20.57823
          ],
          [
            74.57231,
            20.57811
          ],
          [
            74.57194,
            20.57798
          ],
          [
            74.569,
            20.57696
          ],
          [
            74.56868,
            20.57686
          ],
          [
            74.56636,
            20.57605
          ],
          [
            74.56589,
            20.57583
          ],
          [
            74.56554,
            20.57564
          ],
          [
            74.56524,
            20.57543
          ],
          [
            74.56486,
            20.57509
          ],
          [
            74.56453,
            20.57475
          ],
          [
            74.56424,
            20.57437
          ],
          [
            74.56406,
            20.57409
          ],
          [
            74.56387,
            20.57373
          ],
          [
            74.56375,
            20.57346
          ],
          [
            74.56365,
            20.57315
          ],
          [
            74.56358,
            20.57292
          ],
          [
            74.56353,
            20.57262
          ],
          [
            74.56348,
            20.57215
          ],
          [
            74.56347,
            20.57184
          ],
          [
            74.56353,
            20.57117
          ],
          [
            74.56385,
            20.56818
          ],
          [
            74.56398,
            20.56695
          ],
          [
            74.56413,
            20.56521
          ],
          [
            74.56421,
            20.56416
          ],
          [
            74.56451,
            20.56072
          ],
          [
            74.56477,
            20.55839
          ],
          [
            74.56492,
            20.55679
          ],
          [
            74.56513,
            20.55434
          ],
          [
            74.56515,
            20.55354
          ],
          [
            74.56512,
            20.55283
          ],
          [
            74.56506,
            20.5519
          ],
          [
            74.56501,
            20.55146
          ],
          [
            74.56489,
            20.55074
          ],
          [
            74.56452,
            20.54931
          ],
          [
            74.56428,
            20.54849
          ],
          [
            74.56401,
            20.54777
          ],
          [
            74.56383,
            20.54738
          ],
          [
            74.56345,
            20.54659
          ],
          [
            74.56326,
            20.54609
          ],
          [
            74.56302,
            20.54562
          ],
          [
            74.56263,
            20.54501
          ],
          [
            74.56221,
            20.54442
          ],
          [
            74.56149,
            20.54351
          ],
          [
            74.5612,
            20.54316
          ],
          [
            74.56081,
            20.54273
          ],
          [
            74.56051,
            20.54245
          ],
          [
            74.55977,
            20.54176
          ],
          [
            74.5592,
            20.54126
          ],
          [
            74.55873,
            20.54084
          ],
          [
            74.55808,
            20.54034
          ],
          [
            74.55732,
            20.53983
          ],
          [
            74.55672,
            20.53948
          ],
          [
            74.55638,
            20.53928
          ],
          [
            74.55611,
            20.53914
          ],
          [
            74.55504,
            20.53862
          ],
          [
            74.55407,
            20.53816
          ],
          [
            74.55396,
            20.53811
          ],
          [
            74.55387,
            20.53806
          ],
          [
            74.55323,
            20.53777
          ],
          [
            74.55025,
            20.53635
          ],
          [
            74.5498,
            20.53614
          ],
          [
            74.54835,
            20.53547
          ],
          [
            74.54578,
            20.53424
          ],
          [
            74.54251,
            20.53267
          ],
          [
            74.53921,
            20.53107
          ],
          [
            74.53838,
            20.53065
          ],
          [
            74.53826,
            20.53059
          ],
          [
            74.53342,
            20.52825
          ],
          [
            74.5322,
            20.52766
          ],
          [
            74.53063,
            20.52697
          ],
          [
            74.53016,
            20.52678
          ],
          [
            74.52975,
            20.52663
          ],
          [
            74.5293,
            20.52652
          ],
          [
            74.52888,
            20.52644
          ],
          [
            74.52855,
            20.5264
          ],
          [
            74.52821,
            20.52639
          ],
          [
            74.5278,
            20.52638
          ],
          [
            74.52745,
            20.52641
          ],
          [
            74.52704,
            20.52646
          ],
          [
            74.52654,
            20.52655
          ],
          [
            74.52612,
            20.52667
          ],
          [
            74.52575,
            20.52681
          ],
          [
            74.5251,
            20.52709
          ],
          [
            74.52341,
            20.5279
          ],
          [
            74.5217,
            20.52867
          ],
          [
            74.52042,
            20.52923
          ],
          [
            74.51734,
            20.53064
          ],
          [
            74.51545,
            20.53154
          ],
          [
            74.51348,
            20.53244
          ],
          [
            74.5131,
            20.5326
          ],
          [
            74.51264,
            20.53276
          ],
          [
            74.51193,
            20.53292
          ],
          [
            74.51174,
            20.53294
          ],
          [
            74.51117,
            20.53297
          ],
          [
            74.50951,
            20.53284
          ],
          [
            74.50823,
            20.5327
          ],
          [
            74.50647,
            20.53244
          ],
          [
            74.50614,
            20.53238
          ],
          [
            74.49946,
            20.53163
          ],
          [
            74.49887,
            20.53156
          ],
          [
            74.49806,
            20.53147
          ],
          [
            74.49738,
            20.5314
          ],
          [
            74.4962,
            20.53127
          ],
          [
            74.49464,
            20.53109
          ],
          [
            74.49361,
            20.53096
          ],
          [
            74.49321,
            20.53089
          ],
          [
            74.49277,
            20.53077
          ],
          [
            74.49249,
            20.53066
          ],
          [
            74.49229,
            20.53055
          ],
          [
            74.49219,
            20.5305
          ],
          [
            74.49181,
            20.53021
          ],
          [
            74.49142,
            20.52986
          ],
          [
            74.49039,
            20.52869
          ],
          [
            74.48995,
            20.52817
          ],
          [
            74.48967,
            20.5278
          ],
          [
            74.48907,
            20.52721
          ],
          [
            74.48708,
            20.52492
          ],
          [
            74.48667,
            20.52449
          ],
          [
            74.48619,
            20.52401
          ],
          [
            74.48568,
            20.52365
          ],
          [
            74.48427,
            20.52256
          ],
          [
            74.48411,
            20.52242
          ],
          [
            74.48385,
            20.52216
          ],
          [
            74.48229,
            20.52013
          ],
          [
            74.4819,
            20.51966
          ],
          [
            74.48142,
            20.51913
          ],
          [
            74.4809,
            20.51859
          ],
          [
            74.48064,
            20.51834
          ],
          [
            74.47957,
            20.51733
          ],
          [
            74.47916,
            20.51692
          ],
          [
            74.47867,
            20.5165
          ],
          [
            74.4782,
            20.51607
          ],
          [
            74.4778,
            20.51564
          ],
          [
            74.47711,
            20.51503
          ],
          [
            74.47642,
            20.51439
          ],
          [
            74.47459,
            20.51268
          ],
          [
            74.47447,
            20.51257
          ],
          [
            74.47436,
            20.51247
          ],
          [
            74.47277,
            20.51101
          ],
          [
            74.47202,
            20.51029
          ],
          [
            74.47147,
            20.50976
          ],
          [
            74.4703,
            20.50858
          ],
          [
            74.46918,
            20.5074
          ],
          [
            74.46816,
            20.5063
          ],
          [
            74.46772,
            20.50586
          ],
          [
            74.46626,
            20.50425
          ],
          [
            74.46519,
            20.50312
          ],
          [
            74.4649,
            20.5028
          ],
          [
            74.4644,
            20.50241
          ],
          [
            74.46422,
            20.50228
          ],
          [
            74.46375,
            20.502
          ],
          [
            74.46269,
            20.50143
          ],
          [
            74.46248,
            20.50136
          ],
          [
            74.46234,
            20.5013
          ],
          [
            74.46168,
            20.50112
          ],
          [
            74.46055,
            20.50102
          ],
          [
            74.45972,
            20.50096
          ],
          [
            74.45909,
            20.50089
          ],
          [
            74.45794,
            20.50069
          ],
          [
            74.45729,
            20.50056
          ],
          [
            74.45528,
            20.50017
          ],
          [
            74.45339,
            20.49974
          ],
          [
            74.45323,
            20.49971
          ],
          [
            74.45219,
            20.49949
          ],
          [
            74.45122,
            20.49925
          ],
          [
            74.45041,
            20.49908
          ],
          [
            74.44834,
            20.49862
          ],
          [
            74.44781,
            20.49848
          ],
          [
            74.44741,
            20.49833
          ],
          [
            74.44735,
            20.4983
          ],
          [
            74.44691,
            20.49807
          ],
          [
            74.44556,
            20.4973
          ],
          [
            74.44501,
            20.49696
          ],
          [
            74.444,
            20.49631
          ],
          [
            74.44356,
            20.49604
          ],
          [
            74.44264,
            20.4954
          ],
          [
            74.44237,
            20.49522
          ],
          [
            74.44109,
            20.49423
          ],
          [
            74.43889,
            20.49259
          ],
          [
            74.43757,
            20.49152
          ],
          [
            74.43691,
            20.49099
          ],
          [
            74.43588,
            20.4901
          ],
          [
            74.43453,
            20.48903
          ],
          [
            74.43373,
            20.48843
          ],
          [
            74.4324,
            20.48747
          ],
          [
            74.43102,
            20.4865
          ],
          [
            74.42935,
            20.48536
          ],
          [
            74.42843,
            20.48466
          ],
          [
            74.42709,
            20.4836
          ],
          [
            74.42642,
            20.48309
          ],
          [
            74.42436,
            20.48144
          ],
          [
            74.42266,
            20.48012
          ],
          [
            74.42181,
            20.47943
          ],
          [
            74.42151,
            20.47916
          ],
          [
            74.42129,
            20.47897
          ],
          [
            74.42063,
            20.47829
          ],
          [
            74.41819,
            20.4757
          ],
          [
            74.41703,
            20.47452
          ],
          [
            74.4164,
            20.47383
          ],
          [
            74.41602,
            20.4734
          ],
          [
            74.41541,
            20.47263
          ],
          [
            74.41498,
            20.47211
          ],
          [
            74.41395,
            20.4708
          ],
          [
            74.41353,
            20.47023
          ],
          [
            74.41321,
            20.46973
          ],
          [
            74.41254,
            20.4683
          ],
          [
            74.41226,
            20.46765
          ],
          [
            74.41198,
            20.46714
          ],
          [
            74.41164,
            20.46668
          ],
          [
            74.41079,
            20.46579
          ],
          [
            74.41017,
            20.46517
          ],
          [
            74.4089,
            20.4638
          ],
          [
            74.40771,
            20.4623
          ],
          [
            74.40667,
            20.46089
          ],
          [
            74.40613,
            20.46012
          ],
          [
            74.40561,
            20.45947
          ],
          [
            74.40553,
            20.45933
          ],
          [
            74.40498,
            20.45866
          ],
          [
            74.40437,
            20.45802
          ],
          [
            74.40395,
            20.45762
          ],
          [
            74.40361,
            20.45736
          ],
          [
            74.40334,
            20.4572
          ],
          [
            74.40307,
            20.45707
          ],
          [
            74.40269,
            20.45694
          ],
          [
            74.40194,
            20.4568
          ],
          [
            74.40154,
            20.45679
          ],
          [
            74.40126,
            20.45682
          ],
          [
            74.40075,
            20.45691
          ],
          [
            74.40016,
            20.45705
          ],
          [
            74.39958,
            20.45717
          ],
          [
            74.39919,
            20.45724
          ],
          [
            74.39891,
            20.45726
          ],
          [
            74.39859,
            20.45727
          ],
          [
            74.39821,
            20.45723
          ],
          [
            74.39794,
            20.45719
          ],
          [
            74.39788,
            20.45717
          ],
          [
            74.39775,
            20.45714
          ],
          [
            74.39746,
            20.45704
          ],
          [
            74.39694,
            20.45675
          ],
          [
            74.39667,
            20.45657
          ],
          [
            74.39638,
            20.45632
          ],
          [
            74.39615,
            20.4561
          ],
          [
            74.39601,
            20.45593
          ],
          [
            74.39592,
            20.45582
          ],
          [
            74.39586,
            20.45574
          ],
          [
            74.39556,
            20.45531
          ],
          [
            74.39538,
            20.45501
          ],
          [
            74.39458,
            20.45365
          ],
          [
            74.39417,
            20.45301
          ],
          [
            74.39283,
            20.45118
          ],
          [
            74.39262,
            20.45087
          ],
          [
            74.39234,
            20.45058
          ],
          [
            74.39195,
            20.45021
          ],
          [
            74.39158,
            20.44992
          ],
          [
            74.39132,
            20.44977
          ],
          [
            74.39099,
            20.44958
          ],
          [
            74.39059,
            20.44941
          ],
          [
            74.38996,
            20.44919
          ],
          [
            74.38457,
            20.44743
          ],
          [
            74.38371,
            20.44713
          ],
          [
            74.38288,
            20.44682
          ],
          [
            74.38217,
            20.44652
          ],
          [
            74.38134,
            20.44613
          ],
          [
            74.38042,
            20.44564
          ],
          [
            74.37976,
            20.44523
          ],
          [
            74.37941,
            20.445
          ],
          [
            74.37902,
            20.44474
          ],
          [
            74.37815,
            20.4441
          ],
          [
            74.3777,
            20.44373
          ],
          [
            74.37706,
            20.44318
          ],
          [
            74.37676,
            20.44289
          ],
          [
            74.37636,
            20.44253
          ],
          [
            74.37605,
            20.44225
          ],
          [
            74.37506,
            20.4413
          ],
          [
            74.37378,
            20.44012
          ],
          [
            74.37338,
            20.43978
          ],
          [
            74.37196,
            20.43843
          ],
          [
            74.36789,
            20.43466
          ],
          [
            74.36726,
            20.4341
          ],
          [
            74.36561,
            20.43255
          ],
          [
            74.363,
            20.43015
          ],
          [
            74.36123,
            20.42848
          ],
          [
            74.36018,
            20.42745
          ],
          [
            74.3593,
            20.42661
          ],
          [
            74.35804,
            20.42539
          ],
          [
            74.35777,
            20.42513
          ],
          [
            74.35754,
            20.42489
          ],
          [
            74.35736,
            20.42473
          ],
          [
            74.35569,
            20.42316
          ],
          [
            74.35536,
            20.42279
          ],
          [
            74.35515,
            20.42255
          ],
          [
            74.35478,
            20.42204
          ],
          [
            74.35439,
            20.42148
          ],
          [
            74.35386,
            20.42077
          ],
          [
            74.3527,
            20.41912
          ],
          [
            74.3521,
            20.4183
          ],
          [
            74.35131,
            20.41725
          ],
          [
            74.34933,
            20.41449
          ],
          [
            74.349,
            20.41405
          ],
          [
            74.34859,
            20.41353
          ],
          [
            74.34797,
            20.41268
          ],
          [
            74.34746,
            20.41201
          ],
          [
            74.34684,
            20.41113
          ],
          [
            74.34607,
            20.4101
          ],
          [
            74.3453,
            20.40899
          ],
          [
            74.34469,
            20.40818
          ],
          [
            74.34367,
            20.40676
          ],
          [
            74.34264,
            20.40537
          ],
          [
            74.34223,
            20.40486
          ],
          [
            74.34172,
            20.40417
          ],
          [
            74.34094,
            20.40314
          ],
          [
            74.34034,
            20.40236
          ],
          [
            74.34003,
            20.40197
          ],
          [
            74.33885,
            20.40064
          ],
          [
            74.33795,
            20.39958
          ],
          [
            74.33757,
            20.39896
          ],
          [
            74.33712,
            20.39802
          ],
          [
            74.33702,
            20.3978
          ],
          [
            74.33645,
            20.39684
          ],
          [
            74.33612,
            20.39631
          ],
          [
            74.3357,
            20.39567
          ],
          [
            74.3353,
            20.39503
          ],
          [
            74.33497,
            20.39455
          ],
          [
            74.33471,
            20.39427
          ],
          [
            74.33425,
            20.39387
          ],
          [
            74.33404,
            20.39373
          ],
          [
            74.33236,
            20.39282
          ],
          [
            74.33161,
            20.39223
          ],
          [
            74.33076,
            20.39147
          ],
          [
            74.32948,
            20.39029
          ],
          [
            74.32916,
            20.38996
          ],
          [
            74.32897,
            20.38971
          ],
          [
            74.32881,
            20.38946
          ],
          [
            74.32809,
            20.38796
          ],
          [
            74.32786,
            20.38757
          ],
          [
            74.32745,
            20.38707
          ],
          [
            74.32724,
            20.38686
          ],
          [
            74.32683,
            20.38648
          ],
          [
            74.32584,
            20.38559
          ],
          [
            74.32546,
            20.38516
          ],
          [
            74.32492,
            20.38446
          ],
          [
            74.32405,
            20.38326
          ],
          [
            74.32358,
            20.38259
          ],
          [
            74.32322,
            20.38204
          ],
          [
            74.32284,
            20.3814
          ],
          [
            74.32251,
            20.38079
          ],
          [
            74.32219,
            20.38027
          ],
          [
            74.3215,
            20.37904
          ],
          [
            74.32114,
            20.37846
          ],
          [
            74.32083,
            20.37802
          ],
          [
            74.32043,
            20.37755
          ],
          [
            74.32009,
            20.37721
          ],
          [
            74.3198,
            20.37695
          ],
          [
            74.31929,
            20.37655
          ],
          [
            74.31879,
            20.3761
          ],
          [
            74.31807,
            20.37556
          ],
          [
            74.31738,
            20.375
          ],
          [
            74.31616,
            20.37406
          ],
          [
            74.31599,
            20.37393
          ],
          [
            74.31484,
            20.3732
          ],
          [
            74.31447,
            20.37291
          ],
          [
            74.31419,
            20.37264
          ],
          [
            74.31376,
            20.37208
          ],
          [
            74.31348,
            20.37149
          ],
          [
            74.31337,
            20.37113
          ],
          [
            74.31332,
            20.37083
          ],
          [
            74.31332,
            20.37011
          ],
          [
            74.31352,
            20.36795
          ],
          [
            74.31358,
            20.36722
          ],
          [
            74.31359,
            20.36677
          ],
          [
            74.31355,
            20.36654
          ],
          [
            74.31343,
            20.36629
          ],
          [
            74.31336,
            20.36619
          ],
          [
            74.31328,
            20.36611
          ],
          [
            74.31317,
            20.36604
          ],
          [
            74.313,
            20.36597
          ],
          [
            74.31282,
            20.36591
          ],
          [
            74.31249,
            20.36591
          ],
          [
            74.31134,
            20.36599
          ],
          [
            74.31111,
            20.36603
          ],
          [
            74.31041,
            20.36621
          ],
          [
            74.30989,
            20.36642
          ],
          [
            74.30944,
            20.36657
          ],
          [
            74.30933,
            20.36658
          ],
          [
            74.30902,
            20.36657
          ],
          [
            74.30869,
            20.36646
          ],
          [
            74.3085,
            20.36634
          ],
          [
            74.30834,
            20.36619
          ],
          [
            74.30822,
            20.36602
          ],
          [
            74.30809,
            20.36553
          ],
          [
            74.30801,
            20.36491
          ],
          [
            74.30795,
            20.36462
          ],
          [
            74.30786,
            20.36445
          ],
          [
            74.30773,
            20.36431
          ],
          [
            74.30758,
            20.36418
          ],
          [
            74.30735,
            20.36405
          ],
          [
            74.30686,
            20.36382
          ],
          [
            74.30664,
            20.3637
          ],
          [
            74.30643,
            20.36354
          ],
          [
            74.30622,
            20.36333
          ],
          [
            74.30593,
            20.36291
          ],
          [
            74.30579,
            20.36268
          ],
          [
            74.3057,
            20.36235
          ],
          [
            74.30537,
            20.36087
          ],
          [
            74.3051,
            20.36013
          ],
          [
            74.30494,
            20.35984
          ],
          [
            74.30466,
            20.35947
          ],
          [
            74.30433,
            20.35909
          ],
          [
            74.304,
            20.35883
          ],
          [
            74.30285,
            20.35798
          ],
          [
            74.30159,
            20.35711
          ],
          [
            74.301,
            20.35673
          ],
          [
            74.30051,
            20.35645
          ],
          [
            74.2998,
            20.35614
          ],
          [
            74.29944,
            20.35599
          ],
          [
            74.29867,
            20.35564
          ],
          [
            74.29693,
            20.3549
          ],
          [
            74.29621,
            20.35454
          ],
          [
            74.29594,
            20.3544
          ],
          [
            74.2956,
            20.35418
          ],
          [
            74.29528,
            20.35396
          ],
          [
            74.29457,
            20.3534
          ],
          [
            74.29423,
            20.35315
          ],
          [
            74.29412,
            20.35309
          ],
          [
            74.29374,
            20.35288
          ],
          [
            74.2935,
            20.35277
          ],
          [
            74.29312,
            20.35263
          ],
          [
            74.29069,
            20.35188
          ],
          [
            74.28976,
            20.35155
          ],
          [
            74.2888,
            20.35115
          ],
          [
            74.28667,
            20.35039
          ],
          [
            74.28564,
            20.35004
          ],
          [
            74.28507,
            20.34987
          ],
          [
            74.2847,
            20.34977
          ],
          [
            74.28267,
            20.34936
          ],
          [
            74.28205,
            20.34918
          ],
          [
            74.28161,
            20.34901
          ],
          [
            74.28019,
            20.3484
          ],
          [
            74.27982,
            20.34829
          ],
          [
            74.279,
            20.34811
          ],
          [
            74.27847,
            20.34802
          ],
          [
            74.27757,
            20.34783
          ],
          [
            74.27684,
            20.34766
          ],
          [
            74.27621,
            20.34754
          ],
          [
            74.27582,
            20.34751
          ],
          [
            74.27543,
            20.34751
          ],
          [
            74.27509,
            20.34755
          ],
          [
            74.27477,
            20.34759
          ],
          [
            74.27316,
            20.34793
          ],
          [
            74.27236,
            20.34809
          ],
          [
            74.27204,
            20.34813
          ],
          [
            74.27161,
            20.34815
          ],
          [
            74.27133,
            20.34815
          ],
          [
            74.27087,
            20.34813
          ],
          [
            74.26955,
            20.348
          ],
          [
            74.2689,
            20.34797
          ],
          [
            74.26854,
            20.34797
          ],
          [
            74.26729,
            20.34804
          ],
          [
            74.26697,
            20.34808
          ],
          [
            74.26613,
            20.34828
          ],
          [
            74.26562,
            20.34847
          ],
          [
            74.26471,
            20.34877
          ],
          [
            74.26414,
            20.34891
          ],
          [
            74.26378,
            20.34897
          ],
          [
            74.26299,
            20.349
          ],
          [
            74.26141,
            20.34891
          ],
          [
            74.26024,
            20.3489
          ],
          [
            74.25923,
            20.3489
          ],
          [
            74.25896,
            20.3489
          ],
          [
            74.25862,
            20.34886
          ],
          [
            74.258,
            20.3487
          ],
          [
            74.2577,
            20.34858
          ],
          [
            74.25721,
            20.34836
          ],
          [
            74.25614,
            20.34781
          ],
          [
            74.25575,
            20.34764
          ],
          [
            74.25501,
            20.34742
          ],
          [
            74.25437,
            20.3473
          ],
          [
            74.25323,
            20.34717
          ],
          [
            74.25192,
            20.34699
          ],
          [
            74.2507,
            20.34685
          ],
          [
            74.25018,
            20.34677
          ],
          [
            74.24985,
            20.34668
          ],
          [
            74.24965,
            20.34661
          ],
          [
            74.24938,
            20.34649
          ],
          [
            74.24914,
            20.34633
          ],
          [
            74.24885,
            20.34607
          ],
          [
            74.24869,
            20.34588
          ],
          [
            74.24849,
            20.34557
          ],
          [
            74.24838,
            20.34529
          ],
          [
            74.24828,
            20.34499
          ],
          [
            74.24823,
            20.34476
          ],
          [
            74.24809,
            20.34322
          ],
          [
            74.24794,
            20.34178
          ],
          [
            74.24762,
            20.3381
          ],
          [
            74.24752,
            20.33752
          ],
          [
            74.24741,
            20.33715
          ],
          [
            74.24731,
            20.33691
          ],
          [
            74.24712,
            20.33663
          ],
          [
            74.24696,
            20.33642
          ],
          [
            74.24673,
            20.3362
          ],
          [
            74.24644,
            20.336
          ],
          [
            74.24625,
            20.3359
          ],
          [
            74.24603,
            20.33581
          ],
          [
            74.24563,
            20.33568
          ],
          [
            74.24536,
            20.33561
          ],
          [
            74.24455,
            20.33543
          ],
          [
            74.2442,
            20.33533
          ],
          [
            74.244,
            20.33526
          ],
          [
            74.24351,
            20.33503
          ],
          [
            74.2425,
            20.33449
          ],
          [
            74.24114,
            20.33374
          ],
          [
            74.24032,
            20.33322
          ],
          [
            74.2393,
            20.33248
          ],
          [
            74.23871,
            20.33209
          ],
          [
            74.23825,
            20.33182
          ],
          [
            74.23789,
            20.33164
          ],
          [
            74.23756,
            20.33148
          ],
          [
            74.23714,
            20.33132
          ],
          [
            74.23651,
            20.33114
          ],
          [
            74.23604,
            20.33102
          ],
          [
            74.23524,
            20.33087
          ],
          [
            74.2347,
            20.33078
          ],
          [
            74.23092,
            20.33018
          ],
          [
            74.23,
            20.33
          ],
          [
            74.22959,
            20.3299
          ],
          [
            74.2291,
            20.32978
          ],
          [
            74.22834,
            20.3295
          ],
          [
            74.22799,
            20.32936
          ],
          [
            74.22749,
            20.32911
          ],
          [
            74.22501,
            20.32798
          ],
          [
            74.22466,
            20.32784
          ],
          [
            74.22428,
            20.32772
          ],
          [
            74.22382,
            20.32759
          ],
          [
            74.22244,
            20.32731
          ],
          [
            74.22154,
            20.32716
          ],
          [
            74.21972,
            20.32696
          ],
          [
            74.21855,
            20.32676
          ],
          [
            74.21824,
            20.3267
          ],
          [
            74.21699,
            20.32647
          ],
          [
            74.21609,
            20.32634
          ],
          [
            74.21509,
            20.32617
          ],
          [
            74.21409,
            20.32595
          ],
          [
            74.21306,
            20.32568
          ],
          [
            74.21075,
            20.32499
          ],
          [
            74.20883,
            20.32452
          ],
          [
            74.20783,
            20.32426
          ],
          [
            74.20699,
            20.32402
          ],
          [
            74.20575,
            20.32358
          ],
          [
            74.20356,
            20.32267
          ],
          [
            74.20273,
            20.32233
          ],
          [
            74.20245,
            20.32222
          ],
          [
            74.20239,
            20.32219
          ],
          [
            74.20224,
            20.32213
          ],
          [
            74.20114,
            20.32166
          ],
          [
            74.19998,
            20.32115
          ],
          [
            74.19907,
            20.32072
          ],
          [
            74.19397,
            20.31813
          ],
          [
            74.19349,
            20.31793
          ],
          [
            74.19303,
            20.31777
          ],
          [
            74.19253,
            20.31763
          ],
          [
            74.19066,
            20.31732
          ],
          [
            74.18969,
            20.31714
          ],
          [
            74.18771,
            20.31672
          ],
          [
            74.1815,
            20.31534
          ],
          [
            74.17842,
            20.31466
          ],
          [
            74.1757,
            20.31404
          ],
          [
            74.16839,
            20.31218
          ],
          [
            74.16686,
            20.31179
          ],
          [
            74.1644,
            20.31114
          ],
          [
            74.16326,
            20.3108
          ],
          [
            74.16026,
            20.30983
          ],
          [
            74.15914,
            20.30947
          ],
          [
            74.15705,
            20.30884
          ],
          [
            74.14818,
            20.30624
          ],
          [
            74.14732,
            20.30597
          ],
          [
            74.1461,
            20.30555
          ],
          [
            74.14599,
            20.30551
          ],
          [
            74.14516,
            20.30522
          ],
          [
            74.14502,
            20.30516
          ],
          [
            74.14401,
            20.30485
          ],
          [
            74.14303,
            20.30459
          ],
          [
            74.14258,
            20.30448
          ],
          [
            74.14076,
            20.30404
          ],
          [
            74.13956,
            20.30375
          ],
          [
            74.13858,
            20.30354
          ],
          [
            74.13802,
            20.30337
          ],
          [
            74.13767,
            20.30323
          ],
          [
            74.13738,
            20.30309
          ],
          [
            74.1371,
            20.30293
          ],
          [
            74.13662,
            20.30261
          ],
          [
            74.13597,
            20.30216
          ],
          [
            74.13415,
            20.30087
          ],
          [
            74.1312,
            20.29884
          ],
          [
            74.12969,
            20.29783
          ],
          [
            74.12797,
            20.29672
          ],
          [
            74.12728,
            20.29625
          ],
          [
            74.12658,
            20.29574
          ],
          [
            74.12605,
            20.29531
          ],
          [
            74.1253,
            20.29473
          ],
          [
            74.12377,
            20.29349
          ],
          [
            74.12061,
            20.29104
          ],
          [
            74.11879,
            20.28961
          ],
          [
            74.11713,
            20.28831
          ],
          [
            74.11667,
            20.28795
          ],
          [
            74.11617,
            20.28761
          ],
          [
            74.11582,
            20.28741
          ],
          [
            74.11345,
            20.28623
          ],
          [
            74.11174,
            20.28539
          ],
          [
            74.11076,
            20.28494
          ],
          [
            74.10871,
            20.28405
          ],
          [
            74.10843,
            20.28393
          ],
          [
            74.10723,
            20.28344
          ],
          [
            74.10626,
            20.28303
          ],
          [
            74.10322,
            20.28181
          ],
          [
            74.10252,
            20.28151
          ],
          [
            74.10183,
            20.28115
          ],
          [
            74.1013,
            20.28077
          ],
          [
            74.10093,
            20.28049
          ],
          [
            74.10067,
            20.28029
          ],
          [
            74.1003,
            20.27999
          ],
          [
            74.09969,
            20.27942
          ],
          [
            74.09733,
            20.27696
          ],
          [
            74.09605,
            20.27554
          ],
          [
            74.09517,
            20.2745
          ],
          [
            74.09237,
            20.27108
          ],
          [
            74.09166,
            20.27018
          ],
          [
            74.09142,
            20.26983
          ],
          [
            74.0911,
            20.26928
          ],
          [
            74.0907,
            20.26856
          ],
          [
            74.0903,
            20.26777
          ],
          [
            74.08986,
            20.26698
          ],
          [
            74.08904,
            20.26541
          ],
          [
            74.08802,
            20.2635
          ],
          [
            74.08757,
            20.26274
          ],
          [
            74.08723,
            20.26232
          ],
          [
            74.08628,
            20.26117
          ],
          [
            74.08585,
            20.26058
          ],
          [
            74.08319,
            20.25623
          ],
          [
            74.08264,
            20.2554
          ],
          [
            74.08049,
            20.25257
          ],
          [
            74.07999,
            20.25195
          ],
          [
            74.07958,
            20.25153
          ],
          [
            74.07814,
            20.25021
          ],
          [
            74.07805,
            20.25013
          ],
          [
            74.07693,
            20.24913
          ],
          [
            74.07667,
            20.24883
          ],
          [
            74.07632,
            20.24827
          ],
          [
            74.07617,
            20.24794
          ],
          [
            74.07597,
            20.24743
          ],
          [
            74.07573,
            20.24687
          ],
          [
            74.07555,
            20.24652
          ],
          [
            74.07518,
            20.24593
          ],
          [
            74.07454,
            20.24503
          ],
          [
            74.07307,
            20.24301
          ],
          [
            74.07226,
            20.24198
          ],
          [
            74.07095,
            20.24041
          ],
          [
            74.07066,
            20.24003
          ],
          [
            74.07043,
            20.23967
          ],
          [
            74.07023,
            20.23928
          ],
          [
            74.06971,
            20.23792
          ],
          [
            74.06944,
            20.23739
          ],
          [
            74.06925,
            20.2371
          ],
          [
            74.06891,
            20.23668
          ],
          [
            74.06749,
            20.23534
          ],
          [
            74.06547,
            20.23337
          ],
          [
            74.06222,
            20.23027
          ],
          [
            74.06007,
            20.22817
          ],
          [
            74.05907,
            20.22724
          ],
          [
            74.05697,
            20.22533
          ],
          [
            74.05603,
            20.22444
          ],
          [
            74.05587,
            20.22428
          ],
          [
            74.05508,
            20.22349
          ],
          [
            74.05322,
            20.22156
          ],
          [
            74.05281,
            20.22118
          ],
          [
            74.05247,
            20.22092
          ],
          [
            74.05199,
            20.22063
          ],
          [
            74.05159,
            20.22044
          ],
          [
            74.04823,
            20.21893
          ],
          [
            74.0468,
            20.21823
          ],
          [
            74.04464,
            20.21695
          ],
          [
            74.04337,
            20.21616
          ],
          [
            74.04205,
            20.21529
          ],
          [
            74.04093,
            20.21452
          ],
          [
            74.03921,
            20.21324
          ],
          [
            74.03861,
            20.21278
          ],
          [
            74.03628,
            20.21109
          ],
          [
            74.03534,
            20.21038
          ],
          [
            74.03417,
            20.20951
          ],
          [
            74.03305,
            20.20865
          ],
          [
            74.02921,
            20.20578
          ],
          [
            74.02576,
            20.20316
          ],
          [
            74.02199,
            20.20034
          ],
          [
            74.01867,
            20.19783
          ],
          [
            74.01695,
            20.19656
          ],
          [
            74.01595,
            20.19589
          ],
          [
            74.01529,
            20.19545
          ],
          [
            74.01382,
            20.19458
          ],
          [
            74.01313,
            20.19415
          ],
          [
            74.01039,
            20.19242
          ],
          [
            74.00978,
            20.19202
          ],
          [
            74.00856,
            20.1912
          ],
          [
            74.00677,
            20.18999
          ],
          [
            74.00511,
            20.18879
          ],
          [
            74.0032,
            20.18747
          ],
          [
            73.99947,
            20.18499
          ],
          [
            73.99896,
            20.18469
          ],
          [
            73.9988,
            20.18458
          ],
          [
            73.99853,
            20.18441
          ],
          [
            73.99778,
            20.18395
          ],
          [
            73.99589,
            20.18287
          ],
          [
            73.9952,
            20.18259
          ],
          [
            73.99477,
            20.18247
          ],
          [
            73.99407,
            20.18236
          ],
          [
            73.99335,
            20.18229
          ],
          [
            73.99236,
            20.18227
          ],
          [
            73.99144,
            20.18212
          ],
          [
            73.99102,
            20.18202
          ],
          [
            73.99054,
            20.18188
          ],
          [
            73.99006,
            20.18169
          ],
          [
            73.98941,
            20.18135
          ],
          [
            73.98882,
            20.18098
          ],
          [
            73.98833,
            20.18058
          ],
          [
            73.98784,
            20.18009
          ],
          [
            73.98754,
            20.17974
          ],
          [
            73.98676,
            20.17843
          ],
          [
            73.98654,
            20.17787
          ],
          [
            73.98645,
            20.17757
          ],
          [
            73.98634,
            20.1771
          ],
          [
            73.98626,
            20.17644
          ],
          [
            73.98625,
            20.17604
          ],
          [
            73.98627,
            20.1757
          ],
          [
            73.98646,
            20.17507
          ],
          [
            73.98688,
            20.17282
          ],
          [
            73.98737,
            20.17035
          ],
          [
            73.98736,
            20.17021
          ],
          [
            73.98731,
            20.17005
          ],
          [
            73.98731,
            20.16991
          ],
          [
            73.98793,
            20.16678
          ],
          [
            73.98809,
            20.16544
          ],
          [
            73.98811,
            20.16462
          ],
          [
            73.98803,
            20.1631
          ],
          [
            73.98785,
            20.16179
          ],
          [
            73.98764,
            20.16099
          ],
          [
            73.98718,
            20.15963
          ],
          [
            73.9867,
            20.15851
          ],
          [
            73.98635,
            20.15786
          ],
          [
            73.98514,
            20.15588
          ],
          [
            73.9845,
            20.15489
          ],
          [
            73.9829,
            20.15216
          ],
          [
            73.98221,
            20.15099
          ],
          [
            73.9807,
            20.14908
          ],
          [
            73.98043,
            20.14873
          ],
          [
            73.98017,
            20.14833
          ],
          [
            73.97973,
            20.14758
          ],
          [
            73.97935,
            20.14671
          ],
          [
            73.97821,
            20.14379
          ],
          [
            73.97788,
            20.14314
          ],
          [
            73.97753,
            20.14251
          ],
          [
            73.97718,
            20.14201
          ],
          [
            73.97631,
            20.14135
          ],
          [
            73.97447,
            20.14086
          ],
          [
            73.97409,
            20.14073
          ],
          [
            73.97368,
            20.14056
          ],
          [
            73.97338,
            20.14046
          ],
          [
            73.97301,
            20.14038
          ],
          [
            73.9724,
            20.14021
          ],
          [
            73.97176,
            20.13997
          ],
          [
            73.97128,
            20.13971
          ],
          [
            73.97096,
            20.13947
          ],
          [
            73.97068,
            20.1392
          ],
          [
            73.97014,
            20.13843
          ],
          [
            73.96762,
            20.13411
          ],
          [
            73.96555,
            20.13031
          ],
          [
            73.96518,
            20.12973
          ],
          [
            73.96486,
            20.1293
          ],
          [
            73.96243,
            20.12652
          ],
          [
            73.96089,
            20.1248
          ],
          [
            73.95369,
            20.11722
          ],
          [
            73.95364,
            20.11716
          ],
          [
            73.95352,
            20.11703
          ],
          [
            73.94645,
            20.10955
          ],
          [
            73.94408,
            20.10711
          ],
          [
            73.94374,
            20.10678
          ],
          [
            73.94331,
            20.10645
          ],
          [
            73.94257,
            20.10604
          ],
          [
            73.94182,
            20.10572
          ],
          [
            73.93735,
            20.1038
          ],
          [
            73.9318,
            20.10146
          ],
          [
            73.92972,
            20.10054
          ],
          [
            73.92939,
            20.10033
          ],
          [
            73.92889,
            20.09995
          ],
          [
            73.92849,
            20.09956
          ],
          [
            73.92697,
            20.09785
          ],
          [
            73.92523,
            20.09583
          ],
          [
            73.92477,
            20.09528
          ],
          [
            73.92451,
            20.09494
          ],
          [
            73.92434,
            20.0947
          ],
          [
            73.92425,
            20.0945
          ],
          [
            73.92414,
            20.09422
          ],
          [
            73.92403,
            20.09387
          ],
          [
            73.92397,
            20.09358
          ],
          [
            73.92391,
            20.09315
          ],
          [
            73.9239,
            20.09289
          ],
          [
            73.92383,
            20.09231
          ],
          [
            73.92373,
            20.09173
          ],
          [
            73.92354,
            20.09032
          ],
          [
            73.92345,
            20.08986
          ],
          [
            73.92331,
            20.08945
          ],
          [
            73.92302,
            20.08881
          ],
          [
            73.92281,
            20.0885
          ],
          [
            73.92245,
            20.088
          ],
          [
            73.92202,
            20.08757
          ],
          [
            73.92163,
            20.08721
          ],
          [
            73.91657,
            20.0823
          ],
          [
            73.91512,
            20.08085
          ],
          [
            73.91236,
            20.07812
          ],
          [
            73.91127,
            20.07715
          ],
          [
            73.91026,
            20.07636
          ],
          [
            73.90927,
            20.07564
          ],
          [
            73.90681,
            20.07404
          ],
          [
            73.90499,
            20.07283
          ],
          [
            73.90411,
            20.07221
          ],
          [
            73.90406,
            20.07218
          ],
          [
            73.90366,
            20.07193
          ],
          [
            73.90002,
            20.06946
          ],
          [
            73.89898,
            20.06874
          ],
          [
            73.89732,
            20.06749
          ],
          [
            73.89441,
            20.06536
          ],
          [
            73.89306,
            20.06419
          ],
          [
            73.89118,
            20.06241
          ],
          [
            73.89021,
            20.06146
          ],
          [
            73.88963,
            20.06089
          ],
          [
            73.88766,
            20.05874
          ],
          [
            73.88635,
            20.0575
          ],
          [
            73.88569,
            20.05683
          ],
          [
            73.88442,
            20.05547
          ],
          [
            73.88243,
            20.05326
          ],
          [
            73.88103,
            20.05157
          ],
          [
            73.88038,
            20.05085
          ],
          [
            73.87948,
            20.04997
          ],
          [
            73.87891,
            20.04946
          ],
          [
            73.87812,
            20.04864
          ],
          [
            73.87598,
            20.04617
          ],
          [
            73.87413,
            20.04427
          ],
          [
            73.87098,
            20.0409
          ],
          [
            73.87047,
            20.04038
          ],
          [
            73.8699,
            20.03985
          ],
          [
            73.86925,
            20.03939
          ],
          [
            73.86845,
            20.03889
          ],
          [
            73.86799,
            20.03859
          ],
          [
            73.86666,
            20.03773
          ],
          [
            73.86642,
            20.03758
          ],
          [
            73.86599,
            20.03731
          ],
          [
            73.86502,
            20.0367
          ],
          [
            73.86325,
            20.03553
          ],
          [
            73.86268,
            20.03512
          ],
          [
            73.86119,
            20.03407
          ],
          [
            73.86046,
            20.03359
          ],
          [
            73.85833,
            20.03204
          ],
          [
            73.85729,
            20.03131
          ],
          [
            73.85661,
            20.03082
          ],
          [
            73.85572,
            20.03028
          ],
          [
            73.85507,
            20.03001
          ],
          [
            73.85227,
            20.02902
          ],
          [
            73.8515,
            20.02876
          ],
          [
            73.85057,
            20.02843
          ],
          [
            73.84999,
            20.02825
          ],
          [
            73.8495,
            20.02811
          ],
          [
            73.84856,
            20.02781
          ],
          [
            73.84802,
            20.02764
          ],
          [
            73.84448,
            20.02652
          ],
          [
            73.84364,
            20.02622
          ],
          [
            73.84291,
            20.02593
          ],
          [
            73.84203,
            20.02554
          ],
          [
            73.84123,
            20.02513
          ],
          [
            73.8407,
            20.02483
          ],
          [
            73.83856,
            20.02354
          ],
          [
            73.83407,
            20.02083
          ],
          [
            73.83142,
            20.01926
          ],
          [
            73.83042,
            20.01872
          ],
          [
            73.8272,
            20.01719
          ],
          [
            73.82613,
            20.0167
          ],
          [
            73.82524,
            20.01633
          ],
          [
            73.82428,
            20.01597
          ],
          [
            73.82309,
            20.01556
          ],
          [
            73.82138,
            20.01502
          ],
          [
            73.81851,
            20.01413
          ],
          [
            73.81797,
            20.01396
          ],
          [
            73.81736,
            20.01374
          ],
          [
            73.81628,
            20.01331
          ],
          [
            73.8149,
            20.0127
          ],
          [
            73.81312,
            20.01189
          ],
          [
            73.81208,
            20.01147
          ],
          [
            73.80846,
            20.01025
          ],
          [
            73.80788,
            20.01004
          ],
          [
            73.80723,
            20.00975
          ],
          [
            73.80659,
            20.0094
          ],
          [
            73.80623,
            20.00916
          ],
          [
            73.80584,
            20.00887
          ],
          [
            73.80546,
            20.00855
          ],
          [
            73.805,
            20.00809
          ],
          [
            73.80466,
            20.00768
          ],
          [
            73.80432,
            20.00722
          ],
          [
            73.80405,
            20.00683
          ],
          [
            73.80389,
            20.00652
          ],
          [
            73.80376,
            20.00625
          ],
          [
            73.80352,
            20.00567
          ],
          [
            73.80333,
            20.00509
          ],
          [
            73.80323,
            20.00462
          ],
          [
            73.80315,
            20.00406
          ],
          [
            73.80314,
            20.00335
          ],
          [
            73.80317,
            20.0024
          ],
          [
            73.80326,
            20.00086
          ],
          [
            73.8033,
            20.00021
          ],
          [
            73.80326,
            19.99968
          ],
          [
            73.80318,
            19.99925
          ],
          [
            73.8031,
            19.99892
          ],
          [
            73.80294,
            19.99847
          ],
          [
            73.80278,
            19.99812
          ],
          [
            73.80253,
            19.9977
          ],
          [
            73.80226,
            19.99731
          ],
          [
            73.80185,
            19.99686
          ],
          [
            73.80141,
            19.99647
          ],
          [
            73.80109,
            19.99623
          ],
          [
            73.80004,
            19.99563
          ],
          [
            73.79709,
            19.99407
          ],
          [
            73.79584,
            19.99339
          ],
          [
            73.79488,
            19.99291
          ],
          [
            73.79333,
            19.99201
          ],
          [
            73.78883,
            19.98967
          ],
          [
            73.7864,
            19.98837
          ],
          [
            73.78575,
            19.98799
          ],
          [
            73.78558,
            19.98787
          ],
          [
            73.7854,
            19.98774
          ],
          [
            73.78492,
            19.9873
          ],
          [
            73.78468,
            19.98704
          ],
          [
            73.78447,
            19.98678
          ],
          [
            73.78376,
            19.98561
          ],
          [
            73.78331,
            19.98481
          ],
          [
            73.78312,
            19.98442
          ],
          [
            73.78253,
            19.98311
          ],
          [
            73.7823,
            19.98269
          ],
          [
            73.78199,
            19.98219
          ],
          [
            73.78158,
            19.98162
          ],
          [
            73.7787,
            19.97812
          ],
          [
            73.77859,
            19.97799
          ],
          [
            73.77847,
            19.97784
          ],
          [
            73.77793,
            19.97721
          ],
          [
            73.77706,
            19.97622
          ],
          [
            73.77553,
            19.97449
          ],
          [
            73.77469,
            19.97354
          ],
          [
            73.77368,
            19.97245
          ],
          [
            73.7729,
            19.97181
          ],
          [
            73.77162,
            19.97075
          ],
          [
            73.77129,
            19.97039
          ],
          [
            73.77059,
            19.9696
          ],
          [
            73.77035,
            19.96931
          ],
          [
            73.76787,
            19.96621
          ],
          [
            73.76764,
            19.96593
          ],
          [
            73.7668,
            19.9649
          ],
          [
            73.76583,
            19.96377
          ],
          [
            73.76572,
            19.96364
          ],
          [
            73.7647,
            19.96243
          ],
          [
            73.76442,
            19.96212
          ],
          [
            73.76401,
            19.96164
          ],
          [
            73.7635,
            19.96115
          ],
          [
            73.76281,
            19.96056
          ],
          [
            73.76236,
            19.96015
          ],
          [
            73.76058,
            19.95866
          ],
          [
            73.75864,
            19.95704
          ],
          [
            73.75761,
            19.95613
          ],
          [
            73.75686,
            19.95545
          ],
          [
            73.75624,
            19.95481
          ],
          [
            73.75531,
            19.95379
          ],
          [
            73.75506,
            19.95352
          ],
          [
            73.75439,
            19.95274
          ],
          [
            73.7538,
            19.95217
          ],
          [
            73.75231,
            19.95091
          ],
          [
            73.75048,
            19.94947
          ],
          [
            73.7494,
            19.94864
          ],
          [
            73.74875,
            19.94809
          ],
          [
            73.74795,
            19.94736
          ],
          [
            73.7465,
            19.94607
          ],
          [
            73.74527,
            19.94487
          ],
          [
            73.74456,
            19.94409
          ],
          [
            73.74417,
            19.94375
          ],
          [
            73.74411,
            19.94369
          ],
          [
            73.74364,
            19.94326
          ],
          [
            73.74313,
            19.94284
          ],
          [
            73.74167,
            19.94194
          ],
          [
            73.74097,
            19.94142
          ],
          [
            73.74035,
            19.94087
          ],
          [
            73.73935,
            19.93987
          ],
          [
            73.73831,
            19.93876
          ],
          [
            73.73806,
            19.9385
          ],
          [
            73.73633,
            19.93694
          ],
          [
            73.73609,
            19.93676
          ],
          [
            73.73562,
            19.93641
          ],
          [
            73.7351,
            19.93615
          ],
          [
            73.7345,
            19.93591
          ],
          [
            73.73293,
            19.93543
          ],
          [
            73.73226,
            19.93518
          ],
          [
            73.73115,
            19.93463
          ],
          [
            73.72982,
            19.93396
          ],
          [
            73.72951,
            19.9338
          ],
          [
            73.72866,
            19.93342
          ],
          [
            73.72821,
            19.93326
          ],
          [
            73.72715,
            19.93281
          ],
          [
            73.72542,
            19.93222
          ],
          [
            73.72457,
            19.93189
          ],
          [
            73.72405,
            19.93161
          ],
          [
            73.72374,
            19.93141
          ],
          [
            73.72296,
            19.93077
          ],
          [
            73.72237,
            19.93036
          ],
          [
            73.72206,
            19.93014
          ],
          [
            73.72106,
            19.92931
          ],
          [
            73.72019,
            19.92861
          ],
          [
            73.71897,
            19.92762
          ],
          [
            73.71826,
            19.927
          ],
          [
            73.71793,
            19.92666
          ],
          [
            73.71763,
            19.92629
          ],
          [
            73.71703,
            19.92533
          ],
          [
            73.71697,
            19.92523
          ],
          [
            73.71569,
            19.92291
          ],
          [
            73.71499,
            19.92179
          ],
          [
            73.71443,
            19.92082
          ],
          [
            73.71367,
            19.91949
          ],
          [
            73.7131,
            19.91846
          ],
          [
            73.71254,
            19.91757
          ],
          [
            73.71206,
            19.91688
          ],
          [
            73.71117,
            19.91598
          ],
          [
            73.71022,
            19.9151
          ],
          [
            73.70944,
            19.91434
          ],
          [
            73.70896,
            19.91381
          ],
          [
            73.70832,
            19.91309
          ],
          [
            73.70721,
            19.91206
          ],
          [
            73.70708,
            19.91196
          ],
          [
            73.70462,
            19.91006
          ],
          [
            73.70407,
            19.90962
          ],
          [
            73.70363,
            19.90914
          ],
          [
            73.70324,
            19.90866
          ],
          [
            73.70251,
            19.90765
          ],
          [
            73.70189,
            19.90684
          ],
          [
            73.70116,
            19.90571
          ],
          [
            73.70075,
            19.90503
          ],
          [
            73.70038,
            19.90448
          ],
          [
            73.70016,
            19.90412
          ],
          [
            73.69974,
            19.90327
          ],
          [
            73.69934,
            19.9023
          ],
          [
            73.69845,
            19.89978
          ],
          [
            73.69812,
            19.89893
          ],
          [
            73.69792,
            19.89832
          ],
          [
            73.69664,
            19.89472
          ],
          [
            73.69558,
            19.89157
          ],
          [
            73.69499,
            19.88976
          ],
          [
            73.69414,
            19.88723
          ],
          [
            73.69378,
            19.88595
          ],
          [
            73.69349,
            19.88489
          ],
          [
            73.69258,
            19.88146
          ],
          [
            73.69167,
            19.87798
          ],
          [
            73.69138,
            19.87709
          ],
          [
            73.69108,
            19.87643
          ],
          [
            73.6903,
            19.87508
          ],
          [
            73.69,
            19.87451
          ],
          [
            73.68974,
            19.87372
          ],
          [
            73.68811,
            19.86749
          ],
          [
            73.68786,
            19.86692
          ],
          [
            73.68737,
            19.866
          ],
          [
            73.68453,
            19.86204
          ],
          [
            73.68384,
            19.8611
          ],
          [
            73.68324,
            19.86021
          ],
          [
            73.68301,
            19.85976
          ],
          [
            73.68279,
            19.85927
          ],
          [
            73.6819,
            19.85718
          ],
          [
            73.68119,
            19.85578
          ],
          [
            73.68072,
            19.85495
          ],
          [
            73.68002,
            19.85364
          ],
          [
            73.67987,
            19.85321
          ],
          [
            73.67979,
            19.85297
          ],
          [
            73.67973,
            19.85264
          ],
          [
            73.67971,
            19.85237
          ],
          [
            73.67972,
            19.85207
          ],
          [
            73.67983,
            19.85153
          ],
          [
            73.67998,
            19.85108
          ],
          [
            73.68022,
            19.85062
          ],
          [
            73.68107,
            19.84934
          ],
          [
            73.68138,
            19.84879
          ],
          [
            73.6815,
            19.84851
          ],
          [
            73.68162,
            19.84814
          ],
          [
            73.68174,
            19.84762
          ],
          [
            73.68179,
            19.84732
          ],
          [
            73.68182,
            19.84694
          ],
          [
            73.68182,
            19.84652
          ],
          [
            73.6818,
            19.84616
          ],
          [
            73.68175,
            19.84583
          ],
          [
            73.6817,
            19.84551
          ],
          [
            73.68162,
            19.84519
          ],
          [
            73.68143,
            19.84458
          ],
          [
            73.68109,
            19.84384
          ],
          [
            73.68077,
            19.84329
          ],
          [
            73.68038,
            19.84279
          ],
          [
            73.67968,
            19.84207
          ],
          [
            73.67863,
            19.84105
          ],
          [
            73.67817,
            19.84059
          ],
          [
            73.67776,
            19.84012
          ],
          [
            73.67751,
            19.83982
          ],
          [
            73.67734,
            19.83951
          ],
          [
            73.67717,
            19.8391
          ],
          [
            73.67706,
            19.83864
          ],
          [
            73.67694,
            19.83793
          ],
          [
            73.67687,
            19.83732
          ],
          [
            73.67677,
            19.83676
          ],
          [
            73.6762,
            19.83434
          ],
          [
            73.67604,
            19.83344
          ],
          [
            73.6756,
            19.83089
          ],
          [
            73.67528,
            19.82956
          ],
          [
            73.67517,
            19.82921
          ],
          [
            73.67493,
            19.82848
          ],
          [
            73.67431,
            19.82671
          ],
          [
            73.67404,
            19.8261
          ],
          [
            73.67392,
            19.82584
          ],
          [
            73.67283,
            19.82359
          ],
          [
            73.67245,
            19.82298
          ],
          [
            73.67202,
            19.82243
          ],
          [
            73.67112,
            19.82136
          ],
          [
            73.67072,
            19.8208
          ],
          [
            73.67028,
            19.82001
          ],
          [
            73.67008,
            19.81956
          ],
          [
            73.66969,
            19.81875
          ],
          [
            73.66938,
            19.81813
          ],
          [
            73.66923,
            19.81757
          ],
          [
            73.66911,
            19.8169
          ],
          [
            73.66912,
            19.81564
          ],
          [
            73.6693,
            19.81483
          ],
          [
            73.66951,
            19.81405
          ],
          [
            73.66972,
            19.81343
          ],
          [
            73.6699,
            19.81263
          ],
          [
            73.67005,
            19.81161
          ],
          [
            73.67029,
            19.80839
          ],
          [
            73.67049,
            19.8066
          ],
          [
            73.67077,
            19.80483
          ],
          [
            73.67107,
            19.80252
          ],
          [
            73.67115,
            19.80189
          ],
          [
            73.67144,
            19.79996
          ],
          [
            73.67154,
            19.79922
          ],
          [
            73.67177,
            19.7976
          ],
          [
            73.67181,
            19.79703
          ],
          [
            73.67174,
            19.79591
          ],
          [
            73.67162,
            19.79521
          ],
          [
            73.67141,
            19.79426
          ],
          [
            73.67118,
            19.79352
          ],
          [
            73.66982,
            19.7907
          ],
          [
            73.66895,
            19.7888
          ],
          [
            73.66771,
            19.78619
          ],
          [
            73.66696,
            19.78462
          ],
          [
            73.66646,
            19.78362
          ],
          [
            73.6656,
            19.78172
          ],
          [
            73.66464,
            19.77973
          ],
          [
            73.66363,
            19.77753
          ],
          [
            73.66324,
            19.77675
          ],
          [
            73.66284,
            19.77612
          ],
          [
            73.66219,
            19.77515
          ],
          [
            73.66159,
            19.77422
          ],
          [
            73.66039,
            19.77227
          ],
          [
            73.65958,
            19.77108
          ],
          [
            73.65926,
            19.77061
          ],
          [
            73.65883,
            19.77003
          ],
          [
            73.65845,
            19.76956
          ],
          [
            73.65703,
            19.76777
          ],
          [
            73.65576,
            19.7661
          ],
          [
            73.6551,
            19.76531
          ],
          [
            73.65348,
            19.76318
          ],
          [
            73.65326,
            19.76286
          ],
          [
            73.6527,
            19.76193
          ],
          [
            73.65249,
            19.76164
          ],
          [
            73.65209,
            19.76118
          ],
          [
            73.65179,
            19.7609
          ],
          [
            73.65146,
            19.76062
          ],
          [
            73.65073,
            19.76005
          ],
          [
            73.65041,
            19.75969
          ],
          [
            73.64878,
            19.75774
          ],
          [
            73.64765,
            19.75637
          ],
          [
            73.64689,
            19.75532
          ],
          [
            73.64637,
            19.75468
          ],
          [
            73.64556,
            19.75377
          ],
          [
            73.64475,
            19.75285
          ],
          [
            73.64459,
            19.75266
          ],
          [
            73.64402,
            19.75201
          ],
          [
            73.64387,
            19.7518
          ],
          [
            73.64371,
            19.75154
          ],
          [
            73.64361,
            19.75128
          ],
          [
            73.64352,
            19.75102
          ],
          [
            73.64338,
            19.75024
          ],
          [
            73.64315,
            19.74854
          ],
          [
            73.6431,
            19.74828
          ],
          [
            73.643,
            19.74803
          ],
          [
            73.64292,
            19.74789
          ],
          [
            73.64281,
            19.74774
          ],
          [
            73.64262,
            19.74754
          ],
          [
            73.6424,
            19.74738
          ],
          [
            73.642,
            19.74717
          ],
          [
            73.64147,
            19.74687
          ],
          [
            73.6413,
            19.74675
          ],
          [
            73.64112,
            19.74658
          ],
          [
            73.6409,
            19.74634
          ],
          [
            73.64072,
            19.74607
          ],
          [
            73.64056,
            19.74576
          ],
          [
            73.6404,
            19.74518
          ],
          [
            73.64038,
            19.74484
          ],
          [
            73.64047,
            19.74322
          ],
          [
            73.64054,
            19.74234
          ],
          [
            73.64058,
            19.74169
          ],
          [
            73.64056,
            19.74152
          ],
          [
            73.6405,
            19.74122
          ],
          [
            73.64037,
            19.74095
          ],
          [
            73.64025,
            19.74073
          ],
          [
            73.64007,
            19.74052
          ],
          [
            73.63988,
            19.74035
          ],
          [
            73.63969,
            19.74021
          ],
          [
            73.63951,
            19.74012
          ],
          [
            73.6389,
            19.73988
          ],
          [
            73.6386,
            19.73975
          ],
          [
            73.63834,
            19.73961
          ],
          [
            73.63786,
            19.73924
          ],
          [
            73.63761,
            19.73901
          ],
          [
            73.63736,
            19.7387
          ],
          [
            73.63711,
            19.73834
          ],
          [
            73.63626,
            19.7371
          ],
          [
            73.63577,
            19.73644
          ],
          [
            73.63537,
            19.73584
          ],
          [
            73.63523,
            19.73562
          ],
          [
            73.63516,
            19.73541
          ],
          [
            73.63509,
            19.73519
          ],
          [
            73.63498,
            19.73467
          ],
          [
            73.6349,
            19.73403
          ],
          [
            73.63475,
            19.73311
          ],
          [
            73.63444,
            19.73209
          ],
          [
            73.63428,
            19.73164
          ],
          [
            73.63396,
            19.73089
          ],
          [
            73.63357,
            19.73012
          ],
          [
            73.63253,
            19.72786
          ],
          [
            73.63243,
            19.72761
          ],
          [
            73.6316,
            19.72584
          ],
          [
            73.63102,
            19.7249
          ],
          [
            73.63066,
            19.72447
          ],
          [
            73.63026,
            19.72406
          ],
          [
            73.62906,
            19.72277
          ],
          [
            73.62883,
            19.72251
          ],
          [
            73.62696,
            19.72053
          ],
          [
            73.62592,
            19.71941
          ],
          [
            73.62503,
            19.71841
          ],
          [
            73.62455,
            19.71792
          ],
          [
            73.62405,
            19.71743
          ],
          [
            73.62352,
            19.71685
          ],
          [
            73.62247,
            19.71579
          ],
          [
            73.6222,
            19.71553
          ],
          [
            73.62187,
            19.71522
          ],
          [
            73.62129,
            19.71463
          ],
          [
            73.61913,
            19.71254
          ],
          [
            73.61846,
            19.71188
          ],
          [
            73.61737,
            19.71081
          ],
          [
            73.61702,
            19.71051
          ],
          [
            73.6148,
            19.70879
          ],
          [
            73.61275,
            19.70723
          ],
          [
            73.61204,
            19.70684
          ],
          [
            73.61142,
            19.70653
          ],
          [
            73.6107,
            19.70614
          ],
          [
            73.61012,
            19.70576
          ],
          [
            73.60959,
            19.70524
          ],
          [
            73.60939,
            19.705
          ],
          [
            73.60918,
            19.70471
          ],
          [
            73.60852,
            19.70374
          ],
          [
            73.60796,
            19.70295
          ],
          [
            73.60738,
            19.70226
          ],
          [
            73.60709,
            19.702
          ],
          [
            73.60682,
            19.70177
          ],
          [
            73.60646,
            19.70151
          ],
          [
            73.60607,
            19.70128
          ],
          [
            73.60552,
            19.701
          ],
          [
            73.60293,
            19.69991
          ],
          [
            73.60231,
            19.69965
          ],
          [
            73.60197,
            19.69951
          ],
          [
            73.60156,
            19.69931
          ],
          [
            73.59687,
            19.69677
          ],
          [
            73.59617,
            19.69641
          ],
          [
            73.59572,
            19.69623
          ],
          [
            73.59531,
            19.69608
          ],
          [
            73.595,
            19.69599
          ],
          [
            73.59315,
            19.69546
          ],
          [
            73.59232,
            19.69521
          ],
          [
            73.59197,
            19.69508
          ],
          [
            73.59163,
            19.69493
          ],
          [
            73.59103,
            19.6946
          ],
          [
            73.59081,
            19.69445
          ],
          [
            73.59033,
            19.69412
          ],
          [
            73.59005,
            19.6939
          ],
          [
            73.58965,
            19.69352
          ],
          [
            73.58946,
            19.69332
          ],
          [
            73.58918,
            19.69297
          ],
          [
            73.58894,
            19.69263
          ],
          [
            73.58872,
            19.69229
          ],
          [
            73.5885,
            19.69187
          ],
          [
            73.5883,
            19.69146
          ],
          [
            73.58804,
            19.69089
          ],
          [
            73.58791,
            19.69065
          ],
          [
            73.58751,
            19.69005
          ],
          [
            73.58722,
            19.68969
          ],
          [
            73.58651,
            19.68894
          ],
          [
            73.58616,
            19.68863
          ],
          [
            73.58587,
            19.68841
          ],
          [
            73.58556,
            19.68819
          ],
          [
            73.585,
            19.68788
          ],
          [
            73.58454,
            19.68768
          ],
          [
            73.58413,
            19.68754
          ],
          [
            73.58336,
            19.68735
          ],
          [
            73.57985,
            19.68682
          ],
          [
            73.57918,
            19.68668
          ],
          [
            73.57904,
            19.68655
          ],
          [
            73.57895,
            19.68652
          ],
          [
            73.57521,
            19.68594
          ],
          [
            73.57538,
            19.68567
          ],
          [
            73.57599,
            19.68479
          ],
          [
            73.57611,
            19.68454
          ],
          [
            73.57646,
            19.68358
          ],
          [
            73.57653,
            19.68339
          ],
          [
            73.57667,
            19.68311
          ],
          [
            73.57742,
            19.68184
          ],
          [
            73.57761,
            19.68143
          ],
          [
            73.57776,
            19.68081
          ],
          [
            73.57809,
            19.68005
          ],
          [
            73.57845,
            19.67929
          ],
          [
            73.57851,
            19.67921
          ],
          [
            73.57856,
            19.6792
          ],
          [
            73.57862,
            19.67918
          ],
          [
            73.57865,
            19.67915
          ],
          [
            73.57868,
            19.67906
          ],
          [
            73.57867,
            19.67902
          ],
          [
            73.57879,
            19.67893
          ],
          [
            73.57886,
            19.67881
          ],
          [
            73.5789,
            19.67868
          ],
          [
            73.57892,
            19.67849
          ],
          [
            73.57891,
            19.67829
          ],
          [
            73.57882,
            19.67811
          ],
          [
            73.57857,
            19.67783
          ],
          [
            73.57821,
            19.67749
          ],
          [
            73.57795,
            19.67718
          ],
          [
            73.57768,
            19.67677
          ],
          [
            73.57726,
            19.67601
          ],
          [
            73.57572,
            19.67332
          ],
          [
            73.57561,
            19.67305
          ],
          [
            73.57556,
            19.67284
          ],
          [
            73.57552,
            19.67192
          ],
          [
            73.57539,
            19.67165
          ],
          [
            73.57519,
            19.67143
          ],
          [
            73.57498,
            19.67131
          ],
          [
            73.57477,
            19.67127
          ],
          [
            73.57448,
            19.67125
          ],
          [
            73.57398,
            19.67133
          ],
          [
            73.57353,
            19.67142
          ],
          [
            73.57329,
            19.67139
          ],
          [
            73.57298,
            19.67125
          ],
          [
            73.57196,
            19.67067
          ],
          [
            73.56824,
            19.66889
          ],
          [
            73.56639,
            19.66799
          ],
          [
            73.56238,
            19.66602
          ],
          [
            73.56142,
            19.66548
          ],
          [
            73.56048,
            19.66496
          ],
          [
            73.55856,
            19.66329
          ],
          [
            73.55782,
            19.66237
          ],
          [
            73.55699,
            19.66081
          ],
          [
            73.55651,
            19.6595
          ],
          [
            73.5563,
            19.65826
          ],
          [
            73.55643,
            19.65721
          ],
          [
            73.55657,
            19.65625
          ],
          [
            73.55666,
            19.65482
          ],
          [
            73.55665,
            19.65346
          ],
          [
            73.55667,
            19.65084
          ],
          [
            73.55747,
            19.64218
          ],
          [
            73.55823,
            19.63928
          ],
          [
            73.56247,
            19.62821
          ],
          [
            73.56292,
            19.62628
          ],
          [
            73.56296,
            19.62503
          ],
          [
            73.56242,
            19.62301
          ],
          [
            73.56173,
            19.62146
          ],
          [
            73.56042,
            19.61926
          ],
          [
            73.55735,
            19.61398
          ],
          [
            73.55624,
            19.61244
          ],
          [
            73.555,
            19.6111
          ],
          [
            73.5542,
            19.61042
          ],
          [
            73.55304,
            19.60946
          ],
          [
            73.54685,
            19.60401
          ],
          [
            73.54452,
            19.60218
          ],
          [
            73.54354,
            19.60148
          ],
          [
            73.5429,
            19.60092
          ],
          [
            73.5413,
            19.59997
          ],
          [
            73.53964,
            19.59938
          ],
          [
            73.53806,
            19.59908
          ],
          [
            73.53654,
            19.59902
          ],
          [
            73.53518,
            19.59912
          ],
          [
            73.53312,
            19.5994
          ],
          [
            73.52896,
            19.60017
          ],
          [
            73.52624,
            19.60066
          ],
          [
            73.52204,
            19.60146
          ],
          [
            73.51516,
            19.60279
          ],
          [
            73.51049,
            19.60369
          ],
          [
            73.50388,
            19.60496
          ],
          [
            73.49697,
            19.60632
          ],
          [
            73.49499,
            19.60678
          ],
          [
            73.49202,
            19.60769
          ],
          [
            73.48965,
            19.60874
          ],
          [
            73.48787,
            19.60956
          ],
          [
            73.48687,
            19.61008
          ],
          [
            73.48587,
            19.61081
          ],
          [
            73.48332,
            19.61244
          ],
          [
            73.47879,
            19.61561
          ],
          [
            73.47502,
            19.61822
          ],
          [
            73.47367,
            19.61909
          ],
          [
            73.47199,
            19.61982
          ],
          [
            73.47072,
            19.62024
          ],
          [
            73.46924,
            19.62061
          ],
          [
            73.46813,
            19.62081
          ],
          [
            73.4673,
            19.62084
          ],
          [
            73.46548,
            19.62089
          ],
          [
            73.46447,
            19.62095
          ],
          [
            73.46294,
            19.62084
          ],
          [
            73.46161,
            19.62072
          ],
          [
            73.45314,
            19.61957
          ],
          [
            73.44964,
            19.61916
          ],
          [
            73.43902,
            19.61778
          ],
          [
            73.43759,
            19.61763
          ],
          [
            73.43582,
            19.61737
          ],
          [
            73.43258,
            19.61702
          ],
          [
            73.43185,
            19.61696
          ],
          [
            73.42871,
            19.61622
          ],
          [
            73.42763,
            19.61578
          ],
          [
            73.4254,
            19.61495
          ],
          [
            73.424,
            19.6145
          ],
          [
            73.42265,
            19.61388
          ],
          [
            73.42048,
            19.61283
          ],
          [
            73.41925,
            19.61218
          ],
          [
            73.41305,
            19.60905
          ],
          [
            73.41169,
            19.60818
          ],
          [
            73.41117,
            19.60798
          ],
          [
            73.41035,
            19.60758
          ],
          [
            73.40926,
            19.60682
          ],
          [
            73.4073,
            19.60498
          ],
          [
            73.40624,
            19.60392
          ],
          [
            73.40482,
            19.60183
          ],
          [
            73.40431,
            19.60092
          ],
          [
            73.40381,
            19.59978
          ],
          [
            73.40325,
            19.59772
          ],
          [
            73.40301,
            19.5963
          ],
          [
            73.40286,
            19.59455
          ],
          [
            73.40292,
            19.59307
          ],
          [
            73.40304,
            19.59215
          ],
          [
            73.40342,
            19.59032
          ],
          [
            73.40402,
            19.58806
          ],
          [
            73.40432,
            19.5867
          ],
          [
            73.40442,
            19.58626
          ],
          [
            73.40479,
            19.58477
          ],
          [
            73.40514,
            19.58335
          ],
          [
            73.40546,
            19.58178
          ],
          [
            73.40556,
            19.5805
          ],
          [
            73.40551,
            19.57957
          ],
          [
            73.40515,
            19.57794
          ],
          [
            73.40477,
            19.57689
          ],
          [
            73.40438,
            19.57611
          ],
          [
            73.40399,
            19.5754
          ],
          [
            73.40311,
            19.57436
          ],
          [
            73.4022,
            19.57345
          ],
          [
            73.39796,
            19.56985
          ],
          [
            73.39668,
            19.5688
          ],
          [
            73.39554,
            19.56785
          ],
          [
            73.39448,
            19.56685
          ],
          [
            73.39374,
            19.56621
          ],
          [
            73.39245,
            19.5654
          ],
          [
            73.39085,
            19.56411
          ],
          [
            73.3902,
            19.56356
          ],
          [
            73.38981,
            19.56329
          ],
          [
            73.38944,
            19.56309
          ],
          [
            73.38865,
            19.56273
          ],
          [
            73.3874,
            19.56196
          ],
          [
            73.38702,
            19.56168
          ],
          [
            73.38689,
            19.56157
          ],
          [
            73.38553,
            19.5606
          ],
          [
            73.38514,
            19.56027
          ],
          [
            73.38464,
            19.55996
          ],
          [
            73.38398,
            19.55959
          ],
          [
            73.38202,
            19.55839
          ],
          [
            73.38036,
            19.55733
          ],
          [
            73.37967,
            19.55687
          ],
          [
            73.37883,
            19.55634
          ],
          [
            73.37658,
            19.55486
          ],
          [
            73.37542,
            19.55415
          ],
          [
            73.37488,
            19.5537
          ],
          [
            73.37443,
            19.5533
          ],
          [
            73.37389,
            19.55273
          ],
          [
            73.37319,
            19.55178
          ],
          [
            73.37259,
            19.55086
          ],
          [
            73.37152,
            19.54902
          ],
          [
            73.37041,
            19.54709
          ],
          [
            73.36937,
            19.5454
          ],
          [
            73.36899,
            19.54468
          ],
          [
            73.36821,
            19.5434
          ],
          [
            73.36791,
            19.54277
          ],
          [
            73.36768,
            19.54211
          ],
          [
            73.36748,
            19.54139
          ],
          [
            73.3673,
            19.54046
          ],
          [
            73.36658,
            19.53335
          ],
          [
            73.36637,
            19.53108
          ],
          [
            73.36631,
            19.53011
          ],
          [
            73.3663,
            19.5295
          ],
          [
            73.36638,
            19.52821
          ],
          [
            73.36657,
            19.52683
          ],
          [
            73.36686,
            19.52521
          ],
          [
            73.36738,
            19.52243
          ],
          [
            73.368,
            19.51924
          ],
          [
            73.36886,
            19.51459
          ],
          [
            73.36935,
            19.51282
          ],
          [
            73.36985,
            19.51024
          ],
          [
            73.37047,
            19.50853
          ],
          [
            73.37115,
            19.50701
          ],
          [
            73.37179,
            19.50603
          ],
          [
            73.37299,
            19.50436
          ],
          [
            73.37909,
            19.49679
          ],
          [
            73.38056,
            19.4948
          ],
          [
            73.383,
            19.49176
          ],
          [
            73.38454,
            19.48975
          ],
          [
            73.38512,
            19.48897
          ],
          [
            73.38651,
            19.48691
          ],
          [
            73.38778,
            19.48516
          ],
          [
            73.38944,
            19.48279
          ],
          [
            73.39015,
            19.48188
          ],
          [
            73.39061,
            19.48107
          ],
          [
            73.391,
            19.48031
          ],
          [
            73.39161,
            19.47848
          ],
          [
            73.39182,
            19.47752
          ],
          [
            73.39188,
            19.47671
          ],
          [
            73.39182,
            19.47517
          ],
          [
            73.39172,
            19.47399
          ],
          [
            73.39169,
            19.473
          ],
          [
            73.39164,
            19.47209
          ],
          [
            73.39165,
            19.47127
          ],
          [
            73.39179,
            19.47019
          ],
          [
            73.39211,
            19.46858
          ],
          [
            73.39234,
            19.46754
          ],
          [
            73.39247,
            19.46664
          ],
          [
            73.39256,
            19.46558
          ],
          [
            73.39262,
            19.46452
          ],
          [
            73.39252,
            19.46324
          ],
          [
            73.3923,
            19.46192
          ],
          [
            73.39178,
            19.46004
          ],
          [
            73.39113,
            19.45865
          ],
          [
            73.39085,
            19.4581
          ],
          [
            73.38919,
            19.4559
          ],
          [
            73.3887,
            19.45517
          ],
          [
            73.38759,
            19.45417
          ],
          [
            73.38655,
            19.45336
          ],
          [
            73.38411,
            19.45171
          ],
          [
            73.3833,
            19.45111
          ],
          [
            73.38249,
            19.4505
          ],
          [
            73.38213,
            19.45027
          ],
          [
            73.37918,
            19.44823
          ],
          [
            73.37834,
            19.44764
          ],
          [
            73.37732,
            19.44687
          ],
          [
            73.37538,
            19.44555
          ],
          [
            73.37417,
            19.44479
          ],
          [
            73.37328,
            19.44419
          ],
          [
            73.37234,
            19.44347
          ],
          [
            73.36973,
            19.4415
          ],
          [
            73.36868,
            19.44055
          ],
          [
            73.36785,
            19.43966
          ],
          [
            73.36765,
            19.43943
          ],
          [
            73.36695,
            19.43844
          ],
          [
            73.36624,
            19.43726
          ],
          [
            73.3659,
            19.43658
          ],
          [
            73.36547,
            19.43579
          ],
          [
            73.36487,
            19.4348
          ],
          [
            73.36433,
            19.43416
          ],
          [
            73.36344,
            19.43334
          ],
          [
            73.36089,
            19.4314
          ],
          [
            73.35787,
            19.42888
          ],
          [
            73.35585,
            19.42688
          ],
          [
            73.3555,
            19.42643
          ],
          [
            73.35407,
            19.42473
          ],
          [
            73.34851,
            19.4179
          ],
          [
            73.34656,
            19.41574
          ],
          [
            73.34265,
            19.41196
          ],
          [
            73.34033,
            19.40957
          ],
          [
            73.33917,
            19.40817
          ],
          [
            73.338,
            19.40679
          ],
          [
            73.33654,
            19.405
          ],
          [
            73.33489,
            19.40293
          ],
          [
            73.33418,
            19.40218
          ],
          [
            73.33378,
            19.40171
          ],
          [
            73.33199,
            19.39948
          ],
          [
            73.33121,
            19.39846
          ],
          [
            73.32635,
            19.39261
          ],
          [
            73.32493,
            19.39098
          ],
          [
            73.32458,
            19.39048
          ],
          [
            73.32356,
            19.38918
          ],
          [
            73.32296,
            19.38837
          ],
          [
            73.32216,
            19.38737
          ],
          [
            73.32106,
            19.38572
          ],
          [
            73.32019,
            19.38426
          ],
          [
            73.31992,
            19.38365
          ],
          [
            73.31949,
            19.38276
          ],
          [
            73.31603,
            19.37718
          ],
          [
            73.3154,
            19.37605
          ],
          [
            73.31434,
            19.37445
          ],
          [
            73.31187,
            19.37025
          ],
          [
            73.31154,
            19.36964
          ],
          [
            73.30853,
            19.36455
          ],
          [
            73.30836,
            19.36415
          ],
          [
            73.30794,
            19.36349
          ],
          [
            73.30744,
            19.3622
          ],
          [
            73.30722,
            19.36141
          ],
          [
            73.3071,
            19.3608
          ],
          [
            73.30674,
            19.35971
          ],
          [
            73.30649,
            19.35886
          ],
          [
            73.30627,
            19.35793
          ],
          [
            73.30604,
            19.35714
          ],
          [
            73.30585,
            19.35589
          ],
          [
            73.30505,
            19.35147
          ],
          [
            73.30436,
            19.3487
          ],
          [
            73.30343,
            19.34512
          ],
          [
            73.30324,
            19.34427
          ],
          [
            73.3027,
            19.3433
          ],
          [
            73.30193,
            19.34201
          ],
          [
            73.30102,
            19.34077
          ],
          [
            73.29922,
            19.33885
          ],
          [
            73.29789,
            19.33774
          ],
          [
            73.29596,
            19.33675
          ],
          [
            73.29366,
            19.33581
          ],
          [
            73.28769,
            19.33424
          ],
          [
            73.28143,
            19.33259
          ],
          [
            73.27996,
            19.33215
          ],
          [
            73.27878,
            19.33175
          ],
          [
            73.27632,
            19.33119
          ],
          [
            73.27472,
            19.33108
          ],
          [
            73.27036,
            19.33074
          ],
          [
            73.26676,
            19.33059
          ],
          [
            73.26544,
            19.33076
          ],
          [
            73.26348,
            19.33092
          ],
          [
            73.26087,
            19.331
          ],
          [
            73.26016,
            19.33093
          ],
          [
            73.25799,
            19.33049
          ],
          [
            73.25589,
            19.33024
          ],
          [
            73.2543,
            19.33029
          ],
          [
            73.24432,
            19.33248
          ],
          [
            73.24255,
            19.33278
          ],
          [
            73.24191,
            19.33291
          ],
          [
            73.24117,
            19.33296
          ],
          [
            73.2403,
            19.33295
          ],
          [
            73.23971,
            19.3329
          ],
          [
            73.23885,
            19.3328
          ],
          [
            73.22366,
            19.32976
          ],
          [
            73.21842,
            19.32877
          ],
          [
            73.2157,
            19.32828
          ],
          [
            73.21332,
            19.32796
          ],
          [
            73.21276,
            19.3279
          ],
          [
            73.21103,
            19.32786
          ],
          [
            73.20583,
            19.32736
          ],
          [
            73.20139,
            19.32684
          ],
          [
            73.19943,
            19.32688
          ],
          [
            73.19715,
            19.32685
          ],
          [
            73.19432,
            19.32681
          ],
          [
            73.18891,
            19.32662
          ],
          [
            73.1876,
            19.32654
          ],
          [
            73.18537,
            19.32634
          ],
          [
            73.18374,
            19.32607
          ],
          [
            73.18267,
            19.32587
          ],
          [
            73.17613,
            19.32418
          ],
          [
            73.17256,
            19.32265
          ],
          [
            73.17113,
            19.3219
          ],
          [
            73.17006,
            19.32136
          ],
          [
            73.16881,
            19.32078
          ],
          [
            73.16821,
            19.32047
          ],
          [
            73.16761,
            19.32011
          ],
          [
            73.16622,
            19.31923
          ],
          [
            73.16548,
            19.31877
          ],
          [
            73.1652,
            19.31866
          ],
          [
            73.16474,
            19.31853
          ],
          [
            73.16444,
            19.31849
          ],
          [
            73.16387,
            19.3185
          ],
          [
            73.16337,
            19.3186
          ],
          [
            73.16289,
            19.31881
          ],
          [
            73.16254,
            19.31901
          ],
          [
            73.16222,
            19.31927
          ],
          [
            73.162,
            19.31952
          ],
          [
            73.16134,
            19.32055
          ],
          [
            73.16103,
            19.32102
          ],
          [
            73.16034,
            19.32209
          ],
          [
            73.15883,
            19.324
          ],
          [
            73.15804,
            19.32461
          ],
          [
            73.15653,
            19.32587
          ],
          [
            73.15612,
            19.32615
          ],
          [
            73.15387,
            19.32726
          ],
          [
            73.1478,
            19.33015
          ],
          [
            73.14718,
            19.33047
          ],
          [
            73.14717,
            19.33055
          ],
          [
            73.1471,
            19.33075
          ],
          [
            73.14696,
            19.33082
          ],
          [
            73.14404,
            19.33278
          ],
          [
            73.14129,
            19.33457
          ],
          [
            73.14073,
            19.33493
          ],
          [
            73.14009,
            19.33536
          ],
          [
            73.13931,
            19.33586
          ],
          [
            73.13865,
            19.33641
          ],
          [
            73.13821,
            19.33677
          ],
          [
            73.13767,
            19.33716
          ],
          [
            73.137,
            19.33775
          ],
          [
            73.13653,
            19.33819
          ],
          [
            73.13636,
            19.33837
          ],
          [
            73.1361,
            19.33868
          ],
          [
            73.13589,
            19.33891
          ],
          [
            73.13358,
            19.34145
          ],
          [
            73.13252,
            19.34266
          ],
          [
            73.13118,
            19.34415
          ],
          [
            73.13109,
            19.34427
          ],
          [
            73.13102,
            19.34445
          ],
          [
            73.13096,
            19.3448
          ],
          [
            73.13091,
            19.34493
          ],
          [
            73.13085,
            19.34502
          ],
          [
            73.13027,
            19.34504
          ],
          [
            73.12978,
            19.34503
          ],
          [
            73.12918,
            19.34497
          ],
          [
            73.12829,
            19.34484
          ],
          [
            73.12699,
            19.34469
          ],
          [
            73.12638,
            19.34463
          ],
          [
            73.12611,
            19.34461
          ],
          [
            73.12608,
            19.3446
          ],
          [
            73.12495,
            19.34451
          ],
          [
            73.12451,
            19.34448
          ],
          [
            73.12358,
            19.34438
          ],
          [
            73.12314,
            19.34432
          ],
          [
            73.12214,
            19.34418
          ],
          [
            73.12165,
            19.34405
          ],
          [
            73.12132,
            19.34391
          ],
          [
            73.12062,
            19.34358
          ],
          [
            73.12038,
            19.34347
          ],
          [
            73.11905,
            19.34283
          ],
          [
            73.11833,
            19.34242
          ],
          [
            73.11799,
            19.34221
          ],
          [
            73.11709,
            19.34158
          ],
          [
            73.1165,
            19.3411
          ],
          [
            73.11645,
            19.34106
          ],
          [
            73.11609,
            19.34076
          ],
          [
            73.11569,
            19.34038
          ],
          [
            73.11519,
            19.33987
          ],
          [
            73.11475,
            19.3394
          ],
          [
            73.1142,
            19.33877
          ],
          [
            73.11368,
            19.33801
          ],
          [
            73.1133,
            19.33743
          ],
          [
            73.11298,
            19.33692
          ],
          [
            73.11293,
            19.33684
          ],
          [
            73.11261,
            19.33622
          ],
          [
            73.11217,
            19.33513
          ],
          [
            73.11187,
            19.33417
          ],
          [
            73.11142,
            19.33288
          ],
          [
            73.10982,
            19.32789
          ],
          [
            73.10969,
            19.32747
          ],
          [
            73.10937,
            19.32653
          ],
          [
            73.10912,
            19.32546
          ],
          [
            73.10892,
            19.32449
          ],
          [
            73.10886,
            19.32401
          ],
          [
            73.10869,
            19.32331
          ],
          [
            73.10857,
            19.32273
          ],
          [
            73.1084,
            19.32186
          ],
          [
            73.10833,
            19.32152
          ],
          [
            73.10832,
            19.32145
          ],
          [
            73.10793,
            19.31966
          ],
          [
            73.10784,
            19.31876
          ],
          [
            73.10771,
            19.31797
          ],
          [
            73.10748,
            19.31692
          ],
          [
            73.10729,
            19.31652
          ],
          [
            73.10715,
            19.31584
          ],
          [
            73.10687,
            19.31434
          ],
          [
            73.10685,
            19.31416
          ],
          [
            73.10687,
            19.31387
          ],
          [
            73.10691,
            19.31333
          ],
          [
            73.10697,
            19.31297
          ],
          [
            73.10784,
            19.30961
          ],
          [
            73.10787,
            19.30939
          ],
          [
            73.10797,
            19.30845
          ],
          [
            73.10805,
            19.30792
          ],
          [
            73.1081,
            19.30739
          ],
          [
            73.10812,
            19.30723
          ],
          [
            73.10822,
            19.30641
          ],
          [
            73.10828,
            19.30579
          ],
          [
            73.10841,
            19.30482
          ],
          [
            73.10853,
            19.30368
          ],
          [
            73.10864,
            19.30281
          ],
          [
            73.10877,
            19.30159
          ],
          [
            73.10885,
            19.30076
          ],
          [
            73.10891,
            19.29953
          ],
          [
            73.10908,
            19.29728
          ],
          [
            73.10911,
            19.29657
          ],
          [
            73.10931,
            19.29433
          ],
          [
            73.10932,
            19.29384
          ],
          [
            73.10929,
            19.29292
          ],
          [
            73.10922,
            19.29193
          ],
          [
            73.10917,
            19.29147
          ],
          [
            73.1091,
            19.29109
          ],
          [
            73.109,
            19.29062
          ],
          [
            73.10874,
            19.28964
          ],
          [
            73.10848,
            19.28899
          ],
          [
            73.10783,
            19.28753
          ],
          [
            73.10781,
            19.28748
          ],
          [
            73.10731,
            19.28652
          ],
          [
            73.10695,
            19.28587
          ],
          [
            73.10663,
            19.28537
          ],
          [
            73.1063,
            19.28491
          ],
          [
            73.10599,
            19.28452
          ],
          [
            73.1056,
            19.28402
          ],
          [
            73.10525,
            19.28362
          ],
          [
            73.10487,
            19.28323
          ],
          [
            73.10373,
            19.28218
          ],
          [
            73.10325,
            19.28175
          ],
          [
            73.10276,
            19.28138
          ],
          [
            73.10257,
            19.28126
          ],
          [
            73.10207,
            19.28094
          ],
          [
            73.10154,
            19.28061
          ],
          [
            73.09926,
            19.27919
          ],
          [
            73.09854,
            19.27873
          ],
          [
            73.09812,
            19.27847
          ],
          [
            73.09797,
            19.27838
          ],
          [
            73.09631,
            19.27732
          ],
          [
            73.09354,
            19.2756
          ],
          [
            73.09295,
            19.27522
          ],
          [
            73.09241,
            19.2749
          ],
          [
            73.09212,
            19.27473
          ],
          [
            73.09127,
            19.27425
          ],
          [
            73.09014,
            19.27361
          ],
          [
            73.08919,
            19.27303
          ],
          [
            73.08819,
            19.2724
          ],
          [
            73.08738,
            19.27184
          ],
          [
            73.08714,
            19.27165
          ],
          [
            73.08687,
            19.27144
          ],
          [
            73.08646,
            19.27111
          ],
          [
            73.08524,
            19.27033
          ],
          [
            73.0836,
            19.26929
          ],
          [
            73.08352,
            19.26924
          ],
          [
            73.08136,
            19.26786
          ],
          [
            73.08092,
            19.26764
          ],
          [
            73.07966,
            19.26689
          ],
          [
            73.07897,
            19.26646
          ],
          [
            73.0753,
            19.26407
          ],
          [
            73.07428,
            19.26342
          ],
          [
            73.07343,
            19.26285
          ],
          [
            73.07235,
            19.26215
          ],
          [
            73.07081,
            19.26115
          ],
          [
            73.0691,
            19.26001
          ],
          [
            73.0664,
            19.25826
          ],
          [
            73.06549,
            19.25766
          ],
          [
            73.06512,
            19.2574
          ],
          [
            73.0627,
            19.25571
          ],
          [
            73.06147,
            19.25454
          ],
          [
            73.06117,
            19.25409
          ],
          [
            73.06069,
            19.25375
          ],
          [
            73.05912,
            19.25298
          ],
          [
            73.05762,
            19.25215
          ],
          [
            73.05746,
            19.25209
          ],
          [
            73.0573,
            19.25209
          ],
          [
            73.05432,
            19.25047
          ],
          [
            73.05422,
            19.25041
          ],
          [
            73.05362,
            19.25008
          ],
          [
            73.0521,
            19.24922
          ],
          [
            73.05201,
            19.24917
          ],
          [
            73.05191,
            19.24912
          ],
          [
            73.0513,
            19.24877
          ],
          [
            73.05086,
            19.24845
          ],
          [
            73.04641,
            19.2447
          ],
          [
            73.04498,
            19.2435
          ],
          [
            73.04468,
            19.24325
          ],
          [
            73.04414,
            19.2428
          ],
          [
            73.04399,
            19.24268
          ],
          [
            73.03931,
            19.23867
          ],
          [
            73.03818,
            19.23771
          ],
          [
            73.03796,
            19.23753
          ],
          [
            73.03724,
            19.23696
          ],
          [
            73.03563,
            19.23563
          ],
          [
            73.03341,
            19.23374
          ],
          [
            73.03176,
            19.2324
          ],
          [
            73.03124,
            19.23204
          ],
          [
            73.0293,
            19.23081
          ],
          [
            73.02833,
            19.23014
          ],
          [
            73.02766,
            19.22972
          ],
          [
            73.02595,
            19.22856
          ],
          [
            73.02567,
            19.22837
          ],
          [
            73.0243,
            19.22754
          ],
          [
            73.02348,
            19.22702
          ],
          [
            73.0211,
            19.22546
          ],
          [
            73.02037,
            19.22495
          ],
          [
            73.02006,
            19.22471
          ],
          [
            73.01961,
            19.22432
          ],
          [
            73.01739,
            19.22216
          ],
          [
            73.01731,
            19.22209
          ],
          [
            73.01587,
            19.2207
          ],
          [
            73.01046,
            19.21528
          ],
          [
            73.00843,
            19.21325
          ],
          [
            73.00675,
            19.21157
          ],
          [
            73.00459,
            19.2094
          ],
          [
            73.00399,
            19.20902
          ],
          [
            73.00322,
            19.20864
          ],
          [
            73.00239,
            19.2084
          ],
          [
            73.00187,
            19.20832
          ],
          [
            73.0016,
            19.20831
          ],
          [
            73.00093,
            19.20826
          ],
          [
            72.99992,
            19.20832
          ],
          [
            72.99936,
            19.20842
          ],
          [
            72.99603,
            19.20899
          ],
          [
            72.99413,
            19.20929
          ],
          [
            72.98925,
            19.21002
          ],
          [
            72.98879,
            19.2101
          ],
          [
            72.98742,
            19.21035
          ],
          [
            72.98219,
            19.21115
          ],
          [
            72.98127,
            19.21131
          ],
          [
            72.97845,
            19.21178
          ],
          [
            72.97787,
            19.21184
          ],
          [
            72.97734,
            19.21185
          ],
          [
            72.97702,
            19.2118
          ],
          [
            72.97686,
            19.21176
          ],
          [
            72.97654,
            19.21164
          ],
          [
            72.97639,
            19.21158
          ],
          [
            72.97611,
            19.21139
          ],
          [
            72.97562,
            19.21099
          ],
          [
            72.97395,
            19.20935
          ],
          [
            72.97187,
            19.20732
          ],
          [
            72.97136,
            19.20686
          ],
          [
            72.964,
            19.19987
          ],
          [
            72.96368,
            19.19954
          ],
          [
            72.96339,
            19.19911
          ],
          [
            72.96309,
            19.19859
          ],
          [
            72.96286,
            19.19806
          ],
          [
            72.96264,
            19.19746
          ],
          [
            72.96256,
            19.1971
          ],
          [
            72.96253,
            19.19665
          ],
          [
            72.96252,
            19.19624
          ],
          [
            72.96252,
            19.19594
          ],
          [
            72.96256,
            19.19552
          ],
          [
            72.96316,
            19.19162
          ],
          [
            72.96322,
            19.19118
          ],
          [
            72.96362,
            19.18876
          ],
          [
            72.96371,
            19.18839
          ],
          [
            72.96473,
            19.18529
          ],
          [
            72.96495,
            19.18473
          ],
          [
            72.96499,
            19.18463
          ],
          [
            72.96547,
            19.18329
          ],
          [
            72.96577,
            19.18246
          ],
          [
            72.96606,
            19.18169
          ],
          [
            72.96642,
            19.18078
          ],
          [
            72.96651,
            19.1806
          ],
          [
            72.96764,
            19.17843
          ],
          [
            72.9678,
            19.17808
          ],
          [
            72.96793,
            19.17773
          ],
          [
            72.96827,
            19.17642
          ],
          [
            72.96844,
            19.1757
          ],
          [
            72.96847,
            19.17557
          ],
          [
            72.96863,
            19.17486
          ],
          [
            72.96868,
            19.17449
          ],
          [
            72.96853,
            19.17298
          ],
          [
            72.96845,
            19.17245
          ],
          [
            72.96839,
            19.17217
          ],
          [
            72.96816,
            19.17145
          ],
          [
            72.96793,
            19.1708
          ],
          [
            72.96774,
            19.17046
          ],
          [
            72.96758,
            19.1702
          ],
          [
            72.96651,
            19.16856
          ],
          [
            72.96641,
            19.16841
          ],
          [
            72.96619,
            19.16809
          ],
          [
            72.96489,
            19.16622
          ],
          [
            72.9646,
            19.16581
          ],
          [
            72.96326,
            19.16391
          ],
          [
            72.96295,
            19.16346
          ],
          [
            72.96071,
            19.16007
          ],
          [
            72.9601,
            19.15918
          ],
          [
            72.95921,
            19.15777
          ],
          [
            72.95873,
            19.15717
          ],
          [
            72.95759,
            19.15546
          ],
          [
            72.95613,
            19.15334
          ],
          [
            72.95523,
            19.15202
          ],
          [
            72.9546,
            19.15108
          ],
          [
            72.95048,
            19.14436
          ],
          [
            72.94564,
            19.13646
          ],
          [
            72.94547,
            19.13619
          ],
          [
            72.942,
            19.13048
          ],
          [
            72.94022,
            19.12753
          ],
          [
            72.93983,
            19.12679
          ],
          [
            72.93942,
            19.12586
          ],
          [
            72.93896,
            19.12476
          ],
          [
            72.93838,
            19.12335
          ],
          [
            72.93766,
            19.12159
          ],
          [
            72.93428,
            19.11343
          ],
          [
            72.93422,
            19.11328
          ],
          [
            72.93363,
            19.11191
          ],
          [
            72.93133,
            19.10627
          ],
          [
            72.93082,
            19.10505
          ],
          [
            72.93074,
            19.10485
          ],
          [
            72.92898,
            19.10055
          ],
          [
            72.92753,
            19.09696
          ],
          [
            72.92564,
            19.09236
          ],
          [
            72.92557,
            19.0922
          ],
          [
            72.92463,
            19.08989
          ],
          [
            72.92384,
            19.08805
          ],
          [
            72.92374,
            19.08782
          ],
          [
            72.9234,
            19.08709
          ],
          [
            72.92317,
            19.0867
          ],
          [
            72.92305,
            19.08653
          ],
          [
            72.92271,
            19.08606
          ],
          [
            72.91901,
            19.08169
          ],
          [
            72.91875,
            19.08138
          ],
          [
            72.91836,
            19.08094
          ],
          [
            72.91752,
            19.07995
          ],
          [
            72.91734,
            19.07973
          ],
          [
            72.91715,
            19.07956
          ],
          [
            72.91431,
            19.0762
          ],
          [
            72.91413,
            19.07599
          ],
          [
            72.91341,
            19.07525
          ],
          [
            72.91225,
            19.07424
          ],
          [
            72.91066,
            19.07308
          ],
          [
            72.91024,
            19.07277
          ],
          [
            72.90977,
            19.07244
          ],
          [
            72.90897,
            19.07191
          ],
          [
            72.90707,
            19.07063
          ],
          [
            72.90578,
            19.06977
          ],
          [
            72.90471,
            19.06906
          ],
          [
            72.90437,
            19.06882
          ],
          [
            72.90423,
            19.06872
          ],
          [
            72.90409,
            19.06851
          ],
          [
            72.9032,
            19.06791
          ],
          [
            72.90247,
            19.06739
          ],
          [
            72.90233,
            19.06731
          ],
          [
            72.90219,
            19.06728
          ],
          [
            72.90188,
            19.06726
          ],
          [
            72.9017,
            19.06722
          ],
          [
            72.90154,
            19.06714
          ],
          [
            72.90027,
            19.0663
          ],
          [
            72.89931,
            19.06568
          ],
          [
            72.89884,
            19.06541
          ],
          [
            72.89781,
            19.06471
          ],
          [
            72.89761,
            19.06462
          ],
          [
            72.89738,
            19.06455
          ],
          [
            72.89711,
            19.06451
          ],
          [
            72.89683,
            19.06451
          ],
          [
            72.89636,
            19.06457
          ],
          [
            72.89571,
            19.06472
          ],
          [
            72.89529,
            19.06478
          ],
          [
            72.89329,
            19.06532
          ],
          [
            72.89303,
            19.06543
          ],
          [
            72.89177,
            19.06577
          ],
          [
            72.89077,
            19.06604
          ],
          [
            72.89051,
            19.06612
          ],
          [
            72.89025,
            19.06621
          ],
          [
            72.89002,
            19.06634
          ],
          [
            72.88978,
            19.06652
          ],
          [
            72.88897,
            19.06728
          ],
          [
            72.88865,
            19.06761
          ],
          [
            72.88787,
            19.06852
          ],
          [
            72.88661,
            19.06996
          ],
          [
            72.88506,
            19.07178
          ],
          [
            72.88416,
            19.07259
          ],
          [
            72.88386,
            19.07288
          ],
          [
            72.88341,
            19.07321
          ],
          [
            72.88311,
            19.07336
          ],
          [
            72.88285,
            19.07344
          ],
          [
            72.8825,
            19.0735
          ],
          [
            72.88214,
            19.07347
          ],
          [
            72.88161,
            19.07352
          ],
          [
            72.88119,
            19.07363
          ],
          [
            72.88086,
            19.07379
          ],
          [
            72.88048,
            19.07404
          ],
          [
            72.88016,
            19.07429
          ],
          [
            72.87986,
            19.07452
          ],
          [
            72.87962,
            19.07465
          ],
          [
            72.87937,
            19.07472
          ],
          [
            72.87874,
            19.07502
          ],
          [
            72.87844,
            19.07519
          ],
          [
            72.87806,
            19.07543
          ],
          [
            72.87801,
            19.07546
          ],
          [
            72.87736,
            19.07588
          ],
          [
            72.87727,
            19.07593
          ],
          [
            72.87745,
            19.07611
          ],
          [
            72.87753,
            19.07605
          ],
          [
            72.87767,
            19.07596
          ]
        ]
      },
      "properties": {
        "name": "Himachal to Maharashtra - Rerouted avoiding Critical bridge collapse",
        "distance_km": 1738.9225,
        "duration_hours": 21.31061111111111,
        "risk_level": 0,
        "risk_score": 0,
        "is_safe": true,
        "rerouted": true,
        "route_type": "rerouted",
        "color": "#fbbf24",
        "weight": 5,
        "dashArray": "10,5",
        "opacity": 0.8,
        "affected_zones": 0,
        "disaster_scenario": "Critical bridge collapse",
        "reroute_success": true,
        "export_time": "2025-09-14T17:37:41.145736",
        "original_risk": 150,
        "quality_validated": false,
        "quality_message": "Reroute too similar to original: 18.1km difference"
      }
    }
  ]
}