{
  "type": "FeatureCollection",
  "features": [
    {
      "type": "Feature",
      "geometry": {
        "type": "LineString",
        "coordinates": [
          [
            77.17343,
            31.10491
          ],
          [
            77.17325,
            31.10494
          ],
          [
            77.17267,
            31.10511
          ],
          [
            77.17266,
            31.10522
          ],
          [
            77.17258,
            31.10532
          ],
          [
            77.17254,
            31.10543
          ],
          [
            77.17259,
            31.10549
          ],
          [
            77.17249,
            31.10576
          ],
          [
            77.17224,
            31.10602
          ],
          [
            77.17207,
            31.10611
          ],
          [
            77.172,
            31.10619
          ],
          [
            77.17206,
            31.10621
          ],
          [
            77.17231,
            31.10616
          ],
          [
            77.17241,
            31.10617
          ],
          [
            77.17244,
            31.10636
          ],
          [
            77.17224,
            31.10644
          ],
          [
            77.17211,
            31.10654
          ],
          [
            77.17166,
            31.10705
          ],
          [
            77.17153,
            31.10714
          ],
          [
            77.17145,
            31.10717
          ],
          [
            77.17137,
            31.10717
          ],
          [
            77.17093,
            31.10709
          ],
          [
            77.17066,
            31.10712
          ],
          [
            77.17029,
            31.1072
          ],
          [
            77.16977,
            31.10734
          ],
          [
            77.16943,
            31.10733
          ],
          [
            77.16921,
            31.10739
          ],
          [
            77.16914,
            31.10743
          ],
          [
            77.16907,
            31.10753
          ],
          [
            77.16888,
            31.10786
          ],
          [
            77.16871,
            31.108
          ],
          [
            77.16851,
            31.10811
          ],
          [
            77.16837,
            31.10825
          ],
          [
            77.16829,
            31.10837
          ],
          [
            77.16828,
            31.10851
          ],
          [
            77.16832,
            31.10876
          ],
          [
            77.16831,
            31.1088
          ],
          [
            77.16827,
            31.10883
          ],
          [
            77.16816,
            31.10886
          ],
          [
            77.16802,
            31.10886
          ],
          [
            77.16759,
            31.10883
          ],
          [
            77.16751,
            31.10879
          ],
          [
            77.1673,
            31.10857
          ],
          [
            77.16722,
            31.10852
          ],
          [
            77.16715,
            31.1085
          ],
          [
            77.1671,
            31.10849
          ],
          [
            77.16698,
            31.10855
          ],
          [
            77.16676,
            31.10891
          ],
          [
            77.16667,
            31.109
          ],
          [
            77.16653,
            31.10907
          ],
          [
            77.16641,
            31.10909
          ],
          [
            77.16626,
            31.10909
          ],
          [
            77.1662,
            31.1091
          ],
          [
            77.1661,
            31.10917
          ],
          [
            77.16599,
            31.10955
          ],
          [
            77.16594,
            31.10959
          ],
          [
            77.16578,
            31.10964
          ],
          [
            77.16566,
            31.10963
          ],
          [
            77.16557,
            31.1096
          ],
          [
            77.16552,
            31.10955
          ],
          [
            77.16546,
            31.10943
          ],
          [
            77.1654,
            31.1093
          ],
          [
            77.16533,
            31.10925
          ],
          [
            77.16525,
            31.10925
          ],
          [
            77.16503,
            31.10929
          ],
          [
            77.16494,
            31.10927
          ],
          [
            77.16489,
            31.10923
          ],
          [
            77.16487,
            31.10914
          ],
          [
            77.16496,
            31.1086
          ],
          [
            77.165,
            31.10844
          ],
          [
            77.16504,
            31.10836
          ],
          [
            77.16526,
            31.10808
          ],
          [
            77.1653,
            31.108
          ],
          [
            77.16531,
            31.10794
          ],
          [
            77.1653,
            31.10727
          ],
          [
            77.16563,
            31.10642
          ],
          [
            77.16563,
            31.10638
          ],
          [
            77.1656,
            31.10633
          ],
          [
            77.1655,
            31.10628
          ],
          [
            77.16488,
            31.10617
          ],
          [
            77.16467,
            31.10607
          ],
          [
            77.16443,
            31.10589
          ],
          [
            77.164,
            31.10562
          ],
          [
            77.16394,
            31.10556
          ],
          [
            77.16389,
            31.10547
          ],
          [
            77.16381,
            31.10497
          ],
          [
            77.16383,
            31.10489
          ],
          [
            77.16382,
            31.10482
          ],
          [
            77.16378,
            31.10477
          ],
          [
            77.16319,
            31.1045
          ],
          [
            77.16314,
            31.10445
          ],
          [
            77.16308,
            31.10428
          ],
          [
            77.16299,
            31.10422
          ],
          [
            77.16269,
            31.10413
          ],
          [
            77.16207,
            31.10404
          ],
          [
            77.1618,
            31.10395
          ],
          [
            77.16119,
            31.10367
          ],
          [
            77.16113,
            31.10362
          ],
          [
            77.16105,
            31.10354
          ],
          [
            77.16101,
            31.10348
          ],
          [
            77.16088,
            31.10311
          ],
          [
            77.16084,
            31.10304
          ],
          [
            77.16072,
            31.10294
          ],
          [
            77.16064,
            31.10291
          ],
          [
            77.16044,
            31.10288
          ],
          [
            77.15974,
            31.10293
          ],
          [
            77.15931,
            31.10305
          ],
          [
            77.15884,
            31.10315
          ],
          [
            77.15841,
            31.10326
          ],
          [
            77.15803,
            31.10322
          ],
          [
            77.15763,
            31.10309
          ],
          [
            77.15736,
            31.10294
          ],
          [
            77.15723,
            31.1029
          ],
          [
            77.15686,
            31.10284
          ],
          [
            77.15628,
            31.10278
          ],
          [
            77.1559,
            31.10278
          ],
          [
            77.15576,
            31.10281
          ],
          [
            77.15549,
            31.10289
          ],
          [
            77.15539,
            31.1029
          ],
          [
            77.15521,
            31.10291
          ],
          [
            77.15505,
            31.10289
          ],
          [
            77.15499,
            31.10286
          ],
          [
            77.15471,
            31.10267
          ],
          [
            77.15458,
            31.10262
          ],
          [
            77.1545,
            31.10262
          ],
          [
            77.15432,
            31.10265
          ],
          [
            77.15362,
            31.10283
          ],
          [
            77.15345,
            31.10285
          ],
          [
            77.15328,
            31.10283
          ],
          [
            77.15294,
            31.10272
          ],
          [
            77.15266,
            31.10267
          ],
          [
            77.15256,
            31.10264
          ],
          [
            77.15244,
            31.10258
          ],
          [
            77.15239,
            31.10251
          ],
          [
            77.1524,
            31.10244
          ],
          [
            77.15249,
            31.10212
          ],
          [
            77.1525,
            31.10204
          ],
          [
            77.15249,
            31.10199
          ],
          [
            77.15237,
            31.10189
          ],
          [
            77.15209,
            31.10177
          ],
          [
            77.152,
            31.10173
          ],
          [
            77.15195,
            31.10168
          ],
          [
            77.15192,
            31.10159
          ],
          [
            77.15189,
            31.10133
          ],
          [
            77.1518,
            31.10121
          ],
          [
            77.15171,
            31.10115
          ],
          [
            77.15129,
            31.10099
          ],
          [
            77.15108,
            31.10091
          ],
          [
            77.15101,
            31.1009
          ],
          [
            77.15092,
            31.10092
          ],
          [
            77.15062,
            31.10106
          ],
          [
            77.15032,
            31.10108
          ],
          [
            77.15015,
            31.10111
          ],
          [
            77.15003,
            31.10117
          ],
          [
            77.14995,
            31.10123
          ],
          [
            77.14978,
            31.10154
          ],
          [
            77.14969,
            31.10163
          ],
          [
            77.14945,
            31.10176
          ],
          [
            77.14902,
            31.10187
          ],
          [
            77.14891,
            31.10188
          ],
          [
            77.1488,
            31.10185
          ],
          [
            77.14875,
            31.10181
          ],
          [
            77.1486,
            31.10153
          ],
          [
            77.1485,
            31.1014
          ],
          [
            77.14836,
            31.10135
          ],
          [
            77.14823,
            31.10133
          ],
          [
            77.14816,
            31.10134
          ],
          [
            77.14807,
            31.10138
          ],
          [
            77.14793,
            31.10147
          ],
          [
            77.14752,
            31.10175
          ],
          [
            77.14722,
            31.1019
          ],
          [
            77.14692,
            31.10197
          ],
          [
            77.14668,
            31.10198
          ],
          [
            77.1465,
            31.10196
          ],
          [
            77.14636,
            31.10191
          ],
          [
            77.14609,
            31.10174
          ],
          [
            77.14563,
            31.10137
          ],
          [
            77.14556,
            31.10135
          ],
          [
            77.14544,
            31.10135
          ],
          [
            77.1453,
            31.10142
          ],
          [
            77.14514,
            31.10155
          ],
          [
            77.14505,
            31.10157
          ],
          [
            77.1448,
            31.10158
          ],
          [
            77.14467,
            31.10163
          ],
          [
            77.14457,
            31.10171
          ],
          [
            77.1444,
            31.10195
          ],
          [
            77.14432,
            31.10202
          ],
          [
            77.14421,
            31.10209
          ],
          [
            77.14367,
            31.10227
          ],
          [
            77.14367,
            31.10225
          ],
          [
            77.14363,
            31.10222
          ],
          [
            77.1433,
            31.10212
          ],
          [
            77.14323,
            31.10208
          ],
          [
            77.14319,
            31.10204
          ],
          [
            77.14311,
            31.10185
          ],
          [
            77.14299,
            31.10173
          ],
          [
            77.14294,
            31.1017
          ],
          [
            77.14256,
            31.10167
          ],
          [
            77.14227,
            31.10154
          ],
          [
            77.14217,
            31.10145
          ],
          [
            77.14204,
            31.10122
          ],
          [
            77.14194,
            31.10101
          ],
          [
            77.14186,
            31.10067
          ],
          [
            77.14178,
            31.10049
          ],
          [
            77.14148,
            31.10027
          ],
          [
            77.14142,
            31.1002
          ],
          [
            77.1414,
            31.10013
          ],
          [
            77.14141,
            31.10006
          ],
          [
            77.14147,
            31.1
          ],
          [
            77.14155,
            31.09996
          ],
          [
            77.14193,
            31.09986
          ],
          [
            77.14214,
            31.0997
          ],
          [
            77.1422,
            31.09962
          ],
          [
            77.14224,
            31.09953
          ],
          [
            77.14227,
            31.0993
          ],
          [
            77.14228,
            31.09904
          ],
          [
            77.14224,
            31.09876
          ],
          [
            77.14216,
            31.0986
          ],
          [
            77.14203,
            31.09841
          ],
          [
            77.14192,
            31.09832
          ],
          [
            77.14176,
            31.09823
          ],
          [
            77.14152,
            31.09819
          ],
          [
            77.14122,
            31.09816
          ],
          [
            77.14099,
            31.09811
          ],
          [
            77.13978,
            31.09772
          ],
          [
            77.13974,
            31.09766
          ],
          [
            77.13975,
            31.09759
          ],
          [
            77.13987,
            31.09739
          ],
          [
            77.14,
            31.09727
          ],
          [
            77.14006,
            31.09712
          ],
          [
            77.14007,
            31.09702
          ],
          [
            77.14004,
            31.09697
          ],
          [
            77.13995,
            31.09692
          ],
          [
            77.13978,
            31.09688
          ],
          [
            77.13962,
            31.09689
          ],
          [
            77.13953,
            31.09689
          ],
          [
            77.13892,
            31.09711
          ],
          [
            77.13856,
            31.09727
          ],
          [
            77.13847,
            31.09728
          ],
          [
            77.13838,
            31.09727
          ],
          [
            77.13826,
            31.09716
          ],
          [
            77.13825,
            31.09708
          ],
          [
            77.13827,
            31.09697
          ],
          [
            77.13837,
            31.09684
          ],
          [
            77.13842,
            31.09666
          ],
          [
            77.13842,
            31.09648
          ],
          [
            77.13836,
            31.09631
          ],
          [
            77.13831,
            31.09623
          ],
          [
            77.13821,
            31.09615
          ],
          [
            77.13785,
            31.09598
          ],
          [
            77.1378,
            31.09591
          ],
          [
            77.13778,
            31.09583
          ],
          [
            77.13778,
            31.09575
          ],
          [
            77.13782,
            31.09568
          ],
          [
            77.13788,
            31.09561
          ],
          [
            77.13798,
            31.09554
          ],
          [
            77.13822,
            31.09547
          ],
          [
            77.13861,
            31.09537
          ],
          [
            77.13866,
            31.09532
          ],
          [
            77.13867,
            31.09485
          ],
          [
            77.13873,
            31.09475
          ],
          [
            77.13891,
            31.0946
          ],
          [
            77.13941,
            31.09433
          ],
          [
            77.13946,
            31.09428
          ],
          [
            77.13948,
            31.0942
          ],
          [
            77.13944,
            31.09411
          ],
          [
            77.1392,
            31.09396
          ],
          [
            77.13907,
            31.09393
          ],
          [
            77.13888,
            31.09391
          ],
          [
            77.13845,
            31.09394
          ],
          [
            77.13831,
            31.09397
          ],
          [
            77.13786,
            31.09411
          ],
          [
            77.13743,
            31.09428
          ],
          [
            77.13731,
            31.09432
          ],
          [
            77.13715,
            31.09433
          ],
          [
            77.13697,
            31.09429
          ],
          [
            77.13691,
            31.09425
          ],
          [
            77.13679,
            31.09381
          ],
          [
            77.13672,
            31.09366
          ],
          [
            77.13656,
            31.09346
          ],
          [
            77.13651,
            31.09337
          ],
          [
            77.13647,
            31.09299
          ],
          [
            77.1365,
            31.09286
          ],
          [
            77.13655,
            31.0928
          ],
          [
            77.13662,
            31.09277
          ],
          [
            77.13704,
            31.0927
          ],
          [
            77.13721,
            31.09269
          ],
          [
            77.13734,
            31.09265
          ],
          [
            77.13763,
            31.09247
          ],
          [
            77.13772,
            31.0924
          ],
          [
            77.13779,
            31.09225
          ],
          [
            77.13787,
            31.09193
          ],
          [
            77.13788,
            31.09184
          ],
          [
            77.13787,
            31.09174
          ],
          [
            77.13755,
            31.09138
          ],
          [
            77.13741,
            31.09124
          ],
          [
            77.13734,
            31.09114
          ],
          [
            77.13721,
            31.09081
          ],
          [
            77.13699,
            31.09052
          ],
          [
            77.13698,
            31.09042
          ],
          [
            77.13702,
            31.09037
          ],
          [
            77.13727,
            31.09026
          ],
          [
            77.13736,
            31.09011
          ],
          [
            77.1374,
            31.08995
          ],
          [
            77.13747,
            31.08989
          ],
          [
            77.13758,
            31.08987
          ],
          [
            77.1377,
            31.0899
          ],
          [
            77.13826,
            31.09011
          ],
          [
            77.13838,
            31.09013
          ],
          [
            77.13852,
            31.09013
          ],
          [
            77.13876,
            31.09008
          ],
          [
            77.13889,
            31.09002
          ],
          [
            77.13894,
            31.08994
          ],
          [
            77.13894,
            31.08985
          ],
          [
            77.13881,
            31.08968
          ],
          [
            77.13871,
            31.08957
          ],
          [
            77.13862,
            31.08945
          ],
          [
            77.13858,
            31.08936
          ],
          [
            77.1386,
            31.08928
          ],
          [
            77.13865,
            31.08921
          ],
          [
            77.13879,
            31.0891
          ],
          [
            77.13937,
            31.0889
          ],
          [
            77.13958,
            31.08867
          ],
          [
            77.13969,
            31.08861
          ],
          [
            77.13978,
            31.0886
          ],
          [
            77.13989,
            31.08862
          ],
          [
            77.14003,
            31.08859
          ],
          [
            77.14033,
            31.08844
          ],
          [
            77.14077,
            31.08824
          ],
          [
            77.14079,
            31.08819
          ],
          [
            77.14077,
            31.08758
          ],
          [
            77.14075,
            31.08747
          ],
          [
            77.14072,
            31.08741
          ],
          [
            77.14052,
            31.08723
          ],
          [
            77.1405,
            31.08718
          ],
          [
            77.14051,
            31.08712
          ],
          [
            77.14058,
            31.08699
          ],
          [
            77.14062,
            31.0869
          ],
          [
            77.14063,
            31.08672
          ],
          [
            77.14062,
            31.08665
          ],
          [
            77.14058,
            31.08658
          ],
          [
            77.14037,
            31.08634
          ],
          [
            77.14035,
            31.08623
          ],
          [
            77.14042,
            31.08591
          ],
          [
            77.1404,
            31.08581
          ],
          [
            77.14032,
            31.08571
          ],
          [
            77.14,
            31.08551
          ],
          [
            77.13991,
            31.08543
          ],
          [
            77.13983,
            31.08533
          ],
          [
            77.13976,
            31.08505
          ],
          [
            77.13972,
            31.08498
          ],
          [
            77.13964,
            31.08489
          ],
          [
            77.13948,
            31.08478
          ],
          [
            77.13942,
            31.08471
          ],
          [
            77.13929,
            31.08443
          ],
          [
            77.13923,
            31.08436
          ],
          [
            77.13863,
            31.08384
          ],
          [
            77.13832,
            31.08348
          ],
          [
            77.13819,
            31.08326
          ],
          [
            77.13814,
            31.08307
          ],
          [
            77.13815,
            31.08298
          ],
          [
            77.13819,
            31.08288
          ],
          [
            77.13836,
            31.08266
          ],
          [
            77.13842,
            31.08245
          ],
          [
            77.13846,
            31.08203
          ],
          [
            77.13853,
            31.0817
          ],
          [
            77.13859,
            31.08163
          ],
          [
            77.13889,
            31.08146
          ],
          [
            77.13898,
            31.08138
          ],
          [
            77.13902,
            31.08129
          ],
          [
            77.139,
            31.08116
          ],
          [
            77.13892,
            31.08104
          ],
          [
            77.13889,
            31.08093
          ],
          [
            77.13889,
            31.08071
          ],
          [
            77.13887,
            31.08064
          ],
          [
            77.13878,
            31.08051
          ],
          [
            77.1386,
            31.08034
          ],
          [
            77.13855,
            31.08021
          ],
          [
            77.13855,
            31.0801
          ],
          [
            77.13862,
            31.07999
          ],
          [
            77.13877,
            31.07981
          ],
          [
            77.13958,
            31.0787
          ],
          [
            77.13964,
            31.07858
          ],
          [
            77.13966,
            31.07848
          ],
          [
            77.13966,
            31.07831
          ],
          [
            77.1396,
            31.07775
          ],
          [
            77.13965,
            31.07736
          ],
          [
            77.13966,
            31.07725
          ],
          [
            77.13963,
            31.07704
          ],
          [
            77.13958,
            31.07693
          ],
          [
            77.13944,
            31.07677
          ],
          [
            77.13923,
            31.0766
          ],
          [
            77.13908,
            31.07645
          ],
          [
            77.13902,
            31.07632
          ],
          [
            77.139,
            31.07621
          ],
          [
            77.13899,
            31.07586
          ],
          [
            77.13902,
            31.0756
          ],
          [
            77.13902,
            31.0754
          ],
          [
            77.139,
            31.07522
          ],
          [
            77.13896,
            31.07506
          ],
          [
            77.13854,
            31.07432
          ],
          [
            77.13852,
            31.07394
          ],
          [
            77.13852,
            31.07381
          ],
          [
            77.13849,
            31.07369
          ],
          [
            77.13843,
            31.07361
          ],
          [
            77.13826,
            31.07353
          ],
          [
            77.13795,
            31.07344
          ],
          [
            77.13757,
            31.07337
          ],
          [
            77.13721,
            31.07334
          ],
          [
            77.13702,
            31.07327
          ],
          [
            77.13681,
            31.07312
          ],
          [
            77.13666,
            31.07305
          ],
          [
            77.13651,
            31.07303
          ],
          [
            77.13606,
            31.07306
          ],
          [
            77.13579,
            31.07305
          ],
          [
            77.13555,
            31.07298
          ],
          [
            77.13532,
            31.07286
          ],
          [
            77.13507,
            31.07264
          ],
          [
            77.13502,
            31.07255
          ],
          [
            77.135,
            31.07245
          ],
          [
            77.135,
            31.0721
          ],
          [
            77.13488,
            31.07176
          ],
          [
            77.13476,
            31.07151
          ],
          [
            77.13453,
            31.07131
          ],
          [
            77.13426,
            31.07119
          ],
          [
            77.13395,
            31.07116
          ],
          [
            77.13321,
            31.07118
          ],
          [
            77.13275,
            31.07121
          ],
          [
            77.13224,
            31.0713
          ],
          [
            77.13213,
            31.07129
          ],
          [
            77.13199,
            31.07124
          ],
          [
            77.13189,
            31.07115
          ],
          [
            77.1318,
            31.071
          ],
          [
            77.13166,
            31.07082
          ],
          [
            77.13157,
            31.07077
          ],
          [
            77.13147,
            31.07073
          ],
          [
            77.13094,
            31.07064
          ],
          [
            77.13067,
            31.07056
          ],
          [
            77.13061,
            31.07052
          ],
          [
            77.13056,
            31.07045
          ],
          [
            77.13053,
            31.07037
          ],
          [
            77.13052,
            31.07029
          ],
          [
            77.13058,
            31.07009
          ],
          [
            77.13074,
            31.06987
          ],
          [
            77.13112,
            31.06968
          ],
          [
            77.13129,
            31.06965
          ],
          [
            77.13143,
            31.06959
          ],
          [
            77.13151,
            31.06951
          ],
          [
            77.13169,
            31.06925
          ],
          [
            77.13181,
            31.06919
          ],
          [
            77.13248,
            31.06905
          ],
          [
            77.13254,
            31.06901
          ],
          [
            77.13261,
            31.06893
          ],
          [
            77.13264,
            31.06886
          ],
          [
            77.13265,
            31.06841
          ],
          [
            77.13268,
            31.06822
          ],
          [
            77.13281,
            31.06801
          ],
          [
            77.13302,
            31.06775
          ],
          [
            77.13319,
            31.06767
          ],
          [
            77.13337,
            31.06764
          ],
          [
            77.13349,
            31.06758
          ],
          [
            77.13354,
            31.06751
          ],
          [
            77.13356,
            31.06736
          ],
          [
            77.13345,
            31.06712
          ],
          [
            77.13347,
            31.06703
          ],
          [
            77.13368,
            31.06694
          ],
          [
            77.13373,
            31.06688
          ],
          [
            77.13375,
            31.06681
          ],
          [
            77.13375,
            31.06677
          ],
          [
            77.13371,
            31.0667
          ],
          [
            77.13363,
            31.0666
          ],
          [
            77.13335,
            31.06633
          ],
          [
            77.13311,
            31.06619
          ],
          [
            77.13245,
            31.06586
          ],
          [
            77.13229,
            31.06573
          ],
          [
            77.13213,
            31.06555
          ],
          [
            77.13208,
            31.06548
          ],
          [
            77.13205,
            31.06539
          ],
          [
            77.13206,
            31.06533
          ],
          [
            77.13213,
            31.06527
          ],
          [
            77.13258,
            31.06504
          ],
          [
            77.13284,
            31.06487
          ],
          [
            77.13307,
            31.06467
          ],
          [
            77.1331,
            31.06458
          ],
          [
            77.13308,
            31.06451
          ],
          [
            77.133,
            31.06439
          ],
          [
            77.13267,
            31.06409
          ],
          [
            77.13266,
            31.06403
          ],
          [
            77.1327,
            31.06388
          ],
          [
            77.1327,
            31.06383
          ],
          [
            77.13265,
            31.06375
          ],
          [
            77.13256,
            31.06364
          ],
          [
            77.13228,
            31.06343
          ],
          [
            77.13226,
            31.06338
          ],
          [
            77.13227,
            31.0633
          ],
          [
            77.13239,
            31.06309
          ],
          [
            77.13251,
            31.06273
          ],
          [
            77.13256,
            31.06245
          ],
          [
            77.13252,
            31.06225
          ],
          [
            77.13245,
            31.06212
          ],
          [
            77.13233,
            31.06197
          ],
          [
            77.13225,
            31.06178
          ],
          [
            77.1322,
            31.06153
          ],
          [
            77.13213,
            31.0614
          ],
          [
            77.13207,
            31.06132
          ],
          [
            77.13198,
            31.06125
          ],
          [
            77.13149,
            31.06102
          ],
          [
            77.1314,
            31.06097
          ],
          [
            77.13136,
            31.06091
          ],
          [
            77.13134,
            31.06085
          ],
          [
            77.13138,
            31.06057
          ],
          [
            77.13149,
            31.06014
          ],
          [
            77.13161,
            31.0599
          ],
          [
            77.13175,
            31.05976
          ],
          [
            77.13181,
            31.05967
          ],
          [
            77.13183,
            31.05959
          ],
          [
            77.13181,
            31.05903
          ],
          [
            77.13175,
            31.05872
          ],
          [
            77.13164,
            31.05847
          ],
          [
            77.13145,
            31.05812
          ],
          [
            77.13142,
            31.05798
          ],
          [
            77.13142,
            31.05786
          ],
          [
            77.13148,
            31.05773
          ],
          [
            77.13159,
            31.05766
          ],
          [
            77.13224,
            31.05741
          ],
          [
            77.13236,
            31.0574
          ],
          [
            77.13247,
            31.05741
          ],
          [
            77.13301,
            31.05758
          ],
          [
            77.13315,
            31.05759
          ],
          [
            77.13331,
            31.05756
          ],
          [
            77.13343,
            31.05749
          ],
          [
            77.13354,
            31.0574
          ],
          [
            77.13363,
            31.05724
          ],
          [
            77.13393,
            31.05685
          ],
          [
            77.13427,
            31.05638
          ],
          [
            77.13444,
            31.0562
          ],
          [
            77.13453,
            31.05606
          ],
          [
            77.13456,
            31.05595
          ],
          [
            77.13455,
            31.05582
          ],
          [
            77.13446,
            31.05532
          ],
          [
            77.1344,
            31.05515
          ],
          [
            77.13442,
            31.05506
          ],
          [
            77.13449,
            31.05497
          ],
          [
            77.13469,
            31.05484
          ],
          [
            77.1348,
            31.05471
          ],
          [
            77.13491,
            31.05436
          ],
          [
            77.13489,
            31.05414
          ],
          [
            77.1349,
            31.05402
          ],
          [
            77.13494,
            31.05392
          ],
          [
            77.13506,
            31.05383
          ],
          [
            77.13558,
            31.05339
          ],
          [
            77.13573,
            31.05321
          ],
          [
            77.13615,
            31.05303
          ],
          [
            77.13622,
            31.05295
          ],
          [
            77.13626,
            31.05286
          ],
          [
            77.13623,
            31.05277
          ],
          [
            77.13608,
            31.05258
          ],
          [
            77.13582,
            31.05231
          ],
          [
            77.13563,
            31.05215
          ],
          [
            77.13527,
            31.0519
          ],
          [
            77.13433,
            31.05099
          ],
          [
            77.13418,
            31.05083
          ],
          [
            77.13413,
            31.0507
          ],
          [
            77.13412,
            31.05056
          ],
          [
            77.13418,
            31.05034
          ],
          [
            77.13417,
            31.05007
          ],
          [
            77.13409,
            31.04995
          ],
          [
            77.13343,
            31.04933
          ],
          [
            77.13336,
            31.04921
          ],
          [
            77.13311,
            31.04856
          ],
          [
            77.13301,
            31.04838
          ],
          [
            77.13266,
            31.04804
          ],
          [
            77.13254,
            31.04786
          ],
          [
            77.13246,
            31.04737
          ],
          [
            77.1324,
            31.04728
          ],
          [
            77.13231,
            31.04718
          ],
          [
            77.13201,
            31.04699
          ],
          [
            77.13184,
            31.04683
          ],
          [
            77.13155,
            31.04647
          ],
          [
            77.13102,
            31.04596
          ],
          [
            77.1304,
            31.04525
          ],
          [
            77.13031,
            31.04518
          ],
          [
            77.12984,
            31.04492
          ],
          [
            77.12966,
            31.04479
          ],
          [
            77.12913,
            31.04433
          ],
          [
            77.12903,
            31.04429
          ],
          [
            77.12879,
            31.04422
          ],
          [
            77.12867,
            31.0442
          ],
          [
            77.12805,
            31.04402
          ],
          [
            77.12789,
            31.04396
          ],
          [
            77.1278,
            31.04388
          ],
          [
            77.12772,
            31.04372
          ],
          [
            77.12759,
            31.04341
          ],
          [
            77.12738,
            31.04231
          ],
          [
            77.12733,
            31.04218
          ],
          [
            77.12722,
            31.04206
          ],
          [
            77.12708,
            31.04196
          ],
          [
            77.1267,
            31.04175
          ],
          [
            77.12647,
            31.04164
          ],
          [
            77.12632,
            31.04153
          ],
          [
            77.12622,
            31.0414
          ],
          [
            77.12591,
            31.0409
          ],
          [
            77.12558,
            31.04053
          ],
          [
            77.12544,
            31.04031
          ],
          [
            77.12512,
            31.04003
          ],
          [
            77.12502,
            31.03996
          ],
          [
            77.12444,
            31.03972
          ],
          [
            77.12309,
            31.03937
          ],
          [
            77.12282,
            31.0393
          ],
          [
            77.12267,
            31.0393
          ],
          [
            77.12243,
            31.03933
          ],
          [
            77.12214,
            31.03946
          ],
          [
            77.12177,
            31.03969
          ],
          [
            77.12147,
            31.03983
          ],
          [
            77.12119,
            31.03989
          ],
          [
            77.12106,
            31.03987
          ],
          [
            77.121,
            31.03983
          ],
          [
            77.12093,
            31.03973
          ],
          [
            77.12073,
            31.03918
          ],
          [
            77.12049,
            31.03835
          ],
          [
            77.12049,
            31.03818
          ],
          [
            77.12051,
            31.03801
          ],
          [
            77.12056,
            31.03789
          ],
          [
            77.12064,
            31.03775
          ],
          [
            77.12086,
            31.03755
          ],
          [
            77.12107,
            31.03738
          ],
          [
            77.12117,
            31.03726
          ],
          [
            77.1214,
            31.0368
          ],
          [
            77.12145,
            31.03656
          ],
          [
            77.12141,
            31.03635
          ],
          [
            77.12131,
            31.03612
          ],
          [
            77.12101,
            31.03556
          ],
          [
            77.12094,
            31.03541
          ],
          [
            77.1209,
            31.0353
          ],
          [
            77.1209,
            31.03506
          ],
          [
            77.12088,
            31.03497
          ],
          [
            77.12078,
            31.03486
          ],
          [
            77.12009,
            31.03462
          ],
          [
            77.11995,
            31.03456
          ],
          [
            77.11981,
            31.03445
          ],
          [
            77.11971,
            31.03432
          ],
          [
            77.11967,
            31.03394
          ],
          [
            77.11959,
            31.03374
          ],
          [
            77.11955,
            31.0337
          ],
          [
            77.1195,
            31.03367
          ],
          [
            77.11945,
            31.03366
          ],
          [
            77.11912,
            31.03364
          ],
          [
            77.11895,
            31.03364
          ],
          [
            77.11879,
            31.03367
          ],
          [
            77.11833,
            31.03383
          ],
          [
            77.11819,
            31.03383
          ],
          [
            77.11811,
            31.03381
          ],
          [
            77.11806,
            31.03377
          ],
          [
            77.11778,
            31.0334
          ],
          [
            77.11757,
            31.0332
          ],
          [
            77.11684,
            31.03277
          ],
          [
            77.11658,
            31.03258
          ],
          [
            77.11631,
            31.0324
          ],
          [
            77.1162,
            31.03235
          ],
          [
            77.11607,
            31.03232
          ],
          [
            77.11562,
            31.0323
          ],
          [
            77.11551,
            31.03231
          ],
          [
            77.11539,
            31.03236
          ],
          [
            77.11493,
            31.03258
          ],
          [
            77.11481,
            31.03261
          ],
          [
            77.11475,
            31.03262
          ],
          [
            77.11439,
            31.03258
          ],
          [
            77.11431,
            31.03259
          ],
          [
            77.11406,
            31.03268
          ],
          [
            77.11388,
            31.03273
          ],
          [
            77.11321,
            31.03279
          ],
          [
            77.11254,
            31.033
          ],
          [
            77.11205,
            31.03325
          ],
          [
            77.11194,
            31.03328
          ],
          [
            77.11165,
            31.03326
          ],
          [
            77.11125,
            31.03322
          ],
          [
            77.11117,
            31.03322
          ],
          [
            77.11109,
            31.03325
          ],
          [
            77.11092,
            31.03339
          ],
          [
            77.11084,
            31.03343
          ],
          [
            77.11079,
            31.03344
          ],
          [
            77.1105,
            31.03346
          ],
          [
            77.11044,
            31.03348
          ],
          [
            77.11039,
            31.03353
          ],
          [
            77.1102,
            31.0338
          ],
          [
            77.11013,
            31.03386
          ],
          [
            77.10996,
            31.03395
          ],
          [
            77.10959,
            31.03404
          ],
          [
            77.10939,
            31.03402
          ],
          [
            77.10914,
            31.03397
          ],
          [
            77.10887,
            31.03389
          ],
          [
            77.10876,
            31.03383
          ],
          [
            77.10869,
            31.03377
          ],
          [
            77.10833,
            31.03326
          ],
          [
            77.10813,
            31.03309
          ],
          [
            77.10776,
            31.03295
          ],
          [
            77.10724,
            31.03282
          ],
          [
            77.10688,
            31.03267
          ],
          [
            77.10684,
            31.03261
          ],
          [
            77.10672,
            31.03238
          ],
          [
            77.10667,
            31.03199
          ],
          [
            77.10658,
            31.0317
          ],
          [
            77.10652,
            31.03162
          ],
          [
            77.10648,
            31.03159
          ],
          [
            77.10609,
            31.0315
          ],
          [
            77.10576,
            31.0313
          ],
          [
            77.10547,
            31.03111
          ],
          [
            77.1051,
            31.03094
          ],
          [
            77.10485,
            31.03087
          ],
          [
            77.10474,
            31.03085
          ],
          [
            77.10457,
            31.03086
          ],
          [
            77.10438,
            31.03093
          ],
          [
            77.10418,
            31.03104
          ],
          [
            77.1041,
            31.03105
          ],
          [
            77.10348,
            31.03082
          ],
          [
            77.10332,
            31.03074
          ],
          [
            77.10324,
            31.03066
          ],
          [
            77.10325,
            31.0306
          ],
          [
            77.10367,
            31.0302
          ],
          [
            77.10377,
            31.02999
          ],
          [
            77.10378,
            31.02981
          ],
          [
            77.10381,
            31.02976
          ],
          [
            77.10437,
            31.02939
          ],
          [
            77.10445,
            31.02928
          ],
          [
            77.10459,
            31.02903
          ],
          [
            77.10471,
            31.02894
          ],
          [
            77.10497,
            31.02877
          ],
          [
            77.10507,
            31.02868
          ],
          [
            77.10513,
            31.0286
          ],
          [
            77.10561,
            31.02781
          ],
          [
            77.10583,
            31.02765
          ],
          [
            77.10609,
            31.02751
          ],
          [
            77.10631,
            31.02741
          ],
          [
            77.10648,
            31.02725
          ],
          [
            77.10659,
            31.02687
          ],
          [
            77.10679,
            31.02663
          ],
          [
            77.10721,
            31.02646
          ],
          [
            77.10739,
            31.02634
          ],
          [
            77.10755,
            31.02613
          ],
          [
            77.10762,
            31.02586
          ],
          [
            77.1076,
            31.02575
          ],
          [
            77.10754,
            31.02566
          ],
          [
            77.10738,
            31.02555
          ],
          [
            77.10722,
            31.02554
          ],
          [
            77.10714,
            31.02555
          ],
          [
            77.10655,
            31.02575
          ],
          [
            77.10622,
            31.02572
          ],
          [
            77.10599,
            31.02558
          ],
          [
            77.10558,
            31.0251
          ],
          [
            77.10514,
            31.02454
          ],
          [
            77.1046,
            31.02405
          ],
          [
            77.10437,
            31.02375
          ],
          [
            77.1041,
            31.02333
          ],
          [
            77.10391,
            31.02298
          ],
          [
            77.10379,
            31.02269
          ],
          [
            77.1037,
            31.02254
          ],
          [
            77.10357,
            31.02244
          ],
          [
            77.1034,
            31.02238
          ],
          [
            77.10301,
            31.02233
          ],
          [
            77.10298,
            31.02231
          ],
          [
            77.10295,
            31.02224
          ],
          [
            77.10293,
            31.02211
          ],
          [
            77.10286,
            31.02196
          ],
          [
            77.10276,
            31.02188
          ],
          [
            77.10257,
            31.02176
          ],
          [
            77.10199,
            31.02147
          ],
          [
            77.10169,
            31.02138
          ],
          [
            77.10136,
            31.02133
          ],
          [
            77.10118,
            31.02127
          ],
          [
            77.10107,
            31.02121
          ],
          [
            77.10091,
            31.02106
          ],
          [
            77.10075,
            31.02087
          ],
          [
            77.10077,
            31.02071
          ],
          [
            77.10088,
            31.02057
          ],
          [
            77.10129,
            31.02042
          ],
          [
            77.10143,
            31.02031
          ],
          [
            77.10169,
            31.01996
          ],
          [
            77.10171,
            31.01984
          ],
          [
            77.10171,
            31.0197
          ],
          [
            77.10162,
            31.01955
          ],
          [
            77.10141,
            31.01932
          ],
          [
            77.10077,
            31.01884
          ],
          [
            77.1006,
            31.01863
          ],
          [
            77.10048,
            31.01798
          ],
          [
            77.10037,
            31.01779
          ],
          [
            77.09959,
            31.01744
          ],
          [
            77.09937,
            31.01722
          ],
          [
            77.09928,
            31.01692
          ],
          [
            77.09926,
            31.01676
          ],
          [
            77.09934,
            31.01655
          ],
          [
            77.09949,
            31.01642
          ],
          [
            77.09982,
            31.01618
          ],
          [
            77.10002,
            31.01608
          ],
          [
            77.10025,
            31.01592
          ],
          [
            77.10039,
            31.01586
          ],
          [
            77.10098,
            31.01579
          ],
          [
            77.10132,
            31.01577
          ],
          [
            77.10158,
            31.01569
          ],
          [
            77.1018,
            31.01553
          ],
          [
            77.10213,
            31.01508
          ],
          [
            77.10224,
            31.01488
          ],
          [
            77.10228,
            31.01461
          ],
          [
            77.10226,
            31.01442
          ],
          [
            77.1022,
            31.01421
          ],
          [
            77.10204,
            31.01391
          ],
          [
            77.10198,
            31.01371
          ],
          [
            77.10197,
            31.01334
          ],
          [
            77.10199,
            31.01302
          ],
          [
            77.10193,
            31.01277
          ],
          [
            77.1017,
            31.01246
          ],
          [
            77.10139,
            31.01218
          ],
          [
            77.10105,
            31.01183
          ],
          [
            77.10074,
            31.01146
          ],
          [
            77.10051,
            31.01089
          ],
          [
            77.10052,
            31.01073
          ],
          [
            77.10066,
            31.01033
          ],
          [
            77.10069,
            31.01015
          ],
          [
            77.10069,
            31.00993
          ],
          [
            77.10066,
            31.00976
          ],
          [
            77.10062,
            31.00965
          ],
          [
            77.10048,
            31.00947
          ],
          [
            77.1003,
            31.00936
          ],
          [
            77.09993,
            31.00921
          ],
          [
            77.09918,
            31.00873
          ],
          [
            77.09897,
            31.00863
          ],
          [
            77.0986,
            31.00857
          ],
          [
            77.09821,
            31.00857
          ],
          [
            77.09801,
            31.00851
          ],
          [
            77.09791,
            31.0084
          ],
          [
            77.09777,
            31.00808
          ],
          [
            77.0976,
            31.00771
          ],
          [
            77.09745,
            31.00748
          ],
          [
            77.09731,
            31.00734
          ],
          [
            77.09714,
            31.00727
          ],
          [
            77.09697,
            31.00726
          ],
          [
            77.09679,
            31.0073
          ],
          [
            77.09666,
            31.00742
          ],
          [
            77.0961,
            31.00779
          ],
          [
            77.09583,
            31.00803
          ],
          [
            77.09568,
            31.00809
          ],
          [
            77.09548,
            31.00826
          ],
          [
            77.09535,
            31.00828
          ],
          [
            77.09514,
            31.00823
          ],
          [
            77.09501,
            31.00815
          ],
          [
            77.09457,
            31.00791
          ],
          [
            77.09439,
            31.00784
          ],
          [
            77.09401,
            31.00782
          ],
          [
            77.09378,
            31.00789
          ],
          [
            77.09323,
            31.00828
          ],
          [
            77.09274,
            31.00858
          ],
          [
            77.09257,
            31.00862
          ],
          [
            77.09238,
            31.00863
          ],
          [
            77.09169,
            31.00847
          ],
          [
            77.09147,
            31.0084
          ],
          [
            77.09136,
            31.00837
          ],
          [
            77.09115,
            31.00825
          ],
          [
            77.09101,
            31.00808
          ],
          [
            77.09093,
            31.00787
          ],
          [
            77.09119,
            31.00742
          ],
          [
            77.09131,
            31.00709
          ],
          [
            77.09128,
            31.0068
          ],
          [
            77.09122,
            31.0065
          ],
          [
            77.09102,
            31.00629
          ],
          [
            77.09101,
            31.00622
          ],
          [
            77.09095,
            31.00608
          ],
          [
            77.09062,
            31.0058
          ],
          [
            77.09047,
            31.00572
          ],
          [
            77.09002,
            31.00553
          ],
          [
            77.08976,
            31.00545
          ],
          [
            77.0896,
            31.00528
          ],
          [
            77.08949,
            31.00467
          ],
          [
            77.08941,
            31.00454
          ],
          [
            77.08908,
            31.00422
          ],
          [
            77.08845,
            31.00373
          ],
          [
            77.08833,
            31.00352
          ],
          [
            77.08828,
            31.00331
          ],
          [
            77.08837,
            31.00313
          ],
          [
            77.08851,
            31.00306
          ],
          [
            77.0892,
            31.00284
          ],
          [
            77.08933,
            31.00273
          ],
          [
            77.08947,
            31.00256
          ],
          [
            77.08951,
            31.00232
          ],
          [
            77.08943,
            31.00206
          ],
          [
            77.08945,
            31.00191
          ],
          [
            77.08958,
            31.00175
          ],
          [
            77.08986,
            31.00154
          ],
          [
            77.09019,
            31.0014
          ],
          [
            77.09046,
            31.00123
          ],
          [
            77.09089,
            31.00079
          ],
          [
            77.09159,
            31.00027
          ],
          [
            77.09167,
            31.0001
          ],
          [
            77.09161,
            30.9999
          ],
          [
            77.09141,
            30.99966
          ],
          [
            77.09073,
            30.99904
          ],
          [
            77.09049,
            30.99875
          ],
          [
            77.08972,
            30.99814
          ],
          [
            77.08947,
            30.99795
          ],
          [
            77.08928,
            30.9977
          ],
          [
            77.08924,
            30.9975
          ],
          [
            77.08928,
            30.99727
          ],
          [
            77.0894,
            30.99713
          ],
          [
            77.0896,
            30.99708
          ],
          [
            77.09112,
            30.99697
          ],
          [
            77.09148,
            30.99687
          ],
          [
            77.09281,
            30.99641
          ],
          [
            77.09333,
            30.9962
          ],
          [
            77.09355,
            30.99602
          ],
          [
            77.0936,
            30.99589
          ],
          [
            77.09362,
            30.99572
          ],
          [
            77.09358,
            30.9956
          ],
          [
            77.09308,
            30.99484
          ],
          [
            77.09281,
            30.99447
          ],
          [
            77.09262,
            30.99431
          ],
          [
            77.09215,
            30.99399
          ],
          [
            77.09195,
            30.99382
          ],
          [
            77.09182,
            30.99355
          ],
          [
            77.09179,
            30.99331
          ],
          [
            77.09179,
            30.99296
          ],
          [
            77.09198,
            30.99245
          ],
          [
            77.09205,
            30.9922
          ],
          [
            77.09203,
            30.99206
          ],
          [
            77.0918,
            30.99164
          ],
          [
            77.09177,
            30.99152
          ],
          [
            77.09175,
            30.99147
          ],
          [
            77.09176,
            30.99132
          ],
          [
            77.09189,
            30.99108
          ],
          [
            77.09208,
            30.99097
          ],
          [
            77.09226,
            30.99094
          ],
          [
            77.09245,
            30.99096
          ],
          [
            77.09264,
            30.991
          ],
          [
            77.09277,
            30.991
          ],
          [
            77.09323,
            30.9911
          ],
          [
            77.09358,
            30.9912
          ],
          [
            77.09373,
            30.9912
          ],
          [
            77.09385,
            30.99116
          ],
          [
            77.09404,
            30.991
          ],
          [
            77.09419,
            30.99083
          ],
          [
            77.09427,
            30.99081
          ],
          [
            77.09441,
            30.99036
          ],
          [
            77.0945,
            30.99023
          ],
          [
            77.09465,
            30.9901
          ],
          [
            77.09478,
            30.99002
          ],
          [
            77.09501,
            30.98995
          ],
          [
            77.09522,
            30.98992
          ],
          [
            77.09549,
            30.98994
          ],
          [
            77.09571,
            30.98993
          ],
          [
            77.09591,
            30.98987
          ],
          [
            77.09607,
            30.98977
          ],
          [
            77.09619,
            30.98959
          ],
          [
            77.09623,
            30.98941
          ],
          [
            77.09622,
            30.98925
          ],
          [
            77.09612,
            30.98912
          ],
          [
            77.09588,
            30.98861
          ],
          [
            77.0959,
            30.98844
          ],
          [
            77.09597,
            30.9883
          ],
          [
            77.09609,
            30.98819
          ],
          [
            77.09626,
            30.98809
          ],
          [
            77.09664,
            30.98804
          ],
          [
            77.09701,
            30.98806
          ],
          [
            77.09738,
            30.98814
          ],
          [
            77.09785,
            30.98833
          ],
          [
            77.09855,
            30.98866
          ],
          [
            77.09971,
            30.989
          ],
          [
            77.10007,
            30.98914
          ],
          [
            77.10019,
            30.98921
          ],
          [
            77.10053,
            30.9896
          ],
          [
            77.10077,
            30.9898
          ],
          [
            77.10107,
            30.9898
          ],
          [
            77.10135,
            30.98974
          ],
          [
            77.10181,
            30.98942
          ],
          [
            77.10189,
            30.98923
          ],
          [
            77.10199,
            30.98883
          ],
          [
            77.10198,
            30.98833
          ],
          [
            77.10191,
            30.98792
          ],
          [
            77.10202,
            30.98776
          ],
          [
            77.10206,
            30.98765
          ],
          [
            77.10221,
            30.98747
          ],
          [
            77.10249,
            30.98727
          ],
          [
            77.10306,
            30.98697
          ],
          [
            77.10318,
            30.98684
          ],
          [
            77.10322,
            30.98671
          ],
          [
            77.10319,
            30.98652
          ],
          [
            77.10312,
            30.98631
          ],
          [
            77.10302,
            30.98615
          ],
          [
            77.10288,
            30.98582
          ],
          [
            77.10285,
            30.98568
          ],
          [
            77.10285,
            30.98547
          ],
          [
            77.10293,
            30.98532
          ],
          [
            77.10307,
            30.98519
          ],
          [
            77.10326,
            30.98505
          ],
          [
            77.10419,
            30.98454
          ],
          [
            77.10486,
            30.98418
          ],
          [
            77.10493,
            30.98416
          ],
          [
            77.10509,
            30.98411
          ],
          [
            77.10533,
            30.98407
          ],
          [
            77.1055,
            30.98412
          ],
          [
            77.10599,
            30.98438
          ],
          [
            77.10622,
            30.9844
          ],
          [
            77.10648,
            30.98441
          ],
          [
            77.10677,
            30.98434
          ],
          [
            77.1071,
            30.98415
          ],
          [
            77.10725,
            30.98396
          ],
          [
            77.10733,
            30.98376
          ],
          [
            77.10745,
            30.98324
          ],
          [
            77.10741,
            30.98312
          ],
          [
            77.10745,
            30.9829
          ],
          [
            77.10739,
            30.98268
          ],
          [
            77.10663,
            30.98148
          ],
          [
            77.10651,
            30.98121
          ],
          [
            77.10651,
            30.98103
          ],
          [
            77.10664,
            30.98084
          ],
          [
            77.10688,
            30.9807
          ],
          [
            77.10717,
            30.98068
          ],
          [
            77.10752,
            30.98083
          ],
          [
            77.1078,
            30.98097
          ],
          [
            77.10804,
            30.98103
          ],
          [
            77.10824,
            30.98114
          ],
          [
            77.10854,
            30.98143
          ],
          [
            77.10879,
            30.98159
          ],
          [
            77.10898,
            30.98165
          ],
          [
            77.10916,
            30.98172
          ],
          [
            77.10929,
            30.98171
          ],
          [
            77.10945,
            30.98163
          ],
          [
            77.10957,
            30.98153
          ],
          [
            77.10963,
            30.98143
          ],
          [
            77.10965,
            30.9813
          ],
          [
            77.10965,
            30.9807
          ],
          [
            77.10966,
            30.9805
          ],
          [
            77.10968,
            30.98041
          ],
          [
            77.10973,
            30.98029
          ],
          [
            77.10984,
            30.98015
          ],
          [
            77.10994,
            30.98005
          ],
          [
            77.11007,
            30.97998
          ],
          [
            77.11022,
            30.97996
          ],
          [
            77.1104,
            30.97998
          ],
          [
            77.1112,
            30.98036
          ],
          [
            77.11133,
            30.98039
          ],
          [
            77.11148,
            30.98041
          ],
          [
            77.11167,
            30.9804
          ],
          [
            77.11183,
            30.98034
          ],
          [
            77.11197,
            30.98026
          ],
          [
            77.11214,
            30.9801
          ],
          [
            77.11228,
            30.97984
          ],
          [
            77.11234,
            30.97961
          ],
          [
            77.11234,
            30.97941
          ],
          [
            77.1123,
            30.9793
          ],
          [
            77.11159,
            30.9782
          ],
          [
            77.11147,
            30.9781
          ],
          [
            77.11127,
            30.97799
          ],
          [
            77.11054,
            30.97767
          ],
          [
            77.11038,
            30.97759
          ],
          [
            77.11028,
            30.97752
          ],
          [
            77.11023,
            30.97742
          ],
          [
            77.11007,
            30.97694
          ],
          [
            77.11,
            30.97684
          ],
          [
            77.10986,
            30.97676
          ],
          [
            77.10971,
            30.97661
          ],
          [
            77.10959,
            30.97638
          ],
          [
            77.10944,
            30.97588
          ],
          [
            77.10937,
            30.97574
          ],
          [
            77.10911,
            30.97552
          ],
          [
            77.1088,
            30.97535
          ],
          [
            77.1087,
            30.97524
          ],
          [
            77.10866,
            30.97514
          ],
          [
            77.10866,
            30.975
          ],
          [
            77.1088,
            30.97442
          ],
          [
            77.10888,
            30.97426
          ],
          [
            77.10897,
            30.97418
          ],
          [
            77.10908,
            30.97413
          ],
          [
            77.10926,
            30.97409
          ],
          [
            77.11037,
            30.97408
          ],
          [
            77.11068,
            30.97405
          ],
          [
            77.1112,
            30.97383
          ],
          [
            77.11137,
            30.97371
          ],
          [
            77.11144,
            30.97348
          ],
          [
            77.11147,
            30.97339
          ],
          [
            77.11146,
            30.97326
          ],
          [
            77.11143,
            30.97318
          ],
          [
            77.11135,
            30.97308
          ],
          [
            77.11124,
            30.97304
          ],
          [
            77.11104,
            30.97299
          ],
          [
            77.11083,
            30.97302
          ],
          [
            77.11072,
            30.97302
          ],
          [
            77.11061,
            30.97299
          ],
          [
            77.11044,
            30.9729
          ],
          [
            77.10991,
            30.97245
          ],
          [
            77.10983,
            30.97234
          ],
          [
            77.10976,
            30.97203
          ],
          [
            77.10975,
            30.97173
          ],
          [
            77.10971,
            30.97152
          ],
          [
            77.10956,
            30.97134
          ],
          [
            77.10933,
            30.97127
          ],
          [
            77.10893,
            30.97128
          ],
          [
            77.10864,
            30.9712
          ],
          [
            77.1083,
            30.97089
          ],
          [
            77.10793,
            30.97076
          ],
          [
            77.10778,
            30.97069
          ],
          [
            77.10769,
            30.97053
          ],
          [
            77.10759,
            30.97013
          ],
          [
            77.1073,
            30.96976
          ],
          [
            77.10716,
            30.96967
          ],
          [
            77.10699,
            30.96966
          ],
          [
            77.10633,
            30.96979
          ],
          [
            77.10616,
            30.9697
          ],
          [
            77.10566,
            30.96931
          ],
          [
            77.10543,
            30.96916
          ],
          [
            77.10536,
            30.96905
          ],
          [
            77.10532,
            30.96891
          ],
          [
            77.10533,
            30.96876
          ],
          [
            77.10544,
            30.96862
          ],
          [
            77.10557,
            30.96856
          ],
          [
            77.10597,
            30.96855
          ],
          [
            77.10613,
            30.96842
          ],
          [
            77.10634,
            30.96814
          ],
          [
            77.10646,
            30.96803
          ],
          [
            77.10739,
            30.96755
          ],
          [
            77.10752,
            30.96744
          ],
          [
            77.10758,
            30.96732
          ],
          [
            77.10766,
            30.96702
          ],
          [
            77.10778,
            30.96689
          ],
          [
            77.10782,
            30.96658
          ],
          [
            77.10777,
            30.96635
          ],
          [
            77.10762,
            30.96611
          ],
          [
            77.10759,
            30.96596
          ],
          [
            77.10759,
            30.96573
          ],
          [
            77.10751,
            30.96553
          ],
          [
            77.10736,
            30.96538
          ],
          [
            77.10732,
            30.96511
          ],
          [
            77.10747,
            30.96378
          ],
          [
            77.10753,
            30.96361
          ],
          [
            77.10763,
            30.96348
          ],
          [
            77.10779,
            30.96338
          ],
          [
            77.10797,
            30.96332
          ],
          [
            77.10824,
            30.96329
          ],
          [
            77.1086,
            30.96334
          ],
          [
            77.10882,
            30.96335
          ],
          [
            77.10895,
            30.96332
          ],
          [
            77.1091,
            30.96326
          ],
          [
            77.10922,
            30.96315
          ],
          [
            77.1093,
            30.96305
          ],
          [
            77.10948,
            30.96247
          ],
          [
            77.10967,
            30.96218
          ],
          [
            77.10997,
            30.96197
          ],
          [
            77.1105,
            30.96185
          ],
          [
            77.11122,
            30.9618
          ],
          [
            77.11172,
            30.96172
          ],
          [
            77.11247,
            30.96134
          ],
          [
            77.11288,
            30.96128
          ],
          [
            77.11315,
            30.96129
          ],
          [
            77.11338,
            30.96123
          ],
          [
            77.11357,
            30.96111
          ],
          [
            77.11362,
            30.96098
          ],
          [
            77.1136,
            30.96083
          ],
          [
            77.11354,
            30.96072
          ],
          [
            77.11343,
            30.96065
          ],
          [
            77.1131,
            30.96057
          ],
          [
            77.11284,
            30.96036
          ],
          [
            77.11269,
            30.95997
          ],
          [
            77.11257,
            30.95975
          ],
          [
            77.11239,
            30.95966
          ],
          [
            77.11203,
            30.95962
          ],
          [
            77.11181,
            30.95955
          ],
          [
            77.11165,
            30.95941
          ],
          [
            77.11149,
            30.95921
          ],
          [
            77.11135,
            30.95856
          ],
          [
            77.11128,
            30.95833
          ],
          [
            77.11105,
            30.95815
          ],
          [
            77.11069,
            30.95799
          ],
          [
            77.11034,
            30.95787
          ],
          [
            77.11023,
            30.95778
          ],
          [
            77.11023,
            30.95763
          ],
          [
            77.11027,
            30.95751
          ],
          [
            77.11052,
            30.95731
          ],
          [
            77.11122,
            30.95704
          ],
          [
            77.11239,
            30.95687
          ],
          [
            77.11261,
            30.9568
          ],
          [
            77.11273,
            30.95664
          ],
          [
            77.11321,
            30.95549
          ],
          [
            77.11332,
            30.95493
          ],
          [
            77.11336,
            30.95482
          ],
          [
            77.11345,
            30.95477
          ],
          [
            77.11356,
            30.95475
          ],
          [
            77.11367,
            30.95478
          ],
          [
            77.11413,
            30.95525
          ],
          [
            77.11462,
            30.95589
          ],
          [
            77.11473,
            30.95641
          ],
          [
            77.11515,
            30.95682
          ],
          [
            77.11538,
            30.95694
          ],
          [
            77.11551,
            30.95696
          ],
          [
            77.11568,
            30.9569
          ],
          [
            77.11611,
            30.95658
          ],
          [
            77.11635,
            30.95648
          ],
          [
            77.11664,
            30.95645
          ],
          [
            77.11711,
            30.9566
          ],
          [
            77.11749,
            30.95692
          ],
          [
            77.11785,
            30.95698
          ],
          [
            77.11825,
            30.95691
          ],
          [
            77.11907,
            30.95665
          ],
          [
            77.11942,
            30.95647
          ],
          [
            77.1204,
            30.95559
          ],
          [
            77.1206,
            30.95535
          ],
          [
            77.12063,
            30.95528
          ],
          [
            77.12063,
            30.9552
          ],
          [
            77.12052,
            30.95473
          ],
          [
            77.12055,
            30.95438
          ],
          [
            77.12047,
            30.95404
          ],
          [
            77.1206,
            30.95377
          ],
          [
            77.12082,
            30.95356
          ],
          [
            77.1211,
            30.95341
          ],
          [
            77.12152,
            30.95336
          ],
          [
            77.12253,
            30.95312
          ],
          [
            77.12264,
            30.95298
          ],
          [
            77.12264,
            30.95276
          ],
          [
            77.12255,
            30.95258
          ],
          [
            77.12227,
            30.95242
          ],
          [
            77.12212,
            30.95219
          ],
          [
            77.12209,
            30.95189
          ],
          [
            77.12185,
            30.9515
          ],
          [
            77.12183,
            30.9514
          ],
          [
            77.12186,
            30.95136
          ],
          [
            77.1219,
            30.95132
          ],
          [
            77.12198,
            30.95129
          ],
          [
            77.12209,
            30.95129
          ],
          [
            77.12226,
            30.95134
          ],
          [
            77.1228,
            30.95157
          ],
          [
            77.1231,
            30.95164
          ],
          [
            77.12339,
            30.95154
          ],
          [
            77.12366,
            30.95136
          ],
          [
            77.12384,
            30.95117
          ],
          [
            77.12391,
            30.95094
          ],
          [
            77.12382,
            30.95077
          ],
          [
            77.12369,
            30.95043
          ],
          [
            77.12372,
            30.95017
          ],
          [
            77.12363,
            30.94992
          ],
          [
            77.12332,
            30.94974
          ],
          [
            77.12268,
            30.94955
          ],
          [
            77.12253,
            30.94937
          ],
          [
            77.12254,
            30.94919
          ],
          [
            77.1227,
            30.94898
          ],
          [
            77.12339,
            30.94834
          ],
          [
            77.12405,
            30.94805
          ],
          [
            77.12428,
            30.94791
          ],
          [
            77.12435,
            30.94777
          ],
          [
            77.12438,
            30.94743
          ],
          [
            77.12448,
            30.94709
          ],
          [
            77.12448,
            30.94677
          ],
          [
            77.12444,
            30.9466
          ],
          [
            77.12444,
            30.94647
          ],
          [
            77.12454,
            30.94634
          ],
          [
            77.1247,
            30.94626
          ],
          [
            77.12495,
            30.94625
          ],
          [
            77.1261,
            30.94681
          ],
          [
            77.12627,
            30.94695
          ],
          [
            77.12646,
            30.94707
          ],
          [
            77.1267,
            30.94708
          ],
          [
            77.1269,
            30.94701
          ],
          [
            77.12699,
            30.9469
          ],
          [
            77.12698,
            30.94644
          ],
          [
            77.12716,
            30.94614
          ],
          [
            77.12756,
            30.94572
          ],
          [
            77.1276,
            30.94557
          ],
          [
            77.12758,
            30.9454
          ],
          [
            77.12713,
            30.94481
          ],
          [
            77.12698,
            30.94447
          ],
          [
            77.12675,
            30.9442
          ],
          [
            77.12672,
            30.94404
          ],
          [
            77.12676,
            30.94387
          ],
          [
            77.12701,
            30.94353
          ],
          [
            77.12723,
            30.9433
          ],
          [
            77.12747,
            30.94317
          ],
          [
            77.12859,
            30.94291
          ],
          [
            77.12906,
            30.94263
          ],
          [
            77.12956,
            30.94229
          ],
          [
            77.13017,
            30.94206
          ],
          [
            77.13136,
            30.94146
          ],
          [
            77.13165,
            30.94122
          ],
          [
            77.13172,
            30.94105
          ],
          [
            77.13176,
            30.94072
          ],
          [
            77.1318,
            30.94064
          ],
          [
            77.13187,
            30.94055
          ],
          [
            77.13196,
            30.94049
          ],
          [
            77.13207,
            30.9404
          ],
          [
            77.1322,
            30.94032
          ],
          [
            77.1322,
            30.94014
          ],
          [
            77.13199,
            30.93962
          ],
          [
            77.132,
            30.93946
          ],
          [
            77.13264,
            30.93896
          ],
          [
            77.13283,
            30.93864
          ],
          [
            77.13293,
            30.93832
          ],
          [
            77.13288,
            30.93808
          ],
          [
            77.13279,
            30.93789
          ],
          [
            77.13256,
            30.93763
          ],
          [
            77.13175,
            30.93713
          ],
          [
            77.13158,
            30.93697
          ],
          [
            77.1315,
            30.93678
          ],
          [
            77.13157,
            30.93656
          ],
          [
            77.13186,
            30.93639
          ],
          [
            77.13227,
            30.93624
          ],
          [
            77.13264,
            30.93625
          ],
          [
            77.13295,
            30.93615
          ],
          [
            77.1331,
            30.93601
          ],
          [
            77.13318,
            30.93582
          ],
          [
            77.13317,
            30.93545
          ],
          [
            77.13284,
            30.93466
          ],
          [
            77.13268,
            30.93433
          ],
          [
            77.1326,
            30.93405
          ],
          [
            77.13262,
            30.93394
          ],
          [
            77.13272,
            30.93375
          ],
          [
            77.13274,
            30.93362
          ],
          [
            77.13274,
            30.93351
          ],
          [
            77.13264,
            30.93343
          ],
          [
            77.13249,
            30.93339
          ],
          [
            77.13223,
            30.93337
          ],
          [
            77.13176,
            30.93326
          ],
          [
            77.13126,
            30.93294
          ],
          [
            77.1311,
            30.93274
          ],
          [
            77.13106,
            30.93255
          ],
          [
            77.13107,
            30.93238
          ],
          [
            77.13121,
            30.932
          ],
          [
            77.13121,
            30.93181
          ],
          [
            77.13112,
            30.93168
          ],
          [
            77.13096,
            30.93162
          ],
          [
            77.13018,
            30.93161
          ],
          [
            77.12986,
            30.93153
          ],
          [
            77.12923,
            30.93104
          ],
          [
            77.12853,
            30.93087
          ],
          [
            77.12754,
            30.93078
          ],
          [
            77.12718,
            30.93067
          ],
          [
            77.12697,
            30.93046
          ],
          [
            77.12688,
            30.93019
          ],
          [
            77.12706,
            30.92983
          ],
          [
            77.1273,
            30.92944
          ],
          [
            77.12732,
            30.92916
          ],
          [
            77.12742,
            30.92882
          ],
          [
            77.12757,
            30.92846
          ],
          [
            77.12756,
            30.92816
          ],
          [
            77.12751,
            30.92801
          ],
          [
            77.12744,
            30.92792
          ],
          [
            77.12729,
            30.9279
          ],
          [
            77.12711,
            30.92793
          ],
          [
            77.12669,
            30.9281
          ],
          [
            77.12633,
            30.92832
          ],
          [
            77.12497,
            30.9288
          ],
          [
            77.12475,
            30.92882
          ],
          [
            77.12456,
            30.92878
          ],
          [
            77.12441,
            30.92863
          ],
          [
            77.1244,
            30.92845
          ],
          [
            77.12442,
            30.92808
          ],
          [
            77.12439,
            30.92791
          ],
          [
            77.12418,
            30.92772
          ],
          [
            77.1238,
            30.92739
          ],
          [
            77.12362,
            30.92714
          ],
          [
            77.12352,
            30.92695
          ],
          [
            77.12345,
            30.92658
          ],
          [
            77.12336,
            30.92644
          ],
          [
            77.1232,
            30.92632
          ],
          [
            77.12291,
            30.92619
          ],
          [
            77.12273,
            30.92615
          ],
          [
            77.12254,
            30.92622
          ],
          [
            77.12235,
            30.92636
          ],
          [
            77.12217,
            30.92668
          ],
          [
            77.12144,
            30.9272
          ],
          [
            77.12065,
            30.92749
          ],
          [
            77.11896,
            30.92833
          ],
          [
            77.11872,
            30.9284
          ],
          [
            77.11855,
            30.92839
          ],
          [
            77.1184,
            30.9283
          ],
          [
            77.11828,
            30.9281
          ],
          [
            77.11827,
            30.92792
          ],
          [
            77.11816,
            30.92778
          ],
          [
            77.11793,
            30.92767
          ],
          [
            77.11754,
            30.92771
          ],
          [
            77.11729,
            30.92777
          ],
          [
            77.11708,
            30.92796
          ],
          [
            77.11653,
            30.92834
          ],
          [
            77.11637,
            30.92842
          ],
          [
            77.11586,
            30.92851
          ],
          [
            77.1157,
            30.92857
          ],
          [
            77.11536,
            30.92884
          ],
          [
            77.11517,
            30.92889
          ],
          [
            77.1149,
            30.92885
          ],
          [
            77.1147,
            30.92869
          ],
          [
            77.11453,
            30.92846
          ],
          [
            77.11446,
            30.92824
          ],
          [
            77.11443,
            30.92764
          ],
          [
            77.11434,
            30.92745
          ],
          [
            77.11415,
            30.92733
          ],
          [
            77.11289,
            30.92684
          ],
          [
            77.11266,
            30.92664
          ],
          [
            77.11254,
            30.9261
          ],
          [
            77.11256,
            30.92572
          ],
          [
            77.11252,
            30.9254
          ],
          [
            77.11242,
            30.9252
          ],
          [
            77.11237,
            30.9249
          ],
          [
            77.1124,
            30.92412
          ],
          [
            77.1124,
            30.92333
          ],
          [
            77.11235,
            30.92318
          ],
          [
            77.11216,
            30.92303
          ],
          [
            77.11201,
            30.92296
          ],
          [
            77.11181,
            30.92292
          ],
          [
            77.11168,
            30.92292
          ],
          [
            77.11151,
            30.923
          ],
          [
            77.11078,
            30.9238
          ],
          [
            77.1103,
            30.92416
          ],
          [
            77.10976,
            30.92445
          ],
          [
            77.10917,
            30.92457
          ],
          [
            77.10859,
            30.92476
          ],
          [
            77.10795,
            30.92523
          ],
          [
            77.10736,
            30.92553
          ],
          [
            77.10712,
            30.92553
          ],
          [
            77.10689,
            30.92543
          ],
          [
            77.1067,
            30.92527
          ],
          [
            77.10637,
            30.92457
          ],
          [
            77.10605,
            30.92398
          ],
          [
            77.10536,
            30.92329
          ],
          [
            77.10458,
            30.9227
          ],
          [
            77.10397,
            30.92248
          ],
          [
            77.10334,
            30.92247
          ],
          [
            77.10279,
            30.92255
          ],
          [
            77.10245,
            30.92264
          ],
          [
            77.10213,
            30.92284
          ],
          [
            77.1014,
            30.92318
          ],
          [
            77.09921,
            30.92375
          ],
          [
            77.09901,
            30.92374
          ],
          [
            77.09892,
            30.92368
          ],
          [
            77.09896,
            30.92367
          ],
          [
            77.099,
            30.92363
          ],
          [
            77.09902,
            30.92358
          ],
          [
            77.09899,
            30.92353
          ],
          [
            77.09889,
            30.92346
          ],
          [
            77.09868,
            30.92336
          ],
          [
            77.09859,
            30.92337
          ],
          [
            77.09848,
            30.92339
          ],
          [
            77.098,
            30.92314
          ],
          [
            77.09757,
            30.92317
          ],
          [
            77.09743,
            30.92322
          ],
          [
            77.09721,
            30.92326
          ],
          [
            77.09705,
            30.92323
          ],
          [
            77.09687,
            30.92316
          ],
          [
            77.09675,
            30.92307
          ],
          [
            77.09668,
            30.92281
          ],
          [
            77.09665,
            30.92268
          ],
          [
            77.09647,
            30.92249
          ],
          [
            77.09608,
            30.92235
          ],
          [
            77.09576,
            30.92231
          ],
          [
            77.09557,
            30.92225
          ],
          [
            77.0954,
            30.92203
          ],
          [
            77.09536,
            30.92188
          ],
          [
            77.09537,
            30.92165
          ],
          [
            77.09551,
            30.92106
          ],
          [
            77.0957,
            30.92063
          ],
          [
            77.09585,
            30.92036
          ],
          [
            77.09584,
            30.92008
          ],
          [
            77.09572,
            30.91984
          ],
          [
            77.09538,
            30.9194
          ],
          [
            77.09516,
            30.91907
          ],
          [
            77.09488,
            30.91877
          ],
          [
            77.09427,
            30.91842
          ],
          [
            77.0935,
            30.91793
          ],
          [
            77.09282,
            30.91729
          ],
          [
            77.09202,
            30.91668
          ],
          [
            77.09134,
            30.91604
          ],
          [
            77.09106,
            30.91587
          ],
          [
            77.09027,
            30.91564
          ],
          [
            77.0899,
            30.91551
          ],
          [
            77.08961,
            30.91547
          ],
          [
            77.08912,
            30.91551
          ],
          [
            77.0886,
            30.91551
          ],
          [
            77.08836,
            30.91546
          ],
          [
            77.08823,
            30.91531
          ],
          [
            77.08821,
            30.9152
          ],
          [
            77.08826,
            30.91507
          ],
          [
            77.08839,
            30.91496
          ],
          [
            77.08857,
            30.91488
          ],
          [
            77.08988,
            30.91472
          ],
          [
            77.09079,
            30.91448
          ],
          [
            77.09162,
            30.9141
          ],
          [
            77.09181,
            30.91395
          ],
          [
            77.092,
            30.91344
          ],
          [
            77.09209,
            30.9133
          ],
          [
            77.09221,
            30.91325
          ],
          [
            77.09301,
            30.91315
          ],
          [
            77.09367,
            30.91304
          ],
          [
            77.094,
            30.91304
          ],
          [
            77.09417,
            30.91311
          ],
          [
            77.09447,
            30.9132
          ],
          [
            77.0947,
            30.91322
          ],
          [
            77.09481,
            30.91312
          ],
          [
            77.09492,
            30.91298
          ],
          [
            77.09499,
            30.91265
          ],
          [
            77.09514,
            30.91246
          ],
          [
            77.09537,
            30.91236
          ],
          [
            77.0957,
            30.91234
          ],
          [
            77.09586,
            30.91237
          ],
          [
            77.09606,
            30.91246
          ],
          [
            77.0968,
            30.91283
          ],
          [
            77.09717,
            30.91294
          ],
          [
            77.09738,
            30.91288
          ],
          [
            77.09755,
            30.91277
          ],
          [
            77.09761,
            30.91262
          ],
          [
            77.0976,
            30.91244
          ],
          [
            77.09766,
            30.91228
          ],
          [
            77.09778,
            30.91212
          ],
          [
            77.09794,
            30.912
          ],
          [
            77.09815,
            30.91188
          ],
          [
            77.09832,
            30.91171
          ],
          [
            77.09834,
            30.91155
          ],
          [
            77.09832,
            30.91144
          ],
          [
            77.09824,
            30.91132
          ],
          [
            77.09805,
            30.9112
          ],
          [
            77.09787,
            30.91104
          ],
          [
            77.09778,
            30.91087
          ],
          [
            77.09774,
            30.91058
          ],
          [
            77.09764,
            30.91044
          ],
          [
            77.09752,
            30.91036
          ],
          [
            77.0973,
            30.91031
          ],
          [
            77.09631,
            30.91028
          ],
          [
            77.09614,
            30.91021
          ],
          [
            77.096,
            30.91007
          ],
          [
            77.09595,
            30.90998
          ],
          [
            77.09589,
            30.90988
          ],
          [
            77.09574,
            30.90974
          ],
          [
            77.09562,
            30.90968
          ],
          [
            77.09548,
            30.90969
          ],
          [
            77.09535,
            30.90974
          ],
          [
            77.09481,
            30.91032
          ],
          [
            77.09459,
            30.91053
          ],
          [
            77.09406,
            30.91077
          ],
          [
            77.0938,
            30.91081
          ],
          [
            77.09361,
            30.91077
          ],
          [
            77.09341,
            30.91063
          ],
          [
            77.09334,
            30.91049
          ],
          [
            77.09333,
            30.91035
          ],
          [
            77.09338,
            30.9101
          ],
          [
            77.09341,
            30.90966
          ],
          [
            77.09345,
            30.90955
          ],
          [
            77.09356,
            30.90936
          ],
          [
            77.09365,
            30.90888
          ],
          [
            77.09364,
            30.90851
          ],
          [
            77.09357,
            30.90833
          ],
          [
            77.09345,
            30.90818
          ],
          [
            77.09317,
            30.90783
          ],
          [
            77.09287,
            30.90726
          ],
          [
            77.09271,
            30.90682
          ],
          [
            77.0927,
            30.90651
          ],
          [
            77.09265,
            30.9063
          ],
          [
            77.09253,
            30.90619
          ],
          [
            77.09174,
            30.90596
          ],
          [
            77.09149,
            30.90586
          ],
          [
            77.09127,
            30.90575
          ],
          [
            77.091,
            30.90569
          ],
          [
            77.09086,
            30.90571
          ],
          [
            77.09071,
            30.90576
          ],
          [
            77.09031,
            30.906
          ],
          [
            77.08994,
            30.90607
          ],
          [
            77.08976,
            30.90607
          ],
          [
            77.08957,
            30.90602
          ],
          [
            77.08948,
            30.90598
          ],
          [
            77.08936,
            30.90587
          ],
          [
            77.08933,
            30.90579
          ],
          [
            77.08928,
            30.9055
          ],
          [
            77.08928,
            30.90541
          ],
          [
            77.08929,
            30.9053
          ],
          [
            77.08933,
            30.90523
          ],
          [
            77.08951,
            30.90502
          ],
          [
            77.08966,
            30.90488
          ],
          [
            77.08972,
            30.90479
          ],
          [
            77.08976,
            30.90466
          ],
          [
            77.08975,
            30.90453
          ],
          [
            77.08957,
            30.90404
          ],
          [
            77.08957,
            30.90392
          ],
          [
            77.08966,
            30.90385
          ],
          [
            77.08977,
            30.90379
          ],
          [
            77.09004,
            30.90373
          ],
          [
            77.09039,
            30.90356
          ],
          [
            77.09053,
            30.90344
          ],
          [
            77.09059,
            30.90331
          ],
          [
            77.09057,
            30.90315
          ],
          [
            77.09047,
            30.90302
          ],
          [
            77.09028,
            30.90297
          ],
          [
            77.08979,
            30.90283
          ],
          [
            77.08962,
            30.90271
          ],
          [
            77.08953,
            30.90259
          ],
          [
            77.08948,
            30.90242
          ],
          [
            77.08947,
            30.90224
          ],
          [
            77.0899,
            30.90191
          ],
          [
            77.09018,
            30.90154
          ],
          [
            77.09051,
            30.90139
          ],
          [
            77.09089,
            30.90132
          ],
          [
            77.09149,
            30.90104
          ],
          [
            77.0916,
            30.90092
          ],
          [
            77.09166,
            30.90078
          ],
          [
            77.09159,
            30.90066
          ],
          [
            77.0915,
            30.90062
          ],
          [
            77.09077,
            30.90053
          ],
          [
            77.09045,
            30.90037
          ],
          [
            77.09005,
            30.90007
          ],
          [
            77.08981,
            30.89982
          ],
          [
            77.08973,
            30.89965
          ],
          [
            77.08975,
            30.89948
          ],
          [
            77.08989,
            30.89933
          ],
          [
            77.09048,
            30.8989
          ],
          [
            77.09063,
            30.89849
          ],
          [
            77.09041,
            30.8977
          ],
          [
            77.09046,
            30.8975
          ],
          [
            77.09063,
            30.89739
          ],
          [
            77.0913,
            30.89713
          ],
          [
            77.09158,
            30.89691
          ],
          [
            77.09298,
            30.89534
          ],
          [
            77.093,
            30.89499
          ],
          [
            77.09287,
            30.89455
          ],
          [
            77.09267,
            30.89414
          ],
          [
            77.09249,
            30.89309
          ],
          [
            77.0924,
            30.89269
          ],
          [
            77.09202,
            30.89225
          ],
          [
            77.09188,
            30.89207
          ],
          [
            77.09168,
            30.89156
          ],
          [
            77.09154,
            30.89131
          ],
          [
            77.09131,
            30.89114
          ],
          [
            77.09104,
            30.891
          ],
          [
            77.09014,
            30.89091
          ],
          [
            77.08973,
            30.89078
          ],
          [
            77.08931,
            30.89066
          ],
          [
            77.08855,
            30.89054
          ],
          [
            77.08727,
            30.89049
          ],
          [
            77.08714,
            30.89041
          ],
          [
            77.08704,
            30.89031
          ],
          [
            77.08694,
            30.89017
          ],
          [
            77.08672,
            30.88997
          ],
          [
            77.08654,
            30.88994
          ],
          [
            77.0859,
            30.88989
          ],
          [
            77.08559,
            30.88977
          ],
          [
            77.08536,
            30.88964
          ],
          [
            77.08499,
            30.88952
          ],
          [
            77.08465,
            30.88952
          ],
          [
            77.08422,
            30.88946
          ],
          [
            77.08418,
            30.88939
          ],
          [
            77.08419,
            30.88917
          ],
          [
            77.08484,
            30.88876
          ],
          [
            77.08605,
            30.88837
          ],
          [
            77.08634,
            30.88817
          ],
          [
            77.08656,
            30.88773
          ],
          [
            77.08673,
            30.88757
          ],
          [
            77.08705,
            30.88733
          ],
          [
            77.08739,
            30.88736
          ],
          [
            77.08775,
            30.8877
          ],
          [
            77.08802,
            30.88802
          ],
          [
            77.08823,
            30.88803
          ],
          [
            77.08844,
            30.88799
          ],
          [
            77.08863,
            30.88787
          ],
          [
            77.08907,
            30.88737
          ],
          [
            77.08976,
            30.88689
          ],
          [
            77.0899,
            30.88645
          ],
          [
            77.08991,
            30.88634
          ],
          [
            77.08979,
            30.88597
          ],
          [
            77.08978,
            30.88585
          ],
          [
            77.08982,
            30.88572
          ],
          [
            77.08995,
            30.88564
          ],
          [
            77.09155,
            30.88524
          ],
          [
            77.09171,
            30.88513
          ],
          [
            77.09183,
            30.88494
          ],
          [
            77.09184,
            30.88481
          ],
          [
            77.09178,
            30.88439
          ],
          [
            77.09172,
            30.88415
          ],
          [
            77.09155,
            30.88277
          ],
          [
            77.09157,
            30.88262
          ],
          [
            77.09163,
            30.88248
          ],
          [
            77.09184,
            30.88228
          ],
          [
            77.0925,
            30.88205
          ],
          [
            77.09272,
            30.882
          ],
          [
            77.09334,
            30.88198
          ],
          [
            77.09363,
            30.88194
          ],
          [
            77.09373,
            30.88189
          ],
          [
            77.0938,
            30.88176
          ],
          [
            77.09382,
            30.88158
          ],
          [
            77.09374,
            30.8814
          ],
          [
            77.09343,
            30.8812
          ],
          [
            77.09317,
            30.88113
          ],
          [
            77.09285,
            30.88126
          ],
          [
            77.09235,
            30.88157
          ],
          [
            77.09205,
            30.88179
          ],
          [
            77.09165,
            30.88198
          ],
          [
            77.09121,
            30.88222
          ],
          [
            77.09114,
            30.88231
          ],
          [
            77.0911,
            30.8824
          ],
          [
            77.0911,
            30.88255
          ],
          [
            77.09114,
            30.88268
          ],
          [
            77.09119,
            30.88291
          ],
          [
            77.09114,
            30.88305
          ],
          [
            77.09096,
            30.88336
          ],
          [
            77.09088,
            30.88363
          ],
          [
            77.09084,
            30.88392
          ],
          [
            77.09078,
            30.8841
          ],
          [
            77.09063,
            30.88427
          ],
          [
            77.09046,
            30.88438
          ],
          [
            77.08974,
            30.88461
          ],
          [
            77.0893,
            30.88467
          ],
          [
            77.08886,
            30.88456
          ],
          [
            77.08859,
            30.88454
          ],
          [
            77.08849,
            30.88472
          ],
          [
            77.08848,
            30.88489
          ],
          [
            77.08834,
            30.88505
          ],
          [
            77.08806,
            30.88532
          ],
          [
            77.08792,
            30.88561
          ],
          [
            77.08785,
            30.88573
          ],
          [
            77.08767,
            30.88587
          ],
          [
            77.08738,
            30.88592
          ],
          [
            77.08656,
            30.88591
          ],
          [
            77.08558,
            30.88617
          ],
          [
            77.08512,
            30.88609
          ],
          [
            77.08465,
            30.88594
          ],
          [
            77.07651,
            30.88229
          ],
          [
            77.07582,
            30.88194
          ],
          [
            77.07476,
            30.88194
          ],
          [
            77.07439,
            30.88193
          ],
          [
            77.07425,
            30.88197
          ],
          [
            77.07416,
            30.88204
          ],
          [
            77.07409,
            30.88217
          ],
          [
            77.07412,
            30.8828
          ],
          [
            77.07409,
            30.88288
          ],
          [
            77.07396,
            30.88307
          ],
          [
            77.07363,
            30.88327
          ],
          [
            77.07336,
            30.88339
          ],
          [
            77.07323,
            30.88356
          ],
          [
            77.07316,
            30.88376
          ],
          [
            77.07314,
            30.88385
          ],
          [
            77.07316,
            30.88395
          ],
          [
            77.07344,
            30.88444
          ],
          [
            77.07346,
            30.88455
          ],
          [
            77.07343,
            30.88469
          ],
          [
            77.07324,
            30.88489
          ],
          [
            77.07305,
            30.88505
          ],
          [
            77.07301,
            30.88516
          ],
          [
            77.07303,
            30.88534
          ],
          [
            77.07311,
            30.88547
          ],
          [
            77.07323,
            30.88575
          ],
          [
            77.07327,
            30.88587
          ],
          [
            77.07328,
            30.88598
          ],
          [
            77.07322,
            30.88612
          ],
          [
            77.0728,
            30.88632
          ],
          [
            77.07261,
            30.88644
          ],
          [
            77.07232,
            30.88678
          ],
          [
            77.0722,
            30.8869
          ],
          [
            77.07198,
            30.88699
          ],
          [
            77.07156,
            30.88707
          ],
          [
            77.07137,
            30.88708
          ],
          [
            77.07122,
            30.88707
          ],
          [
            77.07092,
            30.88698
          ],
          [
            77.07055,
            30.88679
          ],
          [
            77.07048,
            30.88675
          ],
          [
            77.07025,
            30.88652
          ],
          [
            77.07001,
            30.88613
          ],
          [
            77.06978,
            30.88603
          ],
          [
            77.06956,
            30.88605
          ],
          [
            77.06942,
            30.88613
          ],
          [
            77.06915,
            30.88649
          ],
          [
            77.06904,
            30.88667
          ],
          [
            77.06901,
            30.88681
          ],
          [
            77.06902,
            30.88695
          ],
          [
            77.06922,
            30.88745
          ],
          [
            77.06944,
            30.88796
          ],
          [
            77.06944,
            30.88824
          ],
          [
            77.06935,
            30.8884
          ],
          [
            77.06919,
            30.88851
          ],
          [
            77.06898,
            30.88862
          ],
          [
            77.06859,
            30.88877
          ],
          [
            77.06806,
            30.8892
          ],
          [
            77.06755,
            30.88945
          ],
          [
            77.06736,
            30.88952
          ],
          [
            77.06719,
            30.88951
          ],
          [
            77.06704,
            30.88945
          ],
          [
            77.06693,
            30.88938
          ],
          [
            77.06686,
            30.88929
          ],
          [
            77.0668,
            30.88915
          ],
          [
            77.06681,
            30.88872
          ],
          [
            77.06679,
            30.88848
          ],
          [
            77.06663,
            30.88826
          ],
          [
            77.06645,
            30.88812
          ],
          [
            77.06623,
            30.88805
          ],
          [
            77.06567,
            30.88801
          ],
          [
            77.06536,
            30.88796
          ],
          [
            77.06479,
            30.8879
          ],
          [
            77.06451,
            30.88792
          ],
          [
            77.06394,
            30.88791
          ],
          [
            77.06369,
            30.88796
          ],
          [
            77.06269,
            30.88869
          ],
          [
            77.06253,
            30.88875
          ],
          [
            77.06241,
            30.88875
          ],
          [
            77.06228,
            30.88872
          ],
          [
            77.06219,
            30.88868
          ],
          [
            77.06209,
            30.88863
          ],
          [
            77.06189,
            30.88841
          ],
          [
            77.06168,
            30.88827
          ],
          [
            77.06151,
            30.88819
          ],
          [
            77.06132,
            30.88816
          ],
          [
            77.06114,
            30.88822
          ],
          [
            77.06103,
            30.88834
          ],
          [
            77.06086,
            30.88858
          ],
          [
            77.06047,
            30.88897
          ],
          [
            77.06029,
            30.88922
          ],
          [
            77.06006,
            30.88948
          ],
          [
            77.05982,
            30.88955
          ],
          [
            77.05962,
            30.88952
          ],
          [
            77.05943,
            30.88943
          ],
          [
            77.05932,
            30.88937
          ],
          [
            77.05921,
            30.88923
          ],
          [
            77.0591,
            30.88903
          ],
          [
            77.05903,
            30.88896
          ],
          [
            77.05893,
            30.8889
          ],
          [
            77.05875,
            30.88882
          ],
          [
            77.05843,
            30.88872
          ],
          [
            77.05821,
            30.88859
          ],
          [
            77.05809,
            30.88839
          ],
          [
            77.05788,
            30.88819
          ],
          [
            77.05759,
            30.88808
          ],
          [
            77.05735,
            30.88803
          ],
          [
            77.05664,
            30.88781
          ],
          [
            77.05643,
            30.88777
          ],
          [
            77.05601,
            30.88779
          ],
          [
            77.05576,
            30.88788
          ],
          [
            77.05563,
            30.88798
          ],
          [
            77.05548,
            30.88816
          ],
          [
            77.05522,
            30.88859
          ],
          [
            77.05514,
            30.8887
          ],
          [
            77.05498,
            30.88889
          ],
          [
            77.05486,
            30.88898
          ],
          [
            77.05468,
            30.88907
          ],
          [
            77.05433,
            30.88921
          ],
          [
            77.05415,
            30.88921
          ],
          [
            77.05392,
            30.88915
          ],
          [
            77.05375,
            30.88913
          ],
          [
            77.05361,
            30.88918
          ],
          [
            77.05301,
            30.88952
          ],
          [
            77.05261,
            30.88972
          ],
          [
            77.05245,
            30.88991
          ],
          [
            77.05231,
            30.89003
          ],
          [
            77.05223,
            30.89013
          ],
          [
            77.05204,
            30.8902
          ],
          [
            77.05163,
            30.89006
          ],
          [
            77.05136,
            30.89
          ],
          [
            77.05112,
            30.88997
          ],
          [
            77.05091,
            30.89003
          ],
          [
            77.05054,
            30.89041
          ],
          [
            77.05045,
            30.89052
          ],
          [
            77.05031,
            30.89079
          ],
          [
            77.05025,
            30.89101
          ],
          [
            77.05008,
            30.89136
          ],
          [
            77.04998,
            30.89154
          ],
          [
            77.04982,
            30.89166
          ],
          [
            77.04962,
            30.89173
          ],
          [
            77.04912,
            30.89182
          ],
          [
            77.04896,
            30.89189
          ],
          [
            77.04877,
            30.89204
          ],
          [
            77.04855,
            30.89233
          ],
          [
            77.04842,
            30.8924
          ],
          [
            77.04821,
            30.89242
          ],
          [
            77.04797,
            30.89242
          ],
          [
            77.04719,
            30.89286
          ],
          [
            77.04618,
            30.89336
          ],
          [
            77.04596,
            30.89341
          ],
          [
            77.04579,
            30.89338
          ],
          [
            77.04567,
            30.89331
          ],
          [
            77.04559,
            30.89318
          ],
          [
            77.04555,
            30.89301
          ],
          [
            77.04561,
            30.89285
          ],
          [
            77.04596,
            30.89254
          ],
          [
            77.04611,
            30.89237
          ],
          [
            77.04622,
            30.89214
          ],
          [
            77.0462,
            30.89192
          ],
          [
            77.04589,
            30.89135
          ],
          [
            77.04538,
            30.89051
          ],
          [
            77.04496,
            30.8897
          ],
          [
            77.04478,
            30.88954
          ],
          [
            77.04467,
            30.88949
          ],
          [
            77.04433,
            30.88944
          ],
          [
            77.04397,
            30.88949
          ],
          [
            77.04362,
            30.88946
          ],
          [
            77.04332,
            30.88954
          ],
          [
            77.04295,
            30.88986
          ],
          [
            77.04272,
            30.88992
          ],
          [
            77.04206,
            30.89
          ],
          [
            77.04192,
            30.89017
          ],
          [
            77.04186,
            30.89034
          ],
          [
            77.04181,
            30.89065
          ],
          [
            77.0417,
            30.89086
          ],
          [
            77.04122,
            30.89149
          ],
          [
            77.04066,
            30.89215
          ],
          [
            77.04043,
            30.89244
          ],
          [
            77.04033,
            30.89262
          ],
          [
            77.04021,
            30.89277
          ],
          [
            77.04006,
            30.89285
          ],
          [
            77.03989,
            30.89281
          ],
          [
            77.03967,
            30.89263
          ],
          [
            77.03943,
            30.89251
          ],
          [
            77.03902,
            30.89247
          ],
          [
            77.03843,
            30.89265
          ],
          [
            77.03815,
            30.89307
          ],
          [
            77.03804,
            30.89331
          ],
          [
            77.03789,
            30.89348
          ],
          [
            77.03758,
            30.89353
          ],
          [
            77.03726,
            30.89356
          ],
          [
            77.03682,
            30.89357
          ],
          [
            77.03635,
            30.89363
          ],
          [
            77.0361,
            30.8938
          ],
          [
            77.03588,
            30.89399
          ],
          [
            77.0357,
            30.89408
          ],
          [
            77.03498,
            30.89429
          ],
          [
            77.03478,
            30.89429
          ],
          [
            77.03461,
            30.89428
          ],
          [
            77.03422,
            30.89432
          ],
          [
            77.03397,
            30.89439
          ],
          [
            77.03368,
            30.89456
          ],
          [
            77.03351,
            30.89471
          ],
          [
            77.03315,
            30.89514
          ],
          [
            77.0329,
            30.89537
          ],
          [
            77.03237,
            30.89579
          ],
          [
            77.03184,
            30.89614
          ],
          [
            77.0317,
            30.89625
          ],
          [
            77.03131,
            30.89671
          ],
          [
            77.03112,
            30.89683
          ],
          [
            77.03035,
            30.89706
          ],
          [
            77.03017,
            30.89716
          ],
          [
            77.03005,
            30.89731
          ],
          [
            77.02994,
            30.89755
          ],
          [
            77.02987,
            30.89767
          ],
          [
            77.02937,
            30.89823
          ],
          [
            77.029,
            30.89869
          ],
          [
            77.02885,
            30.89881
          ],
          [
            77.02834,
            30.89905
          ],
          [
            77.02819,
            30.89907
          ],
          [
            77.02784,
            30.89901
          ],
          [
            77.02758,
            30.89893
          ],
          [
            77.02741,
            30.89891
          ],
          [
            77.02711,
            30.89892
          ],
          [
            77.02695,
            30.89896
          ],
          [
            77.02682,
            30.89902
          ],
          [
            77.02584,
            30.89972
          ],
          [
            77.02539,
            30.89997
          ],
          [
            77.02519,
            30.90001
          ],
          [
            77.02492,
            30.89999
          ],
          [
            77.02476,
            30.89994
          ],
          [
            77.02453,
            30.89983
          ],
          [
            77.02423,
            30.8997
          ],
          [
            77.02389,
            30.89971
          ],
          [
            77.02343,
            30.89975
          ],
          [
            77.02322,
            30.89974
          ],
          [
            77.02307,
            30.89967
          ],
          [
            77.02281,
            30.8994
          ],
          [
            77.02263,
            30.8993
          ],
          [
            77.02244,
            30.89925
          ],
          [
            77.02221,
            30.89922
          ],
          [
            77.02198,
            30.89924
          ],
          [
            77.02149,
            30.89929
          ],
          [
            77.02122,
            30.89935
          ],
          [
            77.02102,
            30.89942
          ],
          [
            77.02057,
            30.8997
          ],
          [
            77.02038,
            30.89986
          ],
          [
            77.01935,
            30.90065
          ],
          [
            77.01916,
            30.90083
          ],
          [
            77.01894,
            30.90106
          ],
          [
            77.0188,
            30.90134
          ],
          [
            77.01848,
            30.90169
          ],
          [
            77.01813,
            30.90212
          ],
          [
            77.018,
            30.90222
          ],
          [
            77.01787,
            30.90228
          ],
          [
            77.01774,
            30.90231
          ],
          [
            77.01763,
            30.9023
          ],
          [
            77.01751,
            30.90226
          ],
          [
            77.01737,
            30.90217
          ],
          [
            77.01724,
            30.90205
          ],
          [
            77.01707,
            30.902
          ],
          [
            77.01684,
            30.902
          ],
          [
            77.0165,
            30.90205
          ],
          [
            77.01632,
            30.90204
          ],
          [
            77.01602,
            30.90199
          ],
          [
            77.01587,
            30.90194
          ],
          [
            77.01575,
            30.90188
          ],
          [
            77.01564,
            30.90183
          ],
          [
            77.01547,
            30.90172
          ],
          [
            77.01501,
            30.90133
          ],
          [
            77.01495,
            30.90123
          ],
          [
            77.01492,
            30.90102
          ],
          [
            77.01492,
            30.90092
          ],
          [
            77.01499,
            30.90075
          ],
          [
            77.01506,
            30.90051
          ],
          [
            77.01507,
            30.90032
          ],
          [
            77.01498,
            30.89983
          ],
          [
            77.01499,
            30.89962
          ],
          [
            77.01518,
            30.899
          ],
          [
            77.01532,
            30.89863
          ],
          [
            77.01537,
            30.89846
          ],
          [
            77.01537,
            30.8983
          ],
          [
            77.01535,
            30.89783
          ],
          [
            77.01539,
            30.89739
          ],
          [
            77.01546,
            30.89709
          ],
          [
            77.01555,
            30.8964
          ],
          [
            77.01559,
            30.89622
          ],
          [
            77.01558,
            30.89598
          ],
          [
            77.0155,
            30.89591
          ],
          [
            77.01538,
            30.89585
          ],
          [
            77.01521,
            30.89587
          ],
          [
            77.01508,
            30.89597
          ],
          [
            77.01503,
            30.89611
          ],
          [
            77.01496,
            30.8965
          ],
          [
            77.01495,
            30.89681
          ],
          [
            77.01489,
            30.89695
          ],
          [
            77.01461,
            30.89725
          ],
          [
            77.01453,
            30.89743
          ],
          [
            77.01443,
            30.89782
          ],
          [
            77.01437,
            30.89795
          ],
          [
            77.01424,
            30.89811
          ],
          [
            77.01371,
            30.89855
          ],
          [
            77.01358,
            30.89859
          ],
          [
            77.01342,
            30.89859
          ],
          [
            77.01288,
            30.89858
          ],
          [
            77.01247,
            30.89854
          ],
          [
            77.01241,
            30.89849
          ],
          [
            77.01207,
            30.89814
          ],
          [
            77.01189,
            30.89805
          ],
          [
            77.01171,
            30.89805
          ],
          [
            77.01144,
            30.8981
          ],
          [
            77.01116,
            30.89812
          ],
          [
            77.01106,
            30.89809
          ],
          [
            77.0109,
            30.89802
          ],
          [
            77.01085,
            30.89798
          ],
          [
            77.0107,
            30.89779
          ],
          [
            77.01065,
            30.89765
          ],
          [
            77.01063,
            30.89672
          ],
          [
            77.01061,
            30.89657
          ],
          [
            77.01057,
            30.89644
          ],
          [
            77.0104,
            30.89635
          ],
          [
            77.00994,
            30.89631
          ],
          [
            77.00971,
            30.89624
          ],
          [
            77.00957,
            30.89611
          ],
          [
            77.00926,
            30.89579
          ],
          [
            77.00913,
            30.89567
          ],
          [
            77.00897,
            30.89562
          ],
          [
            77.0088,
            30.89565
          ],
          [
            77.0086,
            30.89577
          ],
          [
            77.0084,
            30.89581
          ],
          [
            77.00798,
            30.89587
          ],
          [
            77.00753,
            30.89597
          ],
          [
            77.0074,
            30.89605
          ],
          [
            77.0073,
            30.89615
          ],
          [
            77.00726,
            30.89631
          ],
          [
            77.00728,
            30.89646
          ],
          [
            77.00745,
            30.89675
          ],
          [
            77.00747,
            30.89683
          ],
          [
            77.00747,
            30.89692
          ],
          [
            77.00745,
            30.89701
          ],
          [
            77.00736,
            30.89712
          ],
          [
            77.00725,
            30.8972
          ],
          [
            77.00706,
            30.89729
          ],
          [
            77.00689,
            30.89736
          ],
          [
            77.00677,
            30.89745
          ],
          [
            77.00666,
            30.89758
          ],
          [
            77.00659,
            30.89772
          ],
          [
            77.00646,
            30.89791
          ],
          [
            77.00619,
            30.89813
          ],
          [
            77.00567,
            30.89846
          ],
          [
            77.0055,
            30.89861
          ],
          [
            77.00539,
            30.89884
          ],
          [
            77.00526,
            30.89923
          ],
          [
            77.00519,
            30.89931
          ],
          [
            77.00509,
            30.89939
          ],
          [
            77.00486,
            30.89945
          ],
          [
            77.00469,
            30.89942
          ],
          [
            77.00456,
            30.89935
          ],
          [
            77.00448,
            30.89926
          ],
          [
            77.0044,
            30.89908
          ],
          [
            77.00428,
            30.89862
          ],
          [
            77.00415,
            30.89851
          ],
          [
            77.00382,
            30.89845
          ],
          [
            77.00371,
            30.89839
          ],
          [
            77.00366,
            30.89832
          ],
          [
            77.00364,
            30.89825
          ],
          [
            77.00367,
            30.89811
          ],
          [
            77.00375,
            30.898
          ],
          [
            77.00397,
            30.89785
          ],
          [
            77.00411,
            30.89773
          ],
          [
            77.00419,
            30.89761
          ],
          [
            77.00423,
            30.89744
          ],
          [
            77.00425,
            30.89655
          ],
          [
            77.0042,
            30.89639
          ],
          [
            77.00407,
            30.89627
          ],
          [
            77.0039,
            30.89621
          ],
          [
            77.00369,
            30.89616
          ],
          [
            77.00357,
            30.89608
          ],
          [
            77.00346,
            30.89597
          ],
          [
            77.00342,
            30.89586
          ],
          [
            77.00344,
            30.89563
          ],
          [
            77.00364,
            30.89531
          ],
          [
            77.00372,
            30.89514
          ],
          [
            77.00369,
            30.89496
          ],
          [
            77.00364,
            30.89487
          ],
          [
            77.00336,
            30.89456
          ],
          [
            77.00328,
            30.89442
          ],
          [
            77.00322,
            30.89426
          ],
          [
            77.00322,
            30.8941
          ],
          [
            77.00323,
            30.89398
          ],
          [
            77.00329,
            30.89384
          ],
          [
            77.00346,
            30.89358
          ],
          [
            77.00374,
            30.89326
          ],
          [
            77.00398,
            30.893
          ],
          [
            77.00434,
            30.89271
          ],
          [
            77.00446,
            30.89258
          ],
          [
            77.00502,
            30.89165
          ],
          [
            77.00551,
            30.89102
          ],
          [
            77.00579,
            30.89052
          ],
          [
            77.00601,
            30.89007
          ],
          [
            77.0061,
            30.88982
          ],
          [
            77.00623,
            30.88925
          ],
          [
            77.00603,
            30.88784
          ],
          [
            77.00603,
            30.88765
          ],
          [
            77.00608,
            30.88753
          ],
          [
            77.00625,
            30.88719
          ],
          [
            77.0065,
            30.8868
          ],
          [
            77.00656,
            30.88667
          ],
          [
            77.00655,
            30.88654
          ],
          [
            77.00645,
            30.88642
          ],
          [
            77.00632,
            30.88634
          ],
          [
            77.00543,
            30.88629
          ],
          [
            77.00521,
            30.8863
          ],
          [
            77.00501,
            30.88637
          ],
          [
            77.00484,
            30.88654
          ],
          [
            77.00441,
            30.88718
          ],
          [
            77.00426,
            30.88734
          ],
          [
            77.00398,
            30.88749
          ],
          [
            77.00321,
            30.8876
          ],
          [
            77.00292,
            30.88759
          ],
          [
            77.00238,
            30.8874
          ],
          [
            77.00217,
            30.88734
          ],
          [
            77.002,
            30.88735
          ],
          [
            77.00184,
            30.88741
          ],
          [
            77.00172,
            30.8875
          ],
          [
            77.00166,
            30.88762
          ],
          [
            77.00158,
            30.88785
          ],
          [
            77.00151,
            30.8882
          ],
          [
            77.00137,
            30.88865
          ],
          [
            77.0013,
            30.88874
          ],
          [
            77.00111,
            30.88883
          ],
          [
            77.00096,
            30.88882
          ],
          [
            77.00027,
            30.88849
          ],
          [
            77.00003,
            30.88842
          ],
          [
            76.99985,
            30.8884
          ],
          [
            76.99969,
            30.88847
          ],
          [
            76.99963,
            30.88862
          ],
          [
            76.99957,
            30.889
          ],
          [
            76.99952,
            30.88912
          ],
          [
            76.99937,
            30.88931
          ],
          [
            76.99916,
            30.88946
          ],
          [
            76.99907,
            30.88959
          ],
          [
            76.99903,
            30.88971
          ],
          [
            76.99902,
            30.88994
          ],
          [
            76.99904,
            30.89008
          ],
          [
            76.99902,
            30.89018
          ],
          [
            76.999,
            30.89021
          ],
          [
            76.99849,
            30.89046
          ],
          [
            76.99776,
            30.89106
          ],
          [
            76.99766,
            30.89111
          ],
          [
            76.99755,
            30.89111
          ],
          [
            76.99748,
            30.89108
          ],
          [
            76.99742,
            30.89099
          ],
          [
            76.99741,
            30.89087
          ],
          [
            76.99751,
            30.89037
          ],
          [
            76.99759,
            30.88987
          ],
          [
            76.99767,
            30.88966
          ],
          [
            76.99777,
            30.88945
          ],
          [
            76.99777,
            30.88935
          ],
          [
            76.99772,
            30.88923
          ],
          [
            76.99758,
            30.88912
          ],
          [
            76.99751,
            30.88904
          ],
          [
            76.99746,
            30.88886
          ],
          [
            76.99754,
            30.88871
          ],
          [
            76.99768,
            30.88858
          ],
          [
            76.99776,
            30.88849
          ],
          [
            76.9978,
            30.88836
          ],
          [
            76.9978,
            30.88821
          ],
          [
            76.99766,
            30.88776
          ],
          [
            76.99763,
            30.88758
          ],
          [
            76.99765,
            30.88744
          ],
          [
            76.9977,
            30.88729
          ],
          [
            76.99802,
            30.88697
          ],
          [
            76.99823,
            30.88678
          ],
          [
            76.99875,
            30.88642
          ],
          [
            76.99884,
            30.88629
          ],
          [
            76.99889,
            30.88615
          ],
          [
            76.99892,
            30.88593
          ],
          [
            76.99888,
            30.88548
          ],
          [
            76.99888,
            30.88528
          ],
          [
            76.9989,
            30.88519
          ],
          [
            76.99894,
            30.88513
          ],
          [
            76.99926,
            30.88474
          ],
          [
            76.99956,
            30.88441
          ],
          [
            76.99973,
            30.88427
          ],
          [
            76.99985,
            30.8842
          ],
          [
            77.0,
            30.88416
          ],
          [
            77.00027,
            30.88411
          ],
          [
            77.00049,
            30.88404
          ],
          [
            77.00065,
            30.88392
          ],
          [
            77.00076,
            30.88376
          ],
          [
            77.00086,
            30.88353
          ],
          [
            77.00087,
            30.88339
          ],
          [
            77.00086,
            30.88323
          ],
          [
            77.00041,
            30.88273
          ],
          [
            77.00036,
            30.88263
          ],
          [
            77.00037,
            30.88251
          ],
          [
            77.00056,
            30.88211
          ],
          [
            77.00056,
            30.88184
          ],
          [
            77.00061,
            30.8817
          ],
          [
            77.00066,
            30.88164
          ],
          [
            77.00115,
            30.88124
          ],
          [
            77.00126,
            30.88102
          ],
          [
            77.0013,
            30.88053
          ],
          [
            77.00135,
            30.88046
          ],
          [
            77.00143,
            30.88035
          ],
          [
            77.00201,
            30.87984
          ],
          [
            77.00208,
            30.87975
          ],
          [
            77.00214,
            30.87961
          ],
          [
            77.00215,
            30.87943
          ],
          [
            77.00212,
            30.87927
          ],
          [
            77.002,
            30.87909
          ],
          [
            77.00192,
            30.87902
          ],
          [
            77.00182,
            30.8789
          ],
          [
            77.00178,
            30.87872
          ],
          [
            77.00179,
            30.87858
          ],
          [
            77.00182,
            30.87845
          ],
          [
            77.00193,
            30.87832
          ],
          [
            77.00215,
            30.87818
          ],
          [
            77.00256,
            30.87801
          ],
          [
            77.0027,
            30.87793
          ],
          [
            77.00278,
            30.87784
          ],
          [
            77.00282,
            30.87773
          ],
          [
            77.00281,
            30.87758
          ],
          [
            77.00271,
            30.87743
          ],
          [
            77.00254,
            30.87732
          ],
          [
            77.00239,
            30.87724
          ],
          [
            77.00228,
            30.87712
          ],
          [
            77.00224,
            30.877
          ],
          [
            77.00225,
            30.87672
          ],
          [
            77.0023,
            30.87642
          ],
          [
            77.00237,
            30.8762
          ],
          [
            77.00246,
            30.87608
          ],
          [
            77.00261,
            30.87599
          ],
          [
            77.0028,
            30.87591
          ],
          [
            77.00293,
            30.87585
          ],
          [
            77.00298,
            30.87579
          ],
          [
            77.00304,
            30.87571
          ],
          [
            77.00308,
            30.8756
          ],
          [
            77.00312,
            30.87533
          ],
          [
            77.00313,
            30.87512
          ],
          [
            77.00309,
            30.87497
          ],
          [
            77.00304,
            30.87484
          ],
          [
            77.00292,
            30.87469
          ],
          [
            77.00269,
            30.8742
          ],
          [
            77.00261,
            30.87412
          ],
          [
            77.00247,
            30.87406
          ],
          [
            77.00229,
            30.87407
          ],
          [
            77.00213,
            30.87419
          ],
          [
            77.0019,
            30.87445
          ],
          [
            77.00178,
            30.87462
          ],
          [
            77.0016,
            30.87484
          ],
          [
            77.0014,
            30.87503
          ],
          [
            77.00126,
            30.87508
          ],
          [
            77.00103,
            30.87505
          ],
          [
            77.0009,
            30.87497
          ],
          [
            77.00076,
            30.87483
          ],
          [
            77.0007,
            30.87479
          ],
          [
            77.00055,
            30.87474
          ],
          [
            77.00038,
            30.87475
          ],
          [
            77.00026,
            30.8748
          ],
          [
            76.99976,
            30.87539
          ],
          [
            76.99958,
            30.87554
          ],
          [
            76.99934,
            30.8757
          ],
          [
            76.99908,
            30.87582
          ],
          [
            76.99842,
            30.876
          ],
          [
            76.99823,
            30.87603
          ],
          [
            76.99809,
            30.87603
          ],
          [
            76.99792,
            30.87598
          ],
          [
            76.99772,
            30.87591
          ],
          [
            76.99747,
            30.87586
          ],
          [
            76.99722,
            30.87588
          ],
          [
            76.99672,
            30.87603
          ],
          [
            76.99634,
            30.87617
          ],
          [
            76.99569,
            30.87655
          ],
          [
            76.99558,
            30.87664
          ],
          [
            76.99541,
            30.87693
          ],
          [
            76.99534,
            30.87701
          ],
          [
            76.99523,
            30.8771
          ],
          [
            76.99474,
            30.87734
          ],
          [
            76.9946,
            30.87742
          ],
          [
            76.99447,
            30.87747
          ],
          [
            76.99428,
            30.87742
          ],
          [
            76.99422,
            30.87738
          ],
          [
            76.99418,
            30.87732
          ],
          [
            76.99413,
            30.87719
          ],
          [
            76.99414,
            30.87682
          ],
          [
            76.99411,
            30.87594
          ],
          [
            76.99414,
            30.87577
          ],
          [
            76.99419,
            30.87563
          ],
          [
            76.99446,
            30.87519
          ],
          [
            76.99459,
            30.87502
          ],
          [
            76.99469,
            30.87492
          ],
          [
            76.99483,
            30.87485
          ],
          [
            76.99545,
            30.87468
          ],
          [
            76.9958,
            30.87461
          ],
          [
            76.99644,
            30.87453
          ],
          [
            76.99683,
            30.87444
          ],
          [
            76.99699,
            30.87433
          ],
          [
            76.99708,
            30.87418
          ],
          [
            76.99712,
            30.87395
          ],
          [
            76.99711,
            30.87377
          ],
          [
            76.99708,
            30.87363
          ],
          [
            76.99708,
            30.87355
          ],
          [
            76.99712,
            30.87345
          ],
          [
            76.99724,
            30.87324
          ],
          [
            76.99726,
            30.87309
          ],
          [
            76.99725,
            30.87295
          ],
          [
            76.9971,
            30.87278
          ],
          [
            76.99606,
            30.87204
          ],
          [
            76.99582,
            30.87184
          ],
          [
            76.99575,
            30.87176
          ],
          [
            76.99574,
            30.87169
          ],
          [
            76.99576,
            30.87158
          ],
          [
            76.9958,
            30.87154
          ],
          [
            76.99598,
            30.87148
          ],
          [
            76.99648,
            30.87149
          ],
          [
            76.99677,
            30.87147
          ],
          [
            76.99738,
            30.87128
          ],
          [
            76.99783,
            30.8713
          ],
          [
            76.99824,
            30.87139
          ],
          [
            76.99838,
            30.87138
          ],
          [
            76.99851,
            30.87134
          ],
          [
            76.99863,
            30.87126
          ],
          [
            76.99872,
            30.87115
          ],
          [
            76.99876,
            30.87104
          ],
          [
            76.99876,
            30.87092
          ],
          [
            76.99871,
            30.87078
          ],
          [
            76.99849,
            30.87059
          ],
          [
            76.99832,
            30.87039
          ],
          [
            76.99823,
            30.87001
          ],
          [
            76.99823,
            30.86979
          ],
          [
            76.99825,
            30.8697
          ],
          [
            76.9984,
            30.86952
          ],
          [
            76.99853,
            30.86944
          ],
          [
            76.99879,
            30.86924
          ],
          [
            76.99912,
            30.86865
          ],
          [
            76.99916,
            30.8685
          ],
          [
            76.99906,
            30.86815
          ],
          [
            76.99916,
            30.86766
          ],
          [
            76.99916,
            30.86749
          ],
          [
            76.99913,
            30.86734
          ],
          [
            76.99894,
            30.86714
          ],
          [
            76.99881,
            30.86704
          ],
          [
            76.99877,
            30.86698
          ],
          [
            76.99866,
            30.86678
          ],
          [
            76.99862,
            30.86666
          ],
          [
            76.99853,
            30.86648
          ],
          [
            76.99842,
            30.86634
          ],
          [
            76.99827,
            30.86623
          ],
          [
            76.99805,
            30.86617
          ],
          [
            76.99731,
            30.86609
          ],
          [
            76.99717,
            30.86604
          ],
          [
            76.99712,
            30.86597
          ],
          [
            76.99713,
            30.86587
          ],
          [
            76.99718,
            30.86581
          ],
          [
            76.9973,
            30.86573
          ],
          [
            76.998,
            30.8653
          ],
          [
            76.99831,
            30.86516
          ],
          [
            76.99853,
            30.86508
          ],
          [
            76.99958,
            30.86463
          ],
          [
            76.99973,
            30.86461
          ],
          [
            76.99985,
            30.86462
          ],
          [
            76.99993,
            30.86465
          ],
          [
            77.00005,
            30.86472
          ],
          [
            77.00035,
            30.86502
          ],
          [
            77.00057,
            30.8651
          ],
          [
            77.00076,
            30.86512
          ],
          [
            77.00093,
            30.86507
          ],
          [
            77.00106,
            30.86502
          ],
          [
            77.0014,
            30.86471
          ],
          [
            77.00163,
            30.86447
          ],
          [
            77.00172,
            30.86433
          ],
          [
            77.00177,
            30.86422
          ],
          [
            77.0018,
            30.86406
          ],
          [
            77.00175,
            30.86389
          ],
          [
            77.00166,
            30.86373
          ],
          [
            77.00152,
            30.86362
          ],
          [
            77.00089,
            30.86326
          ],
          [
            77.00072,
            30.86312
          ],
          [
            77.00033,
            30.86266
          ],
          [
            77.00012,
            30.86247
          ],
          [
            76.99992,
            30.86232
          ],
          [
            76.99937,
            30.86218
          ],
          [
            76.99921,
            30.86212
          ],
          [
            76.99914,
            30.862
          ],
          [
            76.99913,
            30.8619
          ],
          [
            76.99915,
            30.86185
          ],
          [
            76.99934,
            30.86163
          ],
          [
            76.99973,
            30.86126
          ],
          [
            76.9999,
            30.86113
          ],
          [
            77.00026,
            30.8609
          ],
          [
            77.0009,
            30.86056
          ],
          [
            77.00108,
            30.86045
          ],
          [
            77.00117,
            30.86032
          ],
          [
            77.00122,
            30.86016
          ],
          [
            77.00119,
            30.85993
          ],
          [
            77.00109,
            30.85979
          ],
          [
            77.00096,
            30.85969
          ],
          [
            77.00082,
            30.85964
          ],
          [
            77.0007,
            30.85956
          ],
          [
            77.00065,
            30.8595
          ],
          [
            77.00062,
            30.85936
          ],
          [
            77.00063,
            30.85922
          ],
          [
            77.00085,
            30.85885
          ],
          [
            77.00097,
            30.85868
          ],
          [
            77.00103,
            30.85845
          ],
          [
            77.001,
            30.85828
          ],
          [
            77.00092,
            30.85814
          ],
          [
            77.00068,
            30.858
          ],
          [
            77.00014,
            30.85783
          ],
          [
            77.00004,
            30.85776
          ],
          [
            76.99999,
            30.85763
          ],
          [
            76.99997,
            30.85754
          ],
          [
            76.99998,
            30.85747
          ],
          [
            77.00007,
            30.85734
          ],
          [
            77.00034,
            30.85713
          ],
          [
            77.00051,
            30.85694
          ],
          [
            77.00059,
            30.85682
          ],
          [
            77.00073,
            30.85668
          ],
          [
            77.00086,
            30.85661
          ],
          [
            77.00128,
            30.85651
          ],
          [
            77.00147,
            30.8564
          ],
          [
            77.00157,
            30.8563
          ],
          [
            77.00162,
            30.85621
          ],
          [
            77.00164,
            30.85607
          ],
          [
            77.00162,
            30.85588
          ],
          [
            77.00161,
            30.85545
          ],
          [
            77.00171,
            30.85477
          ],
          [
            77.00177,
            30.85457
          ],
          [
            77.00187,
            30.85436
          ],
          [
            77.00238,
            30.85371
          ],
          [
            77.00245,
            30.85359
          ],
          [
            77.00249,
            30.85341
          ],
          [
            77.00248,
            30.85329
          ],
          [
            77.00239,
            30.85305
          ],
          [
            77.00226,
            30.85293
          ],
          [
            77.00215,
            30.85286
          ],
          [
            77.00188,
            30.85271
          ],
          [
            77.00164,
            30.85263
          ],
          [
            77.00146,
            30.8526
          ],
          [
            77.00107,
            30.85258
          ],
          [
            77.00089,
            30.8526
          ],
          [
            77.00075,
            30.85264
          ],
          [
            77.00045,
            30.8528
          ],
          [
            77.00023,
            30.85286
          ],
          [
            77.00004,
            30.85289
          ],
          [
            76.99964,
            30.85286
          ],
          [
            76.99928,
            30.85274
          ],
          [
            76.99863,
            30.85231
          ],
          [
            76.99831,
            30.85207
          ],
          [
            76.99817,
            30.85194
          ],
          [
            76.99804,
            30.85174
          ],
          [
            76.9978,
            30.85126
          ],
          [
            76.99757,
            30.85087
          ],
          [
            76.99746,
            30.85077
          ],
          [
            76.99735,
            30.85069
          ],
          [
            76.99716,
            30.85061
          ],
          [
            76.9969,
            30.85056
          ],
          [
            76.99673,
            30.85056
          ],
          [
            76.99659,
            30.85059
          ],
          [
            76.99645,
            30.85065
          ],
          [
            76.99623,
            30.85078
          ],
          [
            76.99592,
            30.85102
          ],
          [
            76.99569,
            30.85114
          ],
          [
            76.9954,
            30.85125
          ],
          [
            76.99503,
            30.85137
          ],
          [
            76.99484,
            30.8514
          ],
          [
            76.99471,
            30.85135
          ],
          [
            76.99462,
            30.85128
          ],
          [
            76.99457,
            30.85118
          ],
          [
            76.99457,
            30.85107
          ],
          [
            76.99468,
            30.85091
          ],
          [
            76.9948,
            30.85078
          ],
          [
            76.99487,
            30.85066
          ],
          [
            76.99492,
            30.85038
          ],
          [
            76.99494,
            30.84988
          ],
          [
            76.99491,
            30.84972
          ],
          [
            76.99482,
            30.84945
          ],
          [
            76.99472,
            30.84895
          ],
          [
            76.99467,
            30.84883
          ],
          [
            76.9946,
            30.84872
          ],
          [
            76.99449,
            30.84863
          ],
          [
            76.99437,
            30.84855
          ],
          [
            76.99396,
            30.84841
          ],
          [
            76.99356,
            30.84829
          ],
          [
            76.99333,
            30.84817
          ],
          [
            76.99323,
            30.84804
          ],
          [
            76.9932,
            30.84795
          ],
          [
            76.9932,
            30.8478
          ],
          [
            76.99325,
            30.84771
          ],
          [
            76.99337,
            30.84765
          ],
          [
            76.99418,
            30.84738
          ],
          [
            76.99434,
            30.84732
          ],
          [
            76.99446,
            30.84723
          ],
          [
            76.99475,
            30.84683
          ],
          [
            76.99518,
            30.8465
          ],
          [
            76.9953,
            30.84626
          ],
          [
            76.99532,
            30.84613
          ],
          [
            76.99529,
            30.84598
          ],
          [
            76.99518,
            30.84578
          ],
          [
            76.99498,
            30.84549
          ],
          [
            76.99469,
            30.84525
          ],
          [
            76.9944,
            30.84494
          ],
          [
            76.99405,
            30.84462
          ],
          [
            76.99362,
            30.84418
          ],
          [
            76.99326,
            30.84394
          ],
          [
            76.99276,
            30.84369
          ],
          [
            76.99255,
            30.84365
          ],
          [
            76.99236,
            30.84366
          ],
          [
            76.99213,
            30.84374
          ],
          [
            76.99193,
            30.84384
          ],
          [
            76.99173,
            30.84389
          ],
          [
            76.99156,
            30.84387
          ],
          [
            76.99143,
            30.8438
          ],
          [
            76.99138,
            30.84368
          ],
          [
            76.99135,
            30.84356
          ],
          [
            76.99142,
            30.84339
          ],
          [
            76.99184,
            30.84284
          ],
          [
            76.99204,
            30.84264
          ],
          [
            76.99217,
            30.84249
          ],
          [
            76.9923,
            30.84237
          ],
          [
            76.99245,
            30.84231
          ],
          [
            76.9929,
            30.84217
          ],
          [
            76.99301,
            30.84208
          ],
          [
            76.99305,
            30.84192
          ],
          [
            76.99304,
            30.84181
          ],
          [
            76.99289,
            30.84162
          ],
          [
            76.9923,
            30.84099
          ],
          [
            76.99212,
            30.84083
          ],
          [
            76.99194,
            30.84073
          ],
          [
            76.99179,
            30.84068
          ],
          [
            76.99156,
            30.84065
          ],
          [
            76.99142,
            30.84064
          ],
          [
            76.99046,
            30.84077
          ],
          [
            76.99021,
            30.84077
          ],
          [
            76.99004,
            30.84072
          ],
          [
            76.9899,
            30.84065
          ],
          [
            76.98978,
            30.84056
          ],
          [
            76.98955,
            30.84031
          ],
          [
            76.98926,
            30.84004
          ],
          [
            76.98901,
            30.83978
          ],
          [
            76.98894,
            30.83966
          ],
          [
            76.9889,
            30.83951
          ],
          [
            76.98893,
            30.83938
          ],
          [
            76.98899,
            30.83924
          ],
          [
            76.98919,
            30.83877
          ],
          [
            76.98918,
            30.83866
          ],
          [
            76.9891,
            30.83854
          ],
          [
            76.98891,
            30.83841
          ],
          [
            76.98866,
            30.83827
          ],
          [
            76.98848,
            30.83814
          ],
          [
            76.98841,
            30.83803
          ],
          [
            76.9884,
            30.83788
          ],
          [
            76.98843,
            30.83767
          ],
          [
            76.98867,
            30.83678
          ],
          [
            76.98867,
            30.83664
          ],
          [
            76.98864,
            30.83652
          ],
          [
            76.98857,
            30.83642
          ],
          [
            76.98842,
            30.83631
          ],
          [
            76.9882,
            30.8362
          ],
          [
            76.98798,
            30.83611
          ],
          [
            76.98782,
            30.83609
          ],
          [
            76.98764,
            30.83608
          ],
          [
            76.98749,
            30.83612
          ],
          [
            76.98735,
            30.83624
          ],
          [
            76.98723,
            30.83644
          ],
          [
            76.98711,
            30.83656
          ],
          [
            76.9869,
            30.83664
          ],
          [
            76.98677,
            30.83664
          ],
          [
            76.98664,
            30.8366
          ],
          [
            76.98657,
            30.83655
          ],
          [
            76.98572,
            30.8355
          ],
          [
            76.98528,
            30.83517
          ],
          [
            76.98508,
            30.83504
          ],
          [
            76.98492,
            30.83499
          ],
          [
            76.98477,
            30.83499
          ],
          [
            76.98464,
            30.83502
          ],
          [
            76.98451,
            30.8351
          ],
          [
            76.98429,
            30.8354
          ],
          [
            76.98414,
            30.83555
          ],
          [
            76.98348,
            30.83591
          ],
          [
            76.98323,
            30.83602
          ],
          [
            76.98251,
            30.83627
          ],
          [
            76.98239,
            30.83629
          ],
          [
            76.98226,
            30.83628
          ],
          [
            76.98216,
            30.83624
          ],
          [
            76.98206,
            30.83618
          ],
          [
            76.98188,
            30.83599
          ],
          [
            76.9818,
            30.83596
          ],
          [
            76.98172,
            30.83594
          ],
          [
            76.98148,
            30.83595
          ],
          [
            76.98082,
            30.83607
          ],
          [
            76.98056,
            30.83609
          ],
          [
            76.98033,
            30.8361
          ],
          [
            76.97973,
            30.83608
          ],
          [
            76.97926,
            30.83614
          ],
          [
            76.97927,
            30.83621
          ],
          [
            76.97927,
            30.83626
          ],
          [
            76.97922,
            30.83631
          ],
          [
            76.97891,
            30.83647
          ],
          [
            76.97857,
            30.83664
          ],
          [
            76.97832,
            30.8367
          ],
          [
            76.97807,
            30.83668
          ],
          [
            76.97787,
            30.83663
          ],
          [
            76.9777,
            30.83654
          ],
          [
            76.97734,
            30.83639
          ],
          [
            76.97669,
            30.83631
          ],
          [
            76.97648,
            30.83633
          ],
          [
            76.97631,
            30.83644
          ],
          [
            76.97606,
            30.83673
          ],
          [
            76.97595,
            30.8369
          ],
          [
            76.97571,
            30.83708
          ],
          [
            76.97536,
            30.83721
          ],
          [
            76.97479,
            30.83733
          ],
          [
            76.9746,
            30.8374
          ],
          [
            76.97435,
            30.83779
          ],
          [
            76.97432,
            30.83793
          ],
          [
            76.97436,
            30.83808
          ],
          [
            76.9745,
            30.83823
          ],
          [
            76.97472,
            30.83852
          ],
          [
            76.97472,
            30.83866
          ],
          [
            76.97471,
            30.83872
          ],
          [
            76.97467,
            30.83878
          ],
          [
            76.97455,
            30.83885
          ],
          [
            76.97429,
            30.83892
          ],
          [
            76.97405,
            30.83897
          ],
          [
            76.97388,
            30.83897
          ],
          [
            76.97346,
            30.83881
          ],
          [
            76.97318,
            30.83856
          ],
          [
            76.97301,
            30.83847
          ],
          [
            76.9729,
            30.83844
          ],
          [
            76.97244,
            30.83841
          ],
          [
            76.97213,
            30.83842
          ],
          [
            76.97167,
            30.83852
          ],
          [
            76.97156,
            30.8386
          ],
          [
            76.97138,
            30.83867
          ],
          [
            76.97127,
            30.83867
          ],
          [
            76.97114,
            30.8386
          ],
          [
            76.97082,
            30.83792
          ],
          [
            76.97073,
            30.83784
          ],
          [
            76.9706,
            30.8378
          ],
          [
            76.97032,
            30.83791
          ],
          [
            76.97023,
            30.83797
          ],
          [
            76.97004,
            30.83808
          ],
          [
            76.96997,
            30.83808
          ],
          [
            76.96985,
            30.83804
          ],
          [
            76.96969,
            30.83785
          ],
          [
            76.96964,
            30.83746
          ],
          [
            76.96961,
            30.83733
          ],
          [
            76.96953,
            30.8372
          ],
          [
            76.96941,
            30.83712
          ],
          [
            76.96904,
            30.83702
          ],
          [
            76.96866,
            30.83692
          ],
          [
            76.96837,
            30.83694
          ],
          [
            76.96827,
            30.83699
          ],
          [
            76.96777,
            30.83746
          ],
          [
            76.96767,
            30.83763
          ],
          [
            76.9673,
            30.83845
          ],
          [
            76.96726,
            30.83861
          ],
          [
            76.96726,
            30.83873
          ],
          [
            76.9673,
            30.8389
          ],
          [
            76.96745,
            30.83931
          ],
          [
            76.96743,
            30.83942
          ],
          [
            76.96739,
            30.83947
          ],
          [
            76.96733,
            30.83951
          ],
          [
            76.96726,
            30.83953
          ],
          [
            76.96718,
            30.83953
          ],
          [
            76.96714,
            30.83952
          ],
          [
            76.96696,
            30.83938
          ],
          [
            76.96664,
            30.83906
          ],
          [
            76.96651,
            30.83889
          ],
          [
            76.96618,
            30.83841
          ],
          [
            76.96611,
            30.83827
          ],
          [
            76.96609,
            30.83804
          ],
          [
            76.9661,
            30.83791
          ],
          [
            76.96617,
            30.83762
          ],
          [
            76.96618,
            30.83747
          ],
          [
            76.96615,
            30.83731
          ],
          [
            76.96605,
            30.83718
          ],
          [
            76.96592,
            30.83707
          ],
          [
            76.96569,
            30.83694
          ],
          [
            76.96549,
            30.83687
          ],
          [
            76.9653,
            30.83687
          ],
          [
            76.96504,
            30.83694
          ],
          [
            76.96488,
            30.83698
          ],
          [
            76.96427,
            30.83716
          ],
          [
            76.96413,
            30.83724
          ],
          [
            76.96397,
            30.83738
          ],
          [
            76.96386,
            30.83749
          ],
          [
            76.96384,
            30.83765
          ],
          [
            76.96386,
            30.83771
          ],
          [
            76.96402,
            30.83787
          ],
          [
            76.96408,
            30.83804
          ],
          [
            76.96404,
            30.83817
          ],
          [
            76.96394,
            30.83827
          ],
          [
            76.96379,
            30.83834
          ],
          [
            76.96363,
            30.83834
          ],
          [
            76.96321,
            30.83823
          ],
          [
            76.963,
            30.83823
          ],
          [
            76.96281,
            30.83827
          ],
          [
            76.96255,
            30.83838
          ],
          [
            76.96207,
            30.83864
          ],
          [
            76.9619,
            30.83877
          ],
          [
            76.96183,
            30.83892
          ],
          [
            76.96181,
            30.83906
          ],
          [
            76.96184,
            30.83925
          ],
          [
            76.96183,
            30.83935
          ],
          [
            76.96175,
            30.83943
          ],
          [
            76.96162,
            30.83948
          ],
          [
            76.96082,
            30.83945
          ],
          [
            76.96052,
            30.83947
          ],
          [
            76.96031,
            30.83955
          ],
          [
            76.95996,
            30.83981
          ],
          [
            76.95974,
            30.83997
          ],
          [
            76.95951,
            30.84021
          ],
          [
            76.95934,
            30.84043
          ],
          [
            76.95918,
            30.84061
          ],
          [
            76.95898,
            30.84066
          ],
          [
            76.95845,
            30.84057
          ],
          [
            76.95813,
            30.84067
          ],
          [
            76.95775,
            30.84088
          ],
          [
            76.95749,
            30.84098
          ],
          [
            76.95719,
            30.84102
          ],
          [
            76.95688,
            30.84094
          ],
          [
            76.95638,
            30.84072
          ],
          [
            76.95585,
            30.84038
          ],
          [
            76.95494,
            30.83982
          ],
          [
            76.95449,
            30.83962
          ],
          [
            76.95374,
            30.83949
          ],
          [
            76.95353,
            30.83947
          ],
          [
            76.95333,
            30.83951
          ],
          [
            76.95313,
            30.83967
          ],
          [
            76.95292,
            30.8398
          ],
          [
            76.95249,
            30.83996
          ],
          [
            76.95222,
            30.84013
          ],
          [
            76.95209,
            30.84035
          ],
          [
            76.95202,
            30.84051
          ],
          [
            76.95184,
            30.84072
          ],
          [
            76.95166,
            30.84088
          ],
          [
            76.95159,
            30.84097
          ],
          [
            76.95154,
            30.84105
          ],
          [
            76.95147,
            30.84107
          ],
          [
            76.95137,
            30.84106
          ],
          [
            76.95128,
            30.84103
          ],
          [
            76.95108,
            30.84108
          ],
          [
            76.95055,
            30.84135
          ],
          [
            76.95036,
            30.84141
          ],
          [
            76.95016,
            30.84141
          ],
          [
            76.94999,
            30.84133
          ],
          [
            76.94972,
            30.84096
          ],
          [
            76.94959,
            30.84086
          ],
          [
            76.94944,
            30.84081
          ],
          [
            76.94926,
            30.84081
          ],
          [
            76.94917,
            30.84086
          ],
          [
            76.94905,
            30.84099
          ],
          [
            76.9489,
            30.84111
          ],
          [
            76.9487,
            30.84117
          ],
          [
            76.94845,
            30.8412
          ],
          [
            76.94826,
            30.84114
          ],
          [
            76.94809,
            30.84104
          ],
          [
            76.94792,
            30.84086
          ],
          [
            76.94773,
            30.84076
          ],
          [
            76.94746,
            30.84068
          ],
          [
            76.94689,
            30.84058
          ],
          [
            76.94664,
            30.84059
          ],
          [
            76.94634,
            30.84063
          ],
          [
            76.94584,
            30.84074
          ],
          [
            76.94567,
            30.84075
          ],
          [
            76.94548,
            30.84073
          ],
          [
            76.94504,
            30.84051
          ],
          [
            76.9448,
            30.84033
          ],
          [
            76.94458,
            30.83997
          ],
          [
            76.94431,
            30.83971
          ],
          [
            76.9441,
            30.83962
          ],
          [
            76.94369,
            30.8395
          ],
          [
            76.94316,
            30.83932
          ],
          [
            76.94293,
            30.8392
          ],
          [
            76.94271,
            30.83903
          ],
          [
            76.94261,
            30.83889
          ],
          [
            76.94248,
            30.83878
          ],
          [
            76.94237,
            30.83872
          ],
          [
            76.942,
            30.8388
          ],
          [
            76.94179,
            30.83878
          ],
          [
            76.94155,
            30.83871
          ],
          [
            76.94137,
            30.83875
          ],
          [
            76.94108,
            30.83892
          ],
          [
            76.9409,
            30.83897
          ],
          [
            76.94073,
            30.83891
          ],
          [
            76.94004,
            30.83803
          ],
          [
            76.9392,
            30.83687
          ],
          [
            76.93871,
            30.83624
          ],
          [
            76.93848,
            30.83599
          ],
          [
            76.93632,
            30.83398
          ],
          [
            76.93585,
            30.83355
          ],
          [
            76.93569,
            30.8334
          ],
          [
            76.93548,
            30.83322
          ],
          [
            76.93527,
            30.83301
          ],
          [
            76.9352,
            30.83294
          ],
          [
            76.93246,
            30.83036
          ],
          [
            76.93121,
            30.82919
          ],
          [
            76.93109,
            30.82908
          ],
          [
            76.93104,
            30.82904
          ],
          [
            76.93008,
            30.82815
          ],
          [
            76.92972,
            30.82791
          ],
          [
            76.92716,
            30.82677
          ],
          [
            76.92572,
            30.82609
          ],
          [
            76.92526,
            30.82583
          ],
          [
            76.92516,
            30.82573
          ],
          [
            76.92446,
            30.82508
          ],
          [
            76.92406,
            30.82452
          ],
          [
            76.92383,
            30.82414
          ],
          [
            76.9237,
            30.82386
          ],
          [
            76.92365,
            30.82377
          ],
          [
            76.92351,
            30.82335
          ],
          [
            76.92322,
            30.82225
          ],
          [
            76.92294,
            30.82172
          ],
          [
            76.92283,
            30.82156
          ],
          [
            76.92219,
            30.82057
          ],
          [
            76.92174,
            30.81987
          ],
          [
            76.92133,
            30.81919
          ],
          [
            76.92119,
            30.81894
          ],
          [
            76.92117,
            30.81889
          ],
          [
            76.92025,
            30.81731
          ],
          [
            76.92019,
            30.81721
          ],
          [
            76.91992,
            30.81684
          ],
          [
            76.91937,
            30.8161
          ],
          [
            76.919,
            30.8156
          ],
          [
            76.91894,
            30.8155
          ],
          [
            76.91889,
            30.81541
          ],
          [
            76.91872,
            30.81512
          ],
          [
            76.91865,
            30.81498
          ],
          [
            76.91841,
            30.81442
          ],
          [
            76.91818,
            30.8138
          ],
          [
            76.91776,
            30.81297
          ],
          [
            76.91765,
            30.81277
          ],
          [
            76.91758,
            30.8126
          ],
          [
            76.91752,
            30.81226
          ],
          [
            76.91728,
            30.81097
          ],
          [
            76.91711,
            30.81014
          ],
          [
            76.91696,
            30.80943
          ],
          [
            76.91664,
            30.80795
          ],
          [
            76.91657,
            30.80761
          ],
          [
            76.91635,
            30.80641
          ],
          [
            76.91617,
            30.80561
          ],
          [
            76.91604,
            30.80516
          ],
          [
            76.91565,
            30.80412
          ],
          [
            76.91548,
            30.80374
          ],
          [
            76.91485,
            30.80265
          ],
          [
            76.91475,
            30.8022
          ],
          [
            76.91473,
            30.80187
          ],
          [
            76.91478,
            30.79971
          ],
          [
            76.9148,
            30.79951
          ],
          [
            76.91483,
            30.79946
          ],
          [
            76.91488,
            30.79936
          ],
          [
            76.91494,
            30.79928
          ],
          [
            76.91507,
            30.79913
          ],
          [
            76.91586,
            30.7983
          ],
          [
            76.91595,
            30.79818
          ],
          [
            76.91617,
            30.79782
          ],
          [
            76.91643,
            30.79745
          ],
          [
            76.9165,
            30.79729
          ],
          [
            76.91655,
            30.79714
          ],
          [
            76.91662,
            30.79677
          ],
          [
            76.91659,
            30.79658
          ],
          [
            76.91651,
            30.79637
          ],
          [
            76.91614,
            30.79564
          ],
          [
            76.91609,
            30.79548
          ],
          [
            76.91605,
            30.79495
          ],
          [
            76.91602,
            30.79467
          ],
          [
            76.91578,
            30.794
          ],
          [
            76.91555,
            30.79351
          ],
          [
            76.91511,
            30.79286
          ],
          [
            76.91508,
            30.79271
          ],
          [
            76.91509,
            30.79232
          ],
          [
            76.91516,
            30.79215
          ],
          [
            76.91546,
            30.79123
          ],
          [
            76.91553,
            30.79109
          ],
          [
            76.9157,
            30.79062
          ],
          [
            76.91574,
            30.79061
          ],
          [
            76.91578,
            30.79058
          ],
          [
            76.91581,
            30.7905
          ],
          [
            76.91578,
            30.79042
          ],
          [
            76.91574,
            30.79039
          ],
          [
            76.9157,
            30.79025
          ],
          [
            76.91571,
            30.79013
          ],
          [
            76.91574,
            30.79002
          ],
          [
            76.91583,
            30.7899
          ],
          [
            76.91598,
            30.78982
          ],
          [
            76.91614,
            30.78972
          ],
          [
            76.91516,
            30.78818
          ],
          [
            76.91239,
            30.78336
          ],
          [
            76.90824,
            30.77527
          ],
          [
            76.90778,
            30.77412
          ],
          [
            76.90774,
            30.77395
          ],
          [
            76.90688,
            30.77045
          ],
          [
            76.9055,
            30.76473
          ],
          [
            76.90499,
            30.76265
          ],
          [
            76.90463,
            30.76114
          ],
          [
            76.90461,
            30.76083
          ],
          [
            76.90463,
            30.76052
          ],
          [
            76.90477,
            30.75974
          ],
          [
            76.9048,
            30.7593
          ],
          [
            76.9048,
            30.75875
          ],
          [
            76.90488,
            30.75695
          ],
          [
            76.90488,
            30.75645
          ],
          [
            76.90488,
            30.75568
          ],
          [
            76.90449,
            30.74857
          ],
          [
            76.90429,
            30.74767
          ],
          [
            76.90408,
            30.74695
          ],
          [
            76.90379,
            30.74625
          ],
          [
            76.90331,
            30.74538
          ],
          [
            76.90285,
            30.74458
          ],
          [
            76.90273,
            30.74438
          ],
          [
            76.90269,
            30.74432
          ],
          [
            76.90265,
            30.74427
          ],
          [
            76.90252,
            30.74408
          ],
          [
            76.90242,
            30.74393
          ],
          [
            76.90168,
            30.74308
          ],
          [
            76.90045,
            30.74167
          ],
          [
            76.89993,
            30.74107
          ],
          [
            76.8992,
            30.74015
          ],
          [
            76.89811,
            30.73878
          ],
          [
            76.89687,
            30.73732
          ],
          [
            76.89602,
            30.73633
          ],
          [
            76.8959,
            30.73594
          ],
          [
            76.89442,
            30.73353
          ],
          [
            76.89402,
            30.73297
          ],
          [
            76.89381,
            30.73274
          ],
          [
            76.89349,
            30.73237
          ],
          [
            76.89163,
            30.7304
          ],
          [
            76.89058,
            30.7291
          ],
          [
            76.89018,
            30.72859
          ],
          [
            76.88919,
            30.72731
          ],
          [
            76.8885,
            30.72641
          ],
          [
            76.88705,
            30.72467
          ],
          [
            76.88639,
            30.72395
          ],
          [
            76.88461,
            30.72208
          ],
          [
            76.8838,
            30.72121
          ],
          [
            76.88344,
            30.7208
          ],
          [
            76.8831,
            30.72036
          ],
          [
            76.88166,
            30.71851
          ],
          [
            76.88093,
            30.71771
          ],
          [
            76.879,
            30.7156
          ],
          [
            76.87742,
            30.71362
          ],
          [
            76.87618,
            30.71213
          ],
          [
            76.87595,
            30.71183
          ],
          [
            76.87545,
            30.71083
          ],
          [
            76.87463,
            30.70897
          ],
          [
            76.87413,
            30.70788
          ],
          [
            76.8735,
            30.70653
          ],
          [
            76.87304,
            30.70558
          ],
          [
            76.87261,
            30.70456
          ],
          [
            76.87222,
            30.7036
          ],
          [
            76.87194,
            30.70288
          ],
          [
            76.87175,
            30.70232
          ],
          [
            76.87172,
            30.70191
          ],
          [
            76.87174,
            30.70151
          ],
          [
            76.87177,
            30.70077
          ],
          [
            76.87185,
            30.70011
          ],
          [
            76.87191,
            30.69975
          ],
          [
            76.87192,
            30.69965
          ],
          [
            76.87192,
            30.69937
          ],
          [
            76.87191,
            30.69912
          ],
          [
            76.87181,
            30.69856
          ],
          [
            76.87163,
            30.69774
          ],
          [
            76.87144,
            30.69726
          ],
          [
            76.87132,
            30.69704
          ],
          [
            76.87092,
            30.69626
          ],
          [
            76.86859,
            30.69225
          ],
          [
            76.86811,
            30.69135
          ],
          [
            76.8673,
            30.68995
          ],
          [
            76.86725,
            30.68988
          ],
          [
            76.86691,
            30.68927
          ],
          [
            76.86679,
            30.68905
          ],
          [
            76.86654,
            30.68859
          ],
          [
            76.86631,
            30.68818
          ],
          [
            76.86476,
            30.68541
          ],
          [
            76.86451,
            30.68494
          ],
          [
            76.86438,
            30.68466
          ],
          [
            76.86433,
            30.68458
          ],
          [
            76.86416,
            30.68425
          ],
          [
            76.86343,
            30.68292
          ],
          [
            76.86307,
            30.6823
          ],
          [
            76.8629,
            30.682
          ],
          [
            76.86244,
            30.68127
          ],
          [
            76.86213,
            30.68079
          ],
          [
            76.86174,
            30.68023
          ],
          [
            76.85991,
            30.67774
          ],
          [
            76.85982,
            30.67763
          ],
          [
            76.8594,
            30.67713
          ],
          [
            76.85799,
            30.6756
          ],
          [
            76.85711,
            30.67475
          ],
          [
            76.85676,
            30.67444
          ],
          [
            76.85617,
            30.67393
          ],
          [
            76.85588,
            30.67367
          ],
          [
            76.85489,
            30.67277
          ],
          [
            76.85377,
            30.67172
          ],
          [
            76.85367,
            30.67164
          ],
          [
            76.85164,
            30.66987
          ],
          [
            76.84966,
            30.66811
          ],
          [
            76.8483,
            30.66689
          ],
          [
            76.84745,
            30.66615
          ],
          [
            76.84738,
            30.6662
          ],
          [
            76.84658,
            30.66551
          ],
          [
            76.84616,
            30.66511
          ],
          [
            76.84573,
            30.66471
          ],
          [
            76.84535,
            30.66438
          ],
          [
            76.84491,
            30.66409
          ],
          [
            76.84459,
            30.66392
          ],
          [
            76.84428,
            30.66378
          ],
          [
            76.84385,
            30.66364
          ],
          [
            76.84359,
            30.66357
          ],
          [
            76.84133,
            30.66307
          ],
          [
            76.83871,
            30.66253
          ],
          [
            76.83492,
            30.66165
          ],
          [
            76.83482,
            30.66163
          ],
          [
            76.82939,
            30.66041
          ],
          [
            76.82787,
            30.66012
          ],
          [
            76.82774,
            30.66009
          ],
          [
            76.82683,
            30.65988
          ],
          [
            76.82556,
            30.65957
          ],
          [
            76.8247,
            30.65936
          ],
          [
            76.82407,
            30.65922
          ],
          [
            76.82362,
            30.65912
          ],
          [
            76.82306,
            30.65903
          ],
          [
            76.82272,
            30.65895
          ],
          [
            76.82236,
            30.65884
          ],
          [
            76.82194,
            30.6587
          ],
          [
            76.82158,
            30.65856
          ],
          [
            76.82134,
            30.65842
          ],
          [
            76.82103,
            30.65815
          ],
          [
            76.82094,
            30.65796
          ],
          [
            76.82093,
            30.65767
          ],
          [
            76.8224,
            30.64396
          ],
          [
            76.82269,
            30.64099
          ],
          [
            76.82277,
            30.64015
          ],
          [
            76.82278,
            30.64011
          ],
          [
            76.82315,
            30.63622
          ],
          [
            76.8233,
            30.63465
          ],
          [
            76.82355,
            30.63209
          ],
          [
            76.8237,
            30.6304
          ],
          [
            76.82373,
            30.63007
          ],
          [
            76.82423,
            30.62472
          ],
          [
            76.82428,
            30.62416
          ],
          [
            76.82429,
            30.62405
          ],
          [
            76.82459,
            30.62075
          ],
          [
            76.82467,
            30.6204
          ],
          [
            76.82479,
            30.62005
          ],
          [
            76.82492,
            30.61978
          ],
          [
            76.82505,
            30.61956
          ],
          [
            76.82527,
            30.6193
          ],
          [
            76.82739,
            30.61709
          ],
          [
            76.82747,
            30.61701
          ],
          [
            76.82978,
            30.61453
          ],
          [
            76.83028,
            30.61399
          ],
          [
            76.83245,
            30.61177
          ],
          [
            76.8325,
            30.61172
          ],
          [
            76.836,
            30.6081
          ],
          [
            76.83785,
            30.60618
          ],
          [
            76.84237,
            30.60152
          ],
          [
            76.84452,
            30.59928
          ],
          [
            76.84586,
            30.59786
          ],
          [
            76.84611,
            30.59757
          ],
          [
            76.84636,
            30.59722
          ],
          [
            76.84653,
            30.59687
          ],
          [
            76.84662,
            30.59664
          ],
          [
            76.84674,
            30.59619
          ],
          [
            76.84676,
            30.59593
          ],
          [
            76.84672,
            30.59386
          ],
          [
            76.84673,
            30.59299
          ],
          [
            76.84671,
            30.59266
          ],
          [
            76.84671,
            30.59254
          ],
          [
            76.84672,
            30.59213
          ],
          [
            76.84675,
            30.59165
          ],
          [
            76.84714,
            30.5883
          ],
          [
            76.84711,
            30.58796
          ],
          [
            76.84704,
            30.5877
          ],
          [
            76.84694,
            30.58749
          ],
          [
            76.84678,
            30.58727
          ],
          [
            76.84655,
            30.58704
          ],
          [
            76.84581,
            30.58647
          ],
          [
            76.84557,
            30.58624
          ],
          [
            76.84535,
            30.58598
          ],
          [
            76.84511,
            30.58561
          ],
          [
            76.84421,
            30.58416
          ],
          [
            76.84279,
            30.58182
          ],
          [
            76.84274,
            30.58175
          ],
          [
            76.8407,
            30.57855
          ],
          [
            76.83938,
            30.57639
          ],
          [
            76.83928,
            30.57623
          ],
          [
            76.839,
            30.5758
          ],
          [
            76.83569,
            30.57135
          ],
          [
            76.83558,
            30.57122
          ],
          [
            76.83324,
            30.56807
          ],
          [
            76.83243,
            30.56695
          ],
          [
            76.83211,
            30.56653
          ],
          [
            76.83019,
            30.56396
          ],
          [
            76.82932,
            30.56274
          ],
          [
            76.82903,
            30.56224
          ],
          [
            76.82897,
            30.56217
          ],
          [
            76.82748,
            30.55894
          ],
          [
            76.82574,
            30.55505
          ],
          [
            76.82532,
            30.55416
          ],
          [
            76.82485,
            30.55317
          ],
          [
            76.82208,
            30.54696
          ],
          [
            76.82052,
            30.54356
          ],
          [
            76.8198,
            30.54198
          ],
          [
            76.81818,
            30.53841
          ],
          [
            76.81388,
            30.52914
          ],
          [
            76.81229,
            30.52552
          ],
          [
            76.81214,
            30.52518
          ],
          [
            76.81073,
            30.52202
          ],
          [
            76.81019,
            30.52083
          ],
          [
            76.80872,
            30.5176
          ],
          [
            76.80689,
            30.51344
          ],
          [
            76.80548,
            30.51024
          ],
          [
            76.80478,
            30.50866
          ],
          [
            76.8041,
            30.50714
          ],
          [
            76.80398,
            30.50684
          ],
          [
            76.80384,
            30.50634
          ],
          [
            76.80377,
            30.50589
          ],
          [
            76.80372,
            30.50495
          ],
          [
            76.80362,
            30.50214
          ],
          [
            76.80359,
            30.50141
          ],
          [
            76.80359,
            30.50133
          ],
          [
            76.80355,
            30.49936
          ],
          [
            76.80354,
            30.49913
          ],
          [
            76.80352,
            30.49807
          ],
          [
            76.80351,
            30.49739
          ],
          [
            76.80347,
            30.49596
          ],
          [
            76.8034,
            30.49567
          ],
          [
            76.80327,
            30.49529
          ],
          [
            76.80288,
            30.49453
          ],
          [
            76.80278,
            30.49435
          ],
          [
            76.80239,
            30.49361
          ],
          [
            76.80197,
            30.49287
          ],
          [
            76.79941,
            30.48836
          ],
          [
            76.7992,
            30.48796
          ],
          [
            76.79905,
            30.48761
          ],
          [
            76.7989,
            30.48719
          ],
          [
            76.79848,
            30.48513
          ],
          [
            76.79834,
            30.4847
          ],
          [
            76.79819,
            30.48431
          ],
          [
            76.79792,
            30.4837
          ],
          [
            76.79691,
            30.48131
          ],
          [
            76.79628,
            30.47984
          ],
          [
            76.79593,
            30.47897
          ],
          [
            76.79546,
            30.47786
          ],
          [
            76.79393,
            30.47426
          ],
          [
            76.79392,
            30.47424
          ],
          [
            76.79378,
            30.47392
          ],
          [
            76.79309,
            30.47233
          ],
          [
            76.79091,
            30.46727
          ],
          [
            76.79036,
            30.46594
          ],
          [
            76.79022,
            30.46562
          ],
          [
            76.78988,
            30.46478
          ],
          [
            76.78861,
            30.46171
          ],
          [
            76.78692,
            30.4576
          ],
          [
            76.78631,
            30.45618
          ],
          [
            76.78582,
            30.45503
          ],
          [
            76.78474,
            30.45248
          ],
          [
            76.78457,
            30.45206
          ],
          [
            76.78431,
            30.45145
          ],
          [
            76.78406,
            30.45088
          ],
          [
            76.78131,
            30.44459
          ],
          [
            76.78111,
            30.44401
          ],
          [
            76.78104,
            30.44374
          ],
          [
            76.78089,
            30.44296
          ],
          [
            76.78084,
            30.44267
          ],
          [
            76.78042,
            30.44051
          ],
          [
            76.78035,
            30.44007
          ],
          [
            76.7803,
            30.43984
          ],
          [
            76.77919,
            30.43429
          ],
          [
            76.77886,
            30.43269
          ],
          [
            76.7787,
            30.43193
          ],
          [
            76.77838,
            30.43024
          ],
          [
            76.77833,
            30.42989
          ],
          [
            76.77829,
            30.42947
          ],
          [
            76.77828,
            30.42911
          ],
          [
            76.77836,
            30.42841
          ],
          [
            76.77846,
            30.42796
          ],
          [
            76.77859,
            30.42754
          ],
          [
            76.77939,
            30.42543
          ],
          [
            76.77966,
            30.42475
          ],
          [
            76.77989,
            30.4241
          ],
          [
            76.78015,
            30.42342
          ],
          [
            76.78094,
            30.42128
          ],
          [
            76.78112,
            30.42081
          ],
          [
            76.78218,
            30.418
          ],
          [
            76.78224,
            30.41784
          ],
          [
            76.78233,
            30.41758
          ],
          [
            76.78241,
            30.41734
          ],
          [
            76.78247,
            30.41716
          ],
          [
            76.7826,
            30.41679
          ],
          [
            76.78283,
            30.41609
          ],
          [
            76.78291,
            30.4158
          ],
          [
            76.783,
            30.41549
          ],
          [
            76.78368,
            30.41352
          ],
          [
            76.78372,
            30.41339
          ],
          [
            76.78345,
            30.41338
          ],
          [
            76.78302,
            30.41334
          ],
          [
            76.78235,
            30.41329
          ],
          [
            76.78107,
            30.41322
          ],
          [
            76.77881,
            30.4131
          ],
          [
            76.77731,
            30.41309
          ],
          [
            76.77586,
            30.41314
          ],
          [
            76.77526,
            30.41311
          ],
          [
            76.77307,
            30.41289
          ],
          [
            76.77279,
            30.41285
          ],
          [
            76.7725,
            30.41279
          ],
          [
            76.77212,
            30.41269
          ],
          [
            76.77168,
            30.41252
          ],
          [
            76.77132,
            30.41236
          ],
          [
            76.76898,
            30.41121
          ],
          [
            76.76624,
            30.40995
          ],
          [
            76.76583,
            30.40977
          ],
          [
            76.76509,
            30.40949
          ],
          [
            76.76463,
            30.40936
          ],
          [
            76.76421,
            30.40927
          ],
          [
            76.76379,
            30.40921
          ],
          [
            76.76316,
            30.40915
          ],
          [
            76.76031,
            30.40898
          ],
          [
            76.75928,
            30.40891
          ],
          [
            76.7587,
            30.40886
          ],
          [
            76.7563,
            30.4086
          ],
          [
            76.75515,
            30.40853
          ],
          [
            76.75429,
            30.40851
          ],
          [
            76.74961,
            30.4085
          ],
          [
            76.74929,
            30.40847
          ],
          [
            76.74871,
            30.40839
          ],
          [
            76.74842,
            30.40832
          ],
          [
            76.74818,
            30.40823
          ],
          [
            76.74772,
            30.40801
          ],
          [
            76.74727,
            30.40771
          ],
          [
            76.74662,
            30.40721
          ],
          [
            76.74455,
            30.40567
          ],
          [
            76.74277,
            30.40432
          ],
          [
            76.74204,
            30.40373
          ],
          [
            76.74142,
            30.40313
          ],
          [
            76.7412,
            30.40291
          ],
          [
            76.74109,
            30.40279
          ],
          [
            76.74067,
            30.40225
          ],
          [
            76.7404,
            30.40184
          ],
          [
            76.74015,
            30.4014
          ],
          [
            76.73954,
            30.40007
          ],
          [
            76.73947,
            30.39992
          ],
          [
            76.73896,
            30.39876
          ],
          [
            76.73887,
            30.39855
          ],
          [
            76.73794,
            30.39635
          ],
          [
            76.73788,
            30.39622
          ],
          [
            76.73764,
            30.39574
          ],
          [
            76.7374,
            30.39531
          ],
          [
            76.73705,
            30.39472
          ],
          [
            76.73674,
            30.39417
          ],
          [
            76.73655,
            30.39374
          ],
          [
            76.73579,
            30.39155
          ],
          [
            76.73523,
            30.39006
          ],
          [
            76.73517,
            30.38987
          ],
          [
            76.73504,
            30.38923
          ],
          [
            76.73498,
            30.38865
          ],
          [
            76.73495,
            30.38655
          ],
          [
            76.73487,
            30.38147
          ],
          [
            76.73487,
            30.38128
          ],
          [
            76.73482,
            30.37789
          ],
          [
            76.73482,
            30.3777
          ],
          [
            76.73478,
            30.37526
          ],
          [
            76.7347,
            30.37317
          ],
          [
            76.73465,
            30.36897
          ],
          [
            76.73458,
            30.36797
          ],
          [
            76.73439,
            30.36625
          ],
          [
            76.7343,
            30.36537
          ],
          [
            76.73408,
            30.36381
          ],
          [
            76.7339,
            30.36231
          ],
          [
            76.73378,
            30.36141
          ],
          [
            76.73365,
            30.36045
          ],
          [
            76.73346,
            30.35927
          ],
          [
            76.73293,
            30.35675
          ],
          [
            76.73245,
            30.35466
          ],
          [
            76.73158,
            30.35109
          ],
          [
            76.73134,
            30.35002
          ],
          [
            76.73052,
            30.34753
          ],
          [
            76.72986,
            30.34556
          ],
          [
            76.7298,
            30.3454
          ],
          [
            76.72917,
            30.34352
          ],
          [
            76.72904,
            30.3431
          ],
          [
            76.72895,
            30.34264
          ],
          [
            76.72891,
            30.34238
          ],
          [
            76.72891,
            30.34194
          ],
          [
            76.72892,
            30.34165
          ],
          [
            76.72898,
            30.3413
          ],
          [
            76.72918,
            30.34047
          ],
          [
            76.72938,
            30.33968
          ],
          [
            76.72945,
            30.33936
          ],
          [
            76.7295,
            30.33902
          ],
          [
            76.72951,
            30.33874
          ],
          [
            76.7295,
            30.33843
          ],
          [
            76.72948,
            30.33827
          ],
          [
            76.72941,
            30.33795
          ],
          [
            76.7293,
            30.33765
          ],
          [
            76.72905,
            30.33714
          ],
          [
            76.72788,
            30.33524
          ],
          [
            76.72758,
            30.33473
          ],
          [
            76.72676,
            30.3332
          ],
          [
            76.72369,
            30.3274
          ],
          [
            76.72362,
            30.32726
          ],
          [
            76.72309,
            30.32624
          ],
          [
            76.72294,
            30.32595
          ],
          [
            76.72276,
            30.32554
          ],
          [
            76.72264,
            30.32518
          ],
          [
            76.72254,
            30.3248
          ],
          [
            76.72245,
            30.32421
          ],
          [
            76.72242,
            30.32396
          ],
          [
            76.72239,
            30.32378
          ],
          [
            76.72208,
            30.32118
          ],
          [
            76.72201,
            30.32059
          ],
          [
            76.72197,
            30.31944
          ],
          [
            76.72196,
            30.31879
          ],
          [
            76.72179,
            30.31011
          ],
          [
            76.72179,
            30.30979
          ],
          [
            76.72181,
            30.30943
          ],
          [
            76.72187,
            30.30902
          ],
          [
            76.722,
            30.30858
          ],
          [
            76.72214,
            30.3082
          ],
          [
            76.72243,
            30.30742
          ],
          [
            76.72256,
            30.30696
          ],
          [
            76.72257,
            30.30689
          ],
          [
            76.72263,
            30.30648
          ],
          [
            76.72264,
            30.30615
          ],
          [
            76.7226,
            30.30561
          ],
          [
            76.72253,
            30.3053
          ],
          [
            76.72243,
            30.30499
          ],
          [
            76.72232,
            30.30463
          ],
          [
            76.72181,
            30.30312
          ],
          [
            76.72085,
            30.30033
          ],
          [
            76.71954,
            30.29648
          ],
          [
            76.71841,
            30.29325
          ],
          [
            76.7178,
            30.29152
          ],
          [
            76.71695,
            30.28903
          ],
          [
            76.7169,
            30.28887
          ],
          [
            76.71674,
            30.28822
          ],
          [
            76.71673,
            30.28783
          ],
          [
            76.71675,
            30.28754
          ],
          [
            76.71679,
            30.28729
          ],
          [
            76.71686,
            30.28703
          ],
          [
            76.71697,
            30.28675
          ],
          [
            76.71713,
            30.28643
          ],
          [
            76.71744,
            30.28587
          ],
          [
            76.71795,
            30.28494
          ],
          [
            76.71834,
            30.28421
          ],
          [
            76.71844,
            30.28397
          ],
          [
            76.71852,
            30.28373
          ],
          [
            76.71857,
            30.28347
          ],
          [
            76.71861,
            30.28318
          ],
          [
            76.71863,
            30.28265
          ],
          [
            76.71857,
            30.28027
          ],
          [
            76.71855,
            30.27966
          ],
          [
            76.71852,
            30.27912
          ],
          [
            76.71849,
            30.27882
          ],
          [
            76.71841,
            30.27846
          ],
          [
            76.71828,
            30.27808
          ],
          [
            76.71817,
            30.27785
          ],
          [
            76.71794,
            30.27747
          ],
          [
            76.71772,
            30.27719
          ],
          [
            76.71744,
            30.27688
          ],
          [
            76.71542,
            30.27491
          ],
          [
            76.71517,
            30.27465
          ],
          [
            76.71508,
            30.27455
          ],
          [
            76.71485,
            30.27427
          ],
          [
            76.71456,
            30.27378
          ],
          [
            76.71449,
            30.27363
          ],
          [
            76.71436,
            30.27327
          ],
          [
            76.71426,
            30.27276
          ],
          [
            76.71246,
            30.25986
          ],
          [
            76.71244,
            30.25968
          ],
          [
            76.71167,
            30.25436
          ],
          [
            76.71133,
            30.25215
          ],
          [
            76.71093,
            30.25036
          ],
          [
            76.71019,
            30.24754
          ],
          [
            76.70973,
            30.24574
          ],
          [
            76.70933,
            30.24418
          ],
          [
            76.70922,
            30.24363
          ],
          [
            76.70891,
            30.24222
          ],
          [
            76.70864,
            30.24106
          ],
          [
            76.70812,
            30.23897
          ],
          [
            76.70809,
            30.23882
          ],
          [
            76.70785,
            30.23785
          ],
          [
            76.7073,
            30.23583
          ],
          [
            76.70706,
            30.23486
          ],
          [
            76.70695,
            30.23445
          ],
          [
            76.70685,
            30.23388
          ],
          [
            76.70681,
            30.23352
          ],
          [
            76.7068,
            30.233
          ],
          [
            76.70687,
            30.23192
          ],
          [
            76.70723,
            30.22783
          ],
          [
            76.70725,
            30.22744
          ],
          [
            76.70723,
            30.22701
          ],
          [
            76.70712,
            30.22633
          ],
          [
            76.70637,
            30.22238
          ],
          [
            76.70631,
            30.22209
          ],
          [
            76.70615,
            30.22117
          ],
          [
            76.70612,
            30.22076
          ],
          [
            76.70613,
            30.22034
          ],
          [
            76.70622,
            30.21985
          ],
          [
            76.70652,
            30.21885
          ],
          [
            76.70703,
            30.2172
          ],
          [
            76.7071,
            30.21698
          ],
          [
            76.70748,
            30.21565
          ],
          [
            76.70793,
            30.21416
          ],
          [
            76.70797,
            30.21395
          ],
          [
            76.70799,
            30.2137
          ],
          [
            76.70795,
            30.21344
          ],
          [
            76.70788,
            30.21321
          ],
          [
            76.70776,
            30.21297
          ],
          [
            76.70764,
            30.2128
          ],
          [
            76.70743,
            30.21259
          ],
          [
            76.70705,
            30.21231
          ],
          [
            76.70585,
            30.2115
          ],
          [
            76.70526,
            30.21104
          ],
          [
            76.7046,
            30.21044
          ],
          [
            76.70352,
            30.20942
          ],
          [
            76.70323,
            30.20911
          ],
          [
            76.70299,
            30.2088
          ],
          [
            76.70277,
            30.20848
          ],
          [
            76.70252,
            30.20798
          ],
          [
            76.70239,
            30.20761
          ],
          [
            76.70231,
            30.20728
          ],
          [
            76.70226,
            30.20695
          ],
          [
            76.70225,
            30.20673
          ],
          [
            76.70229,
            30.20619
          ],
          [
            76.70236,
            30.20579
          ],
          [
            76.70246,
            30.20544
          ],
          [
            76.70277,
            30.20461
          ],
          [
            76.70403,
            30.2013
          ],
          [
            76.70428,
            30.20068
          ],
          [
            76.70538,
            30.19832
          ],
          [
            76.70549,
            30.19806
          ],
          [
            76.70565,
            30.19767
          ],
          [
            76.70574,
            30.19733
          ],
          [
            76.70581,
            30.19701
          ],
          [
            76.70584,
            30.19685
          ],
          [
            76.70587,
            30.19657
          ],
          [
            76.7059,
            30.196
          ],
          [
            76.7059,
            30.19587
          ],
          [
            76.70589,
            30.19512
          ],
          [
            76.70587,
            30.19472
          ],
          [
            76.70577,
            30.19396
          ],
          [
            76.70551,
            30.19292
          ],
          [
            76.70516,
            30.19209
          ],
          [
            76.70495,
            30.19162
          ],
          [
            76.70448,
            30.19073
          ],
          [
            76.70418,
            30.19022
          ],
          [
            76.70376,
            30.18942
          ],
          [
            76.70195,
            30.18575
          ],
          [
            76.69844,
            30.17872
          ],
          [
            76.69763,
            30.17713
          ],
          [
            76.69748,
            30.17683
          ],
          [
            76.6973,
            30.17648
          ],
          [
            76.69601,
            30.17397
          ],
          [
            76.69502,
            30.17203
          ],
          [
            76.69488,
            30.17175
          ],
          [
            76.69405,
            30.16994
          ],
          [
            76.69376,
            30.16931
          ],
          [
            76.69357,
            30.1689
          ],
          [
            76.69165,
            30.16509
          ],
          [
            76.69051,
            30.16279
          ],
          [
            76.68823,
            30.15812
          ],
          [
            76.68767,
            30.15696
          ],
          [
            76.68732,
            30.15625
          ],
          [
            76.68636,
            30.1543
          ],
          [
            76.68557,
            30.15269
          ],
          [
            76.68543,
            30.1524
          ],
          [
            76.68512,
            30.15175
          ],
          [
            76.68494,
            30.15139
          ],
          [
            76.68423,
            30.14996
          ],
          [
            76.68394,
            30.14938
          ],
          [
            76.68351,
            30.1485
          ],
          [
            76.68321,
            30.14791
          ],
          [
            76.68308,
            30.14765
          ],
          [
            76.68288,
            30.14724
          ],
          [
            76.68151,
            30.14455
          ],
          [
            76.68133,
            30.14419
          ],
          [
            76.68038,
            30.14232
          ],
          [
            76.67942,
            30.14024
          ],
          [
            76.67923,
            30.13971
          ],
          [
            76.67908,
            30.13911
          ],
          [
            76.679,
            30.13852
          ],
          [
            76.67899,
            30.1383
          ],
          [
            76.67898,
            30.13785
          ],
          [
            76.67897,
            30.13696
          ],
          [
            76.679,
            30.13432
          ],
          [
            76.679,
            30.13412
          ],
          [
            76.679,
            30.13158
          ],
          [
            76.67904,
            30.13069
          ],
          [
            76.6791,
            30.13021
          ],
          [
            76.67943,
            30.12765
          ],
          [
            76.67945,
            30.12723
          ],
          [
            76.67941,
            30.1258
          ],
          [
            76.67938,
            30.12435
          ],
          [
            76.67938,
            30.12422
          ],
          [
            76.67938,
            30.12091
          ],
          [
            76.67937,
            30.11983
          ],
          [
            76.67931,
            30.11443
          ],
          [
            76.67931,
            30.11418
          ],
          [
            76.6793,
            30.11331
          ],
          [
            76.67927,
            30.11294
          ],
          [
            76.67922,
            30.11253
          ],
          [
            76.67914,
            30.11212
          ],
          [
            76.679,
            30.1116
          ],
          [
            76.67884,
            30.11114
          ],
          [
            76.67863,
            30.11066
          ],
          [
            76.67834,
            30.11013
          ],
          [
            76.67801,
            30.10966
          ],
          [
            76.67771,
            30.10928
          ],
          [
            76.6774,
            30.10894
          ],
          [
            76.67706,
            30.10863
          ],
          [
            76.67693,
            30.10851
          ],
          [
            76.67653,
            30.1082
          ],
          [
            76.67608,
            30.10788
          ],
          [
            76.67558,
            30.10759
          ],
          [
            76.6753,
            30.10745
          ],
          [
            76.67481,
            30.10722
          ],
          [
            76.67454,
            30.10712
          ],
          [
            76.67396,
            30.10693
          ],
          [
            76.67325,
            30.10674
          ],
          [
            76.6722,
            30.10648
          ],
          [
            76.67199,
            30.10643
          ],
          [
            76.67154,
            30.1063
          ],
          [
            76.67113,
            30.10615
          ],
          [
            76.67075,
            30.10598
          ],
          [
            76.67036,
            30.10578
          ],
          [
            76.66994,
            30.10552
          ],
          [
            76.6696,
            30.10527
          ],
          [
            76.66919,
            30.10493
          ],
          [
            76.66908,
            30.10481
          ],
          [
            76.66896,
            30.10468
          ],
          [
            76.66871,
            30.1044
          ],
          [
            76.66832,
            30.10387
          ],
          [
            76.66802,
            30.10334
          ],
          [
            76.66788,
            30.103
          ],
          [
            76.66782,
            30.10283
          ],
          [
            76.66769,
            30.10241
          ],
          [
            76.66762,
            30.10204
          ],
          [
            76.66757,
            30.10171
          ],
          [
            76.66755,
            30.10131
          ],
          [
            76.66755,
            30.10116
          ],
          [
            76.66753,
            30.09998
          ],
          [
            76.66751,
            30.09853
          ],
          [
            76.6675,
            30.09838
          ],
          [
            76.66748,
            30.09672
          ],
          [
            76.66747,
            30.09599
          ],
          [
            76.66747,
            30.09583
          ],
          [
            76.66745,
            30.09439
          ],
          [
            76.66744,
            30.09365
          ],
          [
            76.66744,
            30.09349
          ],
          [
            76.66742,
            30.09201
          ],
          [
            76.66742,
            30.09184
          ],
          [
            76.66741,
            30.09125
          ],
          [
            76.66739,
            30.08958
          ],
          [
            76.66739,
            30.08943
          ],
          [
            76.66737,
            30.08807
          ],
          [
            76.66733,
            30.08463
          ],
          [
            76.66733,
            30.08447
          ],
          [
            76.66733,
            30.08421
          ],
          [
            76.6673,
            30.08154
          ],
          [
            76.6673,
            30.08097
          ],
          [
            76.66732,
            30.08075
          ],
          [
            76.6674,
            30.08036
          ],
          [
            76.66746,
            30.08019
          ],
          [
            76.66761,
            30.07987
          ],
          [
            76.66787,
            30.07945
          ],
          [
            76.66797,
            30.0793
          ],
          [
            76.66912,
            30.07756
          ],
          [
            76.66935,
            30.07711
          ],
          [
            76.66953,
            30.07662
          ],
          [
            76.66963,
            30.07616
          ],
          [
            76.66967,
            30.07572
          ],
          [
            76.66968,
            30.07519
          ],
          [
            76.66974,
            30.07356
          ],
          [
            76.66974,
            30.07351
          ],
          [
            76.66972,
            30.07301
          ],
          [
            76.66966,
            30.07261
          ],
          [
            76.66953,
            30.07222
          ],
          [
            76.66945,
            30.07203
          ],
          [
            76.66924,
            30.07163
          ],
          [
            76.66911,
            30.07145
          ],
          [
            76.66884,
            30.07115
          ],
          [
            76.66857,
            30.07091
          ],
          [
            76.66819,
            30.07062
          ],
          [
            76.66805,
            30.07052
          ],
          [
            76.66165,
            30.06584
          ],
          [
            76.65824,
            30.06332
          ],
          [
            76.65726,
            30.06261
          ],
          [
            76.65629,
            30.06189
          ],
          [
            76.65436,
            30.06054
          ],
          [
            76.6524,
            30.05918
          ],
          [
            76.65192,
            30.05884
          ],
          [
            76.65171,
            30.05869
          ],
          [
            76.65145,
            30.05851
          ],
          [
            76.6514,
            30.05848
          ],
          [
            76.65124,
            30.05837
          ],
          [
            76.65095,
            30.05815
          ],
          [
            76.65059,
            30.05791
          ],
          [
            76.65039,
            30.05771
          ],
          [
            76.65022,
            30.0575
          ],
          [
            76.65012,
            30.05733
          ],
          [
            76.64998,
            30.057
          ],
          [
            76.64994,
            30.05676
          ],
          [
            76.64992,
            30.0566
          ],
          [
            76.64995,
            30.05614
          ],
          [
            76.64997,
            30.05579
          ],
          [
            76.65003,
            30.0549
          ],
          [
            76.65055,
            30.04852
          ],
          [
            76.65056,
            30.04843
          ],
          [
            76.65072,
            30.04658
          ],
          [
            76.651,
            30.04316
          ],
          [
            76.65101,
            30.04292
          ],
          [
            76.65104,
            30.04185
          ],
          [
            76.65094,
            30.03606
          ],
          [
            76.65093,
            30.0359
          ],
          [
            76.65089,
            30.03442
          ],
          [
            76.65089,
            30.03142
          ],
          [
            76.6508,
            30.02718
          ],
          [
            76.65071,
            30.02521
          ],
          [
            76.6507,
            30.02499
          ],
          [
            76.65067,
            30.02334
          ],
          [
            76.65066,
            30.02315
          ],
          [
            76.65067,
            30.02118
          ],
          [
            76.65058,
            30.01752
          ],
          [
            76.65058,
            30.01735
          ],
          [
            76.65047,
            30.01422
          ],
          [
            76.65047,
            30.01408
          ],
          [
            76.65042,
            30.01057
          ],
          [
            76.6503,
            30.00675
          ],
          [
            76.65022,
            30.00328
          ],
          [
            76.65022,
            30.00314
          ],
          [
            76.65009,
            29.99751
          ],
          [
            76.65,
            29.99528
          ],
          [
            76.64993,
            29.99428
          ],
          [
            76.64949,
            29.98924
          ],
          [
            76.64947,
            29.98904
          ],
          [
            76.64929,
            29.98689
          ],
          [
            76.64927,
            29.98671
          ],
          [
            76.64913,
            29.98487
          ],
          [
            76.64879,
            29.98111
          ],
          [
            76.64877,
            29.98083
          ],
          [
            76.64806,
            29.97279
          ],
          [
            76.6479,
            29.97083
          ],
          [
            76.64786,
            29.97007
          ],
          [
            76.64785,
            29.96977
          ],
          [
            76.64783,
            29.96775
          ],
          [
            76.64785,
            29.96624
          ],
          [
            76.64785,
            29.96549
          ],
          [
            76.64786,
            29.96527
          ],
          [
            76.64787,
            29.96421
          ],
          [
            76.64787,
            29.96405
          ],
          [
            76.64795,
            29.95988
          ],
          [
            76.64795,
            29.95967
          ],
          [
            76.64797,
            29.9569
          ],
          [
            76.64801,
            29.95497
          ],
          [
            76.64801,
            29.95485
          ],
          [
            76.64805,
            29.95249
          ],
          [
            76.64805,
            29.95211
          ],
          [
            76.6481,
            29.94899
          ],
          [
            76.6481,
            29.94878
          ],
          [
            76.64817,
            29.94403
          ],
          [
            76.64817,
            29.94387
          ],
          [
            76.64823,
            29.93975
          ],
          [
            76.64823,
            29.93961
          ],
          [
            76.64834,
            29.93233
          ],
          [
            76.64834,
            29.93219
          ],
          [
            76.64838,
            29.92911
          ],
          [
            76.64836,
            29.92833
          ],
          [
            76.64832,
            29.92715
          ],
          [
            76.64803,
            29.92235
          ],
          [
            76.64802,
            29.92216
          ],
          [
            76.64786,
            29.9196
          ],
          [
            76.64785,
            29.91942
          ],
          [
            76.64746,
            29.91315
          ],
          [
            76.64744,
            29.9124
          ],
          [
            76.64744,
            29.91174
          ],
          [
            76.64745,
            29.91107
          ],
          [
            76.64745,
            29.91039
          ],
          [
            76.64741,
            29.90956
          ],
          [
            76.6474,
            29.9094
          ],
          [
            76.64737,
            29.90898
          ],
          [
            76.64726,
            29.90811
          ],
          [
            76.6471,
            29.90678
          ],
          [
            76.647,
            29.90589
          ],
          [
            76.64675,
            29.90176
          ],
          [
            76.64674,
            29.9016
          ],
          [
            76.64623,
            29.89332
          ],
          [
            76.64615,
            29.89227
          ],
          [
            76.64606,
            29.89048
          ],
          [
            76.64604,
            29.89022
          ],
          [
            76.64585,
            29.88721
          ],
          [
            76.64584,
            29.88702
          ],
          [
            76.64554,
            29.88225
          ],
          [
            76.64544,
            29.88086
          ],
          [
            76.64538,
            29.88039
          ],
          [
            76.64536,
            29.88022
          ],
          [
            76.64531,
            29.87972
          ],
          [
            76.64505,
            29.87812
          ],
          [
            76.64502,
            29.87796
          ],
          [
            76.64388,
            29.87258
          ],
          [
            76.64311,
            29.869
          ],
          [
            76.64298,
            29.86841
          ],
          [
            76.64259,
            29.86652
          ],
          [
            76.64256,
            29.8664
          ],
          [
            76.64204,
            29.86391
          ],
          [
            76.64184,
            29.86295
          ],
          [
            76.6417,
            29.86231
          ],
          [
            76.64166,
            29.86214
          ],
          [
            76.64154,
            29.86157
          ],
          [
            76.64148,
            29.86128
          ],
          [
            76.64118,
            29.8599
          ],
          [
            76.64105,
            29.85934
          ],
          [
            76.64063,
            29.85738
          ],
          [
            76.64038,
            29.85623
          ],
          [
            76.64015,
            29.85511
          ],
          [
            76.63994,
            29.85429
          ],
          [
            76.6399,
            29.85415
          ],
          [
            76.63949,
            29.85295
          ],
          [
            76.63927,
            29.85236
          ],
          [
            76.63893,
            29.85157
          ],
          [
            76.63824,
            29.85015
          ],
          [
            76.63752,
            29.84877
          ],
          [
            76.63739,
            29.84854
          ],
          [
            76.62391,
            29.82298
          ],
          [
            76.62384,
            29.82284
          ],
          [
            76.62137,
            29.81813
          ],
          [
            76.62085,
            29.81713
          ],
          [
            76.61785,
            29.81091
          ],
          [
            76.61778,
            29.81075
          ],
          [
            76.61598,
            29.80702
          ],
          [
            76.60975,
            29.79405
          ],
          [
            76.60949,
            29.7935
          ],
          [
            76.60232,
            29.77859
          ],
          [
            76.60118,
            29.77622
          ],
          [
            76.601,
            29.77583
          ],
          [
            76.59985,
            29.77344
          ],
          [
            76.59942,
            29.77254
          ],
          [
            76.59928,
            29.77225
          ],
          [
            76.59854,
            29.77071
          ],
          [
            76.59837,
            29.77038
          ],
          [
            76.59474,
            29.76282
          ],
          [
            76.59385,
            29.76094
          ],
          [
            76.59299,
            29.75899
          ],
          [
            76.59191,
            29.75659
          ],
          [
            76.59005,
            29.75238
          ],
          [
            76.58997,
            29.7522
          ],
          [
            76.58645,
            29.74432
          ],
          [
            76.58355,
            29.73775
          ],
          [
            76.58343,
            29.73749
          ],
          [
            76.58317,
            29.73688
          ],
          [
            76.58208,
            29.73457
          ],
          [
            76.5795,
            29.72879
          ],
          [
            76.57883,
            29.72711
          ],
          [
            76.57845,
            29.72598
          ],
          [
            76.57796,
            29.72427
          ],
          [
            76.5757,
            29.71626
          ],
          [
            76.57448,
            29.71198
          ],
          [
            76.57439,
            29.71167
          ],
          [
            76.57186,
            29.70248
          ],
          [
            76.56942,
            29.69407
          ],
          [
            76.56936,
            29.69381
          ],
          [
            76.56834,
            29.68968
          ],
          [
            76.56784,
            29.68719
          ],
          [
            76.56616,
            29.67952
          ],
          [
            76.566,
            29.6788
          ],
          [
            76.5655,
            29.67644
          ],
          [
            76.56382,
            29.66877
          ],
          [
            76.5632,
            29.66633
          ],
          [
            76.56302,
            29.66548
          ],
          [
            76.56227,
            29.66238
          ],
          [
            76.56069,
            29.65599
          ],
          [
            76.56064,
            29.6558
          ],
          [
            76.55675,
            29.63983
          ],
          [
            76.55643,
            29.63798
          ],
          [
            76.55602,
            29.63462
          ],
          [
            76.55555,
            29.63194
          ],
          [
            76.55548,
            29.63147
          ],
          [
            76.5546,
            29.62455
          ],
          [
            76.55407,
            29.6223
          ],
          [
            76.5532,
            29.6192
          ],
          [
            76.55283,
            29.61762
          ],
          [
            76.55171,
            29.61308
          ],
          [
            76.55162,
            29.61266
          ],
          [
            76.55107,
            29.61009
          ],
          [
            76.55082,
            29.60896
          ],
          [
            76.54904,
            29.60111
          ],
          [
            76.54867,
            29.59926
          ],
          [
            76.54844,
            29.59635
          ],
          [
            76.54679,
            29.58023
          ],
          [
            76.54659,
            29.57858
          ],
          [
            76.54627,
            29.57709
          ],
          [
            76.54572,
            29.57551
          ],
          [
            76.54453,
            29.57293
          ],
          [
            76.54161,
            29.56721
          ],
          [
            76.53923,
            29.56246
          ],
          [
            76.53777,
            29.55947
          ],
          [
            76.53684,
            29.55763
          ],
          [
            76.53636,
            29.55659
          ],
          [
            76.53606,
            29.55589
          ],
          [
            76.53592,
            29.55553
          ],
          [
            76.53532,
            29.55407
          ],
          [
            76.53452,
            29.55194
          ],
          [
            76.5344,
            29.55161
          ],
          [
            76.53304,
            29.54785
          ],
          [
            76.53268,
            29.54685
          ],
          [
            76.53193,
            29.54499
          ],
          [
            76.52961,
            29.53826
          ],
          [
            76.52612,
            29.527
          ],
          [
            76.52514,
            29.52424
          ],
          [
            76.52172,
            29.51365
          ],
          [
            76.52036,
            29.50962
          ],
          [
            76.51957,
            29.50743
          ],
          [
            76.51777,
            29.5021
          ],
          [
            76.5164,
            29.49794
          ],
          [
            76.5154,
            29.49491
          ],
          [
            76.51499,
            29.49348
          ],
          [
            76.514,
            29.49046
          ],
          [
            76.51384,
            29.4899
          ],
          [
            76.51368,
            29.48935
          ],
          [
            76.51351,
            29.48865
          ],
          [
            76.51249,
            29.48537
          ],
          [
            76.51236,
            29.48492
          ],
          [
            76.51144,
            29.48166
          ],
          [
            76.51127,
            29.48105
          ],
          [
            76.51106,
            29.4803
          ],
          [
            76.5098,
            29.47577
          ],
          [
            76.50666,
            29.46531
          ],
          [
            76.5066,
            29.46513
          ],
          [
            76.50393,
            29.45599
          ],
          [
            76.50212,
            29.44977
          ],
          [
            76.50177,
            29.44848
          ],
          [
            76.50056,
            29.44446
          ],
          [
            76.49984,
            29.44213
          ],
          [
            76.49978,
            29.44192
          ],
          [
            76.49885,
            29.43886
          ],
          [
            76.4988,
            29.43872
          ],
          [
            76.49619,
            29.43019
          ],
          [
            76.49538,
            29.42723
          ],
          [
            76.49371,
            29.4201
          ],
          [
            76.49283,
            29.41645
          ],
          [
            76.49135,
            29.41012
          ],
          [
            76.49132,
            29.40999
          ],
          [
            76.49016,
            29.40507
          ],
          [
            76.49044,
            29.40447
          ],
          [
            76.49075,
            29.40416
          ],
          [
            76.49207,
            29.40323
          ],
          [
            76.49244,
            29.40278
          ],
          [
            76.49262,
            29.40215
          ],
          [
            76.49253,
            29.40135
          ],
          [
            76.49158,
            29.39976
          ],
          [
            76.49147,
            29.39945
          ],
          [
            76.49152,
            29.39906
          ],
          [
            76.49174,
            29.39837
          ],
          [
            76.49325,
            29.39617
          ],
          [
            76.49701,
            29.39024
          ],
          [
            76.49717,
            29.39001
          ],
          [
            76.49895,
            29.38723
          ],
          [
            76.50209,
            29.38216
          ],
          [
            76.50243,
            29.38161
          ],
          [
            76.50375,
            29.37948
          ],
          [
            76.50813,
            29.37282
          ],
          [
            76.50851,
            29.37225
          ],
          [
            76.51239,
            29.36635
          ],
          [
            76.51255,
            29.3661
          ],
          [
            76.51465,
            29.36293
          ],
          [
            76.51516,
            29.36207
          ],
          [
            76.51547,
            29.36156
          ],
          [
            76.52032,
            29.35412
          ],
          [
            76.52149,
            29.35228
          ],
          [
            76.5225,
            29.35061
          ],
          [
            76.5226,
            29.35042
          ],
          [
            76.52409,
            29.34768
          ],
          [
            76.52415,
            29.34753
          ],
          [
            76.52509,
            29.3454
          ],
          [
            76.52518,
            29.34518
          ],
          [
            76.52622,
            29.34249
          ],
          [
            76.52631,
            29.34224
          ],
          [
            76.52957,
            29.33324
          ],
          [
            76.52967,
            29.33297
          ],
          [
            76.52985,
            29.33245
          ],
          [
            76.52994,
            29.33222
          ],
          [
            76.53122,
            29.32862
          ],
          [
            76.53264,
            29.32476
          ],
          [
            76.53268,
            29.32466
          ],
          [
            76.5334,
            29.32265
          ],
          [
            76.53349,
            29.32238
          ],
          [
            76.53464,
            29.31908
          ],
          [
            76.53473,
            29.31883
          ],
          [
            76.53723,
            29.31164
          ],
          [
            76.53814,
            29.30907
          ],
          [
            76.53883,
            29.30578
          ],
          [
            76.53914,
            29.30246
          ],
          [
            76.53927,
            29.30169
          ],
          [
            76.53991,
            29.29978
          ],
          [
            76.54124,
            29.2976
          ],
          [
            76.54139,
            29.29728
          ],
          [
            76.54215,
            29.29601
          ],
          [
            76.54325,
            29.29425
          ],
          [
            76.54702,
            29.28818
          ],
          [
            76.54704,
            29.28814
          ],
          [
            76.56769,
            29.25492
          ],
          [
            76.56872,
            29.25316
          ],
          [
            76.56991,
            29.25138
          ],
          [
            76.57274,
            29.2466
          ],
          [
            76.57511,
            29.24285
          ],
          [
            76.57606,
            29.24127
          ],
          [
            76.5762,
            29.24103
          ],
          [
            76.57667,
            29.24025
          ],
          [
            76.5782,
            29.23804
          ],
          [
            76.58021,
            29.23552
          ],
          [
            76.5813,
            29.23473
          ],
          [
            76.58332,
            29.23365
          ],
          [
            76.59244,
            29.22952
          ],
          [
            76.59278,
            29.22937
          ],
          [
            76.59319,
            29.22919
          ],
          [
            76.59681,
            29.22763
          ],
          [
            76.59802,
            29.22703
          ],
          [
            76.59919,
            29.22632
          ],
          [
            76.60003,
            29.22557
          ],
          [
            76.60077,
            29.2248
          ],
          [
            76.6012,
            29.22428
          ],
          [
            76.60152,
            29.22374
          ],
          [
            76.60179,
            29.22298
          ],
          [
            76.60195,
            29.22217
          ],
          [
            76.602,
            29.22133
          ],
          [
            76.60197,
            29.22071
          ],
          [
            76.6019,
            29.22002
          ],
          [
            76.60186,
            29.21943
          ],
          [
            76.60154,
            29.21645
          ],
          [
            76.60131,
            29.2138
          ],
          [
            76.60102,
            29.21142
          ],
          [
            76.60096,
            29.21088
          ],
          [
            76.6003,
            29.20537
          ],
          [
            76.60029,
            29.20527
          ],
          [
            76.60021,
            29.20459
          ],
          [
            76.60036,
            29.20337
          ],
          [
            76.60066,
            29.20184
          ],
          [
            76.6016,
            29.19988
          ],
          [
            76.60407,
            29.19599
          ],
          [
            76.60414,
            29.19588
          ],
          [
            76.60599,
            29.19297
          ],
          [
            76.60734,
            29.19102
          ],
          [
            76.60923,
            29.18784
          ],
          [
            76.60976,
            29.18694
          ],
          [
            76.6105,
            29.1855
          ],
          [
            76.61116,
            29.18389
          ],
          [
            76.61207,
            29.18052
          ],
          [
            76.61365,
            29.17562
          ],
          [
            76.61488,
            29.17315
          ],
          [
            76.61628,
            29.17128
          ],
          [
            76.61788,
            29.16958
          ],
          [
            76.6202,
            29.16801
          ],
          [
            76.62164,
            29.16697
          ],
          [
            76.62254,
            29.16605
          ],
          [
            76.62359,
            29.16472
          ],
          [
            76.6284,
            29.15691
          ],
          [
            76.63639,
            29.14398
          ],
          [
            76.63746,
            29.14254
          ],
          [
            76.63821,
            29.14153
          ],
          [
            76.64017,
            29.13918
          ],
          [
            76.64867,
            29.12995
          ],
          [
            76.64868,
            29.12994
          ],
          [
            76.64877,
            29.12984
          ],
          [
            76.64878,
            29.12983
          ],
          [
            76.65219,
            29.12613
          ],
          [
            76.65326,
            29.12498
          ],
          [
            76.65328,
            29.12496
          ],
          [
            76.65336,
            29.12488
          ],
          [
            76.65419,
            29.12399
          ],
          [
            76.65529,
            29.12266
          ],
          [
            76.65633,
            29.12082
          ],
          [
            76.65698,
            29.1187
          ],
          [
            76.65769,
            29.11504
          ],
          [
            76.65853,
            29.11111
          ],
          [
            76.65874,
            29.11063
          ],
          [
            76.65878,
            29.11055
          ],
          [
            76.65884,
            29.11041
          ],
          [
            76.65885,
            29.11038
          ],
          [
            76.65954,
            29.10881
          ],
          [
            76.66109,
            29.10666
          ],
          [
            76.66197,
            29.10553
          ],
          [
            76.66362,
            29.10319
          ],
          [
            76.66531,
            29.09992
          ],
          [
            76.66589,
            29.09851
          ],
          [
            76.66607,
            29.09809
          ],
          [
            76.66841,
            29.09245
          ],
          [
            76.67008,
            29.08847
          ],
          [
            76.67019,
            29.08824
          ],
          [
            76.67114,
            29.0858
          ],
          [
            76.67145,
            29.08498
          ],
          [
            76.67207,
            29.0826
          ],
          [
            76.67219,
            29.08113
          ],
          [
            76.67231,
            29.07941
          ],
          [
            76.67231,
            29.07928
          ],
          [
            76.67236,
            29.0774
          ],
          [
            76.67238,
            29.07574
          ],
          [
            76.6726,
            29.07391
          ],
          [
            76.67333,
            29.07218
          ],
          [
            76.67396,
            29.07105
          ],
          [
            76.67527,
            29.06963
          ],
          [
            76.67722,
            29.06786
          ],
          [
            76.67838,
            29.0665
          ],
          [
            76.67906,
            29.06579
          ],
          [
            76.68056,
            29.06426
          ],
          [
            76.68143,
            29.0633
          ],
          [
            76.68184,
            29.06285
          ],
          [
            76.68209,
            29.06254
          ],
          [
            76.68276,
            29.06153
          ],
          [
            76.68288,
            29.06132
          ],
          [
            76.68327,
            29.06065
          ],
          [
            76.68345,
            29.06025
          ],
          [
            76.68393,
            29.05923
          ],
          [
            76.68411,
            29.05865
          ],
          [
            76.6847,
            29.05734
          ],
          [
            76.68522,
            29.0564
          ],
          [
            76.6857,
            29.05546
          ],
          [
            76.68581,
            29.05528
          ],
          [
            76.69352,
            29.04292
          ],
          [
            76.69365,
            29.0427
          ],
          [
            76.69893,
            29.03412
          ],
          [
            76.70043,
            29.03171
          ],
          [
            76.70051,
            29.03158
          ],
          [
            76.70324,
            29.02721
          ],
          [
            76.70419,
            29.02554
          ],
          [
            76.70535,
            29.02387
          ],
          [
            76.71052,
            29.0169
          ],
          [
            76.71246,
            29.01407
          ],
          [
            76.71258,
            29.01391
          ],
          [
            76.71343,
            29.01276
          ],
          [
            76.71414,
            29.01178
          ],
          [
            76.71718,
            29.00764
          ],
          [
            76.72037,
            29.00315
          ],
          [
            76.72311,
            28.99947
          ],
          [
            76.72319,
            28.99937
          ],
          [
            76.72421,
            28.998
          ],
          [
            76.72639,
            28.99494
          ],
          [
            76.72646,
            28.99485
          ],
          [
            76.72979,
            28.99017
          ],
          [
            76.73135,
            28.98804
          ],
          [
            76.73139,
            28.98799
          ],
          [
            76.73444,
            28.98383
          ],
          [
            76.73455,
            28.98368
          ],
          [
            76.73749,
            28.97963
          ],
          [
            76.74147,
            28.97441
          ],
          [
            76.74299,
            28.97256
          ],
          [
            76.74307,
            28.97247
          ],
          [
            76.74519,
            28.97015
          ],
          [
            76.74934,
            28.96609
          ],
          [
            76.74943,
            28.966
          ],
          [
            76.75427,
            28.96144
          ],
          [
            76.75906,
            28.95673
          ],
          [
            76.75915,
            28.95665
          ],
          [
            76.76222,
            28.95364
          ],
          [
            76.76242,
            28.9534
          ],
          [
            76.76252,
            28.95329
          ],
          [
            76.76294,
            28.95279
          ],
          [
            76.7654,
            28.94989
          ],
          [
            76.76622,
            28.94873
          ],
          [
            76.76629,
            28.94861
          ],
          [
            76.76704,
            28.94758
          ],
          [
            76.7684,
            28.94543
          ],
          [
            76.7704,
            28.94248
          ],
          [
            76.77884,
            28.9298
          ],
          [
            76.77993,
            28.92787
          ],
          [
            76.78152,
            28.92505
          ],
          [
            76.7818,
            28.92455
          ],
          [
            76.78869,
            28.91231
          ],
          [
            76.78872,
            28.91225
          ],
          [
            76.79166,
            28.90701
          ],
          [
            76.79169,
            28.90696
          ],
          [
            76.79174,
            28.90687
          ],
          [
            76.79266,
            28.90525
          ],
          [
            76.81188,
            28.87108
          ],
          [
            76.81194,
            28.87097
          ],
          [
            76.81417,
            28.86701
          ],
          [
            76.81486,
            28.86561
          ],
          [
            76.81577,
            28.86381
          ],
          [
            76.81802,
            28.85924
          ],
          [
            76.82846,
            28.83799
          ],
          [
            76.82907,
            28.83675
          ],
          [
            76.83047,
            28.83437
          ],
          [
            76.83224,
            28.83247
          ],
          [
            76.83434,
            28.82905
          ],
          [
            76.83554,
            28.82688
          ],
          [
            76.83628,
            28.82633
          ],
          [
            76.83694,
            28.82591
          ],
          [
            76.83784,
            28.82466
          ],
          [
            76.83797,
            28.8246
          ],
          [
            76.83961,
            28.82384
          ],
          [
            76.84083,
            28.82324
          ],
          [
            76.84089,
            28.8232
          ],
          [
            76.84098,
            28.82314
          ],
          [
            76.84707,
            28.81898
          ],
          [
            76.84718,
            28.8189
          ],
          [
            76.8498,
            28.81711
          ],
          [
            76.84991,
            28.81703
          ],
          [
            76.85381,
            28.8143
          ],
          [
            76.85411,
            28.8141
          ],
          [
            76.85609,
            28.81266
          ],
          [
            76.85641,
            28.81239
          ],
          [
            76.85884,
            28.81056
          ],
          [
            76.86102,
            28.80861
          ],
          [
            76.86175,
            28.80808
          ],
          [
            76.86186,
            28.808
          ],
          [
            76.86915,
            28.80307
          ],
          [
            76.86925,
            28.803
          ],
          [
            76.87789,
            28.79784
          ],
          [
            76.87963,
            28.79737
          ],
          [
            76.88006,
            28.79732
          ],
          [
            76.88095,
            28.79738
          ],
          [
            76.88149,
            28.79756
          ],
          [
            76.88178,
            28.79779
          ],
          [
            76.88215,
            28.79823
          ],
          [
            76.88274,
            28.79881
          ],
          [
            76.8836,
            28.80002
          ],
          [
            76.88365,
            28.80009
          ],
          [
            76.88434,
            28.80097
          ],
          [
            76.88488,
            28.80157
          ],
          [
            76.88731,
            28.80414
          ],
          [
            76.88939,
            28.80626
          ],
          [
            76.89038,
            28.80731
          ],
          [
            76.89053,
            28.80748
          ],
          [
            76.89432,
            28.81139
          ],
          [
            76.89436,
            28.81143
          ],
          [
            76.89659,
            28.81371
          ],
          [
            76.89817,
            28.81538
          ],
          [
            76.89821,
            28.81543
          ],
          [
            76.90158,
            28.8189
          ],
          [
            76.90167,
            28.81899
          ],
          [
            76.90441,
            28.82159
          ],
          [
            76.90446,
            28.82163
          ],
          [
            76.90792,
            28.8247
          ],
          [
            76.91114,
            28.8276
          ],
          [
            76.91208,
            28.82839
          ],
          [
            76.91421,
            28.83014
          ],
          [
            76.91432,
            28.83022
          ],
          [
            76.9201,
            28.83493
          ],
          [
            76.92025,
            28.83505
          ],
          [
            76.92534,
            28.83922
          ],
          [
            76.92544,
            28.83931
          ],
          [
            76.931,
            28.84383
          ],
          [
            76.93106,
            28.84387
          ],
          [
            76.93261,
            28.84515
          ],
          [
            76.93267,
            28.8452
          ],
          [
            76.93784,
            28.84943
          ],
          [
            76.93789,
            28.84947
          ],
          [
            76.94033,
            28.85164
          ],
          [
            76.94106,
            28.85232
          ],
          [
            76.94112,
            28.85237
          ],
          [
            76.94421,
            28.85523
          ],
          [
            76.94462,
            28.85561
          ],
          [
            76.94804,
            28.85867
          ],
          [
            76.94857,
            28.85934
          ],
          [
            76.95106,
            28.86195
          ],
          [
            76.95116,
            28.86211
          ],
          [
            76.95121,
            28.86227
          ],
          [
            76.95118,
            28.86249
          ],
          [
            76.95107,
            28.86268
          ],
          [
            76.95089,
            28.86278
          ],
          [
            76.95068,
            28.86283
          ],
          [
            76.95043,
            28.8628
          ],
          [
            76.95026,
            28.86271
          ],
          [
            76.95018,
            28.86264
          ],
          [
            76.95006,
            28.86244
          ],
          [
            76.94963,
            28.86163
          ],
          [
            76.9493,
            28.86109
          ],
          [
            76.94897,
            28.86071
          ],
          [
            76.94397,
            28.85615
          ],
          [
            76.94356,
            28.85578
          ],
          [
            76.94406,
            28.85554
          ],
          [
            76.94415,
            28.85549
          ],
          [
            76.94551,
            28.85479
          ],
          [
            76.94583,
            28.85461
          ],
          [
            76.94617,
            28.85437
          ],
          [
            76.94795,
            28.85283
          ],
          [
            76.94844,
            28.85241
          ],
          [
            76.9489,
            28.85201
          ],
          [
            76.94903,
            28.85192
          ],
          [
            76.9499,
            28.85135
          ],
          [
            76.95072,
            28.85089
          ],
          [
            76.95244,
            28.84993
          ],
          [
            76.95331,
            28.84944
          ],
          [
            76.95525,
            28.84835
          ],
          [
            76.95669,
            28.84755
          ],
          [
            76.95682,
            28.84748
          ],
          [
            76.95693,
            28.84741
          ],
          [
            76.95739,
            28.84716
          ],
          [
            76.9589,
            28.84632
          ],
          [
            76.96004,
            28.84568
          ],
          [
            76.96026,
            28.84554
          ],
          [
            76.96085,
            28.84514
          ],
          [
            76.96136,
            28.84472
          ],
          [
            76.96158,
            28.84451
          ],
          [
            76.96163,
            28.84445
          ],
          [
            76.96171,
            28.84434
          ],
          [
            76.96203,
            28.84398
          ],
          [
            76.96222,
            28.84374
          ],
          [
            76.9625,
            28.84341
          ],
          [
            76.96285,
            28.84301
          ],
          [
            76.96322,
            28.84257
          ],
          [
            76.96353,
            28.8422
          ],
          [
            76.96398,
            28.84167
          ],
          [
            76.96812,
            28.83689
          ],
          [
            76.96823,
            28.83676
          ],
          [
            76.96835,
            28.83659
          ],
          [
            76.96895,
            28.83592
          ],
          [
            76.96924,
            28.83557
          ],
          [
            76.96934,
            28.83546
          ],
          [
            76.96997,
            28.8347
          ],
          [
            76.97062,
            28.83402
          ],
          [
            76.97073,
            28.8339
          ],
          [
            76.97116,
            28.83362
          ],
          [
            76.97155,
            28.83341
          ],
          [
            76.97237,
            28.83312
          ],
          [
            76.97242,
            28.83309
          ],
          [
            76.97377,
            28.83261
          ],
          [
            76.97582,
            28.83179
          ],
          [
            76.97615,
            28.83164
          ],
          [
            76.97639,
            28.83151
          ],
          [
            76.97717,
            28.83099
          ],
          [
            76.9774,
            28.83087
          ],
          [
            76.97815,
            28.83042
          ],
          [
            76.97844,
            28.83027
          ],
          [
            76.97875,
            28.83015
          ],
          [
            76.97912,
            28.83004
          ],
          [
            76.97925,
            28.83002
          ],
          [
            76.98002,
            28.83
          ],
          [
            76.98037,
            28.83
          ],
          [
            76.98053,
            28.83001
          ],
          [
            76.98068,
            28.83002
          ],
          [
            76.98088,
            28.83002
          ],
          [
            76.9811,
            28.83001
          ],
          [
            76.98166,
            28.82999
          ],
          [
            76.9819,
            28.82997
          ],
          [
            76.98208,
            28.82995
          ],
          [
            76.98233,
            28.82992
          ],
          [
            76.9826,
            28.8299
          ],
          [
            76.98263,
            28.8299
          ],
          [
            76.98275,
            28.82988
          ],
          [
            76.98293,
            28.82985
          ],
          [
            76.98336,
            28.82982
          ],
          [
            76.98417,
            28.82971
          ],
          [
            76.98432,
            28.8297
          ],
          [
            76.98455,
            28.82967
          ],
          [
            76.98517,
            28.82961
          ],
          [
            76.98584,
            28.82952
          ],
          [
            76.98645,
            28.82946
          ],
          [
            76.98673,
            28.82949
          ],
          [
            76.98711,
            28.82945
          ],
          [
            76.98744,
            28.82939
          ],
          [
            76.98793,
            28.82925
          ],
          [
            76.98838,
            28.8291
          ],
          [
            76.9885,
            28.82906
          ],
          [
            76.98877,
            28.82897
          ],
          [
            76.9897,
            28.82865
          ],
          [
            76.98984,
            28.82859
          ],
          [
            76.98996,
            28.82851
          ],
          [
            76.99007,
            28.82841
          ],
          [
            76.99014,
            28.82832
          ],
          [
            76.99032,
            28.828
          ],
          [
            76.9905,
            28.82757
          ],
          [
            76.99065,
            28.82719
          ],
          [
            76.99072,
            28.82691
          ],
          [
            76.99076,
            28.82669
          ],
          [
            76.99077,
            28.82657
          ],
          [
            76.99078,
            28.82621
          ],
          [
            76.99079,
            28.8258
          ],
          [
            76.99084,
            28.82527
          ],
          [
            76.99104,
            28.82448
          ],
          [
            76.99113,
            28.82422
          ],
          [
            76.99122,
            28.82402
          ],
          [
            76.99139,
            28.8238
          ],
          [
            76.99153,
            28.82367
          ],
          [
            76.9917,
            28.82354
          ],
          [
            76.99228,
            28.82319
          ],
          [
            76.99273,
            28.82292
          ],
          [
            76.99275,
            28.82287
          ],
          [
            76.99277,
            28.82287
          ],
          [
            76.993,
            28.82276
          ],
          [
            76.99319,
            28.82266
          ],
          [
            76.99337,
            28.82256
          ],
          [
            76.99371,
            28.82239
          ],
          [
            76.99414,
            28.82217
          ],
          [
            76.99435,
            28.82204
          ],
          [
            76.99449,
            28.82195
          ],
          [
            76.99509,
            28.8215
          ],
          [
            76.99525,
            28.82137
          ],
          [
            76.99543,
            28.82124
          ],
          [
            76.99564,
            28.82111
          ],
          [
            76.99607,
            28.82089
          ],
          [
            76.99621,
            28.82084
          ],
          [
            76.99726,
            28.82047
          ],
          [
            76.99751,
            28.82038
          ],
          [
            76.99756,
            28.82038
          ],
          [
            76.99867,
            28.82
          ],
          [
            77.00018,
            28.81951
          ],
          [
            77.00041,
            28.81945
          ],
          [
            77.00061,
            28.8194
          ],
          [
            77.00172,
            28.8192
          ],
          [
            77.00188,
            28.81915
          ],
          [
            77.00206,
            28.81908
          ],
          [
            77.00233,
            28.81891
          ],
          [
            77.00283,
            28.81857
          ],
          [
            77.00412,
            28.81788
          ],
          [
            77.00445,
            28.81766
          ],
          [
            77.00489,
            28.81744
          ],
          [
            77.00611,
            28.81701
          ],
          [
            77.00621,
            28.81698
          ],
          [
            77.00656,
            28.81687
          ],
          [
            77.00659,
            28.81684
          ],
          [
            77.00682,
            28.81674
          ],
          [
            77.00698,
            28.81666
          ],
          [
            77.00738,
            28.81644
          ],
          [
            77.00756,
            28.8162
          ],
          [
            77.00775,
            28.81591
          ],
          [
            77.00791,
            28.81554
          ],
          [
            77.00796,
            28.81531
          ],
          [
            77.00801,
            28.81483
          ],
          [
            77.00797,
            28.81436
          ],
          [
            77.00798,
            28.81387
          ],
          [
            77.00803,
            28.8137
          ],
          [
            77.00813,
            28.81344
          ],
          [
            77.00831,
            28.81322
          ],
          [
            77.00839,
            28.81315
          ],
          [
            77.00857,
            28.81303
          ],
          [
            77.00886,
            28.81283
          ],
          [
            77.00897,
            28.81277
          ],
          [
            77.00935,
            28.81257
          ],
          [
            77.00959,
            28.81243
          ],
          [
            77.00994,
            28.81224
          ],
          [
            77.01043,
            28.81197
          ],
          [
            77.01049,
            28.81194
          ],
          [
            77.01082,
            28.81176
          ],
          [
            77.01091,
            28.81171
          ],
          [
            77.01239,
            28.81094
          ],
          [
            77.01242,
            28.81093
          ],
          [
            77.01249,
            28.81091
          ],
          [
            77.01284,
            28.81061
          ],
          [
            77.01371,
            28.80977
          ],
          [
            77.01399,
            28.80952
          ],
          [
            77.01425,
            28.80933
          ],
          [
            77.01455,
            28.80917
          ],
          [
            77.01482,
            28.80905
          ],
          [
            77.01592,
            28.80863
          ],
          [
            77.01706,
            28.80828
          ],
          [
            77.01753,
            28.80817
          ],
          [
            77.01862,
            28.80793
          ],
          [
            77.01907,
            28.80781
          ],
          [
            77.02012,
            28.80734
          ],
          [
            77.02073,
            28.80716
          ],
          [
            77.02219,
            28.80685
          ],
          [
            77.02273,
            28.80669
          ],
          [
            77.0232,
            28.80656
          ],
          [
            77.02386,
            28.80637
          ],
          [
            77.02419,
            28.80627
          ],
          [
            77.02441,
            28.80621
          ],
          [
            77.02474,
            28.8061
          ],
          [
            77.02549,
            28.80585
          ],
          [
            77.02573,
            28.80575
          ],
          [
            77.026,
            28.80561
          ],
          [
            77.02682,
            28.80506
          ],
          [
            77.02748,
            28.80461
          ],
          [
            77.02817,
            28.80409
          ],
          [
            77.02864,
            28.80366
          ],
          [
            77.02892,
            28.80341
          ],
          [
            77.0292,
            28.80315
          ],
          [
            77.0294,
            28.80297
          ],
          [
            77.02988,
            28.80259
          ],
          [
            77.03002,
            28.8025
          ],
          [
            77.03033,
            28.80234
          ],
          [
            77.03046,
            28.80229
          ],
          [
            77.03071,
            28.80222
          ],
          [
            77.03104,
            28.80218
          ],
          [
            77.03141,
            28.80213
          ],
          [
            77.0317,
            28.8021
          ],
          [
            77.03228,
            28.80204
          ],
          [
            77.03234,
            28.80204
          ],
          [
            77.03252,
            28.80203
          ],
          [
            77.03297,
            28.80199
          ],
          [
            77.03364,
            28.8019
          ],
          [
            77.03384,
            28.80185
          ],
          [
            77.03396,
            28.8018
          ],
          [
            77.03415,
            28.80172
          ],
          [
            77.03429,
            28.80166
          ],
          [
            77.0346,
            28.80145
          ],
          [
            77.03483,
            28.80129
          ],
          [
            77.03498,
            28.80113
          ],
          [
            77.03516,
            28.80087
          ],
          [
            77.03531,
            28.80061
          ],
          [
            77.03538,
            28.80043
          ],
          [
            77.03544,
            28.80017
          ],
          [
            77.03544,
            28.80009
          ],
          [
            77.03536,
            28.79974
          ],
          [
            77.03533,
            28.79964
          ],
          [
            77.03519,
            28.79915
          ],
          [
            77.03514,
            28.79886
          ],
          [
            77.03513,
            28.79873
          ],
          [
            77.03516,
            28.7984
          ],
          [
            77.03515,
            28.79816
          ],
          [
            77.03513,
            28.79783
          ],
          [
            77.03513,
            28.79772
          ],
          [
            77.03513,
            28.79766
          ],
          [
            77.03513,
            28.79761
          ],
          [
            77.03519,
            28.79744
          ],
          [
            77.03544,
            28.79691
          ],
          [
            77.0358,
            28.79616
          ],
          [
            77.03619,
            28.79534
          ],
          [
            77.03667,
            28.79432
          ],
          [
            77.03675,
            28.79418
          ],
          [
            77.03685,
            28.79403
          ],
          [
            77.03692,
            28.79393
          ],
          [
            77.03694,
            28.7939
          ],
          [
            77.03746,
            28.79329
          ],
          [
            77.03757,
            28.79315
          ],
          [
            77.03767,
            28.79301
          ],
          [
            77.0385,
            28.79183
          ],
          [
            77.0387,
            28.79153
          ],
          [
            77.03878,
            28.79139
          ],
          [
            77.03884,
            28.79129
          ],
          [
            77.03893,
            28.79115
          ],
          [
            77.03895,
            28.7911
          ],
          [
            77.0392,
            28.79026
          ],
          [
            77.0394,
            28.78984
          ],
          [
            77.04111,
            28.78633
          ],
          [
            77.04218,
            28.78428
          ],
          [
            77.04304,
            28.78246
          ],
          [
            77.04341,
            28.78169
          ],
          [
            77.04374,
            28.78095
          ],
          [
            77.04393,
            28.78056
          ],
          [
            77.04401,
            28.78039
          ],
          [
            77.04398,
            28.78031
          ],
          [
            77.04397,
            28.78003
          ],
          [
            77.04398,
            28.77987
          ],
          [
            77.04401,
            28.77968
          ],
          [
            77.04405,
            28.77956
          ],
          [
            77.04409,
            28.77946
          ],
          [
            77.04469,
            28.77849
          ],
          [
            77.04484,
            28.77825
          ],
          [
            77.04535,
            28.77745
          ],
          [
            77.04578,
            28.77705
          ],
          [
            77.04681,
            28.77612
          ],
          [
            77.04707,
            28.77586
          ],
          [
            77.04725,
            28.77566
          ],
          [
            77.04751,
            28.77525
          ],
          [
            77.04819,
            28.77405
          ],
          [
            77.0483,
            28.77382
          ],
          [
            77.04833,
            28.77366
          ],
          [
            77.04848,
            28.77327
          ],
          [
            77.04857,
            28.77309
          ],
          [
            77.0486,
            28.77301
          ],
          [
            77.04883,
            28.7726
          ],
          [
            77.04889,
            28.77246
          ],
          [
            77.04915,
            28.77186
          ],
          [
            77.0492,
            28.77168
          ],
          [
            77.04923,
            28.77131
          ],
          [
            77.04927,
            28.77117
          ],
          [
            77.04933,
            28.77106
          ],
          [
            77.04935,
            28.77103
          ],
          [
            77.04949,
            28.77092
          ],
          [
            77.04964,
            28.77076
          ],
          [
            77.04967,
            28.77072
          ],
          [
            77.04969,
            28.77061
          ],
          [
            77.0497,
            28.77049
          ],
          [
            77.04966,
            28.76993
          ],
          [
            77.0496,
            28.76968
          ],
          [
            77.04935,
            28.76895
          ],
          [
            77.04933,
            28.76881
          ],
          [
            77.04926,
            28.76815
          ],
          [
            77.04927,
            28.76797
          ],
          [
            77.04933,
            28.76783
          ],
          [
            77.04939,
            28.76777
          ],
          [
            77.04943,
            28.76772
          ],
          [
            77.04986,
            28.76741
          ],
          [
            77.04993,
            28.76736
          ],
          [
            77.05005,
            28.76734
          ],
          [
            77.05076,
            28.7668
          ],
          [
            77.05124,
            28.76645
          ],
          [
            77.05181,
            28.76606
          ],
          [
            77.05231,
            28.76578
          ],
          [
            77.05299,
            28.76538
          ],
          [
            77.05354,
            28.76517
          ],
          [
            77.05426,
            28.76491
          ],
          [
            77.05468,
            28.7647
          ],
          [
            77.05495,
            28.76455
          ],
          [
            77.05518,
            28.76439
          ],
          [
            77.05547,
            28.76415
          ],
          [
            77.05557,
            28.76404
          ],
          [
            77.05633,
            28.76316
          ],
          [
            77.05688,
            28.76233
          ],
          [
            77.05728,
            28.76176
          ],
          [
            77.05746,
            28.76164
          ],
          [
            77.05778,
            28.76148
          ],
          [
            77.05856,
            28.76118
          ],
          [
            77.0589,
            28.76105
          ],
          [
            77.05925,
            28.76093
          ],
          [
            77.05924,
            28.76086
          ],
          [
            77.05919,
            28.76056
          ],
          [
            77.05911,
            28.76029
          ],
          [
            77.05892,
            28.75941
          ],
          [
            77.0583,
            28.7581
          ],
          [
            77.05826,
            28.75801
          ],
          [
            77.0567,
            28.75507
          ],
          [
            77.05665,
            28.75497
          ],
          [
            77.055,
            28.75193
          ],
          [
            77.05479,
            28.75154
          ],
          [
            77.05487,
            28.75156
          ],
          [
            77.05504,
            28.75149
          ],
          [
            77.057,
            28.75045
          ],
          [
            77.05711,
            28.75039
          ],
          [
            77.05936,
            28.7492
          ],
          [
            77.05946,
            28.74915
          ],
          [
            77.06049,
            28.74862
          ],
          [
            77.06057,
            28.74858
          ],
          [
            77.06292,
            28.74734
          ],
          [
            77.06404,
            28.74675
          ],
          [
            77.06414,
            28.7467
          ],
          [
            77.06519,
            28.74615
          ],
          [
            77.06528,
            28.7461
          ],
          [
            77.06838,
            28.74446
          ],
          [
            77.06851,
            28.74439
          ],
          [
            77.06866,
            28.74431
          ],
          [
            77.06929,
            28.74397
          ],
          [
            77.06991,
            28.74368
          ],
          [
            77.07386,
            28.74198
          ],
          [
            77.074,
            28.74193
          ],
          [
            77.07413,
            28.74187
          ],
          [
            77.07555,
            28.74129
          ],
          [
            77.07957,
            28.73959
          ],
          [
            77.08192,
            28.73862
          ],
          [
            77.0821,
            28.73849
          ],
          [
            77.08228,
            28.73837
          ],
          [
            77.08676,
            28.73526
          ],
          [
            77.08763,
            28.73466
          ],
          [
            77.08772,
            28.73459
          ],
          [
            77.08799,
            28.73441
          ],
          [
            77.08805,
            28.73436
          ],
          [
            77.08935,
            28.73347
          ],
          [
            77.08944,
            28.73341
          ],
          [
            77.09247,
            28.73132
          ],
          [
            77.0941,
            28.73019
          ],
          [
            77.09416,
            28.73015
          ],
          [
            77.09429,
            28.73008
          ],
          [
            77.09452,
            28.7299
          ],
          [
            77.09625,
            28.72871
          ],
          [
            77.09722,
            28.72805
          ],
          [
            77.09866,
            28.72704
          ],
          [
            77.09898,
            28.72683
          ],
          [
            77.0995,
            28.72646
          ],
          [
            77.09963,
            28.72637
          ],
          [
            77.10088,
            28.72553
          ],
          [
            77.10214,
            28.72468
          ],
          [
            77.10265,
            28.72433
          ],
          [
            77.10345,
            28.72377
          ],
          [
            77.10526,
            28.72254
          ],
          [
            77.10631,
            28.72179
          ],
          [
            77.10742,
            28.72069
          ],
          [
            77.10767,
            28.72045
          ],
          [
            77.10798,
            28.72018
          ],
          [
            77.10806,
            28.72011
          ],
          [
            77.10827,
            28.71993
          ],
          [
            77.10931,
            28.71922
          ],
          [
            77.1094,
            28.71916
          ],
          [
            77.1097,
            28.71895
          ],
          [
            77.10983,
            28.71887
          ],
          [
            77.11053,
            28.71838
          ],
          [
            77.11241,
            28.71708
          ],
          [
            77.1125,
            28.71701
          ],
          [
            77.1124,
            28.71689
          ],
          [
            77.11236,
            28.71685
          ],
          [
            77.11178,
            28.7162
          ],
          [
            77.11074,
            28.71505
          ],
          [
            77.11021,
            28.71446
          ],
          [
            77.10965,
            28.7138
          ],
          [
            77.10935,
            28.71346
          ],
          [
            77.10894,
            28.713
          ],
          [
            77.10865,
            28.71267
          ],
          [
            77.10808,
            28.71202
          ],
          [
            77.10757,
            28.71146
          ],
          [
            77.10733,
            28.71119
          ],
          [
            77.10695,
            28.71077
          ],
          [
            77.10655,
            28.71032
          ],
          [
            77.10595,
            28.70965
          ],
          [
            77.10583,
            28.70952
          ],
          [
            77.10536,
            28.709
          ],
          [
            77.10496,
            28.70856
          ],
          [
            77.10426,
            28.70773
          ],
          [
            77.10338,
            28.70673
          ],
          [
            77.10267,
            28.70592
          ],
          [
            77.10187,
            28.70509
          ],
          [
            77.1028,
            28.70444
          ],
          [
            77.10187,
            28.70509
          ],
          [
            77.10156,
            28.70473
          ],
          [
            77.10099,
            28.70414
          ],
          [
            77.09983,
            28.70285
          ],
          [
            77.09948,
            28.70245
          ],
          [
            77.09938,
            28.70231
          ],
          [
            77.09933,
            28.70224
          ],
          [
            77.09897,
            28.70176
          ],
          [
            77.0987,
            28.70138
          ],
          [
            77.09842,
            28.70102
          ],
          [
            77.09815,
            28.70065
          ],
          [
            77.09788,
            28.70028
          ],
          [
            77.0976,
            28.69991
          ],
          [
            77.09732,
            28.69953
          ],
          [
            77.09669,
            28.69867
          ],
          [
            77.09716,
            28.69838
          ],
          [
            77.0977,
            28.69803
          ],
          [
            77.0983,
            28.69765
          ],
          [
            77.0984,
            28.69757
          ],
          [
            77.0989,
            28.6972
          ],
          [
            77.09922,
            28.69694
          ],
          [
            77.09934,
            28.69672
          ],
          [
            77.09938,
            28.69644
          ],
          [
            77.09972,
            28.69539
          ],
          [
            77.10012,
            28.69429
          ],
          [
            77.10049,
            28.69317
          ],
          [
            77.10052,
            28.69306
          ],
          [
            77.1006,
            28.69284
          ],
          [
            77.1005,
            28.6928
          ],
          [
            77.1002,
            28.69269
          ],
          [
            77.09918,
            28.6922
          ],
          [
            77.09863,
            28.69185
          ],
          [
            77.09819,
            28.69152
          ],
          [
            77.09795,
            28.69129
          ],
          [
            77.09767,
            28.69102
          ],
          [
            77.0975,
            28.69081
          ],
          [
            77.09739,
            28.69059
          ],
          [
            77.09704,
            28.69015
          ],
          [
            77.09697,
            28.69009
          ],
          [
            77.09659,
            28.68934
          ],
          [
            77.09643,
            28.68886
          ],
          [
            77.09636,
            28.6886
          ],
          [
            77.09631,
            28.6883
          ],
          [
            77.09625,
            28.68793
          ],
          [
            77.09599,
            28.68643
          ],
          [
            77.09588,
            28.68624
          ],
          [
            77.09539,
            28.68343
          ],
          [
            77.09533,
            28.68313
          ],
          [
            77.09531,
            28.68298
          ],
          [
            77.09533,
            28.68254
          ],
          [
            77.09492,
            28.68032
          ],
          [
            77.09489,
            28.68017
          ],
          [
            77.09479,
            28.67961
          ],
          [
            77.09476,
            28.6794
          ],
          [
            77.09472,
            28.67878
          ],
          [
            77.09445,
            28.67714
          ],
          [
            77.09431,
            28.67657
          ],
          [
            77.09434,
            28.67648
          ],
          [
            77.09426,
            28.67615
          ],
          [
            77.09417,
            28.67561
          ],
          [
            77.09409,
            28.67488
          ],
          [
            77.09388,
            28.67369
          ],
          [
            77.09378,
            28.67291
          ],
          [
            77.09373,
            28.67262
          ],
          [
            77.0936,
            28.6725
          ],
          [
            77.09311,
            28.66944
          ],
          [
            77.09316,
            28.66933
          ],
          [
            77.09317,
            28.66925
          ],
          [
            77.09316,
            28.66914
          ],
          [
            77.09312,
            28.66901
          ],
          [
            77.09302,
            28.6689
          ],
          [
            77.09284,
            28.66783
          ],
          [
            77.09274,
            28.66733
          ],
          [
            77.09263,
            28.66674
          ],
          [
            77.09259,
            28.66663
          ],
          [
            77.09252,
            28.66659
          ],
          [
            77.09248,
            28.66633
          ],
          [
            77.09225,
            28.66482
          ],
          [
            77.09217,
            28.66436
          ],
          [
            77.09179,
            28.66212
          ],
          [
            77.09129,
            28.65926
          ],
          [
            77.09109,
            28.65844
          ],
          [
            77.09085,
            28.65769
          ],
          [
            77.09051,
            28.65693
          ],
          [
            77.08983,
            28.6558
          ],
          [
            77.08923,
            28.65487
          ],
          [
            77.0887,
            28.6541
          ],
          [
            77.08634,
            28.65101
          ],
          [
            77.08592,
            28.65032
          ],
          [
            77.0855,
            28.64949
          ],
          [
            77.08523,
            28.64888
          ],
          [
            77.08508,
            28.64842
          ],
          [
            77.08494,
            28.64778
          ],
          [
            77.0847,
            28.6469
          ],
          [
            77.08438,
            28.64604
          ],
          [
            77.08316,
            28.64262
          ],
          [
            77.08102,
            28.63708
          ],
          [
            77.08082,
            28.63636
          ],
          [
            77.08066,
            28.6354
          ],
          [
            77.08062,
            28.63503
          ],
          [
            77.08064,
            28.63457
          ],
          [
            77.08074,
            28.63409
          ],
          [
            77.08081,
            28.63391
          ],
          [
            77.08093,
            28.6335
          ],
          [
            77.08102,
            28.63324
          ],
          [
            77.0812,
            28.63287
          ],
          [
            77.08157,
            28.63213
          ],
          [
            77.08177,
            28.63176
          ],
          [
            77.08199,
            28.63168
          ],
          [
            77.08207,
            28.63167
          ],
          [
            77.0826,
            28.63172
          ],
          [
            77.0827,
            28.63172
          ],
          [
            77.08274,
            28.63168
          ],
          [
            77.08274,
            28.63162
          ],
          [
            77.08269,
            28.63156
          ],
          [
            77.08211,
            28.63115
          ],
          [
            77.08209,
            28.63106
          ],
          [
            77.08213,
            28.63092
          ],
          [
            77.08225,
            28.63076
          ],
          [
            77.08241,
            28.63048
          ],
          [
            77.08262,
            28.63009
          ],
          [
            77.08309,
            28.62954
          ],
          [
            77.08361,
            28.62889
          ],
          [
            77.08393,
            28.62847
          ],
          [
            77.08432,
            28.62801
          ],
          [
            77.08459,
            28.62769
          ],
          [
            77.08599,
            28.626
          ],
          [
            77.08601,
            28.62598
          ],
          [
            77.08617,
            28.6258
          ],
          [
            77.08655,
            28.62536
          ],
          [
            77.08661,
            28.62528
          ],
          [
            77.0872,
            28.62454
          ],
          [
            77.08755,
            28.62409
          ],
          [
            77.08765,
            28.62389
          ],
          [
            77.08773,
            28.62365
          ],
          [
            77.08784,
            28.62323
          ],
          [
            77.08786,
            28.62294
          ],
          [
            77.08787,
            28.62248
          ],
          [
            77.08785,
            28.62221
          ],
          [
            77.08784,
            28.62187
          ],
          [
            77.08815,
            28.62184
          ],
          [
            77.08892,
            28.62177
          ],
          [
            77.08899,
            28.62176
          ],
          [
            77.08897,
            28.62167
          ],
          [
            77.0887,
            28.61866
          ],
          [
            77.08862,
            28.6182
          ],
          [
            77.08858,
            28.61804
          ],
          [
            77.08851,
            28.61779
          ],
          [
            77.0883,
            28.61712
          ],
          [
            77.088,
            28.61624
          ],
          [
            77.08793,
            28.61609
          ],
          [
            77.08791,
            28.61605
          ],
          [
            77.08741,
            28.61492
          ],
          [
            77.08721,
            28.61452
          ],
          [
            77.08682,
            28.61386
          ],
          [
            77.08682,
            28.61377
          ],
          [
            77.08686,
            28.6137
          ],
          [
            77.08691,
            28.61365
          ],
          [
            77.08698,
            28.61363
          ],
          [
            77.08705,
            28.6136
          ],
          [
            77.08715,
            28.6135
          ],
          [
            77.08722,
            28.61336
          ],
          [
            77.08722,
            28.61321
          ],
          [
            77.08716,
            28.61307
          ],
          [
            77.08704,
            28.61296
          ],
          [
            77.08691,
            28.61291
          ],
          [
            77.08678,
            28.6129
          ],
          [
            77.08664,
            28.61278
          ],
          [
            77.08632,
            28.61242
          ],
          [
            77.08605,
            28.61207
          ],
          [
            77.08576,
            28.61189
          ],
          [
            77.08556,
            28.61179
          ],
          [
            77.08535,
            28.61175
          ],
          [
            77.08532,
            28.61174
          ],
          [
            77.08511,
            28.6117
          ],
          [
            77.08476,
            28.61149
          ],
          [
            77.08452,
            28.61132
          ],
          [
            77.08435,
            28.61115
          ],
          [
            77.08419,
            28.61097
          ],
          [
            77.0841,
            28.61088
          ],
          [
            77.08408,
            28.61085
          ],
          [
            77.08386,
            28.61064
          ],
          [
            77.08382,
            28.61061
          ],
          [
            77.08379,
            28.61057
          ],
          [
            77.08366,
            28.61049
          ],
          [
            77.08353,
            28.61045
          ],
          [
            77.0834,
            28.61047
          ],
          [
            77.0832,
            28.61054
          ],
          [
            77.08296,
            28.61061
          ],
          [
            77.0823,
            28.61051
          ],
          [
            77.08206,
            28.6104
          ],
          [
            77.08187,
            28.61026
          ],
          [
            77.08089,
            28.60945
          ],
          [
            77.07902,
            28.60792
          ],
          [
            77.07855,
            28.60768
          ],
          [
            77.0768,
            28.60683
          ],
          [
            77.0761,
            28.60655
          ],
          [
            77.07313,
            28.60552
          ],
          [
            77.07269,
            28.60526
          ],
          [
            77.07253,
            28.6051
          ],
          [
            77.07238,
            28.60488
          ],
          [
            77.07214,
            28.60449
          ],
          [
            77.07185,
            28.60393
          ],
          [
            77.07161,
            28.6037
          ],
          [
            77.0713,
            28.60353
          ],
          [
            77.07078,
            28.60332
          ],
          [
            77.07021,
            28.60308
          ],
          [
            77.07031,
            28.60284
          ],
          [
            77.0705,
            28.60243
          ],
          [
            77.07077,
            28.60181
          ],
          [
            77.07132,
            28.60061
          ],
          [
            77.07164,
            28.59991
          ],
          [
            77.07178,
            28.59948
          ],
          [
            77.07196,
            28.59866
          ],
          [
            77.07206,
            28.59812
          ],
          [
            77.07214,
            28.59718
          ],
          [
            77.07215,
            28.59674
          ],
          [
            77.07212,
            28.5963
          ],
          [
            77.07207,
            28.59593
          ],
          [
            77.07206,
            28.59589
          ],
          [
            77.07204,
            28.59564
          ],
          [
            77.07189,
            28.5949
          ],
          [
            77.07186,
            28.59477
          ],
          [
            77.07183,
            28.59468
          ],
          [
            77.07178,
            28.5945
          ],
          [
            77.07162,
            28.59406
          ],
          [
            77.07127,
            28.59328
          ],
          [
            77.07081,
            28.59255
          ],
          [
            77.0706,
            28.59224
          ],
          [
            77.07029,
            28.59184
          ],
          [
            77.0694,
            28.5908
          ],
          [
            77.06934,
            28.59072
          ],
          [
            77.06738,
            28.58836
          ],
          [
            77.06605,
            28.58685
          ],
          [
            77.06557,
            28.58631
          ],
          [
            77.06548,
            28.58621
          ],
          [
            77.06525,
            28.58594
          ],
          [
            77.06517,
            28.58584
          ],
          [
            77.06421,
            28.58472
          ],
          [
            77.06377,
            28.58421
          ],
          [
            77.06189,
            28.582
          ],
          [
            77.06172,
            28.5818
          ],
          [
            77.06165,
            28.58172
          ],
          [
            77.06152,
            28.58156
          ],
          [
            77.05993,
            28.57971
          ],
          [
            77.05936,
            28.57903
          ],
          [
            77.05918,
            28.5788
          ],
          [
            77.05911,
            28.57872
          ],
          [
            77.05801,
            28.57744
          ],
          [
            77.05777,
            28.57716
          ],
          [
            77.05799,
            28.57703
          ],
          [
            77.05962,
            28.57595
          ],
          [
            77.06037,
            28.57544
          ],
          [
            77.06059,
            28.57529
          ],
          [
            77.06225,
            28.57411
          ],
          [
            77.0639,
            28.57301
          ],
          [
            77.06493,
            28.57233
          ],
          [
            77.06545,
            28.57202
          ],
          [
            77.06558,
            28.57194
          ],
          [
            77.06551,
            28.57186
          ],
          [
            77.06519,
            28.57149
          ],
          [
            77.06304,
            28.56896
          ],
          [
            77.06288,
            28.56878
          ],
          [
            77.06253,
            28.56837
          ],
          [
            77.06213,
            28.5679
          ],
          [
            77.06106,
            28.56664
          ],
          [
            77.06019,
            28.56562
          ],
          [
            77.05979,
            28.56514
          ],
          [
            77.05972,
            28.56505
          ],
          [
            77.05936,
            28.5646
          ],
          [
            77.05901,
            28.56418
          ],
          [
            77.05785,
            28.56283
          ],
          [
            77.05777,
            28.56275
          ],
          [
            77.05641,
            28.56115
          ],
          [
            77.05496,
            28.55948
          ],
          [
            77.05433,
            28.55874
          ],
          [
            77.05185,
            28.55582
          ],
          [
            77.05163,
            28.55553
          ],
          [
            77.04974,
            28.55339
          ],
          [
            77.049,
            28.55249
          ],
          [
            77.04822,
            28.55153
          ],
          [
            77.04769,
            28.55093
          ],
          [
            77.04639,
            28.54942
          ],
          [
            77.04586,
            28.54888
          ],
          [
            77.04532,
            28.5484
          ],
          [
            77.04392,
            28.54683
          ],
          [
            77.04169,
            28.54426
          ],
          [
            77.04039,
            28.54269
          ],
          [
            77.03922,
            28.54138
          ],
          [
            77.03755,
            28.53935
          ],
          [
            77.03696,
            28.53856
          ],
          [
            77.03684,
            28.53836
          ],
          [
            77.03622,
            28.53717
          ],
          [
            77.03604,
            28.53664
          ],
          [
            77.03569,
            28.53505
          ],
          [
            77.03554,
            28.53369
          ],
          [
            77.03533,
            28.53233
          ],
          [
            77.03512,
            28.53182
          ],
          [
            77.03484,
            28.53136
          ],
          [
            77.03449,
            28.53089
          ],
          [
            77.03434,
            28.53065
          ],
          [
            77.03357,
            28.52977
          ],
          [
            77.02968,
            28.52551
          ],
          [
            77.02773,
            28.52329
          ],
          [
            77.02617,
            28.52163
          ],
          [
            77.02305,
            28.51824
          ],
          [
            77.01981,
            28.51457
          ],
          [
            77.01636,
            28.51042
          ],
          [
            77.01363,
            28.50744
          ],
          [
            77.01292,
            28.50675
          ],
          [
            77.01204,
            28.5058
          ],
          [
            77.01158,
            28.50524
          ],
          [
            77.0089,
            28.50207
          ],
          [
            77.00849,
            28.50156
          ],
          [
            77.00743,
            28.50032
          ],
          [
            77.00694,
            28.49983
          ],
          [
            77.00492,
            28.49799
          ],
          [
            76.99995,
            28.49355
          ],
          [
            76.99971,
            28.49334
          ],
          [
            76.99667,
            28.49036
          ],
          [
            76.99526,
            28.48898
          ],
          [
            76.99374,
            28.48747
          ],
          [
            76.99188,
            28.48575
          ],
          [
            76.98962,
            28.4835
          ],
          [
            76.98825,
            28.48218
          ],
          [
            76.98096,
            28.47564
          ],
          [
            76.9799,
            28.47477
          ],
          [
            76.97614,
            28.47153
          ],
          [
            76.97362,
            28.46918
          ],
          [
            76.97113,
            28.46672
          ],
          [
            76.97005,
            28.46562
          ],
          [
            76.96925,
            28.46463
          ],
          [
            76.96889,
            28.46421
          ],
          [
            76.96718,
            28.46163
          ],
          [
            76.96648,
            28.46052
          ],
          [
            76.9662,
            28.46007
          ],
          [
            76.96565,
            28.45921
          ],
          [
            76.96564,
            28.45897
          ],
          [
            76.96563,
            28.45887
          ],
          [
            76.96487,
            28.45737
          ],
          [
            76.96442,
            28.45639
          ],
          [
            76.96329,
            28.45392
          ],
          [
            76.96254,
            28.45223
          ],
          [
            76.9621,
            28.45102
          ],
          [
            76.96187,
            28.45035
          ],
          [
            76.96162,
            28.44948
          ],
          [
            76.96138,
            28.44861
          ],
          [
            76.96104,
            28.44705
          ],
          [
            76.96099,
            28.44692
          ],
          [
            76.96082,
            28.44657
          ],
          [
            76.96063,
            28.4452
          ],
          [
            76.96047,
            28.44382
          ],
          [
            76.96052,
            28.44359
          ],
          [
            76.96052,
            28.44327
          ],
          [
            76.96053,
            28.44319
          ],
          [
            76.96058,
            28.44303
          ],
          [
            76.96046,
            28.44201
          ],
          [
            76.96038,
            28.4405
          ],
          [
            76.9604,
            28.44014
          ],
          [
            76.96054,
            28.43888
          ],
          [
            76.96065,
            28.43678
          ],
          [
            76.96065,
            28.43574
          ],
          [
            76.96071,
            28.43515
          ],
          [
            76.96091,
            28.43407
          ],
          [
            76.96099,
            28.43369
          ],
          [
            76.96111,
            28.43324
          ],
          [
            76.96156,
            28.43042
          ],
          [
            76.96159,
            28.43024
          ],
          [
            76.9616,
            28.43014
          ],
          [
            76.961,
            28.42978
          ],
          [
            76.96078,
            28.42968
          ],
          [
            76.95946,
            28.42908
          ],
          [
            76.95931,
            28.429
          ],
          [
            76.95893,
            28.42875
          ],
          [
            76.95844,
            28.42829
          ],
          [
            76.95826,
            28.42815
          ],
          [
            76.95788,
            28.42795
          ],
          [
            76.95772,
            28.42791
          ],
          [
            76.9575,
            28.42786
          ],
          [
            76.95693,
            28.42784
          ],
          [
            76.95658,
            28.42786
          ],
          [
            76.95626,
            28.42791
          ],
          [
            76.95588,
            28.42798
          ],
          [
            76.9551,
            28.42813
          ],
          [
            76.95426,
            28.42831
          ],
          [
            76.95396,
            28.42833
          ],
          [
            76.95361,
            28.42833
          ],
          [
            76.9533,
            28.4283
          ],
          [
            76.95103,
            28.42799
          ],
          [
            76.95099,
            28.42798
          ],
          [
            76.95003,
            28.42782
          ],
          [
            76.94912,
            28.4277
          ],
          [
            76.94687,
            28.42738
          ],
          [
            76.94651,
            28.42732
          ],
          [
            76.94585,
            28.42723
          ],
          [
            76.94474,
            28.427
          ],
          [
            76.94344,
            28.42676
          ],
          [
            76.94255,
            28.42659
          ],
          [
            76.942,
            28.42648
          ],
          [
            76.94137,
            28.42635
          ],
          [
            76.94127,
            28.42633
          ],
          [
            76.9412,
            28.42632
          ],
          [
            76.9408,
            28.42624
          ],
          [
            76.9405,
            28.42619
          ],
          [
            76.94012,
            28.42604
          ],
          [
            76.93891,
            28.4255
          ],
          [
            76.93878,
            28.42545
          ],
          [
            76.93845,
            28.42534
          ],
          [
            76.93777,
            28.42514
          ],
          [
            76.93741,
            28.42503
          ],
          [
            76.9366,
            28.42479
          ],
          [
            76.93605,
            28.42462
          ],
          [
            76.93567,
            28.42452
          ],
          [
            76.93552,
            28.42449
          ],
          [
            76.93537,
            28.42446
          ],
          [
            76.9353,
            28.42445
          ],
          [
            76.93496,
            28.42439
          ],
          [
            76.93477,
            28.42435
          ],
          [
            76.93423,
            28.42425
          ],
          [
            76.93407,
            28.42422
          ],
          [
            76.93394,
            28.42419
          ],
          [
            76.9317,
            28.42387
          ],
          [
            76.93088,
            28.42377
          ],
          [
            76.9306,
            28.42373
          ],
          [
            76.9303,
            28.42369
          ],
          [
            76.92956,
            28.42359
          ],
          [
            76.92934,
            28.42356
          ],
          [
            76.92893,
            28.42347
          ],
          [
            76.92592,
            28.42271
          ],
          [
            76.92476,
            28.42248
          ],
          [
            76.92444,
            28.42244
          ],
          [
            76.92212,
            28.42234
          ],
          [
            76.92106,
            28.42228
          ],
          [
            76.92093,
            28.42227
          ],
          [
            76.91936,
            28.42211
          ],
          [
            76.91907,
            28.42209
          ],
          [
            76.91836,
            28.42201
          ],
          [
            76.91803,
            28.42195
          ],
          [
            76.91755,
            28.4218
          ],
          [
            76.91725,
            28.42168
          ],
          [
            76.91679,
            28.42149
          ],
          [
            76.91618,
            28.42126
          ],
          [
            76.91603,
            28.42118
          ],
          [
            76.9153,
            28.42087
          ],
          [
            76.91481,
            28.42067
          ],
          [
            76.91399,
            28.42035
          ],
          [
            76.91355,
            28.4202
          ],
          [
            76.91284,
            28.42
          ],
          [
            76.91245,
            28.41991
          ],
          [
            76.91218,
            28.41987
          ],
          [
            76.91188,
            28.41985
          ],
          [
            76.91144,
            28.41984
          ],
          [
            76.91093,
            28.41984
          ],
          [
            76.91081,
            28.41984
          ],
          [
            76.9102,
            28.41983
          ],
          [
            76.90962,
            28.41983
          ],
          [
            76.90894,
            28.41983
          ],
          [
            76.9085,
            28.41981
          ],
          [
            76.90744,
            28.41978
          ],
          [
            76.90711,
            28.41975
          ],
          [
            76.90689,
            28.41966
          ],
          [
            76.9066,
            28.41953
          ],
          [
            76.90647,
            28.41949
          ],
          [
            76.90572,
            28.4191
          ],
          [
            76.90414,
            28.41817
          ],
          [
            76.90293,
            28.41737
          ],
          [
            76.90285,
            28.4173
          ],
          [
            76.90275,
            28.41723
          ],
          [
            76.90212,
            28.41679
          ],
          [
            76.90084,
            28.41591
          ],
          [
            76.90004,
            28.41535
          ],
          [
            76.89936,
            28.4149
          ],
          [
            76.89879,
            28.41452
          ],
          [
            76.8973,
            28.41361
          ],
          [
            76.89669,
            28.41323
          ],
          [
            76.89648,
            28.41309
          ],
          [
            76.89528,
            28.41235
          ],
          [
            76.89492,
            28.41213
          ],
          [
            76.89464,
            28.41197
          ],
          [
            76.89456,
            28.41193
          ],
          [
            76.8943,
            28.41176
          ],
          [
            76.89392,
            28.41151
          ],
          [
            76.89357,
            28.41129
          ],
          [
            76.89327,
            28.41109
          ],
          [
            76.88958,
            28.40919
          ],
          [
            76.88769,
            28.40824
          ],
          [
            76.88677,
            28.40777
          ],
          [
            76.88631,
            28.40754
          ],
          [
            76.88614,
            28.40745
          ],
          [
            76.88547,
            28.40701
          ],
          [
            76.88536,
            28.40693
          ],
          [
            76.88446,
            28.40632
          ],
          [
            76.88386,
            28.40591
          ],
          [
            76.88289,
            28.40518
          ],
          [
            76.88264,
            28.405
          ],
          [
            76.88181,
            28.40452
          ],
          [
            76.88134,
            28.40431
          ],
          [
            76.88112,
            28.40421
          ],
          [
            76.88014,
            28.40383
          ],
          [
            76.87928,
            28.40342
          ],
          [
            76.87714,
            28.40208
          ],
          [
            76.87691,
            28.40195
          ],
          [
            76.87555,
            28.40111
          ],
          [
            76.87454,
            28.40042
          ],
          [
            76.87357,
            28.39973
          ],
          [
            76.87276,
            28.39907
          ],
          [
            76.87227,
            28.39864
          ],
          [
            76.87078,
            28.39743
          ],
          [
            76.8698,
            28.39672
          ],
          [
            76.86941,
            28.39644
          ],
          [
            76.86852,
            28.39584
          ],
          [
            76.86836,
            28.39579
          ],
          [
            76.86787,
            28.39547
          ],
          [
            76.86772,
            28.39538
          ],
          [
            76.8676,
            28.39531
          ],
          [
            76.8672,
            28.39507
          ],
          [
            76.86659,
            28.39473
          ],
          [
            76.86636,
            28.39461
          ],
          [
            76.86614,
            28.3945
          ],
          [
            76.86591,
            28.39438
          ],
          [
            76.86566,
            28.39424
          ],
          [
            76.86514,
            28.39394
          ],
          [
            76.86241,
            28.3925
          ],
          [
            76.86217,
            28.39239
          ],
          [
            76.86166,
            28.39218
          ],
          [
            76.86089,
            28.39185
          ],
          [
            76.86005,
            28.39148
          ],
          [
            76.85744,
            28.39004
          ],
          [
            76.85691,
            28.38983
          ],
          [
            76.85677,
            28.38977
          ],
          [
            76.85488,
            28.38903
          ],
          [
            76.85481,
            28.389
          ],
          [
            76.85463,
            28.38892
          ],
          [
            76.85431,
            28.38878
          ],
          [
            76.85315,
            28.3883
          ],
          [
            76.85282,
            28.38816
          ],
          [
            76.85196,
            28.3878
          ],
          [
            76.85145,
            28.38755
          ],
          [
            76.85116,
            28.38739
          ],
          [
            76.85083,
            28.38715
          ],
          [
            76.85075,
            28.38709
          ],
          [
            76.84924,
            28.38595
          ],
          [
            76.84877,
            28.38561
          ],
          [
            76.84852,
            28.38542
          ],
          [
            76.84832,
            28.38527
          ],
          [
            76.84748,
            28.38466
          ],
          [
            76.84721,
            28.38446
          ],
          [
            76.84662,
            28.38406
          ],
          [
            76.84631,
            28.38388
          ],
          [
            76.84571,
            28.38358
          ],
          [
            76.84543,
            28.38344
          ],
          [
            76.84423,
            28.38284
          ],
          [
            76.84309,
            28.38227
          ],
          [
            76.84242,
            28.38199
          ],
          [
            76.84156,
            28.38163
          ],
          [
            76.84018,
            28.38102
          ],
          [
            76.83955,
            28.38078
          ],
          [
            76.83841,
            28.38033
          ],
          [
            76.8373,
            28.37988
          ],
          [
            76.8349,
            28.37878
          ],
          [
            76.83474,
            28.3787
          ],
          [
            76.83437,
            28.37852
          ],
          [
            76.83386,
            28.37824
          ],
          [
            76.83335,
            28.37794
          ],
          [
            76.83152,
            28.37675
          ],
          [
            76.83027,
            28.37602
          ],
          [
            76.82892,
            28.37493
          ],
          [
            76.82842,
            28.3745
          ],
          [
            76.82751,
            28.37374
          ],
          [
            76.82711,
            28.37341
          ],
          [
            76.82617,
            28.37263
          ],
          [
            76.82599,
            28.37248
          ],
          [
            76.82586,
            28.37236
          ],
          [
            76.82465,
            28.37148
          ],
          [
            76.82342,
            28.37076
          ],
          [
            76.82249,
            28.37026
          ],
          [
            76.82211,
            28.37009
          ],
          [
            76.81934,
            28.36884
          ],
          [
            76.81758,
            28.36805
          ],
          [
            76.81735,
            28.36795
          ],
          [
            76.81698,
            28.36774
          ],
          [
            76.81631,
            28.36739
          ],
          [
            76.81336,
            28.36585
          ],
          [
            76.81246,
            28.36519
          ],
          [
            76.81171,
            28.36463
          ],
          [
            76.81117,
            28.36415
          ],
          [
            76.81083,
            28.36385
          ],
          [
            76.81064,
            28.36373
          ],
          [
            76.81004,
            28.36319
          ],
          [
            76.80937,
            28.36258
          ],
          [
            76.80866,
            28.36196
          ],
          [
            76.80791,
            28.36131
          ],
          [
            76.80759,
            28.36103
          ],
          [
            76.80723,
            28.36075
          ],
          [
            76.80713,
            28.36067
          ],
          [
            76.80633,
            28.36003
          ],
          [
            76.80591,
            28.35968
          ],
          [
            76.80542,
            28.35926
          ],
          [
            76.80518,
            28.35902
          ],
          [
            76.80501,
            28.35881
          ],
          [
            76.80486,
            28.35861
          ],
          [
            76.80411,
            28.35748
          ],
          [
            76.80395,
            28.35721
          ],
          [
            76.80327,
            28.35608
          ],
          [
            76.80324,
            28.35604
          ],
          [
            76.80301,
            28.35564
          ],
          [
            76.80278,
            28.35527
          ],
          [
            76.80264,
            28.35504
          ],
          [
            76.80259,
            28.35495
          ],
          [
            76.80232,
            28.35451
          ],
          [
            76.80211,
            28.35417
          ],
          [
            76.80188,
            28.35383
          ],
          [
            76.80173,
            28.35361
          ],
          [
            76.80093,
            28.35258
          ],
          [
            76.80032,
            28.3518
          ],
          [
            76.79971,
            28.35099
          ],
          [
            76.79853,
            28.34944
          ],
          [
            76.7977,
            28.34835
          ],
          [
            76.79694,
            28.34734
          ],
          [
            76.79686,
            28.34723
          ],
          [
            76.7966,
            28.34688
          ],
          [
            76.79606,
            28.34616
          ],
          [
            76.79584,
            28.34583
          ],
          [
            76.7958,
            28.3455
          ],
          [
            76.79489,
            28.34433
          ],
          [
            76.79458,
            28.34387
          ],
          [
            76.79439,
            28.34353
          ],
          [
            76.79417,
            28.34293
          ],
          [
            76.79409,
            28.34264
          ],
          [
            76.79402,
            28.34212
          ],
          [
            76.79405,
            28.34128
          ],
          [
            76.79406,
            28.34117
          ],
          [
            76.79419,
            28.34051
          ],
          [
            76.79445,
            28.33981
          ],
          [
            76.79473,
            28.33913
          ],
          [
            76.79561,
            28.3369
          ],
          [
            76.79567,
            28.33663
          ],
          [
            76.79597,
            28.33575
          ],
          [
            76.79624,
            28.33483
          ],
          [
            76.79648,
            28.33376
          ],
          [
            76.79657,
            28.33326
          ],
          [
            76.79666,
            28.33221
          ],
          [
            76.79668,
            28.33176
          ],
          [
            76.79669,
            28.33152
          ],
          [
            76.79663,
            28.33034
          ],
          [
            76.7964,
            28.32774
          ],
          [
            76.79623,
            28.32596
          ],
          [
            76.7961,
            28.32434
          ],
          [
            76.79597,
            28.3232
          ],
          [
            76.79584,
            28.3226
          ],
          [
            76.79566,
            28.32192
          ],
          [
            76.79546,
            28.32122
          ],
          [
            76.79497,
            28.32008
          ],
          [
            76.79469,
            28.31953
          ],
          [
            76.79429,
            28.31883
          ],
          [
            76.79378,
            28.31809
          ],
          [
            76.79316,
            28.31728
          ],
          [
            76.79226,
            28.31632
          ],
          [
            76.79173,
            28.31578
          ],
          [
            76.79109,
            28.31527
          ],
          [
            76.79083,
            28.31506
          ],
          [
            76.7904,
            28.31472
          ],
          [
            76.78947,
            28.31415
          ],
          [
            76.78856,
            28.31365
          ],
          [
            76.78776,
            28.31327
          ],
          [
            76.7852,
            28.31227
          ],
          [
            76.78395,
            28.31176
          ],
          [
            76.78279,
            28.31133
          ],
          [
            76.78218,
            28.31114
          ],
          [
            76.78099,
            28.31086
          ],
          [
            76.78025,
            28.31073
          ],
          [
            76.77984,
            28.31068
          ],
          [
            76.77904,
            28.31063
          ],
          [
            76.7783,
            28.31061
          ],
          [
            76.77776,
            28.31062
          ],
          [
            76.77696,
            28.31068
          ],
          [
            76.77637,
            28.31077
          ],
          [
            76.77558,
            28.31091
          ],
          [
            76.77527,
            28.31095
          ],
          [
            76.77512,
            28.31099
          ],
          [
            76.77439,
            28.31121
          ],
          [
            76.77334,
            28.31148
          ],
          [
            76.77027,
            28.31234
          ],
          [
            76.76689,
            28.31325
          ],
          [
            76.76652,
            28.31332
          ],
          [
            76.76596,
            28.31344
          ],
          [
            76.76401,
            28.31399
          ],
          [
            76.76229,
            28.31441
          ],
          [
            76.76079,
            28.31482
          ],
          [
            76.76001,
            28.315
          ],
          [
            76.75904,
            28.31508
          ],
          [
            76.75872,
            28.31508
          ],
          [
            76.75829,
            28.31503
          ],
          [
            76.75766,
            28.31492
          ],
          [
            76.75643,
            28.31459
          ],
          [
            76.75543,
            28.31406
          ],
          [
            76.75454,
            28.31354
          ],
          [
            76.75319,
            28.31274
          ],
          [
            76.75234,
            28.31228
          ],
          [
            76.75208,
            28.31216
          ],
          [
            76.75124,
            28.31166
          ],
          [
            76.74865,
            28.31015
          ],
          [
            76.74069,
            28.30539
          ],
          [
            76.73934,
            28.3046
          ],
          [
            76.73665,
            28.3029
          ],
          [
            76.73642,
            28.30268
          ],
          [
            76.73593,
            28.3025
          ],
          [
            76.73495,
            28.30201
          ],
          [
            76.73263,
            28.30067
          ],
          [
            76.7313,
            28.29986
          ],
          [
            76.72941,
            28.29877
          ],
          [
            76.72898,
            28.29857
          ],
          [
            76.72817,
            28.29829
          ],
          [
            76.72763,
            28.29823
          ],
          [
            76.72655,
            28.2983
          ],
          [
            76.72532,
            28.2985
          ],
          [
            76.72395,
            28.29875
          ],
          [
            76.72335,
            28.29884
          ],
          [
            76.71988,
            28.29953
          ],
          [
            76.71811,
            28.29997
          ],
          [
            76.71351,
            28.30082
          ],
          [
            76.71278,
            28.30094
          ],
          [
            76.71262,
            28.30101
          ],
          [
            76.70999,
            28.30155
          ],
          [
            76.69953,
            28.3035
          ],
          [
            76.69842,
            28.30368
          ],
          [
            76.69776,
            28.30375
          ],
          [
            76.69745,
            28.30373
          ],
          [
            76.69706,
            28.30362
          ],
          [
            76.69702,
            28.3036
          ],
          [
            76.69637,
            28.30315
          ],
          [
            76.69514,
            28.30194
          ],
          [
            76.69318,
            28.30002
          ],
          [
            76.69224,
            28.29908
          ],
          [
            76.6911,
            28.29796
          ],
          [
            76.69022,
            28.2971
          ],
          [
            76.68901,
            28.29589
          ],
          [
            76.68869,
            28.29558
          ],
          [
            76.68815,
            28.29505
          ],
          [
            76.68796,
            28.29487
          ],
          [
            76.68786,
            28.29477
          ],
          [
            76.68746,
            28.29438
          ],
          [
            76.68201,
            28.28896
          ],
          [
            76.67845,
            28.28543
          ],
          [
            76.67825,
            28.28523
          ],
          [
            76.6757,
            28.28271
          ],
          [
            76.6756,
            28.28262
          ],
          [
            76.6751,
            28.28212
          ],
          [
            76.6734,
            28.28045
          ],
          [
            76.67197,
            28.27903
          ],
          [
            76.67123,
            28.27829
          ],
          [
            76.67024,
            28.2773
          ],
          [
            76.66918,
            28.27623
          ],
          [
            76.6691,
            28.27616
          ],
          [
            76.66792,
            28.27501
          ],
          [
            76.6679,
            28.27499
          ],
          [
            76.66613,
            28.27347
          ],
          [
            76.66445,
            28.27203
          ],
          [
            76.6632,
            28.27095
          ],
          [
            76.66133,
            28.26935
          ],
          [
            76.66083,
            28.26891
          ],
          [
            76.6599,
            28.26811
          ],
          [
            76.65869,
            28.26706
          ],
          [
            76.65486,
            28.26378
          ],
          [
            76.6526,
            28.26184
          ],
          [
            76.65196,
            28.26132
          ],
          [
            76.65183,
            28.26121
          ],
          [
            76.65139,
            28.26087
          ],
          [
            76.6504,
            28.26013
          ],
          [
            76.65015,
            28.25992
          ],
          [
            76.65002,
            28.25976
          ],
          [
            76.64982,
            28.25942
          ],
          [
            76.64981,
            28.2594
          ],
          [
            76.6493,
            28.25845
          ],
          [
            76.64927,
            28.25835
          ],
          [
            76.6487,
            28.25725
          ],
          [
            76.64821,
            28.25629
          ],
          [
            76.64789,
            28.25576
          ],
          [
            76.6472,
            28.25469
          ],
          [
            76.64619,
            28.25321
          ],
          [
            76.64569,
            28.25246
          ],
          [
            76.64511,
            28.25157
          ],
          [
            76.64462,
            28.25086
          ],
          [
            76.64392,
            28.2498
          ],
          [
            76.64325,
            28.24865
          ],
          [
            76.64228,
            28.24696
          ],
          [
            76.64142,
            28.24555
          ],
          [
            76.64009,
            28.24329
          ],
          [
            76.63928,
            28.2419
          ],
          [
            76.63825,
            28.24012
          ],
          [
            76.63822,
            28.24009
          ],
          [
            76.63819,
            28.24002
          ],
          [
            76.63805,
            28.23979
          ],
          [
            76.63655,
            28.23732
          ],
          [
            76.63549,
            28.23549
          ],
          [
            76.63273,
            28.23082
          ],
          [
            76.63172,
            28.22906
          ],
          [
            76.63149,
            28.22867
          ],
          [
            76.63096,
            28.22901
          ],
          [
            76.63011,
            28.22951
          ],
          [
            76.629,
            28.23012
          ],
          [
            76.62578,
            28.2315
          ],
          [
            76.62584,
            28.23161
          ],
          [
            76.62903,
            28.23025
          ],
          [
            76.63003,
            28.2298
          ],
          [
            76.63079,
            28.22941
          ],
          [
            76.6315,
            28.22901
          ],
          [
            76.6318,
            28.22884
          ],
          [
            76.63235,
            28.2285
          ],
          [
            76.6339,
            28.22737
          ],
          [
            76.63432,
            28.22703
          ],
          [
            76.63571,
            28.22591
          ],
          [
            76.63813,
            28.22391
          ],
          [
            76.63831,
            28.22377
          ],
          [
            76.63842,
            28.22368
          ],
          [
            76.63861,
            28.22351
          ],
          [
            76.64039,
            28.22208
          ],
          [
            76.645,
            28.21838
          ],
          [
            76.64689,
            28.21687
          ],
          [
            76.64893,
            28.21524
          ],
          [
            76.64947,
            28.21478
          ],
          [
            76.6503,
            28.21403
          ],
          [
            76.65092,
            28.21338
          ],
          [
            76.65109,
            28.21318
          ],
          [
            76.65154,
            28.2127
          ],
          [
            76.65254,
            28.21142
          ],
          [
            76.65301,
            28.2107
          ],
          [
            76.65357,
            28.2098
          ],
          [
            76.65393,
            28.2091
          ],
          [
            76.65415,
            28.20859
          ],
          [
            76.65501,
            28.20661
          ],
          [
            76.65627,
            28.2037
          ],
          [
            76.65655,
            28.20308
          ],
          [
            76.65696,
            28.20225
          ],
          [
            76.65748,
            28.20133
          ],
          [
            76.65871,
            28.19911
          ],
          [
            76.65915,
            28.19834
          ],
          [
            76.66087,
            28.19528
          ],
          [
            76.66254,
            28.19236
          ],
          [
            76.66282,
            28.19184
          ],
          [
            76.6654,
            28.18719
          ],
          [
            76.66567,
            28.18672
          ],
          [
            76.66612,
            28.18589
          ],
          [
            76.66752,
            28.1834
          ],
          [
            76.66789,
            28.18279
          ],
          [
            76.66834,
            28.18211
          ],
          [
            76.66838,
            28.18205
          ],
          [
            76.6685,
            28.18188
          ],
          [
            76.66916,
            28.18099
          ],
          [
            76.6696,
            28.18045
          ],
          [
            76.67028,
            28.1797
          ],
          [
            76.67073,
            28.17923
          ],
          [
            76.67151,
            28.17855
          ],
          [
            76.67259,
            28.17766
          ],
          [
            76.67356,
            28.17698
          ],
          [
            76.67446,
            28.17641
          ],
          [
            76.67494,
            28.17613
          ],
          [
            76.67905,
            28.17398
          ],
          [
            76.68024,
            28.17338
          ],
          [
            76.68115,
            28.1729
          ],
          [
            76.6878,
            28.16944
          ],
          [
            76.68946,
            28.16856
          ],
          [
            76.69173,
            28.16739
          ],
          [
            76.69358,
            28.16646
          ],
          [
            76.69413,
            28.16616
          ],
          [
            76.69471,
            28.16586
          ],
          [
            76.695,
            28.16573
          ],
          [
            76.6953,
            28.16563
          ],
          [
            76.69547,
            28.16561
          ],
          [
            76.69561,
            28.16561
          ],
          [
            76.69573,
            28.16565
          ],
          [
            76.69588,
            28.1657
          ],
          [
            76.69597,
            28.16576
          ],
          [
            76.69611,
            28.16591
          ],
          [
            76.69618,
            28.16603
          ],
          [
            76.69622,
            28.16614
          ],
          [
            76.69623,
            28.16628
          ],
          [
            76.69621,
            28.16644
          ],
          [
            76.69612,
            28.16662
          ],
          [
            76.69601,
            28.16674
          ],
          [
            76.69591,
            28.16682
          ],
          [
            76.69573,
            28.16689
          ],
          [
            76.69559,
            28.16692
          ],
          [
            76.69541,
            28.16693
          ],
          [
            76.69526,
            28.16691
          ],
          [
            76.69504,
            28.16684
          ],
          [
            76.69482,
            28.16673
          ],
          [
            76.69387,
            28.16606
          ],
          [
            76.6938,
            28.16602
          ],
          [
            76.69357,
            28.1659
          ],
          [
            76.69334,
            28.16581
          ],
          [
            76.69169,
            28.16465
          ],
          [
            76.69088,
            28.16408
          ],
          [
            76.68453,
            28.15958
          ],
          [
            76.68394,
            28.15917
          ],
          [
            76.6811,
            28.15714
          ],
          [
            76.67481,
            28.15269
          ],
          [
            76.67011,
            28.14937
          ],
          [
            76.66706,
            28.14716
          ],
          [
            76.66649,
            28.14675
          ],
          [
            76.66213,
            28.14366
          ],
          [
            76.66149,
            28.14318
          ],
          [
            76.65775,
            28.14043
          ],
          [
            76.65371,
            28.13754
          ],
          [
            76.65318,
            28.13717
          ],
          [
            76.65168,
            28.1361
          ],
          [
            76.65075,
            28.13541
          ],
          [
            76.64944,
            28.13449
          ],
          [
            76.64197,
            28.12913
          ],
          [
            76.64078,
            28.12825
          ],
          [
            76.64005,
            28.12776
          ],
          [
            76.6386,
            28.12675
          ],
          [
            76.63742,
            28.12595
          ],
          [
            76.6365,
            28.12533
          ],
          [
            76.63495,
            28.12424
          ],
          [
            76.63472,
            28.12406
          ],
          [
            76.63429,
            28.12376
          ],
          [
            76.63402,
            28.12356
          ],
          [
            76.63154,
            28.12178
          ],
          [
            76.63049,
            28.12105
          ],
          [
            76.6299,
            28.12061
          ],
          [
            76.62917,
            28.12012
          ],
          [
            76.62758,
            28.11893
          ],
          [
            76.62654,
            28.11823
          ],
          [
            76.62591,
            28.11791
          ],
          [
            76.62515,
            28.1176
          ],
          [
            76.62162,
            28.11628
          ],
          [
            76.62146,
            28.11622
          ],
          [
            76.61941,
            28.11544
          ],
          [
            76.61878,
            28.11518
          ],
          [
            76.61843,
            28.11499
          ],
          [
            76.61787,
            28.11456
          ],
          [
            76.61742,
            28.11408
          ],
          [
            76.617,
            28.11344
          ],
          [
            76.61571,
            28.11118
          ],
          [
            76.61528,
            28.11059
          ],
          [
            76.61495,
            28.11022
          ],
          [
            76.61445,
            28.1098
          ],
          [
            76.61368,
            28.10924
          ],
          [
            76.61261,
            28.1085
          ],
          [
            76.61213,
            28.10818
          ],
          [
            76.61188,
            28.10801
          ],
          [
            76.61039,
            28.10701
          ],
          [
            76.60793,
            28.10537
          ],
          [
            76.60707,
            28.10481
          ],
          [
            76.60681,
            28.10463
          ],
          [
            76.60398,
            28.10274
          ],
          [
            76.60227,
            28.10163
          ],
          [
            76.60103,
            28.10076
          ],
          [
            76.59979,
            28.09995
          ],
          [
            76.59969,
            28.09988
          ],
          [
            76.59555,
            28.09721
          ],
          [
            76.59471,
            28.09668
          ],
          [
            76.59039,
            28.09383
          ],
          [
            76.58892,
            28.09283
          ],
          [
            76.58803,
            28.0922
          ],
          [
            76.58621,
            28.09096
          ],
          [
            76.58326,
            28.08897
          ],
          [
            76.581,
            28.0875
          ],
          [
            76.57842,
            28.08579
          ],
          [
            76.57479,
            28.08339
          ],
          [
            76.57339,
            28.08242
          ],
          [
            76.57248,
            28.08183
          ],
          [
            76.57194,
            28.08148
          ],
          [
            76.56953,
            28.07985
          ],
          [
            76.56763,
            28.07856
          ],
          [
            76.56628,
            28.07761
          ],
          [
            76.56381,
            28.07594
          ],
          [
            76.56287,
            28.07532
          ],
          [
            76.56277,
            28.07526
          ],
          [
            76.55997,
            28.07337
          ],
          [
            76.55888,
            28.07265
          ],
          [
            76.55506,
            28.07004
          ],
          [
            76.55487,
            28.06991
          ],
          [
            76.54771,
            28.06515
          ],
          [
            76.54733,
            28.06489
          ],
          [
            76.5466,
            28.06441
          ],
          [
            76.54632,
            28.06422
          ],
          [
            76.54432,
            28.06286
          ],
          [
            76.54384,
            28.06253
          ],
          [
            76.53851,
            28.05901
          ],
          [
            76.53776,
            28.0585
          ],
          [
            76.53682,
            28.05786
          ],
          [
            76.53614,
            28.0574
          ],
          [
            76.53541,
            28.0569
          ],
          [
            76.53423,
            28.0561
          ],
          [
            76.53329,
            28.05548
          ],
          [
            76.53274,
            28.05511
          ],
          [
            76.53201,
            28.05462
          ],
          [
            76.52931,
            28.05284
          ],
          [
            76.5253,
            28.05018
          ],
          [
            76.52523,
            28.05013
          ],
          [
            76.51892,
            28.04591
          ],
          [
            76.51704,
            28.04466
          ],
          [
            76.51618,
            28.04409
          ],
          [
            76.51584,
            28.04387
          ],
          [
            76.51406,
            28.04268
          ],
          [
            76.51371,
            28.04245
          ],
          [
            76.51257,
            28.04169
          ],
          [
            76.51195,
            28.04127
          ],
          [
            76.51059,
            28.04036
          ],
          [
            76.50999,
            28.03995
          ],
          [
            76.50936,
            28.03953
          ],
          [
            76.50922,
            28.03944
          ],
          [
            76.50872,
            28.0391
          ],
          [
            76.50854,
            28.03899
          ],
          [
            76.50796,
            28.03859
          ],
          [
            76.5054,
            28.03684
          ],
          [
            76.50427,
            28.03609
          ],
          [
            76.50147,
            28.03414
          ],
          [
            76.49667,
            28.03079
          ],
          [
            76.49214,
            28.02756
          ],
          [
            76.49127,
            28.02696
          ],
          [
            76.48937,
            28.0256
          ],
          [
            76.48758,
            28.0244
          ],
          [
            76.4864,
            28.02367
          ],
          [
            76.48384,
            28.02202
          ],
          [
            76.48277,
            28.02134
          ],
          [
            76.47944,
            28.01919
          ],
          [
            76.47823,
            28.01839
          ],
          [
            76.47789,
            28.01817
          ],
          [
            76.47369,
            28.01541
          ],
          [
            76.47331,
            28.01516
          ],
          [
            76.46842,
            28.01201
          ],
          [
            76.46484,
            28.0097
          ],
          [
            76.46395,
            28.00906
          ],
          [
            76.46312,
            28.00847
          ],
          [
            76.46137,
            28.00728
          ],
          [
            76.45962,
            28.00617
          ],
          [
            76.45891,
            28.0057
          ],
          [
            76.45626,
            28.00393
          ],
          [
            76.45526,
            28.00329
          ],
          [
            76.45497,
            28.00313
          ],
          [
            76.45472,
            28.00302
          ],
          [
            76.45429,
            28.00288
          ],
          [
            76.45423,
            28.00287
          ],
          [
            76.45381,
            28.00278
          ],
          [
            76.45304,
            28.00276
          ],
          [
            76.44634,
            28.00324
          ],
          [
            76.43861,
            28.00383
          ],
          [
            76.438,
            28.00386
          ],
          [
            76.4375,
            28.00383
          ],
          [
            76.43731,
            28.00379
          ],
          [
            76.43682,
            28.00368
          ],
          [
            76.43623,
            28.00346
          ],
          [
            76.43545,
            28.00302
          ],
          [
            76.43459,
            28.00243
          ],
          [
            76.43173,
            28.00043
          ],
          [
            76.43067,
            27.99968
          ],
          [
            76.42986,
            27.99915
          ],
          [
            76.42901,
            27.99862
          ],
          [
            76.42709,
            27.99746
          ],
          [
            76.42683,
            27.9973
          ],
          [
            76.4199,
            27.99257
          ],
          [
            76.4132,
            27.98792
          ],
          [
            76.41006,
            27.98575
          ],
          [
            76.4081,
            27.9844
          ],
          [
            76.40732,
            27.98383
          ],
          [
            76.40104,
            27.97923
          ],
          [
            76.40009,
            27.97859
          ],
          [
            76.39796,
            27.9773
          ],
          [
            76.39776,
            27.97718
          ],
          [
            76.38855,
            27.97162
          ],
          [
            76.38824,
            27.97142
          ],
          [
            76.38502,
            27.96928
          ],
          [
            76.37678,
            27.96393
          ],
          [
            76.37047,
            27.95982
          ],
          [
            76.36907,
            27.95889
          ],
          [
            76.36692,
            27.95755
          ],
          [
            76.36336,
            27.9555
          ],
          [
            76.36018,
            27.95373
          ],
          [
            76.3595,
            27.95332
          ],
          [
            76.35886,
            27.95294
          ],
          [
            76.35752,
            27.95203
          ],
          [
            76.35306,
            27.94908
          ],
          [
            76.35042,
            27.94734
          ],
          [
            76.3442,
            27.94322
          ],
          [
            76.34321,
            27.94259
          ],
          [
            76.34096,
            27.94109
          ],
          [
            76.34047,
            27.94075
          ],
          [
            76.34017,
            27.94049
          ],
          [
            76.33977,
            27.94011
          ],
          [
            76.33914,
            27.93945
          ],
          [
            76.33514,
            27.93513
          ],
          [
            76.33348,
            27.93337
          ],
          [
            76.32699,
            27.92648
          ],
          [
            76.32333,
            27.9226
          ],
          [
            76.32183,
            27.92104
          ],
          [
            76.31971,
            27.91878
          ],
          [
            76.31189,
            27.91045
          ],
          [
            76.3099,
            27.90842
          ],
          [
            76.3098,
            27.90831
          ],
          [
            76.30828,
            27.90675
          ],
          [
            76.30778,
            27.9062
          ],
          [
            76.30635,
            27.90472
          ],
          [
            76.30307,
            27.90124
          ],
          [
            76.30193,
            27.90003
          ],
          [
            76.29781,
            27.89572
          ],
          [
            76.2971,
            27.89493
          ],
          [
            76.29408,
            27.89175
          ],
          [
            76.29092,
            27.88847
          ],
          [
            76.2897,
            27.8872
          ],
          [
            76.28741,
            27.88477
          ],
          [
            76.28665,
            27.88394
          ],
          [
            76.28562,
            27.88292
          ],
          [
            76.28286,
            27.88014
          ],
          [
            76.28214,
            27.87942
          ],
          [
            76.2808,
            27.87805
          ],
          [
            76.2782,
            27.87548
          ],
          [
            76.27602,
            27.87332
          ],
          [
            76.27543,
            27.87275
          ],
          [
            76.27399,
            27.87132
          ],
          [
            76.27345,
            27.87082
          ],
          [
            76.27242,
            27.86979
          ],
          [
            76.2717,
            27.86908
          ],
          [
            76.26944,
            27.86685
          ],
          [
            76.26902,
            27.86639
          ],
          [
            76.26877,
            27.86605
          ],
          [
            76.26855,
            27.86564
          ],
          [
            76.26782,
            27.86408
          ],
          [
            76.2661,
            27.86056
          ],
          [
            76.26468,
            27.85762
          ],
          [
            76.26423,
            27.85668
          ],
          [
            76.26339,
            27.855
          ],
          [
            76.25979,
            27.84769
          ],
          [
            76.25923,
            27.84657
          ],
          [
            76.25857,
            27.84529
          ],
          [
            76.25827,
            27.84462
          ],
          [
            76.25759,
            27.84315
          ],
          [
            76.25574,
            27.83933
          ],
          [
            76.25533,
            27.83848
          ],
          [
            76.25522,
            27.83822
          ],
          [
            76.25515,
            27.83802
          ],
          [
            76.25507,
            27.83765
          ],
          [
            76.25503,
            27.83736
          ],
          [
            76.25503,
            27.83688
          ],
          [
            76.25509,
            27.83658
          ],
          [
            76.25516,
            27.83631
          ],
          [
            76.25528,
            27.836
          ],
          [
            76.25542,
            27.83572
          ],
          [
            76.25594,
            27.83499
          ],
          [
            76.25633,
            27.83451
          ],
          [
            76.25726,
            27.83334
          ],
          [
            76.2579,
            27.83257
          ],
          [
            76.25815,
            27.83219
          ],
          [
            76.259,
            27.83118
          ],
          [
            76.25932,
            27.83077
          ],
          [
            76.25964,
            27.83024
          ],
          [
            76.25975,
            27.83
          ],
          [
            76.25985,
            27.82969
          ],
          [
            76.25993,
            27.8293
          ],
          [
            76.25995,
            27.82908
          ],
          [
            76.25995,
            27.8286
          ],
          [
            76.25991,
            27.82831
          ],
          [
            76.25982,
            27.82794
          ],
          [
            76.25972,
            27.82766
          ],
          [
            76.25963,
            27.82745
          ],
          [
            76.25929,
            27.82689
          ],
          [
            76.25758,
            27.82457
          ],
          [
            76.25461,
            27.82066
          ],
          [
            76.25219,
            27.8173
          ],
          [
            76.25184,
            27.8168
          ],
          [
            76.25132,
            27.81603
          ],
          [
            76.25069,
            27.81511
          ],
          [
            76.24801,
            27.81117
          ],
          [
            76.2454,
            27.8074
          ],
          [
            76.24526,
            27.80719
          ],
          [
            76.2429,
            27.80371
          ],
          [
            76.24226,
            27.80276
          ],
          [
            76.24141,
            27.8015
          ],
          [
            76.23819,
            27.79683
          ],
          [
            76.23721,
            27.79542
          ],
          [
            76.23634,
            27.79415
          ],
          [
            76.23567,
            27.79319
          ],
          [
            76.23559,
            27.79305
          ],
          [
            76.23498,
            27.79195
          ],
          [
            76.23469,
            27.79127
          ],
          [
            76.23414,
            27.78969
          ],
          [
            76.23315,
            27.78697
          ],
          [
            76.23225,
            27.78468
          ],
          [
            76.23173,
            27.7833
          ],
          [
            76.23166,
            27.78311
          ],
          [
            76.23055,
            27.78009
          ],
          [
            76.22947,
            27.77718
          ],
          [
            76.22882,
            27.7753
          ],
          [
            76.22812,
            27.77344
          ],
          [
            76.22655,
            27.76918
          ],
          [
            76.2262,
            27.7682
          ],
          [
            76.22592,
            27.76744
          ],
          [
            76.22503,
            27.76504
          ],
          [
            76.22416,
            27.76267
          ],
          [
            76.22385,
            27.76183
          ],
          [
            76.2236,
            27.76118
          ],
          [
            76.22226,
            27.75758
          ],
          [
            76.22079,
            27.75364
          ],
          [
            76.21921,
            27.74939
          ],
          [
            76.21729,
            27.74409
          ],
          [
            76.21642,
            27.74183
          ],
          [
            76.21633,
            27.7416
          ],
          [
            76.2157,
            27.73984
          ],
          [
            76.21515,
            27.7384
          ],
          [
            76.21442,
            27.7365
          ],
          [
            76.21316,
            27.73319
          ],
          [
            76.21234,
            27.73132
          ],
          [
            76.21173,
            27.72997
          ],
          [
            76.21117,
            27.72878
          ],
          [
            76.20957,
            27.72524
          ],
          [
            76.20693,
            27.7195
          ],
          [
            76.2067,
            27.71895
          ],
          [
            76.206,
            27.71749
          ],
          [
            76.20568,
            27.71687
          ],
          [
            76.20552,
            27.7166
          ],
          [
            76.20531,
            27.71628
          ],
          [
            76.20512,
            27.71603
          ],
          [
            76.20448,
            27.71533
          ],
          [
            76.20404,
            27.71492
          ],
          [
            76.20289,
            27.71404
          ],
          [
            76.20206,
            27.71343
          ],
          [
            76.20172,
            27.71317
          ],
          [
            76.19944,
            27.71144
          ],
          [
            76.19878,
            27.71093
          ],
          [
            76.19782,
            27.71024
          ],
          [
            76.1969,
            27.70955
          ],
          [
            76.19662,
            27.7093
          ],
          [
            76.19601,
            27.70872
          ],
          [
            76.19584,
            27.70853
          ],
          [
            76.19545,
            27.70799
          ],
          [
            76.19515,
            27.70755
          ],
          [
            76.19462,
            27.70652
          ],
          [
            76.19427,
            27.70575
          ],
          [
            76.19388,
            27.70496
          ],
          [
            76.19305,
            27.70347
          ],
          [
            76.19292,
            27.70324
          ],
          [
            76.1914,
            27.70061
          ],
          [
            76.19079,
            27.69955
          ],
          [
            76.18929,
            27.69701
          ],
          [
            76.18776,
            27.69436
          ],
          [
            76.18694,
            27.693
          ],
          [
            76.1861,
            27.6915
          ],
          [
            76.18426,
            27.68835
          ],
          [
            76.18399,
            27.68798
          ],
          [
            76.18361,
            27.68754
          ],
          [
            76.18321,
            27.68714
          ],
          [
            76.18284,
            27.6868
          ],
          [
            76.18244,
            27.68649
          ],
          [
            76.17882,
            27.68402
          ],
          [
            76.1768,
            27.68266
          ],
          [
            76.17558,
            27.68182
          ],
          [
            76.17388,
            27.68068
          ],
          [
            76.17327,
            27.68026
          ],
          [
            76.17263,
            27.67977
          ],
          [
            76.17088,
            27.67834
          ],
          [
            76.16915,
            27.67686
          ],
          [
            76.16549,
            27.67381
          ],
          [
            76.16482,
            27.67325
          ],
          [
            76.16382,
            27.67244
          ],
          [
            76.16208,
            27.67095
          ],
          [
            76.16066,
            27.66973
          ],
          [
            76.15982,
            27.66899
          ],
          [
            76.15967,
            27.66886
          ],
          [
            76.15845,
            27.66777
          ],
          [
            76.15782,
            27.66718
          ],
          [
            76.15639,
            27.66591
          ],
          [
            76.15582,
            27.66541
          ],
          [
            76.15145,
            27.66149
          ],
          [
            76.15074,
            27.66085
          ],
          [
            76.14956,
            27.65981
          ],
          [
            76.14857,
            27.65893
          ],
          [
            76.14702,
            27.65754
          ],
          [
            76.14604,
            27.65667
          ],
          [
            76.14533,
            27.65604
          ],
          [
            76.143,
            27.65395
          ],
          [
            76.14166,
            27.65274
          ],
          [
            76.14113,
            27.65227
          ],
          [
            76.13846,
            27.64995
          ],
          [
            76.1383,
            27.64982
          ],
          [
            76.13524,
            27.64726
          ],
          [
            76.13394,
            27.64616
          ],
          [
            76.12973,
            27.64265
          ],
          [
            76.12792,
            27.64111
          ],
          [
            76.12638,
            27.63984
          ],
          [
            76.12599,
            27.63952
          ],
          [
            76.12545,
            27.63901
          ],
          [
            76.12465,
            27.63814
          ],
          [
            76.1235,
            27.6369
          ],
          [
            76.12344,
            27.63684
          ],
          [
            76.12288,
            27.63625
          ],
          [
            76.12252,
            27.63589
          ],
          [
            76.1214,
            27.6347
          ],
          [
            76.12003,
            27.63327
          ],
          [
            76.11958,
            27.6328
          ],
          [
            76.11797,
            27.63105
          ],
          [
            76.11617,
            27.62917
          ],
          [
            76.11603,
            27.62902
          ],
          [
            76.11323,
            27.62608
          ],
          [
            76.11211,
            27.62488
          ],
          [
            76.10936,
            27.62192
          ],
          [
            76.10878,
            27.62138
          ],
          [
            76.10807,
            27.62082
          ],
          [
            76.10555,
            27.61894
          ],
          [
            76.10499,
            27.61841
          ],
          [
            76.10319,
            27.61659
          ],
          [
            76.10231,
            27.61574
          ],
          [
            76.10098,
            27.61444
          ],
          [
            76.10039,
            27.61384
          ],
          [
            76.09999,
            27.61338
          ],
          [
            76.09944,
            27.61264
          ],
          [
            76.09809,
            27.6104
          ],
          [
            76.09722,
            27.60895
          ],
          [
            76.09614,
            27.60711
          ],
          [
            76.09436,
            27.6041
          ],
          [
            76.09423,
            27.60387
          ],
          [
            76.09397,
            27.60348
          ],
          [
            76.09385,
            27.60332
          ],
          [
            76.09353,
            27.60296
          ],
          [
            76.09299,
            27.60251
          ],
          [
            76.09105,
            27.60129
          ],
          [
            76.08167,
            27.59544
          ],
          [
            76.08125,
            27.59518
          ],
          [
            76.07932,
            27.59399
          ],
          [
            76.07901,
            27.59376
          ],
          [
            76.07867,
            27.59347
          ],
          [
            76.07846,
            27.59325
          ],
          [
            76.07823,
            27.59293
          ],
          [
            76.07806,
            27.59267
          ],
          [
            76.07791,
            27.59232
          ],
          [
            76.07766,
            27.59156
          ],
          [
            76.07757,
            27.59126
          ],
          [
            76.07745,
            27.5909
          ],
          [
            76.07706,
            27.58936
          ],
          [
            76.07627,
            27.58621
          ],
          [
            76.07578,
            27.58403
          ],
          [
            76.07573,
            27.58383
          ],
          [
            76.07534,
            27.58205
          ],
          [
            76.07522,
            27.58156
          ],
          [
            76.07467,
            27.57934
          ],
          [
            76.07449,
            27.57865
          ],
          [
            76.07444,
            27.57836
          ],
          [
            76.07398,
            27.57496
          ],
          [
            76.07388,
            27.57409
          ],
          [
            76.07362,
            27.57226
          ],
          [
            76.07343,
            27.57084
          ],
          [
            76.07323,
            27.56924
          ],
          [
            76.07322,
            27.569
          ],
          [
            76.07323,
            27.56873
          ],
          [
            76.07329,
            27.5683
          ],
          [
            76.07339,
            27.56777
          ],
          [
            76.07387,
            27.56579
          ],
          [
            76.07394,
            27.56552
          ],
          [
            76.07447,
            27.56341
          ],
          [
            76.07507,
            27.56088
          ],
          [
            76.0753,
            27.55984
          ],
          [
            76.07533,
            27.55961
          ],
          [
            76.07538,
            27.55888
          ],
          [
            76.07529,
            27.55769
          ],
          [
            76.07516,
            27.55653
          ],
          [
            76.07494,
            27.5546
          ],
          [
            76.07486,
            27.55401
          ],
          [
            76.07467,
            27.55243
          ],
          [
            76.07454,
            27.55102
          ],
          [
            76.07435,
            27.54979
          ],
          [
            76.07428,
            27.54953
          ],
          [
            76.07415,
            27.54916
          ],
          [
            76.0732,
            27.54695
          ],
          [
            76.07296,
            27.54641
          ],
          [
            76.07268,
            27.54577
          ],
          [
            76.07025,
            27.5402
          ],
          [
            76.06992,
            27.53945
          ],
          [
            76.06812,
            27.53534
          ],
          [
            76.06733,
            27.53339
          ],
          [
            76.06679,
            27.53219
          ],
          [
            76.06675,
            27.53209
          ],
          [
            76.06618,
            27.53085
          ],
          [
            76.06571,
            27.52966
          ],
          [
            76.06518,
            27.52842
          ],
          [
            76.06421,
            27.52614
          ],
          [
            76.06405,
            27.52579
          ],
          [
            76.06386,
            27.52526
          ],
          [
            76.06378,
            27.52496
          ],
          [
            76.06374,
            27.5247
          ],
          [
            76.06371,
            27.52436
          ],
          [
            76.06379,
            27.52154
          ],
          [
            76.06384,
            27.51934
          ],
          [
            76.0639,
            27.51659
          ],
          [
            76.06384,
            27.51605
          ],
          [
            76.06365,
            27.51516
          ],
          [
            76.06347,
            27.51464
          ],
          [
            76.06181,
            27.51068
          ],
          [
            76.06162,
            27.51023
          ],
          [
            76.05904,
            27.504
          ],
          [
            76.05845,
            27.50263
          ],
          [
            76.05667,
            27.49833
          ],
          [
            76.05657,
            27.49811
          ],
          [
            76.05524,
            27.49493
          ],
          [
            76.05333,
            27.49036
          ],
          [
            76.05268,
            27.48927
          ],
          [
            76.05246,
            27.48889
          ],
          [
            76.0521,
            27.48826
          ],
          [
            76.05184,
            27.4878
          ],
          [
            76.0515,
            27.48706
          ],
          [
            76.05138,
            27.48675
          ],
          [
            76.05121,
            27.48616
          ],
          [
            76.05104,
            27.48553
          ],
          [
            76.05099,
            27.48526
          ],
          [
            76.05087,
            27.48468
          ],
          [
            76.05077,
            27.48433
          ],
          [
            76.05051,
            27.48361
          ],
          [
            76.05012,
            27.48263
          ],
          [
            76.0492,
            27.48035
          ],
          [
            76.04814,
            27.47768
          ],
          [
            76.04788,
            27.47701
          ],
          [
            76.0468,
            27.47427
          ],
          [
            76.04584,
            27.4719
          ],
          [
            76.04443,
            27.46836
          ],
          [
            76.04393,
            27.4671
          ],
          [
            76.04372,
            27.46659
          ],
          [
            76.04348,
            27.46594
          ],
          [
            76.04297,
            27.46456
          ],
          [
            76.04271,
            27.46392
          ],
          [
            76.04249,
            27.46346
          ],
          [
            76.04215,
            27.46288
          ],
          [
            76.04183,
            27.46248
          ],
          [
            76.0414,
            27.46205
          ],
          [
            76.0412,
            27.46187
          ],
          [
            76.04073,
            27.46152
          ],
          [
            76.03806,
            27.45959
          ],
          [
            76.03299,
            27.45595
          ],
          [
            76.03229,
            27.45544
          ],
          [
            76.03194,
            27.45523
          ],
          [
            76.03123,
            27.45489
          ],
          [
            76.03081,
            27.45473
          ],
          [
            76.03055,
            27.45465
          ],
          [
            76.03012,
            27.45454
          ],
          [
            76.02926,
            27.45436
          ],
          [
            76.02702,
            27.45391
          ],
          [
            76.02516,
            27.45351
          ],
          [
            76.02419,
            27.45326
          ],
          [
            76.0225,
            27.45279
          ],
          [
            76.02116,
            27.45238
          ],
          [
            76.02063,
            27.45216
          ],
          [
            76.02037,
            27.45202
          ],
          [
            76.02007,
            27.45181
          ],
          [
            76.01979,
            27.45155
          ],
          [
            76.0195,
            27.45123
          ],
          [
            76.01932,
            27.45099
          ],
          [
            76.01921,
            27.45079
          ],
          [
            76.0191,
            27.45055
          ],
          [
            76.01895,
            27.45015
          ],
          [
            76.01886,
            27.44968
          ],
          [
            76.01887,
            27.44922
          ],
          [
            76.01908,
            27.44774
          ],
          [
            76.01915,
            27.44722
          ],
          [
            76.01941,
            27.44551
          ],
          [
            76.01962,
            27.44431
          ],
          [
            76.01984,
            27.443
          ],
          [
            76.02005,
            27.44143
          ],
          [
            76.02009,
            27.44085
          ],
          [
            76.02009,
            27.44043
          ],
          [
            76.02003,
            27.43994
          ],
          [
            76.01997,
            27.43958
          ],
          [
            76.01989,
            27.4393
          ],
          [
            76.01966,
            27.43865
          ],
          [
            76.01944,
            27.4382
          ],
          [
            76.01912,
            27.43774
          ],
          [
            76.01726,
            27.43559
          ],
          [
            76.01712,
            27.43542
          ],
          [
            76.01508,
            27.43298
          ],
          [
            76.01457,
            27.43244
          ],
          [
            76.01407,
            27.43183
          ],
          [
            76.0133,
            27.43095
          ],
          [
            76.00974,
            27.42682
          ],
          [
            76.00913,
            27.42615
          ],
          [
            76.00811,
            27.42499
          ],
          [
            76.00782,
            27.42466
          ],
          [
            76.00744,
            27.4242
          ],
          [
            76.0068,
            27.42343
          ],
          [
            76.00336,
            27.41942
          ],
          [
            76.00194,
            27.41784
          ],
          [
            76.00157,
            27.4175
          ],
          [
            75.99838,
            27.41497
          ],
          [
            75.99803,
            27.41467
          ],
          [
            75.99782,
            27.41444
          ],
          [
            75.99745,
            27.41404
          ],
          [
            75.99724,
            27.41377
          ],
          [
            75.99691,
            27.4133
          ],
          [
            75.99617,
            27.41216
          ],
          [
            75.99581,
            27.41165
          ],
          [
            75.99574,
            27.41155
          ],
          [
            75.99559,
            27.41132
          ],
          [
            75.99491,
            27.41018
          ],
          [
            75.99451,
            27.40957
          ],
          [
            75.99347,
            27.40799
          ],
          [
            75.99282,
            27.40705
          ],
          [
            75.99263,
            27.40682
          ],
          [
            75.99215,
            27.40625
          ],
          [
            75.99175,
            27.40585
          ],
          [
            75.99089,
            27.40512
          ],
          [
            75.98832,
            27.40321
          ],
          [
            75.98576,
            27.40131
          ],
          [
            75.98558,
            27.40117
          ],
          [
            75.985,
            27.40078
          ],
          [
            75.98443,
            27.40047
          ],
          [
            75.98419,
            27.40036
          ],
          [
            75.98314,
            27.40003
          ],
          [
            75.98175,
            27.39954
          ],
          [
            75.9808,
            27.39926
          ],
          [
            75.97979,
            27.39902
          ],
          [
            75.97709,
            27.39837
          ],
          [
            75.97616,
            27.39814
          ],
          [
            75.97518,
            27.39789
          ],
          [
            75.97507,
            27.39786
          ],
          [
            75.97487,
            27.3978
          ],
          [
            75.97457,
            27.39768
          ],
          [
            75.97175,
            27.39634
          ],
          [
            75.97143,
            27.39616
          ],
          [
            75.97117,
            27.39598
          ],
          [
            75.97089,
            27.39571
          ],
          [
            75.97066,
            27.39546
          ],
          [
            75.97049,
            27.39523
          ],
          [
            75.97015,
            27.39472
          ],
          [
            75.9685,
            27.39228
          ],
          [
            75.9682,
            27.39178
          ],
          [
            75.96798,
            27.39134
          ],
          [
            75.96784,
            27.39096
          ],
          [
            75.96733,
            27.38996
          ],
          [
            75.96693,
            27.38913
          ],
          [
            75.96679,
            27.38894
          ],
          [
            75.96665,
            27.3888
          ],
          [
            75.96658,
            27.38872
          ],
          [
            75.96622,
            27.3881
          ],
          [
            75.96573,
            27.38721
          ],
          [
            75.96276,
            27.38149
          ],
          [
            75.96191,
            27.37981
          ],
          [
            75.96155,
            27.37907
          ],
          [
            75.96113,
            27.37815
          ],
          [
            75.95951,
            27.37499
          ],
          [
            75.95874,
            27.37355
          ],
          [
            75.95679,
            27.36971
          ],
          [
            75.95646,
            27.36882
          ],
          [
            75.95496,
            27.36202
          ],
          [
            75.95467,
            27.36034
          ],
          [
            75.95445,
            27.35874
          ],
          [
            75.95443,
            27.3586
          ],
          [
            75.95433,
            27.35788
          ],
          [
            75.95426,
            27.35722
          ],
          [
            75.9543,
            27.35662
          ],
          [
            75.95441,
            27.3562
          ],
          [
            75.95457,
            27.35569
          ],
          [
            75.95476,
            27.35506
          ],
          [
            75.95498,
            27.35423
          ],
          [
            75.95502,
            27.35376
          ],
          [
            75.95502,
            27.35328
          ],
          [
            75.95502,
            27.35159
          ],
          [
            75.95502,
            27.35084
          ],
          [
            75.95509,
            27.35034
          ],
          [
            75.95527,
            27.34959
          ],
          [
            75.95592,
            27.34736
          ],
          [
            75.95634,
            27.34598
          ],
          [
            75.95644,
            27.34549
          ],
          [
            75.95646,
            27.34492
          ],
          [
            75.9564,
            27.34435
          ],
          [
            75.95618,
            27.34361
          ],
          [
            75.95459,
            27.34054
          ],
          [
            75.95405,
            27.33951
          ],
          [
            75.9539,
            27.33922
          ],
          [
            75.9534,
            27.33799
          ],
          [
            75.95301,
            27.3356
          ],
          [
            75.95278,
            27.33412
          ],
          [
            75.95198,
            27.32815
          ],
          [
            75.95187,
            27.32732
          ],
          [
            75.95161,
            27.32443
          ],
          [
            75.95157,
            27.32392
          ],
          [
            75.95155,
            27.32353
          ],
          [
            75.95151,
            27.32211
          ],
          [
            75.95156,
            27.32139
          ],
          [
            75.95174,
            27.32
          ],
          [
            75.95185,
            27.31938
          ],
          [
            75.95197,
            27.31862
          ],
          [
            75.95213,
            27.31757
          ],
          [
            75.95218,
            27.31729
          ],
          [
            75.95226,
            27.31631
          ],
          [
            75.95227,
            27.31548
          ],
          [
            75.95218,
            27.31456
          ],
          [
            75.95203,
            27.31336
          ],
          [
            75.95201,
            27.31321
          ],
          [
            75.95181,
            27.31168
          ],
          [
            75.95173,
            27.31105
          ],
          [
            75.95172,
            27.3104
          ],
          [
            75.95176,
            27.30987
          ],
          [
            75.95178,
            27.30978
          ],
          [
            75.95189,
            27.30926
          ],
          [
            75.95204,
            27.30878
          ],
          [
            75.95229,
            27.3082
          ],
          [
            75.95236,
            27.30803
          ],
          [
            75.95356,
            27.30564
          ],
          [
            75.95402,
            27.3046
          ],
          [
            75.95429,
            27.30406
          ],
          [
            75.95472,
            27.30333
          ],
          [
            75.95588,
            27.30144
          ],
          [
            75.95701,
            27.2997
          ],
          [
            75.95718,
            27.29944
          ],
          [
            75.95793,
            27.29821
          ],
          [
            75.9606,
            27.29401
          ],
          [
            75.96138,
            27.29276
          ],
          [
            75.96176,
            27.29218
          ],
          [
            75.96199,
            27.29173
          ],
          [
            75.96215,
            27.2913
          ],
          [
            75.96226,
            27.29089
          ],
          [
            75.96234,
            27.29045
          ],
          [
            75.96235,
            27.29003
          ],
          [
            75.9623,
            27.28951
          ],
          [
            75.96222,
            27.28908
          ],
          [
            75.96211,
            27.28864
          ],
          [
            75.96198,
            27.28821
          ],
          [
            75.96179,
            27.28785
          ],
          [
            75.96153,
            27.28746
          ],
          [
            75.96127,
            27.28714
          ],
          [
            75.96094,
            27.28683
          ],
          [
            75.96034,
            27.28637
          ],
          [
            75.96001,
            27.28618
          ],
          [
            75.95847,
            27.28541
          ],
          [
            75.95776,
            27.28506
          ],
          [
            75.95761,
            27.28498
          ],
          [
            75.95653,
            27.2844
          ],
          [
            75.95592,
            27.28396
          ],
          [
            75.95548,
            27.28353
          ],
          [
            75.95484,
            27.28269
          ],
          [
            75.95381,
            27.28116
          ],
          [
            75.9533,
            27.28057
          ],
          [
            75.95286,
            27.28016
          ],
          [
            75.95247,
            27.27985
          ],
          [
            75.95181,
            27.27949
          ],
          [
            75.9506,
            27.27899
          ],
          [
            75.94955,
            27.27858
          ],
          [
            75.94915,
            27.27834
          ],
          [
            75.94884,
            27.2781
          ],
          [
            75.94853,
            27.27782
          ],
          [
            75.94822,
            27.27746
          ],
          [
            75.94789,
            27.277
          ],
          [
            75.9477,
            27.27658
          ],
          [
            75.94762,
            27.27634
          ],
          [
            75.94752,
            27.27581
          ],
          [
            75.9475,
            27.27526
          ],
          [
            75.94757,
            27.27479
          ],
          [
            75.94842,
            27.27225
          ],
          [
            75.94969,
            27.26845
          ],
          [
            75.94997,
            27.26764
          ],
          [
            75.95086,
            27.26477
          ],
          [
            75.9511,
            27.26398
          ],
          [
            75.95118,
            27.26363
          ],
          [
            75.95128,
            27.26297
          ],
          [
            75.9513,
            27.26287
          ],
          [
            75.9513,
            27.2624
          ],
          [
            75.95131,
            27.26192
          ],
          [
            75.95121,
            27.25969
          ],
          [
            75.95121,
            27.25805
          ],
          [
            75.95119,
            27.25725
          ],
          [
            75.95121,
            27.25661
          ],
          [
            75.95129,
            27.25573
          ],
          [
            75.95129,
            27.25517
          ],
          [
            75.95112,
            27.25355
          ],
          [
            75.95097,
            27.25189
          ],
          [
            75.95097,
            27.2498
          ],
          [
            75.95102,
            27.24902
          ],
          [
            75.95117,
            27.24653
          ],
          [
            75.95113,
            27.24572
          ],
          [
            75.95084,
            27.24434
          ],
          [
            75.95061,
            27.24338
          ],
          [
            75.95038,
            27.24272
          ],
          [
            75.94995,
            27.24171
          ],
          [
            75.94979,
            27.24076
          ],
          [
            75.94954,
            27.23946
          ],
          [
            75.94895,
            27.23567
          ],
          [
            75.94871,
            27.23408
          ],
          [
            75.94849,
            27.23249
          ],
          [
            75.94832,
            27.23106
          ],
          [
            75.9482,
            27.22865
          ],
          [
            75.94812,
            27.22736
          ],
          [
            75.94809,
            27.22693
          ],
          [
            75.94807,
            27.22674
          ],
          [
            75.94806,
            27.22653
          ],
          [
            75.94802,
            27.22525
          ],
          [
            75.94794,
            27.22455
          ],
          [
            75.94785,
            27.22408
          ],
          [
            75.94682,
            27.22116
          ],
          [
            75.9467,
            27.22079
          ],
          [
            75.94664,
            27.22034
          ],
          [
            75.94664,
            27.21987
          ],
          [
            75.94669,
            27.2195
          ],
          [
            75.94678,
            27.21915
          ],
          [
            75.94687,
            27.2189
          ],
          [
            75.94708,
            27.21847
          ],
          [
            75.94878,
            27.21547
          ],
          [
            75.94896,
            27.21508
          ],
          [
            75.94915,
            27.21461
          ],
          [
            75.94923,
            27.21432
          ],
          [
            75.9493,
            27.214
          ],
          [
            75.94973,
            27.21058
          ],
          [
            75.94986,
            27.20977
          ],
          [
            75.95012,
            27.20859
          ],
          [
            75.95048,
            27.20715
          ],
          [
            75.95081,
            27.20555
          ],
          [
            75.9514,
            27.20343
          ],
          [
            75.9517,
            27.20262
          ],
          [
            75.95193,
            27.2021
          ],
          [
            75.95232,
            27.20132
          ],
          [
            75.95272,
            27.20061
          ],
          [
            75.95325,
            27.19975
          ],
          [
            75.95372,
            27.19896
          ],
          [
            75.95442,
            27.19774
          ],
          [
            75.95461,
            27.19733
          ],
          [
            75.95487,
            27.19671
          ],
          [
            75.95521,
            27.19559
          ],
          [
            75.95565,
            27.19373
          ],
          [
            75.95568,
            27.19363
          ],
          [
            75.95569,
            27.19356
          ],
          [
            75.95667,
            27.18933
          ],
          [
            75.95736,
            27.18623
          ],
          [
            75.95813,
            27.18294
          ],
          [
            75.95897,
            27.17987
          ],
          [
            75.95947,
            27.1781
          ],
          [
            75.95963,
            27.17765
          ],
          [
            75.95981,
            27.17734
          ],
          [
            75.96006,
            27.17695
          ],
          [
            75.9604,
            27.17657
          ],
          [
            75.96101,
            27.17585
          ],
          [
            75.9612,
            27.1755
          ],
          [
            75.96135,
            27.17507
          ],
          [
            75.9614,
            27.17477
          ],
          [
            75.96139,
            27.17446
          ],
          [
            75.96134,
            27.17414
          ],
          [
            75.9605,
            27.1708
          ],
          [
            75.96041,
            27.17027
          ],
          [
            75.96039,
            27.16991
          ],
          [
            75.9604,
            27.16899
          ],
          [
            75.96043,
            27.16811
          ],
          [
            75.96059,
            27.16377
          ],
          [
            75.96057,
            27.16303
          ],
          [
            75.96056,
            27.16271
          ],
          [
            75.9605,
            27.16178
          ],
          [
            75.96021,
            27.15828
          ],
          [
            75.96014,
            27.15734
          ],
          [
            75.96014,
            27.15643
          ],
          [
            75.96025,
            27.15515
          ],
          [
            75.96046,
            27.15351
          ],
          [
            75.96079,
            27.15126
          ],
          [
            75.96086,
            27.15044
          ],
          [
            75.96117,
            27.14859
          ],
          [
            75.96157,
            27.14573
          ],
          [
            75.96172,
            27.14472
          ],
          [
            75.96235,
            27.14176
          ],
          [
            75.96242,
            27.14132
          ],
          [
            75.96246,
            27.14083
          ],
          [
            75.96238,
            27.13977
          ],
          [
            75.96235,
            27.13952
          ],
          [
            75.9623,
            27.13886
          ],
          [
            75.96223,
            27.1381
          ],
          [
            75.96212,
            27.13683
          ],
          [
            75.96207,
            27.13623
          ],
          [
            75.96205,
            27.13597
          ],
          [
            75.96194,
            27.13485
          ],
          [
            75.96188,
            27.13417
          ],
          [
            75.9618,
            27.13373
          ],
          [
            75.96156,
            27.13298
          ],
          [
            75.96086,
            27.13089
          ],
          [
            75.96076,
            27.13054
          ],
          [
            75.9607,
            27.13003
          ],
          [
            75.96068,
            27.12965
          ],
          [
            75.96071,
            27.12904
          ],
          [
            75.96074,
            27.12884
          ],
          [
            75.96089,
            27.12788
          ],
          [
            75.96094,
            27.12758
          ],
          [
            75.96097,
            27.12716
          ],
          [
            75.96095,
            27.12667
          ],
          [
            75.96092,
            27.12631
          ],
          [
            75.9609,
            27.12599
          ],
          [
            75.96087,
            27.12557
          ],
          [
            75.96076,
            27.12363
          ],
          [
            75.96075,
            27.12348
          ],
          [
            75.96071,
            27.12227
          ],
          [
            75.96071,
            27.12112
          ],
          [
            75.96072,
            27.11973
          ],
          [
            75.96076,
            27.11834
          ],
          [
            75.96071,
            27.11761
          ],
          [
            75.96066,
            27.1171
          ],
          [
            75.9605,
            27.11634
          ],
          [
            75.96029,
            27.11557
          ],
          [
            75.95989,
            27.1144
          ],
          [
            75.95964,
            27.11374
          ],
          [
            75.95941,
            27.11314
          ],
          [
            75.95907,
            27.11213
          ],
          [
            75.95892,
            27.11148
          ],
          [
            75.95885,
            27.11107
          ],
          [
            75.95852,
            27.10933
          ],
          [
            75.95782,
            27.10581
          ],
          [
            75.95766,
            27.10517
          ],
          [
            75.95745,
            27.10466
          ],
          [
            75.9571,
            27.10391
          ],
          [
            75.95272,
            27.09505
          ],
          [
            75.95235,
            27.09424
          ],
          [
            75.95197,
            27.09326
          ],
          [
            75.95135,
            27.0918
          ],
          [
            75.95103,
            27.09114
          ],
          [
            75.95086,
            27.09088
          ],
          [
            75.95058,
            27.09056
          ],
          [
            75.9501,
            27.09015
          ],
          [
            75.94976,
            27.08993
          ],
          [
            75.94835,
            27.08919
          ],
          [
            75.94488,
            27.08744
          ],
          [
            75.94435,
            27.08716
          ],
          [
            75.94407,
            27.08699
          ],
          [
            75.94386,
            27.08683
          ],
          [
            75.94363,
            27.08662
          ],
          [
            75.94343,
            27.08639
          ],
          [
            75.94317,
            27.08605
          ],
          [
            75.94291,
            27.08562
          ],
          [
            75.94258,
            27.08497
          ],
          [
            75.9408,
            27.08133
          ],
          [
            75.93923,
            27.07801
          ],
          [
            75.93839,
            27.07617
          ],
          [
            75.938,
            27.07522
          ],
          [
            75.93747,
            27.07419
          ],
          [
            75.93724,
            27.07362
          ],
          [
            75.93707,
            27.0733
          ],
          [
            75.93684,
            27.07301
          ],
          [
            75.93663,
            27.07279
          ],
          [
            75.93604,
            27.07234
          ],
          [
            75.93548,
            27.07196
          ],
          [
            75.93514,
            27.07173
          ],
          [
            75.93257,
            27.06971
          ],
          [
            75.93165,
            27.06894
          ],
          [
            75.9289,
            27.06647
          ],
          [
            75.92806,
            27.06569
          ],
          [
            75.92124,
            27.05965
          ],
          [
            75.92087,
            27.05933
          ],
          [
            75.91986,
            27.05853
          ],
          [
            75.91926,
            27.05804
          ],
          [
            75.91839,
            27.05737
          ],
          [
            75.91563,
            27.05516
          ],
          [
            75.91379,
            27.05376
          ],
          [
            75.91269,
            27.05309
          ],
          [
            75.91133,
            27.05229
          ],
          [
            75.90735,
            27.04994
          ],
          [
            75.90598,
            27.04889
          ],
          [
            75.90438,
            27.04783
          ],
          [
            75.90273,
            27.04672
          ],
          [
            75.90191,
            27.04615
          ],
          [
            75.8976,
            27.04291
          ],
          [
            75.89758,
            27.0429
          ],
          [
            75.89747,
            27.04282
          ],
          [
            75.89615,
            27.04185
          ],
          [
            75.89493,
            27.04093
          ],
          [
            75.89486,
            27.04088
          ],
          [
            75.8932,
            27.03965
          ],
          [
            75.89232,
            27.039
          ],
          [
            75.89181,
            27.0386
          ],
          [
            75.89155,
            27.03837
          ],
          [
            75.89128,
            27.03809
          ],
          [
            75.8895,
            27.036
          ],
          [
            75.88818,
            27.03437
          ],
          [
            75.88784,
            27.03396
          ],
          [
            75.8876,
            27.03367
          ],
          [
            75.88664,
            27.03246
          ],
          [
            75.88494,
            27.03041
          ],
          [
            75.88386,
            27.02906
          ],
          [
            75.88366,
            27.02877
          ],
          [
            75.88346,
            27.02837
          ],
          [
            75.88328,
            27.02801
          ],
          [
            75.8832,
            27.02776
          ],
          [
            75.88305,
            27.02718
          ],
          [
            75.88288,
            27.02664
          ],
          [
            75.88258,
            27.02552
          ],
          [
            75.88191,
            27.0232
          ],
          [
            75.88056,
            27.01823
          ],
          [
            75.87991,
            27.01591
          ],
          [
            75.87971,
            27.01518
          ],
          [
            75.87959,
            27.01475
          ],
          [
            75.87938,
            27.01404
          ],
          [
            75.87868,
            27.01198
          ],
          [
            75.87835,
            27.01096
          ],
          [
            75.87826,
            27.0105
          ],
          [
            75.87821,
            27.01017
          ],
          [
            75.87819,
            27.0095
          ],
          [
            75.87812,
            27.00874
          ],
          [
            75.87806,
            27.00771
          ],
          [
            75.87798,
            27.00707
          ],
          [
            75.87796,
            27.007
          ],
          [
            75.87791,
            27.00681
          ],
          [
            75.87776,
            27.00646
          ],
          [
            75.8775,
            27.00595
          ],
          [
            75.8773,
            27.0055
          ],
          [
            75.87715,
            27.00514
          ],
          [
            75.877,
            27.00464
          ],
          [
            75.87669,
            27.00341
          ],
          [
            75.87651,
            27.00253
          ],
          [
            75.8764,
            27.00181
          ],
          [
            75.8763,
            27.00117
          ],
          [
            75.87627,
            27.00058
          ],
          [
            75.87628,
            27.00035
          ],
          [
            75.87635,
            26.99899
          ],
          [
            75.87636,
            26.99839
          ],
          [
            75.87637,
            26.99823
          ],
          [
            75.87642,
            26.99642
          ],
          [
            75.87639,
            26.99602
          ],
          [
            75.876,
            26.99458
          ],
          [
            75.87597,
            26.99446
          ],
          [
            75.87569,
            26.9932
          ],
          [
            75.87552,
            26.99248
          ],
          [
            75.87519,
            26.99113
          ],
          [
            75.87516,
            26.99082
          ],
          [
            75.87515,
            26.99033
          ],
          [
            75.8755,
            26.98796
          ],
          [
            75.87567,
            26.98679
          ],
          [
            75.87572,
            26.9861
          ],
          [
            75.87568,
            26.98538
          ],
          [
            75.87564,
            26.98469
          ],
          [
            75.87555,
            26.98384
          ],
          [
            75.87541,
            26.98327
          ],
          [
            75.87531,
            26.98299
          ],
          [
            75.87513,
            26.98257
          ],
          [
            75.87412,
            26.98048
          ],
          [
            75.87344,
            26.97914
          ],
          [
            75.87321,
            26.9787
          ],
          [
            75.87226,
            26.97682
          ],
          [
            75.87201,
            26.97616
          ],
          [
            75.87187,
            26.97541
          ],
          [
            75.87184,
            26.97517
          ],
          [
            75.87173,
            26.97406
          ],
          [
            75.87167,
            26.97355
          ],
          [
            75.87144,
            26.97129
          ],
          [
            75.87119,
            26.96862
          ],
          [
            75.87107,
            26.96761
          ],
          [
            75.87098,
            26.96702
          ],
          [
            75.8709,
            26.96668
          ],
          [
            75.87074,
            26.96616
          ],
          [
            75.87035,
            26.96528
          ],
          [
            75.87007,
            26.96479
          ],
          [
            75.86963,
            26.96415
          ],
          [
            75.86915,
            26.96348
          ],
          [
            75.86811,
            26.96202
          ],
          [
            75.86752,
            26.96116
          ],
          [
            75.86738,
            26.96093
          ],
          [
            75.86718,
            26.96067
          ],
          [
            75.86678,
            26.96009
          ],
          [
            75.86667,
            26.95984
          ],
          [
            75.86657,
            26.95952
          ],
          [
            75.86645,
            26.95909
          ],
          [
            75.86585,
            26.95662
          ],
          [
            75.86574,
            26.95619
          ],
          [
            75.8657,
            26.95601
          ],
          [
            75.86556,
            26.95541
          ],
          [
            75.86541,
            26.95489
          ],
          [
            75.86531,
            26.9546
          ],
          [
            75.86516,
            26.95424
          ],
          [
            75.8648,
            26.95361
          ],
          [
            75.86459,
            26.95327
          ],
          [
            75.86452,
            26.95319
          ],
          [
            75.86437,
            26.953
          ],
          [
            75.8642,
            26.9528
          ],
          [
            75.86403,
            26.95264
          ],
          [
            75.86349,
            26.95217
          ],
          [
            75.86316,
            26.95191
          ],
          [
            75.86238,
            26.95129
          ],
          [
            75.86205,
            26.95106
          ],
          [
            75.86166,
            26.95077
          ],
          [
            75.86116,
            26.95048
          ],
          [
            75.86098,
            26.95042
          ],
          [
            75.86076,
            26.95036
          ],
          [
            75.86052,
            26.95032
          ],
          [
            75.86015,
            26.95027
          ],
          [
            75.85704,
            26.94995
          ],
          [
            75.85647,
            26.94987
          ],
          [
            75.85615,
            26.94981
          ],
          [
            75.85589,
            26.94974
          ],
          [
            75.85568,
            26.94965
          ],
          [
            75.85554,
            26.94958
          ],
          [
            75.8551,
            26.94929
          ],
          [
            75.85177,
            26.94697
          ],
          [
            75.85107,
            26.94647
          ],
          [
            75.85047,
            26.946
          ],
          [
            75.8504,
            26.94591
          ],
          [
            75.85031,
            26.94586
          ],
          [
            75.85024,
            26.94585
          ],
          [
            75.85021,
            26.94587
          ],
          [
            75.85019,
            26.94591
          ],
          [
            75.8502,
            26.94596
          ],
          [
            75.85011,
            26.94601
          ],
          [
            75.84998,
            26.94606
          ],
          [
            75.84972,
            26.94607
          ],
          [
            75.84924,
            26.94607
          ],
          [
            75.84847,
            26.94607
          ],
          [
            75.84714,
            26.94607
          ],
          [
            75.84709,
            26.94607
          ],
          [
            75.84665,
            26.94607
          ],
          [
            75.84632,
            26.94606
          ],
          [
            75.84548,
            26.94606
          ],
          [
            75.84526,
            26.94606
          ],
          [
            75.84416,
            26.94606
          ],
          [
            75.84387,
            26.94606
          ],
          [
            75.84311,
            26.94606
          ],
          [
            75.84276,
            26.94606
          ],
          [
            75.84196,
            26.94606
          ],
          [
            75.84124,
            26.94606
          ],
          [
            75.84077,
            26.94606
          ],
          [
            75.84039,
            26.94606
          ],
          [
            75.84008,
            26.94607
          ],
          [
            75.83998,
            26.94608
          ],
          [
            75.83983,
            26.94613
          ],
          [
            75.83927,
            26.94617
          ],
          [
            75.83894,
            26.94612
          ],
          [
            75.83892,
            26.94612
          ],
          [
            75.83825,
            26.94603
          ],
          [
            75.83768,
            26.94595
          ],
          [
            75.83764,
            26.94594
          ],
          [
            75.83734,
            26.94589
          ],
          [
            75.8368,
            26.94576
          ],
          [
            75.83653,
            26.94566
          ],
          [
            75.83573,
            26.94549
          ],
          [
            75.83571,
            26.94548
          ],
          [
            75.83543,
            26.94544
          ],
          [
            75.83535,
            26.94543
          ],
          [
            75.8353,
            26.94542
          ],
          [
            75.83496,
            26.94531
          ],
          [
            75.83481,
            26.94531
          ],
          [
            75.83464,
            26.94526
          ],
          [
            75.8345,
            26.94523
          ],
          [
            75.83423,
            26.94517
          ],
          [
            75.83404,
            26.94512
          ],
          [
            75.83359,
            26.94502
          ],
          [
            75.83348,
            26.94501
          ],
          [
            75.83329,
            26.94492
          ],
          [
            75.83326,
            26.94491
          ],
          [
            75.83313,
            26.94484
          ],
          [
            75.83287,
            26.94463
          ],
          [
            75.83254,
            26.94436
          ],
          [
            75.83216,
            26.94408
          ],
          [
            75.83164,
            26.94366
          ],
          [
            75.83156,
            26.94353
          ],
          [
            75.83106,
            26.94299
          ],
          [
            75.83056,
            26.94245
          ],
          [
            75.83037,
            26.94222
          ],
          [
            75.83028,
            26.94202
          ],
          [
            75.83013,
            26.94179
          ],
          [
            75.82999,
            26.94162
          ],
          [
            75.8299,
            26.94157
          ],
          [
            75.82981,
            26.94155
          ],
          [
            75.82974,
            26.94155
          ],
          [
            75.82966,
            26.94157
          ],
          [
            75.8294,
            26.94167
          ],
          [
            75.82925,
            26.94181
          ],
          [
            75.82916,
            26.9419
          ],
          [
            75.82908,
            26.94195
          ],
          [
            75.82895,
            26.94199
          ],
          [
            75.82823,
            26.94212
          ],
          [
            75.82794,
            26.94217
          ],
          [
            75.8278,
            26.94219
          ],
          [
            75.82763,
            26.9422
          ],
          [
            75.82749,
            26.94218
          ],
          [
            75.82744,
            26.94215
          ],
          [
            75.82739,
            26.94208
          ],
          [
            75.82737,
            26.942
          ],
          [
            75.82736,
            26.94176
          ],
          [
            75.82733,
            26.9416
          ],
          [
            75.82728,
            26.94146
          ],
          [
            75.82718,
            26.94128
          ],
          [
            75.82695,
            26.94108
          ],
          [
            75.82666,
            26.94095
          ],
          [
            75.82645,
            26.94091
          ],
          [
            75.82629,
            26.94089
          ],
          [
            75.82623,
            26.9409
          ],
          [
            75.82614,
            26.94092
          ],
          [
            75.82586,
            26.94101
          ],
          [
            75.82568,
            26.94108
          ],
          [
            75.82562,
            26.9411
          ],
          [
            75.8254,
            26.94113
          ],
          [
            75.82521,
            26.94113
          ],
          [
            75.82509,
            26.9411
          ],
          [
            75.825,
            26.94107
          ],
          [
            75.82481,
            26.94099
          ],
          [
            75.82466,
            26.94088
          ],
          [
            75.82453,
            26.94076
          ],
          [
            75.82435,
            26.94058
          ],
          [
            75.82359,
            26.93988
          ],
          [
            75.82334,
            26.93951
          ],
          [
            75.82326,
            26.93936
          ],
          [
            75.823,
            26.93882
          ],
          [
            75.82291,
            26.9387
          ],
          [
            75.82261,
            26.9384
          ],
          [
            75.82237,
            26.9382
          ],
          [
            75.82177,
            26.93794
          ],
          [
            75.82165,
            26.93794
          ],
          [
            75.82155,
            26.938
          ],
          [
            75.82143,
            26.93811
          ],
          [
            75.82121,
            26.93837
          ],
          [
            75.82108,
            26.93841
          ],
          [
            75.82097,
            26.93843
          ],
          [
            75.82081,
            26.93842
          ],
          [
            75.82066,
            26.93836
          ],
          [
            75.82049,
            26.93828
          ],
          [
            75.82035,
            26.93814
          ],
          [
            75.82021,
            26.93796
          ],
          [
            75.82007,
            26.93774
          ],
          [
            75.81999,
            26.93763
          ],
          [
            75.81994,
            26.93751
          ],
          [
            75.81984,
            26.93733
          ],
          [
            75.8197,
            26.93699
          ],
          [
            75.81954,
            26.93641
          ],
          [
            75.81943,
            26.93603
          ],
          [
            75.81942,
            26.93595
          ],
          [
            75.81934,
            26.93561
          ],
          [
            75.81928,
            26.93541
          ],
          [
            75.81915,
            26.93502
          ],
          [
            75.81901,
            26.93449
          ],
          [
            75.81888,
            26.93408
          ],
          [
            75.81884,
            26.93401
          ],
          [
            75.81881,
            26.93396
          ],
          [
            75.81874,
            26.93391
          ],
          [
            75.81859,
            26.93389
          ],
          [
            75.81849,
            26.93389
          ],
          [
            75.81827,
            26.93399
          ],
          [
            75.81814,
            26.93404
          ],
          [
            75.81806,
            26.93405
          ],
          [
            75.81783,
            26.93398
          ],
          [
            75.81749,
            26.9339
          ],
          [
            75.81691,
            26.93369
          ],
          [
            75.81669,
            26.93367
          ],
          [
            75.81614,
            26.93353
          ],
          [
            75.81597,
            26.93352
          ],
          [
            75.81569,
            26.93322
          ],
          [
            75.8157,
            26.93302
          ],
          [
            75.81562,
            26.93255
          ],
          [
            75.81545,
            26.93204
          ],
          [
            75.81533,
            26.93151
          ],
          [
            75.81526,
            26.93116
          ],
          [
            75.81524,
            26.93109
          ],
          [
            75.81509,
            26.93065
          ],
          [
            75.81493,
            26.93002
          ],
          [
            75.81478,
            26.9294
          ],
          [
            75.81465,
            26.9289
          ],
          [
            75.81442,
            26.928
          ],
          [
            75.81431,
            26.92747
          ],
          [
            75.81412,
            26.92673
          ],
          [
            75.81403,
            26.92633
          ],
          [
            75.81388,
            26.92568
          ],
          [
            75.81381,
            26.92552
          ],
          [
            75.81319,
            26.92565
          ],
          [
            75.81277,
            26.92573
          ],
          [
            75.81171,
            26.92596
          ],
          [
            75.81064,
            26.92619
          ],
          [
            75.80972,
            26.92638
          ],
          [
            75.80955,
            26.92638
          ],
          [
            75.80943,
            26.92639
          ],
          [
            75.80899,
            26.92652
          ],
          [
            75.80867,
            26.92654
          ],
          [
            75.80846,
            26.92649
          ],
          [
            75.80839,
            26.92645
          ],
          [
            75.80828,
            26.92639
          ],
          [
            75.80817,
            26.92628
          ],
          [
            75.80803,
            26.92612
          ],
          [
            75.8078,
            26.92578
          ],
          [
            75.80772,
            26.9256
          ],
          [
            75.8076,
            26.92545
          ],
          [
            75.80721,
            26.92496
          ],
          [
            75.80684,
            26.92445
          ],
          [
            75.80629,
            26.92376
          ],
          [
            75.806,
            26.92341
          ],
          [
            75.80558,
            26.92292
          ],
          [
            75.80545,
            26.92278
          ],
          [
            75.80542,
            26.92274
          ],
          [
            75.80512,
            26.92242
          ],
          [
            75.80471,
            26.92203
          ],
          [
            75.80392,
            26.92137
          ],
          [
            75.80359,
            26.92111
          ],
          [
            75.80324,
            26.9208
          ],
          [
            75.80256,
            26.92008
          ],
          [
            75.8021,
            26.91953
          ],
          [
            75.80204,
            26.91943
          ],
          [
            75.8018,
            26.91907
          ],
          [
            75.80153,
            26.91828
          ],
          [
            75.80139,
            26.91791
          ],
          [
            75.80135,
            26.91782
          ],
          [
            75.80124,
            26.91753
          ],
          [
            75.80103,
            26.91702
          ],
          [
            75.80101,
            26.91695
          ],
          [
            75.80092,
            26.91691
          ],
          [
            75.80067,
            26.91683
          ],
          [
            75.79893,
            26.91617
          ],
          [
            75.79866,
            26.91606
          ],
          [
            75.7982,
            26.91588
          ],
          [
            75.79772,
            26.91568
          ],
          [
            75.79707,
            26.91543
          ],
          [
            75.79687,
            26.91537
          ],
          [
            75.79614,
            26.91514
          ],
          [
            75.79592,
            26.91508
          ],
          [
            75.79533,
            26.91489
          ],
          [
            75.79493,
            26.91477
          ],
          [
            75.79417,
            26.91452
          ],
          [
            75.79394,
            26.91445
          ],
          [
            75.79351,
            26.9143
          ],
          [
            75.79341,
            26.91427
          ],
          [
            75.79031,
            26.91325
          ],
          [
            75.79012,
            26.91323
          ],
          [
            75.789,
            26.91285
          ],
          [
            75.78823,
            26.91261
          ],
          [
            75.7876,
            26.91238
          ],
          [
            75.78738,
            26.9123
          ],
          [
            75.78727,
            26.91224
          ],
          [
            75.78722,
            26.91231
          ],
          [
            75.7871,
            26.91245
          ],
          [
            75.78675,
            26.91306
          ],
          [
            75.78683,
            26.9131
          ],
          [
            75.7873,
            26.9124
          ]
        ]
      },
      "properties": {
        "name": "Himachal to Rajasthan - Rerouted avoiding Major flooding",
        "distance_km": 650.3485000000001,
        "duration_hours": 7.903111111111111,
        "risk_score": 75,
        "is_safe": false,
        "export_time": "2025-09-08T22:35:59.480391",
        "disaster_scenario": "Major flooding",
        "affected_zones": 1,
        "original_risk": 75,
        "reroute_success": true,
        "route_type": "rerouted"
      }
    }
  ]
}